ISO-10303-21;
HEADER;
FILE_DESCRIPTION (( 'STEP AP203' ),
    '1' );
FILE_NAME ('CableChainID#3.5mmAseb.STEP',
    '2024-04-29T16:13:43',
    ( '' ),
    ( '' ),
    'SwSTEP 2.0',
    'SolidWorks 2022',
    '' );
FILE_SCHEMA (( 'CONFIG_CONTROL_DESIGN' ));
ENDSEC;

DATA;
#1 = CARTESIAN_POINT ( 'NONE',  ( 10.08167032237490801, 8.750002304961064681, -1.980929997409633270 ) ) ;
#2 = EDGE_CURVE ( 'NONE', #5914, #3099, #1142, .T. ) ;
#3 = ORIENTED_EDGE ( 'NONE', *, *, #1732, .F. ) ;
#4 =( BOUNDED_CURVE ( )  B_SPLINE_CURVE ( 3, ( #3601, #5819, #191, #848 ),
 .UNSPECIFIED., .F., .F. ) 
 B_SPLINE_CURVE_WITH_KNOTS ( ( 4, 4 ),
 ( 3.141592653589793116, 4.712388980384689674 ),
 .UNSPECIFIED. ) 
 CURVE ( )  GEOMETRIC_REPRESENTATION_ITEM ( )  RATIONAL_B_SPLINE_CURVE ( ( 1.000000000000000000, 0.8047378541243649375, 0.8047378541243649375, 1.000000000000000000 ) ) 
 REPRESENTATION_ITEM ( '' )  );
#5 = CIRCLE ( 'NONE', #355, 0.1999999999999996503 ) ;
#6 = AXIS2_PLACEMENT_3D ( 'NONE', #126, #2500, #4698 ) ;
#7 = FACE_OUTER_BOUND ( 'NONE', #6048, .T. ) ;
#8 = AXIS2_PLACEMENT_3D ( 'NONE', #5987, #1017, #2524 ) ;
#10 = ORIENTED_EDGE ( 'NONE', *, *, #4478, .F. ) ;
#9 = DIRECTION ( 'NONE',  ( 1.000000000000000000, 0.000000000000000000, 0.000000000000000000 ) ) ;
#11 = DIRECTION ( 'NONE',  ( 0.000000000000000000, -1.000000000000000000, 0.000000000000000000 ) ) ;
#12 = DIRECTION ( 'NONE',  ( 0.000000000000000000, 0.000000000000000000, -1.000000000000000000 ) ) ;
#13 = CARTESIAN_POINT ( 'NONE',  ( -8.618001082957942316, 10.14999972496038261, -0.9867153539310745680 ) ) ;
#14 = VECTOR ( 'NONE', #6325, 1000.000000000000000 ) ;
#15 = EDGE_CURVE ( 'NONE', #2007, #5638, #2541, .T. ) ;
#16 = ORIENTED_EDGE ( 'NONE', *, *, #1555, .F. ) ;
#18 = ORIENTED_EDGE ( 'NONE', *, *, #1866, .F. ) ;
#17 = CARTESIAN_POINT ( 'NONE',  ( 11.48970279241824421, 2.149269540290390523, 5.258211854229417170 ) ) ;
#19 = COORDINATED_UNIVERSAL_TIME_OFFSET ( 1, 0, .AHEAD. ) ;
#21 = VERTEX_POINT ( 'NONE', #1725 ) ;
#20 = CARTESIAN_POINT ( 'NONE',  ( 13.60729121006570885, 6.699269608090674843, 5.258211854229417170 ) ) ;
#22 = APPROVAL_PERSON_ORGANIZATION ( #393, #5507, #3623 ) ;
#23 = ORIENTED_EDGE ( 'NONE', *, *, #2838, .T. ) ;
#24 = CARTESIAN_POINT ( 'NONE',  ( 8.707291137050036767, 7.044487120371687894, 4.033211835975495596 ) ) ;
#25 = DIRECTION ( 'NONE',  ( 0.000000000000000000, 1.000000000000000000, 0.000000000000000000 ) ) ;
#26 = PERSON_AND_ORGANIZATION ( #6958, #2931 ) ;
#28 = ORIENTED_EDGE ( 'NONE', *, *, #4183, .T. ) ;
#27 = LINE ( 'NONE', #3417, #3656 ) ;
#29 = ADVANCED_FACE ( 'NONE', ( #4511 ), #4355, .T. ) ;
#30 = CARTESIAN_POINT ( 'NONE',  ( 13.93167036409815829, 3.850002315391870322, -0.9309299713326002479 ) ) ;
#31 = ORGANIZATION ( 'NAUO-ORG5', 'UNSPECIFIED', 'UNSPECIFIED' ) ;
#32 = DIRECTION ( 'NONE',  ( 0.000000000000000000, 0.000000000000000000, -1.000000000000000000 ) ) ;
#33 = ADVANCED_FACE ( 'NONE', ( #6144 ), #5634, .T. ) ;
#34 = ORIENTED_EDGE ( 'NONE', *, *, #2797, .T. ) ;
#35 = DIRECTION ( 'NONE',  ( 1.000000000000000000, 0.000000000000000000, 0.000000000000000000 ) ) ;
#36 = VECTOR ( 'NONE', #5931, 1000.000000000000000 ) ;
#37 = VERTEX_POINT ( 'NONE', #6319 ) ;
#38 = EDGE_CURVE ( 'NONE', #674, #5544, #2381, .T. ) ;
#39 = CARTESIAN_POINT ( 'NONE',  ( 14.18368442270616647, 3.365495268391997197, 2.283211809898462175 ) ) ;
#40 = CARTESIAN_POINT ( 'NONE',  ( 9.731670311944093044, 9.450002315391870411, -1.280929976548006222 ) ) ;
#41 = DIRECTION ( 'NONE',  ( -0.8944271909999159664, 0.000000000000000000, -0.4472135954999579832 ) ) ;
#42 = VECTOR ( 'NONE', #1818, 1000.000000000000000 ) ;
#43 = ORIENTED_EDGE ( 'NONE', *, *, #3070, .F. ) ;
#44 = PLANE ( 'NONE',  #5049 ) ;
#45 = CIRCLE ( 'NONE', #1336, 1.260000010430813111 ) ;
#47 = ORIENTED_EDGE ( 'NONE', *, *, #1455, .T. ) ;
#46 = DIRECTION ( 'NONE',  ( 0.000000000000000000, -1.000000000000000000, 0.000000000000000000 ) ) ;
#48 = LINE ( 'NONE', #4398, #1983 ) ;
#49 = DIRECTION ( 'NONE',  ( 0.4472135954999579277, 0.000000000000000000, -0.8944271909999158554 ) ) ;
#50 = CARTESIAN_POINT ( 'NONE',  ( 12.55729126743518975, 2.149269540290390523, 6.483211872483341409 ) ) ;
#51 =( BOUNDED_CURVE ( )  B_SPLINE_CURVE ( 3, ( #1391, #5840, #4849, #939 ),
 .UNSPECIFIED., .F., .F. ) 
 B_SPLINE_CURVE_WITH_KNOTS ( ( 4, 4 ),
 ( 6.938893903907239224E-16, 0.7853981633974506105 ),
 .UNSPECIFIED. ) 
 CURVE ( )  GEOMETRIC_REPRESENTATION_ITEM ( )  RATIONAL_B_SPLINE_CURVE ( ( 1.000000000000000000, 0.9492530216741910110, 0.9492530216741910110, 1.000000000000000000 ) ) 
 REPRESENTATION_ITEM ( '' )  );
#52 = VERTEX_POINT ( 'NONE', #4582 ) ;
#54 = ORIENTED_EDGE ( 'NONE', *, *, #1386, .F. ) ;
#53 = CARTESIAN_POINT ( 'NONE',  ( 10.40869384404794218, 2.849269550721202471, 5.083211862052527508 ) ) ;
#55 = ITEM_DEFINED_TRANSFORMATION ( 'NONE', 'NONE', #2467,  #4081 ) ;
#57 = EDGE_LOOP ( 'NONE', ( #2235, #5890, #5018, #2532 ) ) ;
#56 = DIRECTION ( 'NONE',  ( -2.774754023183460056E-16, 0.000000000000000000, -1.000000000000000000 ) ) ;
#58 = EDGE_CURVE ( 'NONE', #4192, #5233, #255, .T. ) ;
#59 = ORIENTED_EDGE ( 'NONE', *, *, #3978, .F. ) ;
#60 = DIRECTION ( 'NONE',  ( 0.000000000000000000, 0.000000000000000000, 1.000000000000000000 ) ) ;
#61 = DIRECTION ( 'NONE',  ( 1.000000000000000000, 0.000000000000000000, 0.000000000000000000 ) ) ;
#62 = COORDINATED_UNIVERSAL_TIME_OFFSET ( 1, 0, .AHEAD. ) ;
#64 = ORIENTED_EDGE ( 'NONE', *, *, #6260, .F. ) ;
#63 = DIRECTION ( 'NONE',  ( 0.000000000000000000, -1.000000000000000000, 0.000000000000000000 ) ) ;
#65 = CARTESIAN_POINT ( 'NONE',  ( 8.707291137050040319, 2.163007637977682585, 3.943290985564841034 ) ) ;
#66 = DIRECTION ( 'NONE',  ( 1.000000000000000000, 0.000000000000000000, 0.000000000000000000 ) ) ;
#67 = VERTEX_POINT ( 'NONE', #155 ) ;
#68 = ADVANCED_FACE ( 'NONE', ( #3472 ), #5776, .T. ) ;
#69 = LINE ( 'NONE', #6018, #1941 ) ;
#70 = CARTESIAN_POINT ( 'NONE',  ( -10.32490079388480453, 8.503564684034463639, -2.736715380008107878 ) ) ;
#71 = EDGE_LOOP ( 'NONE', ( #5619, #2678, #107, #4171 ) ) ;
#72 = ORIENTED_EDGE ( 'NONE', *, *, #1500, .F. ) ;
#73 = EDGE_CURVE ( 'NONE', #3186, #2449, #3663, .T. ) ;
#74 = CARTESIAN_POINT ( 'NONE',  ( 13.93167036409815829, 8.225002315391870766, 1.519070065175245343 ) ) ;
#75 = CARTESIAN_POINT ( 'NONE',  ( 10.75290998478970472, 2.265817356645156266, 6.436848323369564362 ) ) ;
#76 = DIRECTION ( 'NONE',  ( 0.000000000000000000, -0.7071067811865481278, -0.7071067811865467956 ) ) ;
#77 = AXIS2_PLACEMENT_3D ( 'NONE', #3998, #1923, #6345 ) ;
#78 = ORIENTED_EDGE ( 'NONE', *, *, #494, .F. ) ;
#79 = SPHERICAL_SURFACE ( 'NONE', #4920, 0.2000000000000000111 ) ;
#82 = ADVANCED_FACE ( 'NONE', ( #5709 ), #779, .T. ) ;
#81 = ORIENTED_EDGE ( 'NONE', *, *, #2465, .T. ) ;
#80 = DIRECTION ( 'NONE',  ( 0.000000000000000000, 1.000000000000000000, 0.000000000000000000 ) ) ;
#83 = DIRECTION ( 'NONE',  ( 1.000000000000000000, 0.000000000000000000, 0.000000000000000000 ) ) ;
#84 = CARTESIAN_POINT ( 'NONE',  ( 9.730897945230827517, 3.549269550721202648, 2.283211809898462175 ) ) ;
#85 = DIRECTION ( 'NONE',  ( 1.000000000000000000, 0.000000000000000000, 0.000000000000000000 ) ) ;
#86 = VECTOR ( 'NONE', #5757, 1000.000000000000000 ) ;
#87 = ADVANCED_FACE ( 'NONE', ( #4548 ), #2918, .T. ) ;
#88 = AXIS2_PLACEMENT_3D ( 'NONE', #4470, #6689, #7158 ) ;
#89 = ORIENTED_EDGE ( 'NONE', *, *, #2730, .T. ) ;
#90 = CARTESIAN_POINT ( 'NONE',  ( 10.55653316023809474, 3.079481526261264257, 5.962752730201303919 ) ) ;
#91 = AXIS2_PLACEMENT_3D ( 'NONE', #5102, #1273, #5067 ) ;
#93 = ORIENTED_EDGE ( 'NONE', *, *, #420, .F. ) ;
#92 = CARTESIAN_POINT ( 'NONE',  ( -8.968001098604160504, 3.849999724960383674, -0.9867153539310745680 ) ) ;
#94 =( BOUNDED_CURVE ( )  B_SPLINE_CURVE ( 3, ( #5734, #5626, #754, #1891 ),
 .UNSPECIFIED., .F., .F. ) 
 B_SPLINE_CURVE_WITH_KNOTS ( ( 4, 4 ),
 ( 4.319689898685965979, 4.712388980384697668 ),
 .UNSPECIFIED. ) 
 CURVE ( )  GEOMETRIC_REPRESENTATION_ITEM ( )  RATIONAL_B_SPLINE_CURVE ( ( 1.000000000000000000, 0.9871901869354864356, 0.9871901869354864356, 1.000000000000000000 ) ) 
 REPRESENTATION_ITEM ( '' )  );
#95 = ORIENTED_EDGE ( 'NONE', *, *, #1558, .F. ) ;
#96 = CARTESIAN_POINT ( 'NONE',  ( -9.668001098604165122, 5.249999735391195799, -1.336715359146480431 ) ) ;
#97 = CARTESIAN_POINT ( 'NONE',  ( 13.63167036409815758, 8.050002304961058286, -1.980929997409633270 ) ) ;
#98 = SHAPE_DEFINITION_REPRESENTATION ( #2485, #1313 ) ;
#100 = EDGE_LOOP ( 'NONE', ( #3063, #5229, #366, #7015 ) ) ;
#99 = LINE ( 'NONE', #5583, #4591 ) ;
#101 = DIRECTION ( 'NONE',  ( 0.000000000000000000, 1.000000000000000000, 0.000000000000000000 ) ) ;
#102 = DIRECTION ( 'NONE',  ( 0.000000000000000000, 0.000000000000000000, -1.000000000000000000 ) ) ;
#103 = ORIENTED_EDGE ( 'NONE', *, *, #3796, .F. ) ;
#104 = DIRECTION ( 'NONE',  ( 0.000000000000000000, 1.000000000000000000, 0.000000000000000000 ) ) ;
#105 = CYLINDRICAL_SURFACE ( 'NONE', #5930, 0.2999999999999999334 ) ;
#106 = ORIENTED_EDGE ( 'NONE', *, *, #3145, .F. ) ;
#107 = ORIENTED_EDGE ( 'NONE', *, *, #1633, .F. ) ;
#108 = VECTOR ( 'NONE', #6302, 1000.000000000000000 ) ;
#109 = CIRCLE ( 'NONE', #3397, 1.000000000000000000 ) ;
#110 = LINE ( 'NONE', #2341, #2437 ) ;
#111 = FACE_OUTER_BOUND ( 'NONE', #4914, .T. ) ;
#112 = CARTESIAN_POINT ( 'NONE',  ( 14.65729122571193699, 1.949269540290390568, 6.283211872483341232 ) ) ;
#113 = EDGE_CURVE ( 'NONE', #2298, #2885, #6825, .T. ) ;
#114 = CARTESIAN_POINT ( 'NONE',  ( 8.707291137050036767, 2.154051960209093952, 4.033211835975495596 ) ) ;
#115 = CIRCLE ( 'NONE', #4973, 0.1999999999999996503 ) ;
#116 = EDGE_LOOP ( 'NONE', ( #1706, #5530, #1489, #3568, #3694 ) ) ;
#117 = CYLINDRICAL_SURFACE ( 'NONE', #6089, 0.7000000000000001776 ) ;
#119 = EDGE_LOOP ( 'NONE', ( #1524, #5646, #3689, #896 ) ) ;
#118 = DIRECTION ( 'NONE',  ( -0.7071067811865470176, 0.7071067811865480168, -8.659560562354926695E-17 ) ) ;
#120 = EDGE_CURVE ( 'NONE', #3043, #2711, #764, .T. ) ;
#121 = DIRECTION ( 'NONE',  ( 1.000000000000000000, 0.000000000000000000, 0.000000000000000000 ) ) ;
#122 = DIRECTION ( 'NONE',  ( -1.000000000000000000, 0.000000000000000000, 0.000000000000000000 ) ) ;
#123 = CARTESIAN_POINT ( 'NONE',  ( 13.73368442274654377, 6.549269529859585326, 2.983211809898461020 ) ) ;
#124 = ADVANCED_FACE ( 'NONE', ( #1393 ), #3531, .F. ) ;
#125 = AXIS2_PLACEMENT_3D ( 'NONE', #5562, #4438, #5019 ) ;
#126 = CARTESIAN_POINT ( 'NONE',  ( -8.985576249810282690, 3.849999724960383674, -0.9867153539310745680 ) ) ;
#128 = ORIENTED_EDGE ( 'NONE', *, *, #5087, .F. ) ;
#127 = DIRECTION ( 'NONE',  ( 2.774754023183460056E-16, -0.000000000000000000, 1.000000000000000000 ) ) ;
#129 = EDGE_CURVE ( 'NONE', #3367, #4974, #4618, .T. ) ;
#130 = UNCERTAINTY_MEASURE_WITH_UNIT (LENGTH_MEASURE( 1.000000000000000082E-05 ), #4162, 'distance_accuracy_value', 'NONE');
#131 = CIRCLE ( 'NONE', #3603, 2.450000036507845369 ) ;
#132 = VECTOR ( 'NONE', #3177, 1000.000000000000000 ) ;
#133 = VECTOR ( 'NONE', #3012, 1000.000000000000000 ) ;
#134 = ORIENTED_EDGE ( 'NONE', *, *, #2526, .T. ) ;
#135 = CARTESIAN_POINT ( 'NONE',  ( 9.757291152696254244, 2.149269540290390523, 4.033211835975495596 ) ) ;
#136 = AXIS2_PLACEMENT_3D ( 'NONE', #3092, #2079, #3631 ) ;
#137 = DIRECTION ( 'NONE',  ( -1.000000000000000000, 0.000000000000000000, 0.000000000000000000 ) ) ;
#138 = APPROVAL_DATE_TIME ( #1276, #4268 ) ;
#140 = ORIENTED_EDGE ( 'NONE', *, *, #745, .F. ) ;
#139 = CARTESIAN_POINT ( 'NONE',  ( 11.42161983205294007, 5.455027578992097226, 0.6140448015750160637 ) ) ;
#141 = DIRECTION ( 'NONE',  ( 0.000000000000000000, 0.000000000000000000, -1.000000000000000000 ) ) ;
#142 = LOCAL_TIME ( 18, 13, 43.00000000000000000, #786 ) ;
#143 = ORIENTED_EDGE ( 'NONE', *, *, #5051, .F. ) ;
#144 = VERTEX_POINT ( 'NONE', #3060 ) ;
#145 = FACE_OUTER_BOUND ( 'NONE', #6377, .T. ) ;
#146 = ORGANIZATION ( 'NAUO-ORG4', 'UNSPECIFIED', 'UNSPECIFIED' ) ;
#147 = VERTEX_POINT ( 'NONE', #1837 ) ;
#148 = ORIENTED_EDGE ( 'NONE', *, *, #5251, .F. ) ;
#149 = CARTESIAN_POINT ( 'NONE',  ( 14.00032365415185609, 6.349191534236497958, 5.093661158153035551 ) ) ;
#150 = LINE ( 'NONE', #907, #7084 ) ;
#151 = CARTESIAN_POINT ( 'NONE',  ( 11.47214085549942730, 7.459066608402720178, 2.283414511802114077 ) ) ;
#152 = CYLINDRICAL_SURFACE ( 'NONE', #1904, 1.050000015646217477 ) ;
#153 = EDGE_CURVE ( 'NONE', #6284, #5241, #1867, .T. ) ;
#154 = VECTOR ( 'NONE', #6625, 1000.000000000000000 ) ;
#155 = CARTESIAN_POINT ( 'NONE',  ( -8.618001082957942316, 10.14999972496038261, -3.436715390438920270 ) ) ;
#156 = DIRECTION ( 'NONE',  ( -1.000000000000000000, 0.000000000000000000, -0.000000000000000000 ) ) ;
#158 = ORIENTED_EDGE ( 'NONE', *, *, #3082, .T. ) ;
#157 = DIRECTION ( 'NONE',  ( 0.3826834323650898928, 0.000000000000000000, 0.9238795325112867385 ) ) ;
#159 = DIRECTION ( 'NONE',  ( 0.000000000000000000, 1.000000000000000000, 0.000000000000000000 ) ) ;
#160 = VECTOR ( 'NONE', #374, 1000.000000000000000 ) ;
#161 = DIRECTION ( 'NONE',  ( 0.000000000000000000, 0.000000000000000000, 1.000000000000000000 ) ) ;
#162 = EDGE_CURVE ( 'NONE', #4789, #2302, #5410, .T. ) ;
#163 = VECTOR ( 'NONE', #3545, 1000.000000000000000 ) ;
#164 = DIRECTION ( 'NONE',  ( -0.000000000000000000, 1.000000000000000000, -0.000000000000000000 ) ) ;
#166 = ORIENTED_EDGE ( 'NONE', *, *, #4065, .T. ) ;
#165 = FACE_OUTER_BOUND ( 'NONE', #742, .T. ) ;
#167 = EDGE_CURVE ( 'NONE', #21, #5143, #6223, .T. ) ;
#168 = ADVANCED_FACE ( 'NONE', ( #6430 ), #3662, .T. ) ;
#169 = DIRECTION ( 'NONE',  ( 0.000000000000000000, 1.000000000000000000, 0.000000000000000000 ) ) ;
#170 = LINE ( 'NONE', #5794, #3639 ) ;
#171 = DATE_AND_TIME ( #3519, #7091 ) ;
#173 = ORIENTED_EDGE ( 'NONE', *, *, #1464, .T. ) ;
#172 = CARTESIAN_POINT ( 'NONE',  ( -10.36800111946578973, 5.235856902761152121, -2.736715390438920092 ) ) ;
#174 = VERTEX_POINT ( 'NONE', #4749 ) ;
#175 = EDGE_CURVE ( 'NONE', #1472, #144, #1462, .T. ) ;
#176 = CARTESIAN_POINT ( 'NONE',  ( 8.707291137050036767, 6.749269529859585504, 4.033211835975495596 ) ) ;
#177 = AXIS2_PLACEMENT_3D ( 'NONE', #184, #3505, #4042 ) ;
#178 = ORIENTED_EDGE ( 'NONE', *, *, #2434, .T. ) ;
#179 = LINE ( 'NONE', #6285, #3143 ) ;
#180 = FACE_OUTER_BOUND ( 'NONE', #3996, .T. ) ;
#181 = CARTESIAN_POINT ( 'NONE',  ( 10.22391793754568745, 6.549269529859578221, 5.159748548525547207 ) ) ;
#182 = DIRECTION ( 'NONE',  ( 0.000000000000000000, 1.000000000000000000, 0.000000000000000000 ) ) ;
#183 = ORIENTED_EDGE ( 'NONE', *, *, #4515, .T. ) ;
#184 = CARTESIAN_POINT ( 'NONE',  ( 13.23167036409815722, 8.050002304961058286, 0.1190700547444332319 ) ) ;
#185 = EDGE_CURVE ( 'NONE', #2475, #7013, #6346, .T. ) ;
#187 = VERTEX_POINT ( 'NONE', #3124 ) ;
#186 = CARTESIAN_POINT ( 'NONE',  ( 8.728405698850053795, 2.449269550721202560, 3.640982707160051124 ) ) ;
#188 = LINE ( 'NONE', #1903, #14 ) ;
#189 = DIRECTION ( 'NONE',  ( 0.000000000000000000, 0.000000000000000000, 1.000000000000000000 ) ) ;
#190 = CONICAL_SURFACE ( 'NONE', #6335, 1.050000015646217477, 0.7853981633974476129 ) ;
#191 = CARTESIAN_POINT ( 'NONE',  ( 11.63782628044866030, 7.749269540290391056, 1.748897224416888330 ) ) ;
#192 = AXIS2_PLACEMENT_3D ( 'NONE', #6508, #6545, #2085 ) ;
#193 = DIRECTION ( 'NONE',  ( 0.000000000000000000, 0.000000000000000000, 1.000000000000000000 ) ) ;
#194 = AXIS2_PLACEMENT_3D ( 'NONE', #5539, #565, #3216 ) ;
#195 = CC_DESIGN_PERSON_AND_ORGANIZATION_ASSIGNMENT ( #5617, #1309, ( #2123 ) ) ;
#197 = EDGE_LOOP ( 'NONE', ( #1775, #2615, #224, #5256, #1537, #6455, #2029, #945, #6923, #2370, #701, #72, #7129, #2478, #284, #4729, #6344, #6354 ) ) ;
#196 = FACE_OUTER_BOUND ( 'NONE', #2124, .T. ) ;
#198 = DESIGN_CONTEXT ( 'detailed design', #2211, 'design' ) ;
#199 = EDGE_CURVE ( 'NONE', #1370, #505, #2518, .T. ) ;
#200 = ADVANCED_FACE ( 'NONE', ( #906 ), #4854, .T. ) ;
#201 = AXIS2_PLACEMENT_3D ( 'NONE', #2456, #189, #2420 ) ;
#202 = DIRECTION ( 'NONE',  ( 0.000000000000000000, 0.7071067811865483499, 0.7071067811865467956 ) ) ;
#203 = CARTESIAN_POINT ( 'NONE',  ( 15.50323200852253969, 7.000002315391870233, -3.380930007840445395 ) ) ;
#204 = PERSON_AND_ORGANIZATION ( #6958, #2931 ) ;
#206 = ORIENTED_EDGE ( 'NONE', *, *, #705, .T. ) ;
#205 = DIRECTION ( 'NONE',  ( 0.000000000000000000, 1.000000000000000000, 0.000000000000000000 ) ) ;
#207 =( REPRESENTATION_RELATIONSHIP ('NONE','NONE', #3533, #2521 ) REPRESENTATION_RELATIONSHIP_WITH_TRANSFORMATION ( #5571 )SHAPE_REPRESENTATION_RELATIONSHIP( ) );
#208 = CIRCLE ( 'NONE', #3349, 0.1999999999999997058 ) ;
#209 = ORIENTED_EDGE ( 'NONE', *, *, #5755, .F. ) ;
#210 = CARTESIAN_POINT ( 'NONE',  ( 12.49652003039348180, 4.550002315391870056, -2.680727295505981100 ) ) ;
#211 = EDGE_CURVE ( 'NONE', #3114, #3360, #5331, .T. ) ;
#212 = VERTEX_POINT ( 'NONE', #362 ) ;
#213 = EDGE_LOOP ( 'NONE', ( #312, #2996 ) ) ;
#214 = CARTESIAN_POINT ( 'NONE',  ( 13.40729121006570779, 6.349269529859585148, 3.635998235260132105 ) ) ;
#215 = FACE_OUTER_BOUND ( 'NONE', #6131, .T. ) ;
#216 = ADVANCED_FACE ( 'NONE', ( #5879 ), #6391, .F. ) ;
#217 = DIRECTION ( 'NONE',  ( 1.000000000000000000, 0.000000000000000000, 0.000000000000000000 ) ) ;
#218 = DIRECTION ( 'NONE',  ( 1.000000000000000000, 0.000000000000000000, 0.000000000000000000 ) ) ;
#219 = TOROIDAL_SURFACE ( 'NONE', #687, 1.000000000000000000, 0.2999999999999999889 ) ;
#220 = CIRCLE ( 'NONE', #5556, 0.2999999999999999334 ) ;
#221 = EDGE_LOOP ( 'NONE', ( #1251, #4125, #5846, #6798 ) ) ;
#222 = FACE_OUTER_BOUND ( 'NONE', #2849, .T. ) ;
#224 = ORIENTED_EDGE ( 'NONE', *, *, #1945, .T. ) ;
#223 = CARTESIAN_POINT ( 'NONE',  ( 13.85462691867565255, 6.349269529859578931, 2.795079038453178288 ) ) ;
#225 = CARTESIAN_POINT ( 'NONE',  ( 11.48970279241824421, 2.149269540290390523, 6.483211872483341409 ) ) ;
#226 = CARTESIAN_POINT ( 'NONE',  ( 14.65729122571193699, 7.749269540290391056, 4.033211835975495596 ) ) ;
#227 = CARTESIAN_POINT ( 'NONE',  ( 10.74314421482807091, 3.187324762342997442, 5.711216567335491767 ) ) ;
#228 = AXIS2_PLACEMENT_3D ( 'NONE', #629, #4436, #1184 ) ;
#229 = LINE ( 'NONE', #6301, #4755 ) ;
#231 = ORIENTED_EDGE ( 'NONE', *, *, #7036, .F. ) ;
#230 = CARTESIAN_POINT ( 'NONE',  ( 13.81787223472671933, 3.549269550721202648, 6.059748548525546674 ) ) ;
#232 = CARTESIAN_POINT ( 'NONE',  ( 9.880897950446234645, 2.349269540290390701, 1.783211799467650405 ) ) ;
#233 = AXIS2_PLACEMENT_3D ( 'NONE', #3786, #4361, #3138 ) ;
#234 = EDGE_CURVE ( 'NONE', #2264, #5781, #5966, .T. ) ;
#235 = CARTESIAN_POINT ( 'NONE',  ( 8.907291137050037833, 7.049269540290389990, 3.730425426260042698 ) ) ;
#236 =( BOUNDED_CURVE ( )  B_SPLINE_CURVE ( 3, ( #1024, #4395, #3358, #4899 ),
 .UNSPECIFIED., .F., .F. ) 
 B_SPLINE_CURVE_WITH_KNOTS ( ( 4, 4 ),
 ( 0.7853981633974495002, 1.570796326794896558 ),
 .UNSPECIFIED. ) 
 CURVE ( )  GEOMETRIC_REPRESENTATION_ITEM ( )  RATIONAL_B_SPLINE_CURVE ( ( 1.000000000000000000, 0.9492530216741912330, 0.9492530216741912330, 1.000000000000000000 ) ) 
 REPRESENTATION_ITEM ( '' )  );
#237 = CARTESIAN_POINT ( 'NONE',  ( 9.507526477169285783, 2.937619072927020625, 2.630678537994232347 ) ) ;
#238 = PERSON_AND_ORGANIZATION_ROLE ( 'design_supplier' ) ;
#239 = AXIS2_PLACEMENT_3D ( 'NONE', #2629, #471, #6971 ) ;
#240 = AXIS2_PLACEMENT_3D ( 'NONE', #634, #5569, #594 ) ;
#242 = ORIENTED_EDGE ( 'NONE', *, *, #5957, .F. ) ;
#241 = DIRECTION ( 'NONE',  ( -1.000000000000000000, -0.000000000000000000, -0.000000000000000000 ) ) ;
#243 = CIRCLE ( 'NONE', #3029, 0.3999999999999993006 ) ;
#244 = VERTEX_POINT ( 'NONE', #5912 ) ;
#245 = DIRECTION ( 'NONE',  ( 0.3826834323650898928, 0.000000000000000000, 0.9238795325112867385 ) ) ;
#246 = EDGE_CURVE ( 'NONE', #3099, #5962, #4207, .T. ) ;
#247 = ORIENTED_EDGE ( 'NONE', *, *, #5636, .T. ) ;
#248 = ORIENTED_EDGE ( 'NONE', *, *, #1486, .F. ) ;
#249 = FACE_OUTER_BOUND ( 'NONE', #4848, .T. ) ;
#250 = AXIS2_PLACEMENT_3D ( 'NONE', #2338, #4539, #5114 ) ;
#251 = DIRECTION ( 'NONE',  ( 0.000000000000000000, 0.7071067811865481278, -0.7071067811865467956 ) ) ;
#252 = DIRECTION ( 'NONE',  ( 1.000000000000000000, 0.000000000000000000, 0.000000000000000000 ) ) ;
#253 = EDGE_CURVE ( 'NONE', #2285, #6058, #6463, .T. ) ;
#254 = VECTOR ( 'NONE', #435, 1000.000000000000000 ) ;
#255 = LINE ( 'NONE', #3502, #2740 ) ;
#256 = LOCAL_TIME ( 18, 13, 43.00000000000000000, #5324 ) ;
#257 = EDGE_CURVE ( 'NONE', #3550, #4607, #5625, .T. ) ;
#258 = VERTEX_POINT ( 'NONE', #324 ) ;
#259 = EDGE_LOOP ( 'NONE', ( #1947, #1339, #969, #6175, #4760, #2081, #6587 ) ) ;
#260 = DIRECTION ( 'NONE',  ( 0.000000000000000000, 0.000000000000000000, 1.000000000000000000 ) ) ;
#262 = EDGE_LOOP ( 'NONE', ( #4014, #4922, #1993, #5402 ) ) ;
#261 = PLANE ( 'NONE',  #2472 ) ;
#263 = CARTESIAN_POINT ( 'NONE',  ( 11.50654407254469014, 5.775002333645789854, 0.8190700547444330626 ) ) ;
#264 = DIRECTION ( 'NONE',  ( 1.000000000000000000, 0.000000000000000000, 0.000000000000000000 ) ) ;
#265 = DIRECTION ( 'NONE',  ( 1.000000000000000000, -0.000000000000000000, -0.000000000000000000 ) ) ;
#266 = ORIENTED_EDGE ( 'NONE', *, *, #2107, .F. ) ;
#267 = DIRECTION ( 'NONE',  ( 0.9238795325112869605, 0.000000000000000000, -0.3826834323650893377 ) ) ;
#268 = CIRCLE ( 'NONE', #5604, 0.1999999999999997058 ) ;
#270 = ORIENTED_EDGE ( 'NONE', *, *, #4168, .F. ) ;
#269 = DIRECTION ( 'NONE',  ( 0.000000000000000000, 0.000000000000000000, 1.000000000000000000 ) ) ;
#271 = FACE_OUTER_BOUND ( 'NONE', #3413, .T. ) ;
#272 = PLANE ( 'NONE',  #1599 ) ;
#273 = CIRCLE ( 'NONE', #6771, 0.2000000000000002331 ) ;
#274 = CARTESIAN_POINT ( 'NONE',  ( 11.18348793756120507, 9.450002315391870411, 0.03914355225947121347 ) ) ;
#275 = COORDINATED_UNIVERSAL_TIME_OFFSET ( 1, 0, .AHEAD. ) ;
#277 = ORIENTED_EDGE ( 'NONE', *, *, #6739, .F. ) ;
#276 = CARTESIAN_POINT ( 'NONE',  ( 9.102012507030844191, 6.549269529859578221, 2.893769090798470334 ) ) ;
#278 = CIRCLE ( 'NONE', #4329, 0.2000000000000000944 ) ;
#279 = EDGE_CURVE ( 'NONE', #6980, #6876, #1429, .T. ) ;
#280 = AXIS2_PLACEMENT_3D ( 'NONE', #3714, #3136, #339 ) ;
#281 = VERTEX_POINT ( 'NONE', #942 ) ;
#282 = DIRECTION ( 'NONE',  ( -1.000000000000000000, 0.000000000000000000, 0.000000000000000000 ) ) ;
#283 = CARTESIAN_POINT ( 'NONE',  ( 0.000000000000000000, 0.000000000000000000, 0.000000000000000000 ) ) ;
#284 = ORIENTED_EDGE ( 'NONE', *, *, #605, .T. ) ;
#285 = CC_DESIGN_PERSON_AND_ORGANIZATION_ASSIGNMENT ( #2674, #2207, ( #1430 ) ) ;
#286 = CARTESIAN_POINT ( 'NONE',  ( 10.15540498495745680, 2.837425637537893675, 4.692595897112378012 ) ) ;
#287 = LINE ( 'NONE', #5707, #1369 ) ;
#288 = ADVANCED_FACE ( 'NONE', ( #399, #4309 ), #2625, .T. ) ;
#289 = CARTESIAN_POINT ( 'NONE',  ( 14.65729122571193699, 2.349269540290390701, 1.583211799467650227 ) ) ;
#290 = VECTOR ( 'NONE', #1143, 1000.000000000000000 ) ;
#291 = VERTEX_POINT ( 'NONE', #981 ) ;
#292 = DIRECTION ( 'NONE',  ( 1.000000000000000000, 0.000000000000000000, 0.000000000000000000 ) ) ;
#294 = ORIENTED_EDGE ( 'NONE', *, *, #1500, .T. ) ;
#293 = CARTESIAN_POINT ( 'NONE',  ( 14.13919839288496050, 6.435677287023534809, 2.619397465121581892 ) ) ;
#295 = CARTESIAN_POINT ( 'NONE',  ( 10.78148605018372841, 5.649269529859577865, 5.983211862052527863 ) ) ;
#296 = DIRECTION ( 'NONE',  ( 0.000000000000000000, 0.000000000000000000, -1.000000000000000000 ) ) ;
#297 = VECTOR ( 'NONE', #5654, 1000.000000000000000 ) ;
#298 = CARTESIAN_POINT ( 'NONE',  ( 8.707291137050036767, 6.749269529859585504, 3.730425426260042698 ) ) ;
#299 = ORIENTED_EDGE ( 'NONE', *, *, #3783, .T. ) ;
#300 = EDGE_CURVE ( 'NONE', #662, #2405, #3190, .T. ) ;
#302 = ORIENTED_EDGE ( 'NONE', *, *, #7072, .T. ) ;
#301 = CARTESIAN_POINT ( 'NONE',  ( 14.65729122571193699, 7.249269540290389280, 6.283211872483341232 ) ) ;
#303 = CLOSED_SHELL ( 'NONE', ( #5062, #865, #4736, #6640, #5438, #1092, #1335, #782, #4810, #2968, #1688, #1295, #7049, #5379, #5587, #4818, #2642, #4935, #474, #2294, #29, #2016, #6022, #6768, #4417, #4110, #6093, #2324, #5022, #601, #3009, #3431, #6817, #3574, #4204, #6565, #2240, #5566, #555, #3284, #1060, #2159, #6023, #4194, #5891, #7085, #1771 ) ) ;
#304 = CARTESIAN_POINT ( 'NONE',  ( 13.69360816169420580, 7.049269540290389990, 6.359748558956360043 ) ) ;
#305 = CARTESIAN_POINT ( 'NONE',  ( 13.60729121006570885, 7.049269540290389990, 4.033211835975495596 ) ) ;
#306 = EDGE_CURVE ( 'NONE', #3069, #626, #3774, .T. ) ;
#307 = AXIS2_PLACEMENT_3D ( 'NONE', #898, #6491, #2650 ) ;
#308 = DIRECTION ( 'NONE',  ( 1.000000000000000000, -0.000000000000000000, 0.000000000000000000 ) ) ;
#309 = AXIS2_PLACEMENT_3D ( 'NONE', #4166, #5877, #2655 ) ;
#310 = DATE_AND_TIME ( #1521, #3615 ) ;
#312 = ORIENTED_EDGE ( 'NONE', *, *, #6378, .T. ) ;
#311 = DIRECTION ( 'NONE',  ( 0.000000000000000000, 1.000000000000000000, 0.000000000000000000 ) ) ;
#313 = AXIS2_PLACEMENT_3D ( 'NONE', #6239, #3986, #202 ) ;
#314 = ORIENTED_EDGE ( 'NONE', *, *, #696, .F. ) ;
#315 = DIRECTION ( 'NONE',  ( 0.000000000000000000, 0.000000000000000000, 1.000000000000000000 ) ) ;
#316 = AXIS2_PLACEMENT_3D ( 'NONE', #6795, #1932, #182 ) ;
#317 = DATE_TIME_ROLE ( 'classification_date' ) ;
#318 = ORIENTED_EDGE ( 'NONE', *, *, #2088, .F. ) ;
#319 = AXIS2_PLACEMENT_3D ( 'NONE', #1882, #6707, #4088 ) ;
#320 = CARTESIAN_POINT ( 'NONE',  ( 10.15910876266714880, 2.349269540290390701, 5.003285359567566815 ) ) ;
#321 = DIRECTION ( 'NONE',  ( 1.000000000000000000, 0.000000000000000000, 0.000000000000000000 ) ) ;
#323 = EDGE_LOOP ( 'NONE', ( #1809, #2149, #5977, #581 ) ) ;
#322 = ADVANCED_FACE ( 'NONE', ( #5509 ), #6177, .T. ) ;
#324 = CARTESIAN_POINT ( 'NONE',  ( 13.63309632822446282, 5.649269529859577865, 5.783211862052528573 ) ) ;
#325 = DIRECTION ( 'NONE',  ( 1.000000000000000000, 0.000000000000000000, 0.000000000000000000 ) ) ;
#326 = ORIENTED_EDGE ( 'NONE', *, *, #6977, .F. ) ;
#327 = ORIENTED_EDGE ( 'NONE', *, *, #1106, .T. ) ;
#328 = CARTESIAN_POINT ( 'NONE',  ( 14.00032365415185609, 6.349191534236497958, 5.093661158153035551 ) ) ;
#329 = ADVANCED_FACE ( 'NONE', ( #614 ), #6132, .T. ) ;
#330 = CARTESIAN_POINT ( 'NONE',  ( -8.618001082957942316, 9.449999724960381542, -0.9867153539310745680 ) ) ;
#331 = CARTESIAN_POINT ( 'NONE',  ( 14.00032365415185609, 6.699269608090674843, 5.096646671324609024 ) ) ;
#332 = CARTESIAN_POINT ( 'NONE',  ( 9.280897945230828228, 6.349269529859585148, 2.983211809898461908 ) ) ;
#333 = LINE ( 'NONE', #2457, #1792 ) ;
#334 = CIRCLE ( 'NONE', #1855, 1.050000015646217477 ) ;
#335 = ORIENTED_EDGE ( 'NONE', *, *, #4308, .F. ) ;
#336 = AXIS2_PLACEMENT_3D ( 'NONE', #5875, #3055, #2654 ) ;
#337 = DIRECTION ( 'NONE',  ( 0.7071067811865473507, 0.000000000000000000, 0.7071067811865476838 ) ) ;
#338 = EDGE_CURVE ( 'NONE', #549, #2302, #535, .T. ) ;
#340 = ORIENTED_EDGE ( 'NONE', *, *, #1679, .F. ) ;
#339 = DIRECTION ( 'NONE',  ( 0.000000000000000000, 0.000000000000000000, 1.000000000000000000 ) ) ;
#341 = CIRCLE ( 'NONE', #1515, 0.1999999999999996503 ) ;
#342 = CARTESIAN_POINT ( 'NONE',  ( 13.50883225519194930, 7.049269540290389990, 6.483211872483341409 ) ) ;
#343 = LINE ( 'NONE', #1378, #2303 ) ;
#344 = EDGE_CURVE ( 'NONE', #4938, #147, #3921, .T. ) ;
#345 = CIRCLE ( 'NONE', #6216, 0.3500000156462182987 ) ;
#346 = VERTEX_POINT ( 'NONE', #3808 ) ;
#347 = PLANE ( 'NONE',  #2105 ) ;
#348 = EDGE_CURVE ( 'NONE', #359, #2000, #2223, .T. ) ;
#349 = ITEM_DEFINED_TRANSFORMATION ( 'NONE', 'NONE', #476,  #4081 ) ;
#351 = VERTEX_POINT ( 'NONE', #5430 ) ;
#350 = LINE ( 'NONE', #3726, #6143 ) ;
#352 = ORIENTED_EDGE ( 'NONE', *, *, #6653, .F. ) ;
#353 = ORIENTED_EDGE ( 'NONE', *, *, #6528, .F. ) ;
#354 = LINE ( 'NONE', #1960, #2869 ) ;
#355 = AXIS2_PLACEMENT_3D ( 'NONE', #295, #159, #702 ) ;
#356 = AXIS2_PLACEMENT_3D ( 'NONE', #5346, #3101, #6941 ) ;
#357 = AXIS2_PLACEMENT_3D ( 'NONE', #5259, #5327, #6928 ) ;
#358 = EDGE_LOOP ( 'NONE', ( #719, #4907, #752, #6568, #6263 ) ) ;
#359 = VERTEX_POINT ( 'NONE', #6610 ) ;
#360 = CARTESIAN_POINT ( 'NONE',  ( 14.08757551546012898, 2.849269550721202471, 4.915211859983054765 ) ) ;
#361 = CIRCLE ( 'NONE', #4761, 0.1999999999999996503 ) ;
#362 = CARTESIAN_POINT ( 'NONE',  ( -9.632824325894073780, 4.549999724960382963, 1.463284682576770468 ) ) ;
#363 = LINE ( 'NONE', #5432, #3612 ) ;
#364 =( GEOMETRIC_REPRESENTATION_CONTEXT ( 3 ) GLOBAL_UNCERTAINTY_ASSIGNED_CONTEXT ( ( #4630 ) ) GLOBAL_UNIT_ASSIGNED_CONTEXT ( ( #2945, #2439, #6250 ) ) REPRESENTATION_CONTEXT ( 'NONE', 'WORKASPACE' ) );
#365 = ORIENTED_EDGE ( 'NONE', *, *, #1909, .T. ) ;
#366 = ORIENTED_EDGE ( 'NONE', *, *, #6006, .T. ) ;
#367 = CARTESIAN_POINT ( 'NONE',  ( -8.618001082957942316, 5.249999735391195799, -0.9867153539310745680 ) ) ;
#368 = CARTESIAN_POINT ( 'NONE',  ( 9.880897950446234645, 6.849269540290390701, 1.783211799467650405 ) ) ;
#369 = CC_DESIGN_PERSON_AND_ORGANIZATION_ASSIGNMENT ( #4199, #901, ( #4518 ) ) ;
#370 = AXIS2_PLACEMENT_3D ( 'NONE', #3596, #3561, #4108 ) ;
#371 = CARTESIAN_POINT ( 'NONE',  ( 11.47214085549942553, 7.049269540290389990, 1.783211799467650405 ) ) ;
#372 = CARTESIAN_POINT ( 'NONE',  ( 9.599095996764773986, 6.144244276690161932, 2.488237063067879173 ) ) ;
#373 = EDGE_CURVE ( 'NONE', #2522, #768, #2299, .T. ) ;
#374 = DIRECTION ( 'NONE',  ( -0.000000000000000000, 1.000000000000000000, -0.000000000000000000 ) ) ;
#375 = CC_DESIGN_APPROVAL ( #1280, ( #6042 ) ) ;
#376 = ORIENTED_EDGE ( 'NONE', *, *, #162, .F. ) ;
#377 = DIRECTION ( 'NONE',  ( -0.000000000000000000, 0.000000000000000000, 1.000000000000000000 ) ) ;
#378 = SECURITY_CLASSIFICATION ( '', '', #3178 ) ;
#380 = VERTEX_POINT ( 'NONE', #4460 ) ;
#379 = LINE ( 'NONE', #991, #862 ) ;
#381 = LINE ( 'NONE', #6589, #582 ) ;
#382 = FACE_OUTER_BOUND ( 'NONE', #5927, .T. ) ;
#383 = CARTESIAN_POINT ( 'NONE',  ( 12.49652003039348180, 10.15000231539186970, -3.380930007840445395 ) ) ;
#384 = CYLINDRICAL_SURFACE ( 'NONE', #3250, 0.2000000000000000944 ) ;
#385 = COORDINATED_UNIVERSAL_TIME_OFFSET ( 1, 0, .AHEAD. ) ;
#386 = EDGE_CURVE ( 'NONE', #6667, #351, #2976, .T. ) ;
#388 = ORIENTED_EDGE ( 'NONE', *, *, #3546, .T. ) ;
#387 = CARTESIAN_POINT ( 'NONE',  ( 8.731776636059001007, 2.612136994408142066, 3.634240832742304583 ) ) ;
#389 = VECTOR ( 'NONE', #5193, 1000.000000000000000 ) ;
#390 = ORIENTED_EDGE ( 'NONE', *, *, #4339, .F. ) ;
#391 = DIRECTION ( 'NONE',  ( 0.000000000000000000, 0.000000000000000000, 1.000000000000000000 ) ) ;
#392 = CIRCLE ( 'NONE', #4793, 0.2000000000000000944 ) ;
#393 = PERSON_AND_ORGANIZATION ( #6958, #2931 ) ;
#394 = EDGE_CURVE ( 'NONE', #3318, #5570, #69, .T. ) ;
#395 = ORIENTED_EDGE ( 'NONE', *, *, #4515, .F. ) ;
#396 = CARTESIAN_POINT ( 'NONE',  ( 13.98611519191407204, 2.849269550721202915, 5.086757237481027261 ) ) ;
#397 = DIRECTION ( 'NONE',  ( 0.000000000000000000, 1.000000000000000000, 0.000000000000000000 ) ) ;
#398 = EDGE_CURVE ( 'NONE', #3446, #5080, #7147, .T. ) ;
#399 = FACE_BOUND ( 'NONE', #2843, .T. ) ;
#400 = DIRECTION ( 'NONE',  ( 0.000000000000000000, -1.000000000000000000, 0.000000000000000000 ) ) ;
#401 = ORIENTED_EDGE ( 'NONE', *, *, #5223, .F. ) ;
#402 = ORIENTED_EDGE ( 'NONE', *, *, #394, .F. ) ;
#403 = CARTESIAN_POINT ( 'NONE',  ( 13.91256986094652603, 6.549269529859578221, 3.072654528998453927 ) ) ;
#404 = DIRECTION ( 'NONE',  ( 1.000000000000000000, 0.000000000000000000, 0.000000000000000000 ) ) ;
#405 = CARTESIAN_POINT ( 'NONE',  ( 10.26264271656400773, 8.678007010244019881, -2.342874785787837144 ) ) ;
#406 = CARTESIAN_POINT ( 'NONE',  ( 13.63309632825774997, 5.831278530850032560, 5.783211862052529462 ) ) ;
#407 = ORIENTED_EDGE ( 'NONE', *, *, #638, .F. ) ;
#408 = CARTESIAN_POINT ( 'NONE',  ( 14.00032365415184010, 2.849347546344283444, 5.093661158153028445 ) ) ;
#409 = EDGE_LOOP ( 'NONE', ( #407, #1587, #2617, #3856 ) ) ;
#411 = ORIENTED_EDGE ( 'NONE', *, *, #1473, .F. ) ;
#410 = FACE_OUTER_BOUND ( 'NONE', #6597, .T. ) ;
#412 = LINE ( 'NONE', #1478, #1177 ) ;
#413 = CARTESIAN_POINT ( 'NONE',  ( 10.78148605018372841, 5.649269529859577865, 5.783211862052528573 ) ) ;
#414 = CARTESIAN_POINT ( 'NONE',  ( 11.48970279241824777, 1.739581131620113963, 5.765623475697482014 ) ) ;
#415 = ADVANCED_FACE ( 'NONE', ( #1641 ), #2760, .T. ) ;
#416 = CC_DESIGN_PERSON_AND_ORGANIZATION_ASSIGNMENT ( #682, #1917, ( #6476 ) ) ;
#417 = DATE_AND_TIME ( #5795, #3516 ) ;
#419 = ORIENTED_EDGE ( 'NONE', *, *, #234, .T. ) ;
#418 = CARTESIAN_POINT ( 'NONE',  ( 8.898496370700215152, 2.806160209320621490, 3.539220192609835003 ) ) ;
#420 = EDGE_CURVE ( 'NONE', #2475, #1597, #4923, .T. ) ;
#421 = ORIENTED_EDGE ( 'NONE', *, *, #1869, .T. ) ;
#422 = AXIS2_PLACEMENT_3D ( 'NONE', #4794, #4895, #5956 ) ;
#423 = CARTESIAN_POINT ( 'NONE',  ( 9.757291152696254244, 6.849269540290390701, 1.583211799467650449 ) ) ;
#424 = DIRECTION ( 'NONE',  ( 1.000000000000000000, 0.000000000000000000, 0.000000000000000000 ) ) ;
#425 = ORIENTED_EDGE ( 'NONE', *, *, #6770, .F. ) ;
#426 = CARTESIAN_POINT ( 'NONE',  ( 13.93167036409815829, 5.950002325822681293, 0.1190700547444332319 ) ) ;
#427 = VECTOR ( 'NONE', #3303, 1000.000000000000000 ) ;
#428 = CARTESIAN_POINT ( 'NONE',  ( 8.872361222655761992, 6.391042546399316571, 3.353071659548475747 ) ) ;
#429 = EDGE_CURVE ( 'NONE', #491, #5268, #2840, .T. ) ;
#430 = DIRECTION ( 'NONE',  ( 0.000000000000000000, 1.000000000000000000, 0.000000000000000000 ) ) ;
#431 = AXIS2_PLACEMENT_3D ( 'NONE', #6518, #3174, #5383 ) ;
#432 = DIRECTION ( 'NONE',  ( 0.000000000000000000, 1.000000000000000000, 0.000000000000000000 ) ) ;
#433 = ORIENTED_EDGE ( 'NONE', *, *, #4198, .T. ) ;
#434 = EDGE_CURVE ( 'NONE', #2285, #768, #5472, .T. ) ;
#435 = DIRECTION ( 'NONE',  ( -0.3826834323650898928, 0.000000000000000000, 0.9238795325112867385 ) ) ;
#436 = LINE ( 'NONE', #912, #5344 ) ;
#437 = CARTESIAN_POINT ( 'NONE',  ( 14.33368442796194842, 6.699269608090674843, 1.583211799467650227 ) ) ;
#438 = LINE ( 'NONE', #6473, #1672 ) ;
#439 =( REPRESENTATION_RELATIONSHIP ('NONE','NONE', #3533, #1313 ) REPRESENTATION_RELATIONSHIP_WITH_TRANSFORMATION ( #55 )SHAPE_REPRESENTATION_RELATIONSHIP( ) );
#440 = PRODUCT_DEFINITION_SHAPE ( 'NONE', 'NONE',  #7191 ) ;
#441 = ORIENTED_EDGE ( 'NONE', *, *, #813, .T. ) ;
#442 = DIRECTION ( 'NONE',  ( -0.000000000000000000, -1.000000000000000000, -0.000000000000000000 ) ) ;
#444 = ORIENTED_EDGE ( 'NONE', *, *, #7121, .F. ) ;
#443 = CARTESIAN_POINT ( 'NONE',  ( 13.93167036409815829, 10.15000231539186970, -0.9309299713326002479 ) ) ;
#445 = DIRECTION ( 'NONE',  ( 1.000000000000000000, 0.000000000000000000, 0.000000000000000000 ) ) ;
#446 = CARTESIAN_POINT ( 'NONE',  ( 14.05188247428048776, 3.054294803890619026, 2.488237063067879173 ) ) ;
#447 = CARTESIAN_POINT ( 'NONE',  ( -10.36800111946578973, 10.14999972496038261, 1.463284682576770468 ) ) ;
#448 = DIRECTION ( 'NONE',  ( -1.000000000000000000, 0.000000000000000000, 0.000000000000000000 ) ) ;
#449 = AXIS2_PLACEMENT_3D ( 'NONE', #4551, #2491, #4690 ) ;
#450 = DATE_TIME_ROLE ( 'classification_date' ) ;
#452 = ORIENTED_EDGE ( 'NONE', *, *, #2526, .F. ) ;
#451 = CARTESIAN_POINT ( 'NONE',  ( 9.731670311944093044, 5.250002325822681115, -0.9309299713326002479 ) ) ;
#453 = EDGE_CURVE ( 'NONE', #6953, #37, #6103, .T. ) ;
#454 = ORIENTED_EDGE ( 'NONE', *, *, #871, .T. ) ;
#455 = FACE_OUTER_BOUND ( 'NONE', #4404, .T. ) ;
#456 = PERSON_AND_ORGANIZATION ( #6958, #2931 ) ;
#457 = ORIENTED_EDGE ( 'NONE', *, *, #6420, .F. ) ;
#458 = CARTESIAN_POINT ( 'NONE',  ( 12.20729118920410095, 3.549269550721202648, 5.783211862052528573 ) ) ;
#459 = PLANE ( 'NONE',  #3680 ) ;
#460 = AXIS2_PLACEMENT_3D ( 'NONE', #2853, #6227, #83 ) ;
#461 = ORIENTED_EDGE ( 'NONE', *, *, #638, .T. ) ;
#462 = EDGE_CURVE ( 'NONE', #2134, #2554, #5644, .T. ) ;
#463 = DIRECTION ( 'NONE',  ( 0.000000000000000000, 0.000000000000000000, -1.000000000000000000 ) ) ;
#464 = DIRECTION ( 'NONE',  ( 0.000000000000000000, 0.000000000000000000, -1.000000000000000000 ) ) ;
#465 = VERTEX_POINT ( 'NONE', #6573 ) ;
#466 = ORIENTED_EDGE ( 'NONE', *, *, #1448, .F. ) ;
#468 = EDGE_CURVE ( 'NONE', #5274, #258, #6543, .T. ) ;
#467 = CARTESIAN_POINT ( 'NONE',  ( 14.36256986090604748, 3.312988330584099472, 2.172654529079405705 ) ) ;
#469 = VECTOR ( 'NONE', #2153, 1000.000000000000000 ) ;
#470 = AXIS2_PLACEMENT_3D ( 'NONE', #3134, #377, #1512 ) ;
#471 = DIRECTION ( 'NONE',  ( 0.000000000000000000, 0.000000000000000000, 1.000000000000000000 ) ) ;
#472 = DIRECTION ( 'NONE',  ( 0.000000000000000000, 0.000000000000000000, -1.000000000000000000 ) ) ;
#473 = CARTESIAN_POINT ( 'NONE',  ( 14.18509956065411259, 6.549169249772760715, 5.173183357797626947 ) ) ;
#474 = ADVANCED_FACE ( 'NONE', ( #1603 ), #793, .T. ) ;
#475 = ORIENTED_EDGE ( 'NONE', *, *, #4474, .T. ) ;
#476 = AXIS2_PLACEMENT_3D ( 'NONE', #6853, #5735, #830 ) ;
#477 = DIRECTION ( 'NONE',  ( -0.000000000000000000, 1.000000000000000000, 0.000000000000000000 ) ) ;
#479 = ORIENTED_EDGE ( 'NONE', *, *, #1410, .T. ) ;
#478 = CYLINDRICAL_SURFACE ( 'NONE', #3072, 0.2999999999999999334 ) ;
#480 = DIRECTION ( 'NONE',  ( 0.000000000000000000, 1.000000000000000000, 0.000000000000000000 ) ) ;
#481 = DIRECTION ( 'NONE',  ( -0.4472135954999579277, 0.000000000000000000, 0.8944271909999158554 ) ) ;
#482 = ORGANIZATION ( 'NAUO-ORG1', 'UNSPECIFIED', 'UNSPECIFIED' ) ;
#483 = DIRECTION ( 'NONE',  ( 1.000000000000000000, 0.000000000000000000, 0.000000000000000000 ) ) ;
#484 = EDGE_CURVE ( 'NONE', #5445, #6244, #1367, .T. ) ;
#485 = LOCAL_TIME ( 18, 13, 43.00000000000000000, #1382 ) ;
#486 = VERTEX_POINT ( 'NONE', #4061 ) ;
#487 = CARTESIAN_POINT ( 'NONE',  ( 12.94229120745803563, 2.499269545505796053, 5.013211835975495134 ) ) ;
#488 = APPROVAL_STATUS ( 'not_yet_approved' ) ;
#490 = ORIENTED_EDGE ( 'NONE', *, *, #732, .F. ) ;
#489 = CARTESIAN_POINT ( 'NONE',  ( 8.707291138522805340, 2.529457052099741254, 3.683211827814729666 ) ) ;
#491 = VERTEX_POINT ( 'NONE', #4608 ) ;
#492 = DIRECTION ( 'NONE',  ( 0.000000000000000000, -1.000000000000000000, 0.000000000000000000 ) ) ;
#493 = PRODUCT_DEFINITION ( 'UNKNOWN', '', #3849, #4485 ) ;
#494 = EDGE_CURVE ( 'NONE', #465, #2659, #6232, .T. ) ;
#495 = SECURITY_CLASSIFICATION_LEVEL ( 'unclassified' ) ;
#497 = ORIENTED_EDGE ( 'NONE', *, *, #3635, .T. ) ;
#496 = LINE ( 'NONE', #1969, #5280 ) ;
#498 = LINE ( 'NONE', #1045, #1764 ) ;
#499 = DIRECTION ( 'NONE',  ( 0.000000000000000000, 1.000000000000000000, 0.000000000000000000 ) ) ;
#500 = ORIENTED_EDGE ( 'NONE', *, *, #6572, .F. ) ;
#501 = VECTOR ( 'NONE', #308, 1000.000000000000000 ) ;
#502 = CARTESIAN_POINT ( 'NONE',  ( 9.942067059198510748, 2.349269540290390701, 3.956675149502477673 ) ) ;
#503 = CC_DESIGN_PERSON_AND_ORGANIZATION_ASSIGNMENT ( #204, #2431, ( #4425 ) ) ;
#504 = DIRECTION ( 'NONE',  ( -0.000000000000000000, 1.000000000000000000, 0.000000000000000000 ) ) ;
#505 = VERTEX_POINT ( 'NONE', #4538 ) ;
#506 = CARTESIAN_POINT ( 'NONE',  ( 13.96031295468498890, 2.937619072927012187, 2.630678537994250110 ) ) ;
#507 = LINE ( 'NONE', #74, #4653 ) ;
#508 = DIRECTION ( 'NONE',  ( 1.000000000000000000, 0.000000000000000000, 0.000000000000000000 ) ) ;
#509 = EDGE_CURVE ( 'NONE', #144, #7174, #4574, .T. ) ;
#510 = CARTESIAN_POINT ( 'NONE',  ( -8.968001098604160504, 10.14999972496038261, -0.9867153539310745680 ) ) ;
#511 = ORIENTED_EDGE ( 'NONE', *, *, #2253, .F. ) ;
#512 =( BOUNDED_CURVE ( )  B_SPLINE_CURVE ( 3, ( #1241, #3451, #2831, #139 ),
 .UNSPECIFIED., .F., .F. ) 
 B_SPLINE_CURVE_WITH_KNOTS ( ( 4, 4 ),
 ( 4.712388980384688786, 5.497787143782135288 ),
 .UNSPECIFIED. ) 
 CURVE ( )  GEOMETRIC_REPRESENTATION_ITEM ( )  RATIONAL_B_SPLINE_CURVE ( ( 1.000000000000000000, 0.9492530216741912330, 0.9492530216741912330, 1.000000000000000000 ) ) 
 REPRESENTATION_ITEM ( '' )  );
#513 = FACE_OUTER_BOUND ( 'NONE', #3066, .T. ) ;
#514 = ORIENTED_EDGE ( 'NONE', *, *, #4896, .F. ) ;
#515 = CARTESIAN_POINT ( 'NONE',  ( 13.88857349127309782, 8.503577755628510815, -2.680929997409633891 ) ) ;
#516 = LINE ( 'NONE', #4258, #5135 ) ;
#517 = EDGE_CURVE ( 'NONE', #6005, #2794, #721, .T. ) ;
#518 = CIRCLE ( 'NONE', #1463, 2.450000036507846257 ) ;
#520 = ORIENTED_EDGE ( 'NONE', *, *, #4449, .T. ) ;
#519 = DIRECTION ( 'NONE',  ( 0.000000000000000000, -1.000000000000000000, 0.000000000000000000 ) ) ;
#521 = CALENDAR_DATE ( 2024, 29, 4 ) ;
#523 = ORIENTED_EDGE ( 'NONE', *, *, #5085, .T. ) ;
#522 = PLANE ( 'NONE',  #2087 ) ;
#524 = EDGE_CURVE ( 'NONE', #6367, #667, #3346, .T. ) ;
#525 = VERTEX_POINT ( 'NONE', #176 ) ;
#526 = DIRECTION ( 'NONE',  ( 1.000000000000000000, 0.000000000000000000, 0.000000000000000000 ) ) ;
#527 = CARTESIAN_POINT ( 'NONE',  ( 13.63167036409815758, 8.750002304961064681, 0.8190700547444330626 ) ) ;
#528 = MECHANICAL_CONTEXT ( 'NONE', #3470, 'mechanical' ) ;
#530 = ORIENTED_EDGE ( 'NONE', *, *, #2210, .T. ) ;
#529 = DIRECTION ( 'NONE',  ( 0.000000000000000000, 0.000000000000000000, 1.000000000000000000 ) ) ;
#531 = LINE ( 'NONE', #1090, #1048 ) ;
#532 = AXIS2_PLACEMENT_3D ( 'NONE', #6725, #3930, #1761 ) ;
#533 = VECTOR ( 'NONE', #2881, 1000.000000000000000 ) ;
#534 = VERTEX_POINT ( 'NONE', #2943 ) ;
#535 = LINE ( 'NONE', #6055, #2759 ) ;
#536 = CIRCLE ( 'NONE', #5524, 0.2999999999999999334 ) ;
#537 = CARTESIAN_POINT ( 'NONE',  ( 8.707291137050036767, 2.154051960209093952, 4.033211835975495596 ) ) ;
#538 = VERTEX_POINT ( 'NONE', #4028 ) ;
#539 = AXIS2_PLACEMENT_3D ( 'NONE', #2296, #32, #2259 ) ;
#540 = CARTESIAN_POINT ( 'NONE',  ( 13.80816780864376803, 2.928696077715536195, 5.454476351286818847 ) ) ;
#541 = DIRECTION ( 'NONE',  ( 1.000000000000000000, 0.000000000000000000, 0.000000000000000000 ) ) ;
#542 = LINE ( 'NONE', #2766, #6802 ) ;
#543 = CARTESIAN_POINT ( 'NONE',  ( -8.985576249810282690, 10.14999972496038261, -0.9867153539310745680 ) ) ;
#544 = VECTOR ( 'NONE', #1343, 1000.000000000000000 ) ;
#545 = EDGE_CURVE ( 'NONE', #5611, #174, #6214, .T. ) ;
#546 = EDGE_LOOP ( 'NONE', ( #2146, #3619, #5024, #573, #4708 ) ) ;
#547 = CARTESIAN_POINT ( 'NONE',  ( 13.60729121006571951, 2.149269540290390523, 4.033211835975495596 ) ) ;
#549 = VERTEX_POINT ( 'NONE', #2907 ) ;
#548 = CARTESIAN_POINT ( 'NONE',  ( 11.79649357052644199, 4.550002315391870056, 1.519070065175245343 ) ) ;
#550 = CIRCLE ( 'NONE', #2310, 1.000000000000000000 ) ;
#551 = DIRECTION ( 'NONE',  ( 1.000000000000000000, 0.000000000000000000, 0.000000000000000000 ) ) ;
#552 = CARTESIAN_POINT ( 'NONE',  ( 12.30840575517642854, 6.549269529859585326, 5.833769145038692372 ) ) ;
#553 = CARTESIAN_POINT ( 'NONE',  ( 10.78167032759031230, 4.550002315391870056, -0.9309299713326002479 ) ) ;
#554 =( BOUNDED_CURVE ( )  B_SPLINE_CURVE ( 3, ( #4502, #6575, #1605, #3265 ),
 .UNSPECIFIED., .F., .F. ) 
 B_SPLINE_CURVE_WITH_KNOTS ( ( 4, 4 ),
 ( 5.497787143782137065, 6.283185307179586232 ),
 .UNSPECIFIED. ) 
 CURVE ( )  GEOMETRIC_REPRESENTATION_ITEM ( )  RATIONAL_B_SPLINE_CURVE ( ( 1.000000000000000000, 0.9492530216741910110, 0.9492530216741910110, 1.000000000000000000 ) ) 
 REPRESENTATION_ITEM ( '' )  );
#555 = ADVANCED_FACE ( 'NONE', ( #6312 ), #6248, .T. ) ;
#556 = ORIENTED_EDGE ( 'NONE', *, *, #5801, .F. ) ;
#558 = ORIENTED_EDGE ( 'NONE', *, *, #4509, .F. ) ;
#557 = CARTESIAN_POINT ( 'NONE',  ( 10.60328641521983961, 2.924710742751142067, 5.448602547743634616 ) ) ;
#559 = PERSON_AND_ORGANIZATION_ROLE ( 'classification_officer' ) ;
#561 = EDGE_LOOP ( 'NONE', ( #2311, #4434, #1364, #4643, #3410, #2453, #3850, #3427, #5894, #64, #1201, #1580 ) ) ;
#560 = PLANE ( 'NONE',  #5200 ) ;
#562 = ADVANCED_FACE ( 'NONE', ( #145 ), #190, .T. ) ;
#563 = VERTEX_POINT ( 'NONE', #3423 ) ;
#564 = EDGE_CURVE ( 'NONE', #3972, #3624, #2875, .T. ) ;
#565 = DIRECTION ( 'NONE',  ( 0.000000000000000000, 1.000000000000000000, 0.000000000000000000 ) ) ;
#566 = AXIS2_PLACEMENT_3D ( 'NONE', #4131, #5182, #2879 ) ;
#567 = DIRECTION ( 'NONE',  ( 0.000000000000000000, 1.239088197126290866E-15, -1.000000000000000000 ) ) ;
#568 = CALENDAR_DATE ( 2024, 29, 4 ) ;
#570 = ORIENTED_EDGE ( 'NONE', *, *, #6908, .F. ) ;
#569 = DIRECTION ( 'NONE',  ( 0.000000000000000000, 0.000000000000000000, 1.000000000000000000 ) ) ;
#571 = CARTESIAN_POINT ( 'NONE',  ( 14.65729122571193699, 2.849269550721202915, 4.033211835975495596 ) ) ;
#572 = CARTESIAN_POINT ( 'NONE',  ( 14.36256986094652355, 6.176477323723791990, 2.172654528998454015 ) ) ;
#573 = ORIENTED_EDGE ( 'NONE', *, *, #1212, .F. ) ;
#574 = CARTESIAN_POINT ( 'NONE',  ( 13.63309632822446105, 5.837402301304861041, 5.783211862052528573 ) ) ;
#575 = CIRCLE ( 'NONE', #4638, 2.050000036507845014 ) ;
#576 = ORIENTED_EDGE ( 'NONE', *, *, #15, .T. ) ;
#577 = CARTESIAN_POINT ( 'NONE',  ( 13.81787223475993898, 3.315257978019645169, 6.059748548445345051 ) ) ;
#578 = CARTESIAN_POINT ( 'NONE',  ( 9.503514598419048554, 6.119057553219020562, 2.090764908022062052 ) ) ;
#579 = CARTESIAN_POINT ( 'NONE',  ( 11.65538821736748254, 7.749269540290391056, 6.317526447534103085 ) ) ;
#580 = DIRECTION ( 'NONE',  ( 0.3826834323650923908, -0.000000000000000000, 0.9238795325112856283 ) ) ;
#581 = ORIENTED_EDGE ( 'NONE', *, *, #771, .F. ) ;
#582 = VECTOR ( 'NONE', #1615, 1000.000000000000000 ) ;
#583 = AXIS2_PLACEMENT_3D ( 'NONE', #5097, #1846, #267 ) ;
#584 = DIRECTION ( 'NONE',  ( 0.000000000000000000, -1.000000000000000000, 0.000000000000000000 ) ) ;
#585 = PRODUCT_DEFINITION ( 'UNKNOWN', '', #2590, #198 ) ;
#586 = ADVANCED_FACE ( 'NONE', ( #4127 ), #1791, .F. ) ;
#588 = ORIENTED_EDGE ( 'NONE', *, *, #6912, .F. ) ;
#587 = DIRECTION ( 'NONE',  ( 0.000000000000000000, 0.000000000000000000, -1.000000000000000000 ) ) ;
#589 = CARTESIAN_POINT ( 'NONE',  ( -10.06800111946578902, 5.949999735391195976, 0.7632846721459588535 ) ) ;
#590 = CARTESIAN_POINT ( 'NONE',  ( 11.42161983205294007, 5.455027578992097226, 0.6140448015750160637 ) ) ;
#591 = CARTESIAN_POINT ( 'NONE',  ( 11.48970279241824421, 7.049269540290389990, 6.483211872483341409 ) ) ;
#592 = AXIS2_PLACEMENT_3D ( 'NONE', #4969, #1057, #541 ) ;
#593 = ORIENTED_EDGE ( 'NONE', *, *, #1850, .T. ) ;
#595 = EDGE_LOOP ( 'NONE', ( #6818, #3790, #6559, #6813 ) ) ;
#594 = DIRECTION ( 'NONE',  ( 0.7071067811865474617, 0.000000000000000000, 0.7071067811865476838 ) ) ;
#596 = SECURITY_CLASSIFICATION_LEVEL ( 'unclassified' ) ;
#597 = AXIS2_PLACEMENT_3D ( 'NONE', #2909, #4128, #3585 ) ;
#598 = ORIENTED_EDGE ( 'NONE', *, *, #1679, .T. ) ;
#599 = B_SPLINE_CURVE_WITH_KNOTS ( 'NONE', 3,
 ( #3929, #1222, #4005, #3314, #5555, #1178 ),
 .UNSPECIFIED., .F., .F.,
 ( 4, 2, 4 ),
 ( -4.135616779801380240E-06, 0.0002449975653391494625, 0.0004941307474581003653 ),
 .UNSPECIFIED. ) ;
#600 = CIRCLE ( 'NONE', #4663, 2.450000036507845369 ) ;
#601 = ADVANCED_FACE ( 'NONE', ( #2972 ), #1857, .F. ) ;
#602 = LOCAL_TIME ( 18, 13, 43.00000000000000000, #2966 ) ;
#603 = VERTEX_POINT ( 'NONE', #6852 ) ;
#604 = CARTESIAN_POINT ( 'NONE',  ( 13.63167036409815758, 5.950002325822681293, 0.1190700547444332319 ) ) ;
#605 = EDGE_CURVE ( 'NONE', #1492, #1227, #94, .T. ) ;
#606 = DIRECTION ( 'NONE',  ( -1.000000000000000000, 0.000000000000000000, 0.000000000000000000 ) ) ;
#607 = CALENDAR_DATE ( 2024, 29, 4 ) ;
#609 = ORIENTED_EDGE ( 'NONE', *, *, #2546, .F. ) ;
#608 = DIRECTION ( 'NONE',  ( -1.000000000000000000, 0.000000000000000000, 0.000000000000000000 ) ) ;
#610 = FACE_OUTER_BOUND ( 'NONE', #3086, .T. ) ;
#611 = LOCAL_TIME ( 18, 13, 43.00000000000000000, #4947 ) ;
#612 = CARTESIAN_POINT ( 'NONE',  ( 9.757291152696254244, 7.049269540290389990, 4.033211835975495596 ) ) ;
#613 = ORIENTED_EDGE ( 'NONE', *, *, #5417, .T. ) ;
#614 = FACE_OUTER_BOUND ( 'NONE', #3247, .T. ) ;
#615 = ADVANCED_FACE ( 'NONE', ( #1349 ), #2477, .F. ) ;
#616 = CIRCLE ( 'NONE', #5598, 1.050000015646217477 ) ;
#617 = CARTESIAN_POINT ( 'NONE',  ( 16.76323201895335302, 7.000002315391870233, -2.680929997409633447 ) ) ;
#618 = VERTEX_POINT ( 'NONE', #3116 ) ;
#619 = ORIENTED_EDGE ( 'NONE', *, *, #5801, .T. ) ;
#620 = CARTESIAN_POINT ( 'NONE',  ( 13.93241748075756092, 3.549269550721203537, 5.783211862052526797 ) ) ;
#621 = FACE_OUTER_BOUND ( 'NONE', #116, .T. ) ;
#622 = EDGE_CURVE ( 'NONE', #4473, #5064, #3897, .T. ) ;
#623 = DIRECTION ( 'NONE',  ( 1.000000000000000000, 0.000000000000000000, 0.000000000000000000 ) ) ;
#624 = LINE ( 'NONE', #1723, #3524 ) ;
#625 = VECTOR ( 'NONE', #6686, 1000.000000000000227 ) ;
#626 = VERTEX_POINT ( 'NONE', #3048 ) ;
#627 = CARTESIAN_POINT ( 'NONE',  ( 13.63167036409815758, 5.950002325822681293, 0.8190700547444330626 ) ) ;
#628 = CONICAL_SURFACE ( 'NONE', #1094, 0.5600000000000014966, 0.7853981633974476129 ) ;
#630 = ORIENTED_EDGE ( 'NONE', *, *, #279, .T. ) ;
#629 = CARTESIAN_POINT ( 'NONE',  ( 13.97905823893396082, 6.549269529859578221, 5.083211862052529284 ) ) ;
#631 = CARTESIAN_POINT ( 'NONE',  ( -9.257950587420571864, 8.544974461360155260, 0.5582594189765417436 ) ) ;
#632 = DIRECTION ( 'NONE',  ( -0.8944271909999159664, 0.000000000000000000, -0.4472135954999579832 ) ) ;
#633 = DIRECTION ( 'NONE',  ( 0.000000000000000000, 1.000000000000000000, 0.000000000000000000 ) ) ;
#635 = ORIENTED_EDGE ( 'NONE', *, *, #5792, .T. ) ;
#634 = CARTESIAN_POINT ( 'NONE',  ( 10.78167032759031230, 9.450002315391870411, -0.9309299713326002479 ) ) ;
#637 = EDGE_LOOP ( 'NONE', ( #2170, #5079, #7173, #4526 ) ) ;
#636 = CYLINDRICAL_SURFACE ( 'NONE', #7058, 1.050000015646217477 ) ;
#638 = EDGE_CURVE ( 'NONE', #6276, #3695, #354, .T. ) ;
#639 = CC_DESIGN_PERSON_AND_ORGANIZATION_ASSIGNMENT ( #3001, #5729, ( #6042 ) ) ;
#640 = ORIENTED_EDGE ( 'NONE', *, *, #5528, .T. ) ;
#641 = DIRECTION ( 'NONE',  ( -1.000000000000000000, 0.000000000000000000, 0.000000000000000000 ) ) ;
#642 = CARTESIAN_POINT ( 'NONE',  ( -9.668001098604165122, 8.749999714529577588, -0.9867153539310745680 ) ) ;
#643 = APPROVAL_STATUS ( 'not_yet_approved' ) ;
#644 = EDGE_CURVE ( 'NONE', #4254, #5471, #5255, .T. ) ;
#646 = VERTEX_POINT ( 'NONE', #3152 ) ;
#645 = CARTESIAN_POINT ( 'NONE',  ( -8.618001082957942316, 4.549999724960382963, -0.9867153539310745680 ) ) ;
#647 = FACE_BOUND ( 'NONE', #988, .T. ) ;
#648 = AXIS2_PLACEMENT_3D ( 'NONE', #6584, #1684, #6693 ) ;
#649 = CARTESIAN_POINT ( 'NONE',  ( 12.20729118920410095, 2.849269550721202915, 5.783211862052528573 ) ) ;
#650 = ORIENTED_EDGE ( 'NONE', *, *, #1954, .T. ) ;
#651 = DIRECTION ( 'NONE',  ( 1.000000000000000000, 0.000000000000000000, 0.000000000000000000 ) ) ;
#652 = EDGE_CURVE ( 'NONE', #2225, #1319, #932, .T. ) ;
#653 = DIRECTION ( 'NONE',  ( 1.000000000000000000, 0.000000000000000000, 0.000000000000000000 ) ) ;
#654 = ORIENTED_EDGE ( 'NONE', *, *, #6300, .T. ) ;
#655 = ORIENTED_EDGE ( 'NONE', *, *, #1157, .F. ) ;
#656 = VECTOR ( 'NONE', #2115, 1000.000000000000000 ) ;
#657 = CARTESIAN_POINT ( 'NONE',  ( 13.60729121006570885, 6.549269529859585326, 3.683211830760089178 ) ) ;
#658 = CARTESIAN_POINT ( 'NONE',  ( 13.93167036409815829, 4.950002325822681293, -1.980929997409633270 ) ) ;
#659 = EDGE_CURVE ( 'NONE', #2970, #187, #1530, .T. ) ;
#660 = CARTESIAN_POINT ( 'NONE',  ( -10.36800111946578973, 5.949999735391195976, -2.036715380008108145 ) ) ;
#661 = VECTOR ( 'NONE', #4095, 1000.000000000000000 ) ;
#662 = VERTEX_POINT ( 'NONE', #4778 ) ;
#663 = AXIS2_PLACEMENT_3D ( 'NONE', #6896, #4580, #6824 ) ;
#664 = EDGE_CURVE ( 'NONE', #144, #6376, #4714, .T. ) ;
#665 = PLANE ( 'NONE',  #1350 ) ;
#667 = VERTEX_POINT ( 'NONE', #829 ) ;
#666 = DIRECTION ( 'NONE',  ( -0.000000000000000000, -1.000000000000000000, -0.000000000000000000 ) ) ;
#668 = CARTESIAN_POINT ( 'NONE',  ( 14.65729122571193699, 2.499269545505796053, 4.033211835975495596 ) ) ;
#669 = FACE_BOUND ( 'NONE', #2152, .T. ) ;
#670 = DIRECTION ( 'NONE',  ( 1.000000000000000000, -0.000000000000000000, 0.000000000000000000 ) ) ;
#671 = AXIS2_PLACEMENT_3D ( 'NONE', #612, #499, #66 ) ;
#672 = VECTOR ( 'NONE', #5123, 1000.000000000000000 ) ;
#673 = EDGE_CURVE ( 'NONE', #6284, #3367, #1356, .T. ) ;
#674 = VERTEX_POINT ( 'NONE', #5800 ) ;
#675 = CARTESIAN_POINT ( 'NONE',  ( 11.83167034323652977, 4.550002315391870056, -0.9309299713326002479 ) ) ;
#676 = AXIS2_PLACEMENT_3D ( 'NONE', #1690, #3899, #1149 ) ;
#678 = ORIENTED_EDGE ( 'NONE', *, *, #5975, .T. ) ;
#677 = DIRECTION ( 'NONE',  ( 1.000000000000000000, 0.000000000000000000, 0.000000000000000000 ) ) ;
#679 = EDGE_LOOP ( 'NONE', ( #3437, #3943, #6080, #6059 ) ) ;
#680 = CYLINDRICAL_SURFACE ( 'NONE', #313, 0.7000000000000001776 ) ;
#681 = LINE ( 'NONE', #2901, #3067 ) ;
#682 = PERSON_AND_ORGANIZATION ( #6958, #2931 ) ;
#684 = EDGE_LOOP ( 'NONE', ( #2975, #2436, #5106, #1545 ) ) ;
#683 = CARTESIAN_POINT ( 'NONE',  ( 13.71677669431339552, 6.699269608090674843, 6.303814773286874562 ) ) ;
#685 = EDGE_CURVE ( 'NONE', #3446, #3521, #536, .T. ) ;
#686 = DIRECTION ( 'NONE',  ( -0.000000000000000000, -1.000000000000000000, -0.000000000000000000 ) ) ;
#687 = AXIS2_PLACEMENT_3D ( 'NONE', #1119, #7172, #2824 ) ;
#688 = ORIENTED_EDGE ( 'NONE', *, *, #3135, .F. ) ;
#689 = CARTESIAN_POINT ( 'NONE',  ( -9.130852479710627634, 8.749999714529572259, 0.2514174435912421846 ) ) ;
#690 = ORIENTED_EDGE ( 'NONE', *, *, #4060, .F. ) ;
#691 = ORIENTED_EDGE ( 'NONE', *, *, #5330, .F. ) ;
#692 = DIRECTION ( 'NONE',  ( 0.000000000000000000, -0.7071067811865483499, 0.7071067811865467956 ) ) ;
#693 = DIRECTION ( 'NONE',  ( 0.000000000000000000, 1.000000000000000000, 0.000000000000000000 ) ) ;
#694 = LINE ( 'NONE', #2914, #4716 ) ;
#695 = DIRECTION ( 'NONE',  ( 0.000000000000000000, 1.000000000000000000, 0.000000000000000000 ) ) ;
#696 = EDGE_CURVE ( 'NONE', #1347, #3884, #4744, .T. ) ;
#697 = CARTESIAN_POINT ( 'NONE',  ( 13.98611519191471331, 6.349269529859578043, 5.086757237481349669 ) ) ;
#698 = EDGE_CURVE ( 'NONE', #2860, #3446, #6574, .T. ) ;
#699 = LINE ( 'NONE', #2921, #6558 ) ;
#701 = ORIENTED_EDGE ( 'NONE', *, *, #2616, .F. ) ;
#700 = DIRECTION ( 'NONE',  ( -0.000000000000000000, 1.000000000000000000, 0.000000000000000000 ) ) ;
#702 = DIRECTION ( 'NONE',  ( 0.000000000000000000, 0.000000000000000000, 1.000000000000000000 ) ) ;
#703 = CARTESIAN_POINT ( 'NONE',  ( 14.28971605885961615, 2.149269540290390523, 4.033211835975495596 ) ) ;
#704 = LINE ( 'NONE', #6150, #1211 ) ;
#705 = EDGE_CURVE ( 'NONE', #147, #2015, #3454, .T. ) ;
#706 = AXIS2_PLACEMENT_3D ( 'NONE', #4692, #3563, #6904 ) ;
#707 = DIRECTION ( 'NONE',  ( 0.000000000000000000, 0.000000000000000000, -1.000000000000000000 ) ) ;
#709 = ORIENTED_EDGE ( 'NONE', *, *, #911, .F. ) ;
#708 = DIRECTION ( 'NONE',  ( -0.9238795325112867385, 0.000000000000000000, -0.3826834323650899483 ) ) ;
#710 = AXIS2_PLACEMENT_3D ( 'NONE', #4579, #6287, #4614 ) ;
#711 = CARTESIAN_POINT ( 'NONE',  ( 13.63167036409815758, 8.050002304961058286, -1.980929997409633270 ) ) ;
#712 = AXIS2_PLACEMENT_3D ( 'NONE', #2802, #504, #5591 ) ;
#713 = CARTESIAN_POINT ( 'NONE',  ( 9.312424501037979141, 3.052967147058100128, 2.472945102784147142 ) ) ;
#714 = PERSON_AND_ORGANIZATION_ROLE ( 'creator' ) ;
#716 = ORIENTED_EDGE ( 'NONE', *, *, #644, .T. ) ;
#715 = FACE_OUTER_BOUND ( 'NONE', #1242, .T. ) ;
#717 = CARTESIAN_POINT ( 'NONE',  ( 9.880897950446234645, 2.349269540290390701, 1.583211799467650227 ) ) ;
#718 = SECURITY_CLASSIFICATION ( '', '', #3732 ) ;
#719 = ORIENTED_EDGE ( 'NONE', *, *, #1421, .T. ) ;
#720 = ADVANCED_FACE ( 'NONE', ( #3655 ), #3731, .T. ) ;
#721 = LINE ( 'NONE', #3008, #5291 ) ;
#722 = EDGE_LOOP ( 'NONE', ( #425, #6459, #4952, #1003, #5538, #2809, #2785, #688 ) ) ;
#723 = ORIENTED_EDGE ( 'NONE', *, *, #7045, .T. ) ;
#724 = CARTESIAN_POINT ( 'NONE',  ( -9.070513714758060786, 5.455024988560611909, -2.531690126838690880 ) ) ;
#725 = DIRECTION ( 'NONE',  ( 0.000000000000000000, -1.000000000000000000, 0.000000000000000000 ) ) ;
#726 = DIRECTION ( 'NONE',  ( 0.000000000000000000, -1.000000000000000000, 0.000000000000000000 ) ) ;
#727 = CARTESIAN_POINT ( 'NONE',  ( 12.20729118920410095, 3.549269550721202648, 5.083211862052529284 ) ) ;
#728 = ADVANCED_BREP_SHAPE_REPRESENTATION ( '', ( #6481, #4081 ), #364 ) ;
#729 = AXIS2_PLACEMENT_3D ( 'NONE', #5448, #7165, #483 ) ;
#730 = CC_DESIGN_DATE_AND_TIME_ASSIGNMENT ( #6631, #450, ( #839 ) ) ;
#731 = LINE ( 'NONE', #1224, #2513 ) ;
#732 = EDGE_CURVE ( 'NONE', #1602, #2898, #1836, .T. ) ;
#734 = ORIENTED_EDGE ( 'NONE', *, *, #5269, .F. ) ;
#733 = FACE_OUTER_BOUND ( 'NONE', #3019, .T. ) ;
#735 = DIRECTION ( 'NONE',  ( 0.000000000000000000, -1.000000000000000000, 0.000000000000000000 ) ) ;
#736 = CONICAL_SURFACE ( 'NONE', #3412, 1.050000015646217477, 0.7853981633974476129 ) ;
#737 = DIRECTION ( 'NONE',  ( -0.000000000000000000, 1.000000000000000000, -0.000000000000000000 ) ) ;
#738 = ADVANCED_FACE ( 'NONE', ( #4231 ), #4846, .T. ) ;
#739 = CARTESIAN_POINT ( 'NONE',  ( 13.98612098675488724, 6.349269529859578043, 5.086760149778811524 ) ) ;
#740 = AXIS2_PLACEMENT_3D ( 'NONE', #4600, #785, #3078 ) ;
#741 = CYLINDRICAL_SURFACE ( 'NONE', #4650, 0.2000000000000000944 ) ;
#742 = EDGE_LOOP ( 'NONE', ( #6594, #6010, #178, #5789, #2031, #6053, #1457, #2632, #54, #4576, #2200, #5365 ) ) ;
#744 = ORIENTED_EDGE ( 'NONE', *, *, #1191, .T. ) ;
#743 = CARTESIAN_POINT ( 'NONE',  ( 13.60729121006570885, 6.432112242334203422, 3.683211830760089622 ) ) ;
#745 = EDGE_CURVE ( 'NONE', #3093, #4064, #4605, .T. ) ;
#746 = LINE ( 'NONE', #4527, #6350 ) ;
#747 =( BOUNDED_CURVE ( )  B_SPLINE_CURVE ( 3, ( #1129, #1168, #572, #2796 ),
 .UNSPECIFIED., .F., .F. ) 
 B_SPLINE_CURVE_WITH_KNOTS ( ( 4, 4 ),
 ( 1.570796326794898556, 3.141592653589793116 ),
 .UNSPECIFIED. ) 
 CURVE ( )  GEOMETRIC_REPRESENTATION_ITEM ( )  RATIONAL_B_SPLINE_CURVE ( ( 1.000000000000000000, 0.8047378541243654926, 0.8047378541243654926, 1.000000000000000000 ) ) 
 REPRESENTATION_ITEM ( '' )  );
#748 = DIRECTION ( 'NONE',  ( 1.000000000000000000, 0.000000000000000000, 0.000000000000000000 ) ) ;
#749 = ADVANCED_FACE ( 'NONE', ( #5392 ), #6671, .T. ) ;
#750 = SECURITY_CLASSIFICATION_LEVEL ( 'unclassified' ) ;
#752 = ORIENTED_EDGE ( 'NONE', *, *, #4134, .F. ) ;
#751 = CARTESIAN_POINT ( 'NONE',  ( 8.928405698850053085, 2.849269550721202471, 3.240982707160053877 ) ) ;
#753 = ORIENTED_EDGE ( 'NONE', *, *, #5302, .T. ) ;
#754 = CARTESIAN_POINT ( 'NONE',  ( 10.96007226006151924, 2.149269540290390523, 6.483211872483341409 ) ) ;
#755 = ADVANCED_FACE ( 'NONE', ( #3799 ), #6008, .T. ) ;
#756 = DIRECTION ( 'NONE',  ( -0.1053964909653222759, -0.9944302789498098427, 7.037017918046617587E-16 ) ) ;
#757 = CONICAL_SURFACE ( 'NONE', #5390, 1.050000015646217477, 0.7853981633974476129 ) ;
#758 = EDGE_LOOP ( 'NONE', ( #1698, #6001, #5599, #556 ) ) ;
#759 = VERTEX_POINT ( 'NONE', #1039 ) ;
#760 = DIRECTION ( 'NONE',  ( 0.000000000000000000, 0.000000000000000000, 1.000000000000000000 ) ) ;
#761 = CARTESIAN_POINT ( 'NONE',  ( 12.51408196731230227, 4.550002315391870056, 1.519070065175245343 ) ) ;
#762 = FACE_OUTER_BOUND ( 'NONE', #5816, .T. ) ;
#763 = AXIS2_PLACEMENT_3D ( 'NONE', #6781, #1820, #2938 ) ;
#764 = LINE ( 'NONE', #6355, #899 ) ;
#765 = ORIENTED_EDGE ( 'NONE', *, *, #120, .T. ) ;
#766 = CARTESIAN_POINT ( 'NONE',  ( 13.67143816358011676, 3.187324762342996998, 5.711216567335491767 ) ) ;
#768 = VERTEX_POINT ( 'NONE', #4338 ) ;
#767 = FACE_OUTER_BOUND ( 'NONE', #6283, .T. ) ;
#769 = CARTESIAN_POINT ( 'NONE',  ( -10.22800110694880793, 8.749999714529577588, -0.2167153424571820752 ) ) ;
#770 = LINE ( 'NONE', #2927, #2992 ) ;
#771 = EDGE_CURVE ( 'NONE', #1360, #4998, #6530, .T. ) ;
#772 = AXIS2_PLACEMENT_3D ( 'NONE', #2373, #5178, #1315 ) ;
#773 = LINE ( 'NONE', #6327, #389 ) ;
#774 = VECTOR ( 'NONE', #6140, 1000.000000000000000 ) ;
#775 = CARTESIAN_POINT ( 'NONE',  ( 9.107291137050037122, 2.449269550721202560, 4.033211835975495596 ) ) ;
#776 = AXIS2_PLACEMENT_3D ( 'NONE', #2679, #5423, #2213 ) ;
#778 = ORIENTED_EDGE ( 'NONE', *, *, #2934, .T. ) ;
#777 = CARTESIAN_POINT ( 'NONE',  ( -10.06800111946578902, 5.249999735391195799, 0.7632846721459588535 ) ) ;
#779 =( BOUNDED_SURFACE ( )  B_SPLINE_SURFACE ( 3, 2, ( 
 ( #2955, #5186, #4105 ),
 ( #3016, #6289, #697 ),
 ( #2448, #4006, #5225 ),
 ( #4687, #4040, #5152 ) ),
 .UNSPECIFIED., .F., .F., .F. ) 
 B_SPLINE_SURFACE_WITH_KNOTS ( ( 4, 4 ),
 ( 3, 3 ),
 ( -1.897353801849632760E-18, 2.476040640396264084E-05 ),
 ( 0.000000000000000000, 1.000000000000000000 ),
 .UNSPECIFIED. ) 
 GEOMETRIC_REPRESENTATION_ITEM ( )  RATIONAL_B_SPLINE_SURFACE ( (
 ( 1.000000000000000000, 0.7071067811865473507, 1.000000000000000000),
 ( 1.000000000000000000, 0.7086109587191892212, 1.000000000000000000),
 ( 1.000000000000000000, 0.7101033832287068082, 1.000000000000000000),
 ( 1.000000000000000000, 0.7115826005015927214, 1.000000000000000000) ) ) 
 REPRESENTATION_ITEM ( '' )  SURFACE ( )  );
#780 = AXIS2_PLACEMENT_3D ( 'NONE', #940, #3221, #4748 ) ;
#781 = CARTESIAN_POINT ( 'NONE',  ( 11.47214085549942553, 2.349269540290390701, 1.583211799467650227 ) ) ;
#782 = ADVANCED_FACE ( 'NONE', ( #455 ), #2250, .T. ) ;
#783 = AXIS2_PLACEMENT_3D ( 'NONE', #135, #2365, #3037 ) ;
#784 = CARTESIAN_POINT ( 'NONE',  ( -8.618001082957942316, 4.549999724960382963, -0.9867153539310745680 ) ) ;
#785 = DIRECTION ( 'NONE',  ( 0.000000000000000000, -1.000000000000000000, 0.000000000000000000 ) ) ;
#786 = COORDINATED_UNIVERSAL_TIME_OFFSET ( 1, 0, .AHEAD. ) ;
#787 = ADVANCED_FACE ( 'NONE', ( #3336 ), #4880, .F. ) ;
#789 = ORIENTED_EDGE ( 'NONE', *, *, #7110, .T. ) ;
#788 = CARTESIAN_POINT ( 'NONE',  ( 13.63167036409815758, 8.544977051791642353, -2.475904744240216449 ) ) ;
#790 = EDGE_CURVE ( 'NONE', #3493, #5985, #4828, .T. ) ;
#791 =( BOUNDED_SURFACE ( )  B_SPLINE_SURFACE ( 3, 2, ( 
 ( #3000, #3485, #1851 ),
 ( #1884, #1953, #4705 ),
 ( #5248, #4737, #2395 ),
 ( #237, #6947, #2468 ),
 ( #6882, #713, #6272 ),
 ( #1308, #3518, #1916 ),
 ( #4122, #6337, #5454 ),
 ( #924, #3209, #6560 ) ),
 .UNSPECIFIED., .F., .F., .F. ) 
 B_SPLINE_SURFACE_WITH_KNOTS ( ( 4, 2, 2, 4 ),
 ( 3, 3 ),
 ( 4.712388980384689674, 5.105088062083414258, 5.497787143782137953, 6.283185307179586232 ),
 ( 0.000000000000000000, 1.000000000000000000 ),
 .UNSPECIFIED. ) 
 GEOMETRIC_REPRESENTATION_ITEM ( )  RATIONAL_B_SPLINE_SURFACE ( (
 ( 1.000000000000000000, 0.7071067811865475727, 1.000000000000000000),
 ( 1.000000000000000000, 0.6864243626167114698, 1.000000000000000000),
 ( 1.000000000000000000, 0.6647650105771987228, 1.000000000000000000),
 ( 1.000000000000000000, 0.6227587882504161954, 1.000000000000000000),
 ( 1.000000000000000000, 0.6024088386533841266, 1.000000000000000000),
 ( 1.000000000000000000, 0.5493131766845259500, 1.000000000000000000),
 ( 1.000000000000000000, 0.5251791499116833517, 1.000000000000000000),
 ( 1.000000000000000000, 0.5257311121191335923, 1.000000000000000000) ) ) 
 REPRESENTATION_ITEM ( '' )  SURFACE ( )  );
#792 = ORIENTED_EDGE ( 'NONE', *, *, #3450, .T. ) ;
#793 = PLANE ( 'NONE',  #5166 ) ;
#794 = EDGE_LOOP ( 'NONE', ( #3155, #5498, #753, #457 ) ) ;
#795 = ORIENTED_EDGE ( 'NONE', *, *, #3135, .T. ) ;
#796 = LINE ( 'NONE', #1927, #3699 ) ;
#797 = FACE_OUTER_BOUND ( 'NONE', #4265, .T. ) ;
#798 = CARTESIAN_POINT ( 'NONE',  ( 11.77074758354452477, 7.749269540290391056, 2.161771884796240162 ) ) ;
#799 = ORIENTED_EDGE ( 'NONE', *, *, #2446, .T. ) ;
#800 = DIRECTION ( 'NONE',  ( 1.000000000000000000, 0.000000000000000000, 0.000000000000000000 ) ) ;
#801 = VECTOR ( 'NONE', #1363, 1000.000000000000000 ) ;
#802 = ORIENTED_EDGE ( 'NONE', *, *, #5005, .F. ) ;
#803 = EDGE_LOOP ( 'NONE', ( #931, #28, #654, #5199, #6049, #4174, #3371, #4228, #2315 ) ) ;
#804 = CARTESIAN_POINT ( 'NONE',  ( 15.50323200852253969, 7.000002315391870233, -3.380930007840445395 ) ) ;
#806 = ORIENTED_EDGE ( 'NONE', *, *, #2393, .T. ) ;
#805 = CARTESIAN_POINT ( 'NONE',  ( 12.51408196731230227, 4.550002315391870056, 0.8014816683893866145 ) ) ;
#807 = CARTESIAN_POINT ( 'NONE',  ( -9.070513714758060786, 8.544974461360155260, -2.531690126838690880 ) ) ;
#808 = LINE ( 'NONE', #5235, #5876 ) ;
#809 = DIRECTION ( 'NONE',  ( 0.000000000000000000, 1.000000000000000000, 0.000000000000000000 ) ) ;
#810 = ORIENTED_EDGE ( 'NONE', *, *, #4272, .T. ) ;
#811 = EDGE_LOOP ( 'NONE', ( #6180, #4569, #4397 ) ) ;
#812 = APPROVAL ( #1124, 'UNSPECIFIED' ) ;
#813 = EDGE_CURVE ( 'NONE', #759, #2406, #6082, .T. ) ;
#814 = CARTESIAN_POINT ( 'NONE',  ( 14.65729122571193699, 7.349269540290390701, 4.033211835975495596 ) ) ;
#816 = EDGE_LOOP ( 'NONE', ( #3215, #1660, #1485, #2372 ) ) ;
#815 = DIRECTION ( 'NONE',  ( 0.000000000000000000, 0.000000000000000000, -1.000000000000000000 ) ) ;
#817 = CARTESIAN_POINT ( 'NONE',  ( 10.77211439563238393, 2.149269540290390523, 6.483211872483341409 ) ) ;
#818 = AXIS2_PLACEMENT_3D ( 'NONE', #1806, #2494, #5234 ) ;
#819 = CARTESIAN_POINT ( 'NONE',  ( 14.18509956065411259, 6.549169249772760715, 5.173183357797627835 ) ) ;
#820 = DIRECTION ( 'NONE',  ( 0.000000000000000000, 1.000000000000000000, 0.000000000000000000 ) ) ;
#821 = AXIS2_PLACEMENT_3D ( 'NONE', #2084, #7080, #7043 ) ;
#822 = VECTOR ( 'NONE', #7168, 1000.000000000000000 ) ;
#824 = EDGE_LOOP ( 'NONE', ( #4157, #500, #6959, #992 ) ) ;
#823 = CARTESIAN_POINT ( 'NONE',  ( 9.552012507030845256, 5.649269529859577865, 1.993769090798470645 ) ) ;
#825 = EDGE_CURVE ( 'NONE', #2885, #2522, #6110, .T. ) ;
#826 = VECTOR ( 'NONE', #1434, 1000.000000000000000 ) ;
#827 = VECTOR ( 'NONE', #4238, 1000.000000000000000 ) ;
#828 = ORIENTED_EDGE ( 'NONE', *, *, #2998, .F. ) ;
#829 = CARTESIAN_POINT ( 'NONE',  ( -9.052925334251154865, 8.749999714529577588, 0.06328467214595895340 ) ) ;
#830 = DIRECTION ( 'NONE',  ( 0.6286418201878021250, -0.7776949671374809858, -4.532004597387161181E-15 ) ) ;
#831 = ORIENTED_EDGE ( 'NONE', *, *, #3179, .T. ) ;
#832 = ORIENTED_EDGE ( 'NONE', *, *, #6249, .F. ) ;
#833 = CARTESIAN_POINT ( 'NONE',  ( 12.55729126743518975, 7.249269540290389280, 6.483211872483341409 ) ) ;
#834 = APPROVAL_PERSON_ORGANIZATION ( #3988, #5031, #6208 ) ;
#835 = CARTESIAN_POINT ( 'NONE',  ( 8.750400478450526265, 6.540474763509855904, 3.687316084859495469 ) ) ;
#836 = CIRCLE ( 'NONE', #5003, 1.260000010430811335 ) ;
#837 = EDGE_CURVE ( 'NONE', #618, #2428, #7034, .T. ) ;
#838 = DIRECTION ( 'NONE',  ( -0.4472135954999579277, 0.000000000000000000, 0.8944271909999158554 ) ) ;
#839 = SECURITY_CLASSIFICATION ( '', '', #596 ) ;
#840 = EDGE_LOOP ( 'NONE', ( #6164, #2763, #6432, #1997 ) ) ;
#841 = ORIENTED_EDGE ( 'NONE', *, *, #3199, .F. ) ;
#842 = CARTESIAN_POINT ( 'NONE',  ( 13.90214596339934161, 6.346439325194086045, 5.278011534570852703 ) ) ;
#843 = EDGE_CURVE ( 'NONE', #3842, #2298, #2787, .T. ) ;
#845 = EDGE_LOOP ( 'NONE', ( #1829, #2676, #106, #1375 ) ) ;
#844 = DIRECTION ( 'NONE',  ( 1.000000000000000000, 0.000000000000000000, 0.000000000000000000 ) ) ;
#846 = FACE_OUTER_BOUND ( 'NONE', #3769, .T. ) ;
#847 = LINE ( 'NONE', #6868, #3332 ) ;
#848 = CARTESIAN_POINT ( 'NONE',  ( 11.87214085549942411, 7.749269540290391056, 1.983211799467650360 ) ) ;
#849 = VECTOR ( 'NONE', #2203, 1000.000000000000000 ) ;
#850 = ORIENTED_EDGE ( 'NONE', *, *, #5273, .T. ) ;
#851 = DIRECTION ( 'NONE',  ( 0.000000000000000000, 0.000000000000000000, 1.000000000000000000 ) ) ;
#852 = TOROIDAL_SURFACE ( 'NONE', #6655, 2.850000036507845280, 0.4000000000000000222 ) ;
#854 = ORIENTED_EDGE ( 'NONE', *, *, #6434, .F. ) ;
#853 = FACE_OUTER_BOUND ( 'NONE', #4667, .T. ) ;
#855 = FACE_OUTER_BOUND ( 'NONE', #6236, .T. ) ;
#856 = CARTESIAN_POINT ( 'NONE',  ( 10.78167032759031230, 9.450002315391870411, -3.380930007840445395 ) ) ;
#857 = ORIENTED_EDGE ( 'NONE', *, *, #1519, .T. ) ;
#858 = FACE_OUTER_BOUND ( 'NONE', #3476, .T. ) ;
#859 = PERSON_AND_ORGANIZATION_ROLE ( 'classification_officer' ) ;
#861 = ORIENTED_EDGE ( 'NONE', *, *, #4082, .F. ) ;
#860 = CARTESIAN_POINT ( 'NONE',  ( 11.88970279241824457, 7.749269540290391056, 6.083211872483341054 ) ) ;
#862 = VECTOR ( 'NONE', #5444, 1000.000000000000000 ) ;
#863 = PRODUCT_DEFINITION ( 'UNKNOWN', '', #5710, #6945 ) ;
#864 = ORIENTED_EDGE ( 'NONE', *, *, #434, .F. ) ;
#865 = ADVANCED_FACE ( 'NONE', ( #4992 ), #5065, .T. ) ;
#866 = DIRECTION ( 'NONE',  ( -0.7071067811865470176, 8.659560562354926695E-17, 0.7071067811865480168 ) ) ;
#867 = APPLICATION_PROTOCOL_DEFINITION ( 'international standard', 'config_control_design', 1994, #2814 ) ;
#868 = ORIENTED_EDGE ( 'NONE', *, *, #6142, .F. ) ;
#869 = LINE ( 'NONE', #4269, #5790 ) ;
#870 = FACE_BOUND ( 'NONE', #888, .T. ) ;
#871 = EDGE_CURVE ( 'NONE', #4383, #6516, #1814, .T. ) ;
#872 = CARTESIAN_POINT ( 'NONE',  ( 14.36256986094652710, 3.549269550721202648, 2.172654528998454015 ) ) ;
#873 = VECTOR ( 'NONE', #1726, 1000.000000000000000 ) ;
#874 = LINE ( 'NONE', #3192, #6167 ) ;
#875 = EDGE_LOOP ( 'NONE', ( #6675, #4114, #511, #2669 ) ) ;
#876 = CARTESIAN_POINT ( 'NONE',  ( 9.731670311944093044, 9.450002315391870411, -1.280929976548006222 ) ) ;
#879 = ADVANCED_FACE ( 'NONE', ( #1082, #5974 ), #4451, .F. ) ;
#878 = VERTEX_POINT ( 'NONE', #24 ) ;
#877 = CARTESIAN_POINT ( 'NONE',  ( 13.85147097993667664, 6.331050397581195810, 2.799988276491562011 ) ) ;
#880 = LINE ( 'NONE', #2661, #1413 ) ;
#881 = DIRECTION ( 'NONE',  ( 0.000000000000000000, -1.000000000000000000, 0.000000000000000000 ) ) ;
#882 = CIRCLE ( 'NONE', #763, 0.2000000000000000944 ) ;
#883 = CARTESIAN_POINT ( 'NONE',  ( 9.107291137050037122, 6.349269529859585148, 3.330425426260044564 ) ) ;
#884 = EDGE_CURVE ( 'NONE', #5265, #3118, #6582, .T. ) ;
#885 = ORIENTED_EDGE ( 'NONE', *, *, #5223, .T. ) ;
#886 = DIRECTION ( 'NONE',  ( 0.000000000000000000, 0.000000000000000000, 1.000000000000000000 ) ) ;
#888 = EDGE_LOOP ( 'NONE', ( #7017, #1032 ) ) ;
#887 = DIRECTION ( 'NONE',  ( 1.000000000000000000, 0.000000000000000000, 0.000000000000000000 ) ) ;
#889 = LINE ( 'NONE', #4152, #2916 ) ;
#890 = CARTESIAN_POINT ( 'NONE',  ( 14.18368442274654306, 3.549269550721202648, 2.283211809898462175 ) ) ;
#891 = VECTOR ( 'NONE', #4711, 1000.000000000000000 ) ;
#892 = CARTESIAN_POINT ( 'NONE',  ( 14.33368442796194842, 2.499269545505796053, 1.583211799467650227 ) ) ;
#893 = VECTOR ( 'NONE', #3230, 1000.000000000000000 ) ;
#894 = CONTEXT_DEPENDENT_SHAPE_REPRESENTATION ( #2954, #5368 ) ;
#896 = ORIENTED_EDGE ( 'NONE', *, *, #306, .F. ) ;
#895 = CARTESIAN_POINT ( 'NONE',  ( 14.65729122571193699, 7.049269540290389990, 1.583211799467650227 ) ) ;
#897 = ORIENTED_EDGE ( 'NONE', *, *, #2121, .F. ) ;
#898 = CARTESIAN_POINT ( 'NONE',  ( 10.78167032759031230, 3.850002315391870322, -0.9309299713326002479 ) ) ;
#899 = VECTOR ( 'NONE', #2413, 1000.000000000000000 ) ;
#900 = EDGE_CURVE ( 'NONE', #5388, #147, #4954, .T. ) ;
#901 = PERSON_AND_ORGANIZATION_ROLE ( 'design_owner' ) ;
#902 = ORIENTED_EDGE ( 'NONE', *, *, #1869, .F. ) ;
#903 = VECTOR ( 'NONE', #5605, 1000.000000000000000 ) ;
#904 = LINE ( 'NONE', #1425, #6489 ) ;
#905 = CARTESIAN_POINT ( 'NONE',  ( 14.18509956065411259, 7.049269540290389990, 5.173183357797627835 ) ) ;
#906 = FACE_OUTER_BOUND ( 'NONE', #5361, .T. ) ;
#907 = CARTESIAN_POINT ( 'NONE',  ( -10.36800111946578973, 6.999999724960383141, -2.736715390438920092 ) ) ;
#908 = VERTEX_POINT ( 'NONE', #7175 ) ;
#909 = CARTESIAN_POINT ( 'NONE',  ( 12.51408196731230227, 9.450002315391870411, 1.519070065175245343 ) ) ;
#910 = CARTESIAN_POINT ( 'NONE',  ( 13.95963667166052957, 6.360647328911458231, 2.978520907571000631 ) ) ;
#911 = EDGE_CURVE ( 'NONE', #908, #3982, #3873, .T. ) ;
#912 = CARTESIAN_POINT ( 'NONE',  ( 14.65729122571193699, 2.149269540290390523, 6.283211872483342120 ) ) ;
#913 = CARTESIAN_POINT ( 'NONE',  ( 10.22391793754568745, 2.649269550721202293, 5.159748548525547207 ) ) ;
#914 = CARTESIAN_POINT ( 'NONE',  ( 9.757291152696254244, 2.449269550721202560, 4.033211835975495596 ) ) ;
#915 = EDGE_LOOP ( 'NONE', ( #4084, #3653, #5071, #2415, #4572, #3962, #6097 ) ) ;
#916 = ADVANCED_FACE ( 'NONE', ( #4489 ), #680, .F. ) ;
#917 = CYLINDRICAL_SURFACE ( 'NONE', #470, 0.3999999999999993006 ) ;
#919 = EDGE_LOOP ( 'NONE', ( #4249, #1192, #1076, #5308 ) ) ;
#918 = CARTESIAN_POINT ( 'NONE',  ( 9.880897950446234645, 7.049269540290389990, 1.783211799467650405 ) ) ;
#920 = DIRECTION ( 'NONE',  ( 0.000000000000000000, -1.000000000000000000, 0.000000000000000000 ) ) ;
#921 = CARTESIAN_POINT ( 'NONE',  ( 13.77509511353548177, 8.268778787575273626, -2.680929997409633891 ) ) ;
#922 = DIRECTION ( 'NONE',  ( 0.000000000000000000, -1.000000000000000000, 0.000000000000000000 ) ) ;
#923 = CIRCLE ( 'NONE', #3710, 0.1999999999999996503 ) ;
#924 = CARTESIAN_POINT ( 'NONE',  ( 9.730897945230825741, 3.549269550721203537, 2.283211809898462175 ) ) ;
#925 = DATE_AND_TIME ( #5653, #4878 ) ;
#927 = ORIENTED_EDGE ( 'NONE', *, *, #246, .F. ) ;
#926 = CYLINDRICAL_SURFACE ( 'NONE', #3121, 0.3999999999999993006 ) ;
#928 = ORIENTED_EDGE ( 'NONE', *, *, #3878, .T. ) ;
#929 = VECTOR ( 'NONE', #2219, 1000.000000000000000 ) ;
#930 = ADVANCED_FACE ( 'NONE', ( #4018 ), #2754, .T. ) ;
#931 = ORIENTED_EDGE ( 'NONE', *, *, #5720, .T. ) ;
#932 = LINE ( 'NONE', #1420, #891 ) ;
#933 = AXIS2_PLACEMENT_3D ( 'NONE', #5895, #920, #2670 ) ;
#934 = AXIS2_PLACEMENT_3D ( 'NONE', #814, #5786, #193 ) ;
#935 = AXIS2_PLACEMENT_3D ( 'NONE', #1010, #1128, #2717 ) ;
#936 = APPROVAL_ROLE ( '' ) ;
#937 = EDGE_LOOP ( 'NONE', ( #143, #831, #4537, #390, #6091, #2772, #1971, #1172, #3925, #6650 ) ) ;
#938 = ORIENTED_EDGE ( 'NONE', *, *, #2198, .T. ) ;
#939 = CARTESIAN_POINT ( 'NONE',  ( -9.257950587420571864, 8.544974461360155260, 0.5582594189765417436 ) ) ;
#940 = CARTESIAN_POINT ( 'NONE',  ( 15.31409523375367421, 3.850002315391870322, -0.9309299713326002479 ) ) ;
#941 = AXIS2_PLACEMENT_3D ( 'NONE', #5817, #5156, #2987 ) ;
#942 = CARTESIAN_POINT ( 'NONE',  ( 11.48970279241824421, 1.849269540290390479, 5.765623475697482903 ) ) ;
#943 = DIRECTION ( 'NONE',  ( 0.000000000000000000, 0.000000000000000000, -1.000000000000000000 ) ) ;
#944 = CIRCLE ( 'NONE', #6967, 0.3500000156462182987 ) ;
#945 = ORIENTED_EDGE ( 'NONE', *, *, #2546, .T. ) ;
#946 = CARTESIAN_POINT ( 'NONE',  ( 14.18368442270616647, 5.833043812188761557, 2.283211809898462175 ) ) ;
#947 = DIRECTION ( 'NONE',  ( 1.000000000000000000, 0.000000000000000000, 0.000000000000000000 ) ) ;
#948 = FACE_OUTER_BOUND ( 'NONE', #1165, .T. ) ;
#949 = FACE_BOUND ( 'NONE', #2128, .T. ) ;
#950 = ADVANCED_FACE ( 'NONE', ( #6777 ), #5295, .T. ) ;
#951 = APPROVAL_PERSON_ORGANIZATION ( #3117, #4675, #936 ) ;
#952 = AXIS2_PLACEMENT_3D ( 'NONE', #3858, #2729, #2770 ) ;
#953 = ORIENTED_EDGE ( 'NONE', *, *, #6256, .F. ) ;
#954 = EDGE_CURVE ( 'NONE', #2000, #3115, #1238, .T. ) ;
#955 = DIRECTION ( 'NONE',  ( 0.000000000000000000, 0.000000000000000000, 1.000000000000000000 ) ) ;
#956 = LOCAL_TIME ( 18, 13, 43.00000000000000000, #19 ) ;
#958 = ORIENTED_EDGE ( 'NONE', *, *, #4597, .F. ) ;
#957 = FACE_OUTER_BOUND ( 'NONE', #824, .T. ) ;
#959 = AXIS2_PLACEMENT_3D ( 'NONE', #856, #3455, #922 ) ;
#960 = CARTESIAN_POINT ( 'NONE',  ( 10.40869384404794218, 6.349269529859578931, 5.083211862052529284 ) ) ;
#961 = CARTESIAN_POINT ( 'NONE',  ( 8.714457122552477841, 6.880459505081116589, 3.668879859755207029 ) ) ;
#962 = LINE ( 'NONE', #2672, #849 ) ;
#963 = VECTOR ( 'NONE', #5057, 1000.000000000000000 ) ;
#964 = ORIENTED_EDGE ( 'NONE', *, *, #6601, .T. ) ;
#965 = LINE ( 'NONE', #2673, #132 ) ;
#966 = CALENDAR_DATE ( 2024, 29, 4 ) ;
#967 = PRODUCT_DEFINITION_SHAPE ( 'NONE', 'NONE',  #493 ) ;
#969 = ORIENTED_EDGE ( 'NONE', *, *, #2934, .F. ) ;
#968 = CARTESIAN_POINT ( 'NONE',  ( 14.28971605885961615, 1.849269540290390479, 6.083211872483341054 ) ) ;
#970 = EDGE_CURVE ( 'NONE', #1614, #2842, #4029, .T. ) ;
#971 = CIRCLE ( 'NONE', #2374, 0.2000000000000002331 ) ;
#972 = VERTEX_POINT ( 'NONE', #2935 ) ;
#973 = EDGE_CURVE ( 'NONE', #1223, #4372, #6742, .T. ) ;
#974 = DIRECTION ( 'NONE',  ( 0.000000000000000000, -1.000000000000000000, 0.000000000000000000 ) ) ;
#975 = CIRCLE ( 'NONE', #6995, 0.3500000156462182987 ) ;
#976 = CALENDAR_DATE ( 2024, 29, 4 ) ;
#977 = ORIENTED_EDGE ( 'NONE', *, *, #6692, .F. ) ;
#978 = VECTOR ( 'NONE', #3201, 1000.000000000000000 ) ;
#979 = DIRECTION ( 'NONE',  ( 0.000000000000000000, 0.000000000000000000, -1.000000000000000000 ) ) ;
#980 = FACE_OUTER_BOUND ( 'NONE', #2212, .T. ) ;
#981 = CARTESIAN_POINT ( 'NONE',  ( 10.10729116834247243, 1.449269540290390568, 4.033211835975495596 ) ) ;
#982 = CARTESIAN_POINT ( 'NONE',  ( 11.18348793756120507, 8.750002304961064681, 0.03914355225947121347 ) ) ;
#983 = ORIENTED_EDGE ( 'NONE', *, *, #6572, .T. ) ;
#984 =( BOUNDED_CURVE ( )  B_SPLINE_CURVE ( 3, ( #2217, #3379, #5070, #6086 ),
 .UNSPECIFIED., .F., .F. ) 
 B_SPLINE_CURVE_WITH_KNOTS ( ( 4, 4 ),
 ( 0.7853981633974506105, 1.570796326794897224 ),
 .UNSPECIFIED. ) 
 CURVE ( )  GEOMETRIC_REPRESENTATION_ITEM ( )  RATIONAL_B_SPLINE_CURVE ( ( 1.000000000000000000, 0.9492530216741912330, 0.9492530216741912330, 1.000000000000000000 ) ) 
 REPRESENTATION_ITEM ( '' )  );
#985 = CARTESIAN_POINT ( 'NONE',  ( 13.23167036409815722, 5.950002325822681293, 0.1190700547444332319 ) ) ;
#986 = CARTESIAN_POINT ( 'NONE',  ( 10.24636725906240287, 7.027926842542870034, 4.963095279264580384 ) ) ;
#987 = CARTESIAN_POINT ( 'NONE',  ( 10.40869384404794395, 2.849269550721202915, 5.083211862052529284 ) ) ;
#988 = EDGE_LOOP ( 'NONE', ( #4394, #1169 ) ) ;
#989 = DIRECTION ( 'NONE',  ( 0.000000000000000000, 0.000000000000000000, 1.000000000000000000 ) ) ;
#990 = EDGE_CURVE ( 'NONE', #7069, #1873, #5529, .T. ) ;
#992 = ORIENTED_EDGE ( 'NONE', *, *, #2268, .F. ) ;
#991 = CARTESIAN_POINT ( 'NONE',  ( 14.65729122571193699, 1.949269540290390568, 1.583211799467650227 ) ) ;
#993 = AXIS2_PLACEMENT_3D ( 'NONE', #7179, #6395, #4139 ) ;
#994 = CARTESIAN_POINT ( 'NONE',  ( 10.59671014364792896, 5.885550749170180396, 6.059748548444567007 ) ) ;
#995 = CARTESIAN_POINT ( 'NONE',  ( 14.13740173328558747, 3.187324762342996998, 2.355207104615499869 ) ) ;
#996 = DIRECTION ( 'NONE',  ( -2.774754023183460056E-16, 0.000000000000000000, -1.000000000000000000 ) ) ;
#997 = CARTESIAN_POINT ( 'NONE',  ( 9.552012507030843480, 3.022061756856987635, 1.993769090798470422 ) ) ;
#998 = APPROVAL_DATE_TIME ( #3245, #3306 ) ;
#1000 = ORIENTED_EDGE ( 'NONE', *, *, #5582, .F. ) ;
#999 = CARTESIAN_POINT ( 'NONE',  ( 8.728405698850052019, 2.449269550721202116, 3.640982707160053344 ) ) ;
#1001 = EDGE_CURVE ( 'NONE', #4298, #1893, #746, .T. ) ;
#1002 = AXIS2_PLACEMENT_3D ( 'NONE', #5146, #5112, #6752 ) ;
#1003 = ORIENTED_EDGE ( 'NONE', *, *, #3746, .F. ) ;
#1004 = VECTOR ( 'NONE', #4102, 1000.000000000000000 ) ;
#1005 = DIRECTION ( 'NONE',  ( 0.7071067811865470176, -0.7071067811865480168, 0.000000000000000000 ) ) ;
#1006 = EDGE_CURVE ( 'NONE', #1038, #5143, #1724, .T. ) ;
#1007 = PERSON_AND_ORGANIZATION ( #6958, #2931 ) ;
#1008 = ORIENTED_EDGE ( 'NONE', *, *, #2308, .F. ) ;
#1009 = ORIENTED_EDGE ( 'NONE', *, *, #6598, .F. ) ;
#1010 = CARTESIAN_POINT ( 'NONE',  ( 10.78148605018373019, 3.549269550721202648, 5.983211862052528751 ) ) ;
#1011 = AXIS2_PLACEMENT_3D ( 'NONE', #1982, #3035, #6446 ) ;
#1012 = EDGE_CURVE ( 'NONE', #2514, #6356, #5140, .T. ) ;
#1013 = PLANE ( 'NONE',  #780 ) ;
#1014 = ORIENTED_EDGE ( 'NONE', *, *, #3578, .T. ) ;
#1015 = AXIS2_PLACEMENT_3D ( 'NONE', #235, #2965, #3946 ) ;
#1016 = EDGE_LOOP ( 'NONE', ( #3552, #1931, #3597, #3262 ) ) ;
#1017 = DIRECTION ( 'NONE',  ( -0.4472135954999570950, -1.939479807224436437E-15, 0.8944271909999162995 ) ) ;
#1018 = ADVANCED_FACE ( 'NONE', ( #4599 ), #5688, .T. ) ;
#1019 = CARTESIAN_POINT ( 'NONE',  ( 10.33652811850152098, 7.049269540290389990, 4.908988388699857985 ) ) ;
#1020 = DIRECTION ( 'NONE',  ( 2.774754023183460056E-16, 0.000000000000000000, 1.000000000000000000 ) ) ;
#1021 = CARTESIAN_POINT ( 'NONE',  ( 14.03588396621538337, 6.215748748577711424, 5.533421669609011495 ) ) ;
#1022 = ORIENTED_EDGE ( 'NONE', *, *, #6951, .T. ) ;
#1023 =( BOUNDED_SURFACE ( )  B_SPLINE_SURFACE ( 3, 2, ( 
 ( #1621, #1733, #3326 ),
 ( #3442, #3867, #6076 ),
 ( #1233, #7130, #90 ),
 ( #557, #5025, #3940 ),
 ( #6702, #6116, #3287 ),
 ( #53, #3828, #5058 ) ),
 .UNSPECIFIED., .F., .F., .F. ) 
 B_SPLINE_SURFACE_WITH_KNOTS ( ( 4, 2, 4 ),
 ( 3, 3 ),
 ( 3.141592653589793116, 3.926990816987241395, 4.712388980384689674 ),
 ( 0.000000000000000000, 1.000000000000000000 ),
 .UNSPECIFIED. ) 
 GEOMETRIC_REPRESENTATION_ITEM ( )  RATIONAL_B_SPLINE_SURFACE ( (
 ( 1.000000000000000000, 0.5555702330196073957, 1.000000000000000000),
 ( 1.000000000000000000, 0.5551370482990510835, 1.000000000000000000),
 ( 1.000000000000000000, 0.5745779704673847910, 1.000000000000000000),
 ( 1.000000000000000000, 0.6332315757168636150, 1.000000000000000000),
 ( 1.000000000000000000, 0.6718098167796370257, 1.000000000000000000),
 ( 1.000000000000000000, 0.7071067811865475727, 1.000000000000000000) ) ) 
 REPRESENTATION_ITEM ( '' )  SURFACE ( )  );
#1024 = CARTESIAN_POINT ( 'NONE',  ( 10.32915769579019916, 5.455027578992097226, -2.475904744240216449 ) ) ;
#1026 = ORIENTED_EDGE ( 'NONE', *, *, #1790, .F. ) ;
#1025 = CARTESIAN_POINT ( 'NONE',  ( -10.36800111946578973, 9.049999714529571193, 0.06328467214595895340 ) ) ;
#1027 = CARTESIAN_POINT ( 'NONE',  ( 10.41851050871742324, 6.452273711535482903, 5.629536572985405662 ) ) ;
#1028 = CARTESIAN_POINT ( 'NONE',  ( 14.18368442274654129, 3.361136779275918585, 2.283211809898461286 ) ) ;
#1029 = PLANE ( 'NONE',  #729 ) ;
#1030 = CC_DESIGN_PERSON_AND_ORGANIZATION_ASSIGNMENT ( #7068, #5837, ( #718 ) ) ;
#1031 = ADVANCED_FACE ( 'NONE', ( #2863 ), #6809, .T. ) ;
#1032 = ORIENTED_EDGE ( 'NONE', *, *, #3901, .T. ) ;
#1033 = CARTESIAN_POINT ( 'NONE',  ( -10.36800111946578973, 9.049999714529576522, -2.036715380008108145 ) ) ;
#1034 = AXIS2_PLACEMENT_3D ( 'NONE', #3687, #3761, #6004 ) ;
#1036 = EDGE_LOOP ( 'NONE', ( #3952, #2102, #4462, #1373, #3739, #2489, #419 ) ) ;
#1035 = CYLINDRICAL_SURFACE ( 'NONE', #2782, 0.3999999999999993006 ) ;
#1037 = VECTOR ( 'NONE', #6146, 1000.000000000000000 ) ;
#1038 = VERTEX_POINT ( 'NONE', #6166 ) ;
#1039 = CARTESIAN_POINT ( 'NONE',  ( 9.280897945230828228, 2.849269550721202915, 2.983211809898461908 ) ) ;
#1040 = DATE_AND_TIME ( #607, #3403 ) ;
#1041 = EDGE_CURVE ( 'NONE', #52, #534, #3471, .T. ) ;
#1043 = ORIENTED_EDGE ( 'NONE', *, *, #6191, .T. ) ;
#1042 = CARTESIAN_POINT ( 'NONE',  ( 10.78167032759031230, 5.250002325822681115, -0.9309299713326002479 ) ) ;
#1044 = ORIENTED_EDGE ( 'NONE', *, *, #3654, .T. ) ;
#1045 = CARTESIAN_POINT ( 'NONE',  ( 8.707291137050036767, 2.149269540290390523, 4.033211835975495596 ) ) ;
#1046 = DIRECTION ( 'NONE',  ( 0.000000000000000000, -1.000000000000000000, 0.000000000000000000 ) ) ;
#1047 = AXIS2_PLACEMENT_3D ( 'NONE', #6032, #3681, #2637 ) ;
#1048 = VECTOR ( 'NONE', #6088, 1000.000000000000000 ) ;
#1049 = ORIENTED_EDGE ( 'NONE', *, *, #6322, .F. ) ;
#1050 = CARTESIAN_POINT ( 'NONE',  ( 14.18368442274654306, 6.349269529859585148, 2.083211809898462441 ) ) ;
#1051 = CARTESIAN_POINT ( 'NONE',  ( 8.707291137050036767, 2.149269540290390079, 3.730425426260042698 ) ) ;
#1052 = ORIENTED_EDGE ( 'NONE', *, *, #6983, .T. ) ;
#1053 = EDGE_LOOP ( 'NONE', ( #6416, #4720, #5007, #1326 ) ) ;
#1054 = CARTESIAN_POINT ( 'NONE',  ( 14.18616116339838307, 2.850496488842384935, 5.170620422054569509 ) ) ;
#1055 = VECTOR ( 'NONE', #4390, 1000.000000000000000 ) ;
#1056 = VECTOR ( 'NONE', #4831, 1000.000000000000000 ) ;
#1057 = DIRECTION ( 'NONE',  ( 0.000000000000000000, -1.000000000000000000, 0.000000000000000000 ) ) ;
#1058 = DIRECTION ( 'NONE',  ( -0.4472135954999579277, 0.000000000000000000, 0.8944271909999158554 ) ) ;
#1059 = AXIS2_PLACEMENT_3D ( 'NONE', #1796, #6351, #5665 ) ;
#1060 = ADVANCED_FACE ( 'NONE', ( #5167 ), #1141, .T. ) ;
#1061 = DIRECTION ( 'NONE',  ( -0.000000000000000000, 1.000000000000000000, 0.000000000000000000 ) ) ;
#1062 = ORIENTED_EDGE ( 'NONE', *, *, #1714, .F. ) ;
#1063 = AXIS2_PLACEMENT_3D ( 'NONE', #2722, #4385, #7148 ) ;
#1064 = ADVANCED_FACE ( 'NONE', ( #3544 ), #7039, .F. ) ;
#1065 = CARTESIAN_POINT ( 'NONE',  ( 10.44229455595304046, 2.649269550721203181, 5.686956342389761332 ) ) ;
#1067 = ORIENTED_EDGE ( 'NONE', *, *, #5302, .F. ) ;
#1066 = CARTESIAN_POINT ( 'NONE',  ( 10.59671014368147191, 3.549269550721202648, 6.059748548525545786 ) ) ;
#1068 = CARTESIAN_POINT ( 'NONE',  ( -11.94300120552000877, 6.999999761468229664, -3.436715390438920270 ) ) ;
#1069 = LINE ( 'NONE', #1583, #3567 ) ;
#1070 = LOCAL_TIME ( 18, 13, 43.00000000000000000, #2651 ) ;
#1071 = DIRECTION ( 'NONE',  ( -0.3826834323650898928, 0.000000000000000000, 0.9238795325112867385 ) ) ;
#1072 =( BOUNDED_CURVE ( )  B_SPLINE_CURVE ( 3, ( #4074, #6828, #766, #1871 ),
 .UNSPECIFIED., .F., .F. ) 
 B_SPLINE_CURVE_WITH_KNOTS ( ( 4, 4 ),
 ( 0.000000000000000000, 0.7853981633974489451 ),
 .UNSPECIFIED. ) 
 CURVE ( )  GEOMETRIC_REPRESENTATION_ITEM ( )  RATIONAL_B_SPLINE_CURVE ( ( 1.000000000000000000, 0.9492530216741910110, 0.9492530216741910110, 1.000000000000000000 ) ) 
 REPRESENTATION_ITEM ( '' )  );
#1073 = CC_DESIGN_SECURITY_CLASSIFICATION ( #1892, ( #7189 ) ) ;
#1074 = ORIENTED_EDGE ( 'NONE', *, *, #2699, .F. ) ;
#1076 = ORIENTED_EDGE ( 'NONE', *, *, #3100, .F. ) ;
#1075 = FACE_OUTER_BOUND ( 'NONE', #3924, .T. ) ;
#1077 = CONTEXT_DEPENDENT_SHAPE_REPRESENTATION ( #207, #4261 ) ;
#1079 = ORIENTED_EDGE ( 'NONE', *, *, #5211, .F. ) ;
#1078 = CARTESIAN_POINT ( 'NONE',  ( 9.107291137050037122, 2.849269550721202915, 3.330425426260045008 ) ) ;
#1080 = VECTOR ( 'NONE', #3788, 1000.000000000000000 ) ;
#1081 = VERTEX_POINT ( 'NONE', #1742 ) ;
#1082 = FACE_BOUND ( 'NONE', #3218, .T. ) ;
#1083 = CARTESIAN_POINT ( 'NONE',  ( 11.48970279241824421, 2.149269540290390523, 5.765623475697482903 ) ) ;
#1084 = PERSON_AND_ORGANIZATION ( #6958, #2931 ) ;
#1086 = ORIENTED_EDGE ( 'NONE', *, *, #1644, .F. ) ;
#1085 = FACE_OUTER_BOUND ( 'NONE', #5865, .T. ) ;
#1087 = VERTEX_POINT ( 'NONE', #96 ) ;
#1088 = AXIS2_PLACEMENT_3D ( 'NONE', #2195, #3355, #76 ) ;
#1089 = EDGE_CURVE ( 'NONE', #486, #1711, #5307, .T. ) ;
#1090 = CARTESIAN_POINT ( 'NONE',  ( 11.83167034323652977, 4.550002315391870056, -0.9309299713326002479 ) ) ;
#1091 = CARTESIAN_POINT ( 'NONE',  ( 10.80729116834247172, 7.049269540290389990, 4.033211835975495596 ) ) ;
#1092 = ADVANCED_FACE ( 'NONE', ( #1380 ), #6881, .F. ) ;
#1093 = EDGE_LOOP ( 'NONE', ( #2702, #2827, #3703, #128 ) ) ;
#1094 = AXIS2_PLACEMENT_3D ( 'NONE', #203, #6307, #4019 ) ;
#1095 = DIRECTION ( 'NONE',  ( -0.4472135954999579277, 0.000000000000000000, 0.8944271909999158554 ) ) ;
#1096 = CIRCLE ( 'NONE', #2025, 0.7000000000000000666 ) ;
#1097 = APPLICATION_CONTEXT ( 'configuration controlled 3d designs of mechanical parts and assemblies' ) ;
#1098 = LINE ( 'NONE', #1051, #3845 ) ;
#1099 = ORIENTED_EDGE ( 'NONE', *, *, #5051, .T. ) ;
#1100 = CARTESIAN_POINT ( 'NONE',  ( 14.08817816373862541, 2.652863105574862157, 5.407172308715143316 ) ) ;
#1101 = CARTESIAN_POINT ( 'NONE',  ( 9.312424501037860125, 6.145571933522668395, 2.472945102784255056 ) ) ;
#1102 = FACE_OUTER_BOUND ( 'NONE', #4437, .T. ) ;
#1103 = PLANE ( 'NONE',  #2944 ) ;
#1104 = EDGE_CURVE ( 'NONE', #6821, #3043, #4248, .T. ) ;
#1105 = VERTEX_POINT ( 'NONE', #3575 ) ;
#1106 = EDGE_CURVE ( 'NONE', #1614, #5253, #1069, .T. ) ;
#1107 = CARTESIAN_POINT ( 'NONE',  ( -10.36800111946578973, 5.949999735391195976, 1.063284672145959009 ) ) ;
#1109 = ORIENTED_EDGE ( 'NONE', *, *, #6930, .F. ) ;
#1108 = CARTESIAN_POINT ( 'NONE',  ( 14.51256986616195555, 2.499269545505796053, 1.872654518567653303 ) ) ;
#1110 = CARTESIAN_POINT ( 'NONE',  ( 13.60729121006570885, 2.149269540290390523, 3.683211830760089178 ) ) ;
#1111 = DIRECTION ( 'NONE',  ( 1.000000000000000000, 0.000000000000000000, 0.000000000000000000 ) ) ;
#1112 = CYLINDRICAL_SURFACE ( 'NONE', #2826, 0.7000000000000003997 ) ;
#1113 = ADVANCED_FACE ( 'NONE', ( #4803 ), #2704, .F. ) ;
#1114 = VECTOR ( 'NONE', #2886, 1000.000000000000000 ) ;
#1115 = ORIENTED_EDGE ( 'NONE', *, *, #1132, .T. ) ;
#1117 = VERTEX_POINT ( 'NONE', #2734 ) ;
#1116 = CYLINDRICAL_SURFACE ( 'NONE', #6506, 0.2000000000000000944 ) ;
#1118 = APPROVAL_ROLE ( '' ) ;
#1120 = ORIENTED_EDGE ( 'NONE', *, *, #4740, .T. ) ;
#1119 = CARTESIAN_POINT ( 'NONE',  ( -10.06800111946578902, 8.049999714529571193, 0.06328467214595895340 ) ) ;
#1121 = ORIENTED_EDGE ( 'NONE', *, *, #2623, .F. ) ;
#1122 = DIRECTION ( 'NONE',  ( 1.000000000000000000, 0.000000000000000000, 0.000000000000000000 ) ) ;
#1123 = DIRECTION ( 'NONE',  ( -1.000000000000000000, 0.000000000000000000, 0.000000000000000000 ) ) ;
#1124 = APPROVAL_STATUS ( 'not_yet_approved' ) ;
#1126 = ORIENTED_EDGE ( 'NONE', *, *, #6744, .F. ) ;
#1125 = CARTESIAN_POINT ( 'NONE',  ( 14.65729122571193699, 1.849269540290390479, 4.033211835975495596 ) ) ;
#1127 = ORIENTED_EDGE ( 'NONE', *, *, #1738, .F. ) ;
#1128 = DIRECTION ( 'NONE',  ( 0.000000000000000000, 1.000000000000000000, 0.000000000000000000 ) ) ;
#1129 = CARTESIAN_POINT ( 'NONE',  ( 13.91256986094652781, 6.549269529859578221, 3.072654528998452594 ) ) ;
#1130 = VECTOR ( 'NONE', #5398, 1000.000000000000227 ) ;
#1131 = VERTEX_POINT ( 'NONE', #2165 ) ;
#1132 = EDGE_CURVE ( 'NONE', #212, #5914, #7055, .T. ) ;
#1133 = CARTESIAN_POINT ( 'NONE',  ( 13.74228463742814021, 6.144244276690161932, 5.578186608883112463 ) ) ;
#1134 = VECTOR ( 'NONE', #1005, 1000.000000000000000 ) ;
#1135 = CARTESIAN_POINT ( 'NONE',  ( 13.63167036409815758, 9.050002304961065391, 0.1190700547444332319 ) ) ;
#1136 = VERTEX_POINT ( 'NONE', #2671 ) ;
#1137 = CARTESIAN_POINT ( 'NONE',  ( 9.731670311944093044, 4.550002315391870056, -1.280929976548006222 ) ) ;
#1138 = DIRECTION ( 'NONE',  ( 1.000000000000000000, 0.000000000000000000, 0.000000000000000000 ) ) ;
#1139 = CARTESIAN_POINT ( 'NONE',  ( 11.53694603654388295, 7.564604600856919880, 5.785341423253172799 ) ) ;
#1140 = CARTESIAN_POINT ( 'NONE',  ( 9.757291152696254244, 1.849269540290390479, 4.033211835975495596 ) ) ;
#1141 = TOROIDAL_SURFACE ( 'NONE', #2648, 1.000000000000000000, 0.2999999999999999889 ) ;
#1142 = LINE ( 'NONE', #2231, #4354 ) ;
#1143 = DIRECTION ( 'NONE',  ( 1.000000000000000000, 0.000000000000000000, 0.000000000000000000 ) ) ;
#1144 = EDGE_CURVE ( 'NONE', #5241, #4974, #1379, .T. ) ;
#1146 = ORIENTED_EDGE ( 'NONE', *, *, #5911, .T. ) ;
#1145 = LINE ( 'NONE', #548, #2095 ) ;
#1147 = AXIS2_PLACEMENT_3D ( 'NONE', #3600, #1333, #161 ) ;
#1148 = DIRECTION ( 'NONE',  ( 1.000000000000000000, 0.000000000000000000, 0.000000000000000000 ) ) ;
#1149 = DIRECTION ( 'NONE',  ( 0.000000000000000000, -0.7071067811865477948, -0.7071067811865471286 ) ) ;
#1150 = FACE_OUTER_BOUND ( 'NONE', #4336, .T. ) ;
#1151 = EDGE_CURVE ( 'NONE', #2186, #1907, #4869, .T. ) ;
#1152 = EDGE_LOOP ( 'NONE', ( #4359, #1571, #2832, #3133 ) ) ;
#1154 = EDGE_LOOP ( 'NONE', ( #1920, #1980, #3658, #6874 ) ) ;
#1153 = CARTESIAN_POINT ( 'NONE',  ( 14.65729122571193699, 1.949269540290390568, 1.783211799467650405 ) ) ;
#1156 = ORIENTED_EDGE ( 'NONE', *, *, #4932, .F. ) ;
#1155 = DIRECTION ( 'NONE',  ( 0.000000000000000000, 0.000000000000000000, 1.000000000000000000 ) ) ;
#1157 = EDGE_CURVE ( 'NONE', #5494, #4674, #5658, .T. ) ;
#1158 = ORIENTED_EDGE ( 'NONE', *, *, #2397, .T. ) ;
#1159 = VECTOR ( 'NONE', #4948, 1000.000000000000000 ) ;
#1160 = CARTESIAN_POINT ( 'NONE',  ( 12.51408196731230227, 4.550002315391870056, 0.8014816683893866145 ) ) ;
#1161 = CARTESIAN_POINT ( 'NONE',  ( 14.10543846428575065, 7.049269540290389990, 4.926497099798508472 ) ) ;
#1162 = ADVANCED_FACE ( 'NONE', ( #4326 ), #6445, .T. ) ;
#1163 = PERSON_AND_ORGANIZATION ( #6958, #2931 ) ;
#1165 = EDGE_LOOP ( 'NONE', ( #3293, #5421, #2580, #1456 ) ) ;
#1164 = CARTESIAN_POINT ( 'NONE',  ( 13.40729121006570779, 2.849269550721202915, 3.635998235260131217 ) ) ;
#1166 = CARTESIAN_POINT ( 'NONE',  ( 8.707291137050036767, 2.154051960209093952, 4.033211835975495596 ) ) ;
#1167 = VECTOR ( 'NONE', #1766, 1000.000000000000000 ) ;
#1168 = CARTESIAN_POINT ( 'NONE',  ( 14.17617375787862954, 6.549269529859577332, 2.545446735134238914 ) ) ;
#1169 = ORIENTED_EDGE ( 'NONE', *, *, #6990, .F. ) ;
#1170 = DIRECTION ( 'NONE',  ( 0.000000000000000000, 0.000000000000000000, 1.000000000000000000 ) ) ;
#1171 = CARTESIAN_POINT ( 'NONE',  ( -10.06800111946578902, 8.049999714529571193, -2.736715380008108323 ) ) ;
#1172 = ORIENTED_EDGE ( 'NONE', *, *, #6676, .T. ) ;
#1173 = VERTEX_POINT ( 'NONE', #3787 ) ;
#1174 = CARTESIAN_POINT ( 'NONE',  ( 12.70667035627506358, 4.550002315391870056, -0.9309299713326002479 ) ) ;
#1175 = CARTESIAN_POINT ( 'NONE',  ( 8.707291137050036767, 2.149269540290390523, 4.033211835975495596 ) ) ;
#1176 = EDGE_CURVE ( 'NONE', #5704, #4323, #3569, .T. ) ;
#1177 = VECTOR ( 'NONE', #5446, 1000.000000000000000 ) ;
#1178 = CARTESIAN_POINT ( 'NONE',  ( 10.13860081933534651, 6.549269529859585326, 4.953774804639559548 ) ) ;
#1179 = EDGE_LOOP ( 'NONE', ( #7135, #1361, #5334, #5164, #6511, #964 ) ) ;
#1180 = AXIS2_PLACEMENT_3D ( 'NONE', #1647, #1720, #6099 ) ;
#1181 = AXIS2_PLACEMENT_3D ( 'NONE', #3979, #519, #2738 ) ;
#1182 = LINE ( 'NONE', #4471, #873 ) ;
#1183 = AXIS2_PLACEMENT_3D ( 'NONE', #4314, #6542, #1572 ) ;
#1185 = ORIENTED_EDGE ( 'NONE', *, *, #5620, .T. ) ;
#1184 = DIRECTION ( 'NONE',  ( -0.5425863826308434668, 0.000000000000000000, 0.8400000103473663771 ) ) ;
#1186 = CYLINDRICAL_SURFACE ( 'NONE', #460, 1.050000015646217477 ) ;
#1187 = DIRECTION ( 'NONE',  ( 0.000000000000000000, -1.000000000000000000, 0.000000000000000000 ) ) ;
#1188 = CC_DESIGN_DATE_AND_TIME_ASSIGNMENT ( #4706, #3146, ( #5013 ) ) ;
#1189 = CARTESIAN_POINT ( 'NONE',  ( -10.36800111946578973, 5.949999735391195976, 1.063284672145958787 ) ) ;
#1190 = EDGE_CURVE ( 'NONE', #4185, #2302, #7019, .T. ) ;
#1191 = EDGE_CURVE ( 'NONE', #1117, #1347, #2551, .T. ) ;
#1192 = ORIENTED_EDGE ( 'NONE', *, *, #5582, .T. ) ;
#1194 = ORIENTED_EDGE ( 'NONE', *, *, #6142, .T. ) ;
#1193 = DIRECTION ( 'NONE',  ( 0.000000000000000000, 0.000000000000000000, 1.000000000000000000 ) ) ;
#1195 = B_SPLINE_CURVE_WITH_KNOTS ( 'NONE', 3,
 ( #1321, #3528, #5738, #2977 ),
 .UNSPECIFIED., .F., .F.,
 ( 4, 4 ),
 ( 0.0002012261141979652804, 0.0002248536215480128025 ),
 .UNSPECIFIED. ) ;
#1196 = AXIS2_PLACEMENT_3D ( 'NONE', #6282, #1317, #3525 ) ;
#1198 = ORIENTED_EDGE ( 'NONE', *, *, #5741, .T. ) ;
#1197 = CARTESIAN_POINT ( 'NONE',  ( 11.47214085549942553, 7.049269540290389990, 2.283414511802114522 ) ) ;
#1199 = AXIS2_PLACEMENT_3D ( 'NONE', #2452, #700, #5232 ) ;
#1200 = APPROVAL_PERSON_ORGANIZATION ( #1630, #6404, #6046 ) ;
#1201 = ORIENTED_EDGE ( 'NONE', *, *, #5362, .F. ) ;
#1202 = DIRECTION ( 'NONE',  ( 1.000000000000000000, 0.000000000000000000, 0.000000000000000000 ) ) ;
#1203 = LINE ( 'NONE', #5068, #7109 ) ;
#1204 = COORDINATED_UNIVERSAL_TIME_OFFSET ( 1, 0, .AHEAD. ) ;
#1205 = EDGE_CURVE ( 'NONE', #4230, #2225, #3749, .T. ) ;
#1207 = ORIENTED_EDGE ( 'NONE', *, *, #1384, .F. ) ;
#1206 = DIRECTION ( 'NONE',  ( 0.000000000000000000, -1.000000000000000000, 0.000000000000000000 ) ) ;
#1208 = PLANE ( 'NONE',  #5353 ) ;
#1209 = APPROVAL_PERSON_ORGANIZATION ( #6948, #4362, #2064 ) ;
#1210 = PLANE ( 'NONE',  #5175 ) ;
#1211 = VECTOR ( 'NONE', #1731, 1000.000000000000000 ) ;
#1212 = EDGE_CURVE ( 'NONE', #3114, #4178, #2189, .T. ) ;
#1213 = ORIENTED_EDGE ( 'NONE', *, *, #2706, .F. ) ;
#1214 = CARTESIAN_POINT ( 'NONE',  ( -11.06800111946578902, 8.049999714529571193, 0.7632846721459588535 ) ) ;
#1215 = CARTESIAN_POINT ( 'NONE',  ( -11.06800111946578902, 8.544974461360155260, -2.531690126838690880 ) ) ;
#1216 = ORIENTED_EDGE ( 'NONE', *, *, #790, .T. ) ;
#1217 = ORIENTED_EDGE ( 'NONE', *, *, #6598, .T. ) ;
#1218 = FACE_OUTER_BOUND ( 'NONE', #2571, .T. ) ;
#1219 = EDGE_CURVE ( 'NONE', #1385, #3827, #2277, .T. ) ;
#1220 = CARTESIAN_POINT ( 'NONE',  ( -11.94300120552000877, 6.999999761468229664, -2.736715380008108323 ) ) ;
#1221 = DIRECTION ( 'NONE',  ( 0.3826834323650898928, -0.000000000000000000, 0.9238795325112867385 ) ) ;
#1222 = CARTESIAN_POINT ( 'NONE',  ( 10.16938153938365197, 6.349269529859586036, 4.610578322021172681 ) ) ;
#1223 = VERTEX_POINT ( 'NONE', #4289 ) ;
#1224 = CARTESIAN_POINT ( 'NONE',  ( 13.63309632822446282, 3.549269550721202648, 5.783211862052528573 ) ) ;
#1225 = VECTOR ( 'NONE', #7126, 1000.000000000000000 ) ;
#1227 = VERTEX_POINT ( 'NONE', #5896 ) ;
#1226 = DIRECTION ( 'NONE',  ( -0.4472135954999579277, 0.000000000000000000, 0.8944271909999158554 ) ) ;
#1228 = VECTOR ( 'NONE', #7052, 1000.000000000000000 ) ;
#1229 = DIRECTION ( 'NONE',  ( -0.8944271909999159664, 0.000000000000000000, -0.4472135954999579832 ) ) ;
#1230 = CARTESIAN_POINT ( 'NONE',  ( -9.668001098604159793, 9.449999724960381542, -0.9867153539310743460 ) ) ;
#1231 = CARTESIAN_POINT ( 'NONE',  ( -8.618001082957942316, 9.449999724960381542, -0.9867153539310745680 ) ) ;
#1232 = EDGE_CURVE ( 'NONE', #2898, #3972, #4686, .T. ) ;
#1233 = CARTESIAN_POINT ( 'NONE',  ( 10.74130906674026242, 3.183878865030095096, 5.707770670022587645 ) ) ;
#1235 = ORIENTED_EDGE ( 'NONE', *, *, #6405, .F. ) ;
#1234 = CARTESIAN_POINT ( 'NONE',  ( 10.17874369741362806, 6.349269529859585148, 4.528063099378281997 ) ) ;
#1236 = VECTOR ( 'NONE', #2850, 1000.000000000000000 ) ;
#1237 = EDGE_LOOP ( 'NONE', ( #4926, #613, #5573 ) ) ;
#1238 = LINE ( 'NONE', #5615, #7156 ) ;
#1239 = FACE_OUTER_BOUND ( 'NONE', #2283, .T. ) ;
#1240 = COORDINATED_UNIVERSAL_TIME_OFFSET ( 1, 0, .AHEAD. ) ;
#1242 = EDGE_LOOP ( 'NONE', ( #4109, #270, #5348, #3300 ) ) ;
#1241 = CARTESIAN_POINT ( 'NONE',  ( 11.21659457888352307, 5.250002325822681115, 0.1190700547444332319 ) ) ;
#1243 = ADVANCED_FACE ( 'NONE', ( #382 ), #6624, .T. ) ;
#1244 = CARTESIAN_POINT ( 'NONE',  ( -10.36800111946578973, 10.14999972496038261, -3.436715390438920270 ) ) ;
#1245 = AXIS2_PLACEMENT_3D ( 'NONE', #6933, #6969, #5883 ) ;
#1246 = DIRECTION ( 'NONE',  ( 0.000000000000000000, 0.000000000000000000, 1.000000000000000000 ) ) ;
#1247 = ADVANCED_FACE ( 'NONE', ( #2237 ), #2774, .T. ) ;
#1248 = ORIENTED_EDGE ( 'NONE', *, *, #5807, .T. ) ;
#1249 = DIRECTION ( 'NONE',  ( 0.000000000000000000, 0.000000000000000000, -1.000000000000000000 ) ) ;
#1250 = ORIENTED_EDGE ( 'NONE', *, *, #462, .T. ) ;
#1251 = ORIENTED_EDGE ( 'NONE', *, *, #1950, .F. ) ;
#1252 = ADVANCED_FACE ( 'NONE', ( #6731, #669 ), #3478, .T. ) ;
#1253 = CARTESIAN_POINT ( 'NONE',  ( 13.50883225519194930, 6.699269608090674843, 6.483211872483341409 ) ) ;
#1254 = DIRECTION ( 'NONE',  ( -2.774754023183460056E-16, 0.000000000000000000, -1.000000000000000000 ) ) ;
#1255 = CARTESIAN_POINT ( 'NONE',  ( 8.707291138522805340, 6.669082028481055247, 3.683211827814729666 ) ) ;
#1256 = CARTESIAN_POINT ( 'NONE',  ( 12.55729126743518975, 7.049269540290389990, 6.483211872483341409 ) ) ;
#1257 = AXIS2_PLACEMENT_3D ( 'NONE', #6680, #3386, #463 ) ;
#1258 = DIRECTION ( 'NONE',  ( 0.7071067811865470176, -0.7071067811865480168, 0.000000000000000000 ) ) ;
#1259 = CIRCLE ( 'NONE', #192, 0.3999999999999999667 ) ;
#1260 = CARTESIAN_POINT ( 'NONE',  ( 11.48970279241824421, 7.049269540290389990, 5.765623475697482903 ) ) ;
#1261 = ADVANCED_FACE ( 'NONE', ( #6228 ), #1847, .T. ) ;
#1263 = VERTEX_POINT ( 'NONE', #2854 ) ;
#1262 = CARTESIAN_POINT ( 'NONE',  ( 13.96636321527538804, 6.277274235142540348, 2.621267021520257590 ) ) ;
#1264 = PLANE ( 'NONE',  #6619 ) ;
#1265 = CYLINDRICAL_SURFACE ( 'NONE', #2542, 0.7000000000000003997 ) ;
#1266 = DIRECTION ( 'NONE',  ( 0.000000000000000000, 0.7071067811865481278, 0.7071067811865467956 ) ) ;
#1267 = VECTOR ( 'NONE', #2591, 1000.000000000000000 ) ;
#1268 = ORIENTED_EDGE ( 'NONE', *, *, #484, .F. ) ;
#1269 = CARTESIAN_POINT ( 'NONE',  ( 14.18368442274654129, 5.837402301304861041, 2.283211809898461286 ) ) ;
#1271 = VERTEX_POINT ( 'NONE', #6663 ) ;
#1270 = LINE ( 'NONE', #6806, #2140 ) ;
#1272 = ADVANCED_FACE ( 'NONE', ( #2276 ), #4011, .F. ) ;
#1273 = DIRECTION ( 'NONE',  ( -1.000000000000000000, 0.000000000000000000, 0.000000000000000000 ) ) ;
#1274 =( BOUNDED_CURVE ( )  B_SPLINE_CURVE ( 3, ( #4124, #4091, #6949, #3002 ),
 .UNSPECIFIED., .F., .F. ) 
 B_SPLINE_CURVE_WITH_KNOTS ( ( 4, 4 ),
 ( 0.7853981633974492782, 1.570796326794895670 ),
 .UNSPECIFIED. ) 
 CURVE ( )  GEOMETRIC_REPRESENTATION_ITEM ( )  RATIONAL_B_SPLINE_CURVE ( ( 1.000000000000000000, 0.9492530216741912330, 0.9492530216741912330, 1.000000000000000000 ) ) 
 REPRESENTATION_ITEM ( '' )  );
#1275 = CARTESIAN_POINT ( 'NONE',  ( 14.65729122571193699, 7.749269540290391056, 6.083211872483341054 ) ) ;
#1276 = DATE_AND_TIME ( #6241, #5124 ) ;
#1278 = ORIENTED_EDGE ( 'NONE', *, *, #6715, .F. ) ;
#1277 = DIRECTION ( 'NONE',  ( 0.000000000000000000, 1.000000000000000000, 0.000000000000000000 ) ) ;
#1279 = CARTESIAN_POINT ( 'NONE',  ( 8.707291137050038543, 7.031176366475862416, 3.899563178570982114 ) ) ;
#1280 = APPROVAL ( #643, 'UNSPECIFIED' ) ;
#1281 = ORIENTED_EDGE ( 'NONE', *, *, #1930, .T. ) ;
#1282 = TOROIDAL_SURFACE ( 'NONE', #6138, 1.000000000000000000, 0.2999999999999999889 ) ;
#1283 = EDGE_CURVE ( 'NONE', #3961, #5445, #550, .T. ) ;
#1284 = CARTESIAN_POINT ( 'NONE',  ( 9.757291152696254244, 7.049269540290389990, 4.033211835975495596 ) ) ;
#1285 = ORIENTED_EDGE ( 'NONE', *, *, #5675, .T. ) ;
#1286 = EDGE_CURVE ( 'NONE', #7137, #4099, #1604, .T. ) ;
#1287 = DIRECTION ( 'NONE',  ( -1.000000000000000000, 0.000000000000000000, 0.000000000000000000 ) ) ;
#1288 = DIRECTION ( 'NONE',  ( 1.000000000000000000, 0.000000000000000000, -2.774754023183460056E-16 ) ) ;
#1289 = DIRECTION ( 'NONE',  ( -0.000000000000000000, 1.000000000000000000, 0.000000000000000000 ) ) ;
#1290 = FACE_OUTER_BOUND ( 'NONE', #1036, .T. ) ;
#1291 = DIRECTION ( 'NONE',  ( 0.000000000000000000, 0.000000000000000000, 1.000000000000000000 ) ) ;
#1292 = CIRCLE ( 'NONE', #3242, 1.250000015646218099 ) ;
#1295 = ADVANCED_FACE ( 'NONE', ( #3936 ), #1265, .F. ) ;
#1294 = VERTEX_POINT ( 'NONE', #6196 ) ;
#1293 = CARTESIAN_POINT ( 'NONE',  ( 12.51408196731230227, 4.550002315391870056, 1.519070065175245343 ) ) ;
#1296 = CARTESIAN_POINT ( 'NONE',  ( 14.00032365415185609, 2.499269545505796053, 5.096646671324609024 ) ) ;
#1297 = CARTESIAN_POINT ( 'NONE',  ( 10.78167032759031230, 10.15000231539186970, -0.9309299713326002479 ) ) ;
#1298 = CARTESIAN_POINT ( 'NONE',  ( 13.99320958213302113, 6.349242566428966228, 5.090242884415131286 ) ) ;
#1299 = EDGE_CURVE ( 'NONE', #3690, #1136, #3004, .T. ) ;
#1300 = VECTOR ( 'NONE', #3898, 1000.000000000000000 ) ;
#1301 = AXIS2_PLACEMENT_3D ( 'NONE', #4251, #1441, #5855 ) ;
#1302 = LINE ( 'NONE', #6875, #3833 ) ;
#1304 = ORIENTED_EDGE ( 'NONE', *, *, #5701, .F. ) ;
#1303 = CARTESIAN_POINT ( 'NONE',  ( 12.51408196731230227, 3.850002315391870322, 1.519070065175245343 ) ) ;
#1305 = AXIS2_PLACEMENT_3D ( 'NONE', #4315, #1507, #947 ) ;
#1306 = CARTESIAN_POINT ( 'NONE',  ( 9.757291152696254244, 2.149269540290390523, 4.033211835975495596 ) ) ;
#1307 = AXIS2_PLACEMENT_3D ( 'NONE', #3307, #5627, #653 ) ;
#1308 = CARTESIAN_POINT ( 'NONE',  ( 9.682400036619018380, 3.183878865886108578, 2.358653001072387845 ) ) ;
#1309 = PERSON_AND_ORGANIZATION_ROLE ( 'classification_officer' ) ;
#1311 = ORIENTED_EDGE ( 'NONE', *, *, #1104, .T. ) ;
#1310 = CARTESIAN_POINT ( 'NONE',  ( 9.684615255769873698, 6.011214318237783516, 2.355207104615499869 ) ) ;
#1312 = CC_DESIGN_SECURITY_CLASSIFICATION ( #718, ( #2590 ) ) ;
#1313 = SHAPE_REPRESENTATION ( 'Male_End-6.3x4.9_ID3.5mm', ( #4081 ), #2583 ) ;
#1314 = ORIENTED_EDGE ( 'NONE', *, *, #2320, .T. ) ;
#1315 = DIRECTION ( 'NONE',  ( 0.000000000000000000, -1.000000000000000000, 0.000000000000000000 ) ) ;
#1316 = EDGE_CURVE ( 'NONE', #2867, #505, #6697, .T. ) ;
#1317 = DIRECTION ( 'NONE',  ( -0.6313908443121188929, 0.7754647649757075989, 4.551625522847465407E-15 ) ) ;
#1318 = LOCAL_TIME ( 18, 13, 43.00000000000000000, #385 ) ;
#1319 = VERTEX_POINT ( 'NONE', #84 ) ;
#1320 = ORIENTED_EDGE ( 'NONE', *, *, #5827, .T. ) ;
#1321 = CARTESIAN_POINT ( 'NONE',  ( 14.00032365415184010, 2.849347546344283444, 5.093661158153028445 ) ) ;
#1322 = PLANE ( 'NONE',  #7078 ) ;
#1323 = CARTESIAN_POINT ( 'NONE',  ( 10.59671014368147191, 5.649269529859577865, 6.059748548525545786 ) ) ;
#1324 = AXIS2_PLACEMENT_3D ( 'NONE', #2278, #633, #3900 ) ;
#1325 = CARTESIAN_POINT ( 'NONE',  ( 14.28971605885961615, 1.449269540290390568, 1.983211799467650360 ) ) ;
#1326 = ORIENTED_EDGE ( 'NONE', *, *, #900, .F. ) ;
#1327 = CARTESIAN_POINT ( 'NONE',  ( 12.20729118920410095, 2.849269550721202915, 2.983211809898461908 ) ) ;
#1329 = ORIENTED_EDGE ( 'NONE', *, *, #6780, .T. ) ;
#1328 = FACE_OUTER_BOUND ( 'NONE', #5395, .T. ) ;
#1330 = EDGE_CURVE ( 'NONE', #2877, #2000, #2318, .T. ) ;
#1331 = DIRECTION ( 'NONE',  ( 0.000000000000000000, 0.000000000000000000, 1.000000000000000000 ) ) ;
#1332 = TOROIDAL_SURFACE ( 'NONE', #6419, 0.6500000156462177880, 0.4000000000000000222 ) ;
#1333 = DIRECTION ( 'NONE',  ( -0.000000000000000000, -1.000000000000000000, -0.000000000000000000 ) ) ;
#1334 = CARTESIAN_POINT ( 'NONE',  ( 9.107291137050037122, 2.849269550721202915, 4.033211835975495596 ) ) ;
#1335 = ADVANCED_FACE ( 'NONE', ( #5640 ), #4554, .F. ) ;
#1336 = AXIS2_PLACEMENT_3D ( 'NONE', #5206, #2936, #3576 ) ;
#1337 = AXIS2_PLACEMENT_3D ( 'NONE', #3102, #887, #5995 ) ;
#1338 = DIRECTION ( 'NONE',  ( 0.000000000000000000, 0.000000000000000000, -1.000000000000000000 ) ) ;
#1339 = ORIENTED_EDGE ( 'NONE', *, *, #348, .F. ) ;
#1341 = ORIENTED_EDGE ( 'NONE', *, *, #3219, .T. ) ;
#1340 = DIRECTION ( 'NONE',  ( 0.000000000000000000, 0.000000000000000000, -1.000000000000000000 ) ) ;
#1342 = EDGE_CURVE ( 'NONE', #2933, #3727, #5889, .T. ) ;
#1343 = DIRECTION ( 'NONE',  ( -1.000000000000000000, 0.000000000000000000, 0.000000000000000000 ) ) ;
#1344 = CARTESIAN_POINT ( 'NONE',  ( 12.49652003039348180, 9.450002315391870411, -2.680727295505981100 ) ) ;
#1345 = DATE_TIME_ROLE ( 'classification_date' ) ;
#1347 = VERTEX_POINT ( 'NONE', #1655 ) ;
#1346 = DIRECTION ( 'NONE',  ( -1.000000000000000000, 0.000000000000000000, 0.000000000000000000 ) ) ;
#1348 = ORIENTED_EDGE ( 'NONE', *, *, #344, .F. ) ;
#1349 = FACE_OUTER_BOUND ( 'NONE', #6234, .T. ) ;
#1350 = AXIS2_PLACEMENT_3D ( 'NONE', #5230, #3020, #2984 ) ;
#1351 = EDGE_LOOP ( 'NONE', ( #2138, #3587, #1348, #734 ) ) ;
#1352 = ORIENTED_EDGE ( 'NONE', *, *, #3070, .T. ) ;
#1353 = CARTESIAN_POINT ( 'NONE',  ( 12.70667035627506358, 9.450002315391870411, -0.9309299713326002479 ) ) ;
#1354 = DIRECTION ( 'NONE',  ( -1.000000000000000000, 0.000000000000000000, 0.000000000000000000 ) ) ;
#1355 = CARTESIAN_POINT ( 'NONE',  ( 8.707291137050034990, 6.749269529859585504, 3.730425426260044919 ) ) ;
#1356 =( BOUNDED_CURVE ( )  B_SPLINE_CURVE ( 3, ( #3584, #7067, #2103, #5835 ),
 .UNSPECIFIED., .F., .F. ) 
 B_SPLINE_CURVE_WITH_KNOTS ( ( 4, 4 ),
 ( 5.497787143782135288, 6.283185307179585344 ),
 .UNSPECIFIED. ) 
 CURVE ( )  GEOMETRIC_REPRESENTATION_ITEM ( )  RATIONAL_B_SPLINE_CURVE ( ( 1.000000000000000000, 0.9492530216741907889, 0.9492530216741907889, 1.000000000000000000 ) ) 
 REPRESENTATION_ITEM ( '' )  );
#1357 = CC_DESIGN_PERSON_AND_ORGANIZATION_ASSIGNMENT ( #1084, #2681, ( #3849 ) ) ;
#1358 = EDGE_CURVE ( 'NONE', #5080, #4163, #3916, .T. ) ;
#1359 = CARTESIAN_POINT ( 'NONE',  ( 9.057291147480848181, 6.549269529859585326, 2.983211809898461908 ) ) ;
#1360 = VERTEX_POINT ( 'NONE', #3322 ) ;
#1361 = ORIENTED_EDGE ( 'NONE', *, *, #7183, .F. ) ;
#1362 = CARTESIAN_POINT ( 'NONE',  ( 14.10543846428575065, 6.699269608090674843, 4.926497099798508472 ) ) ;
#1364 = ORIENTED_EDGE ( 'NONE', *, *, #673, .T. ) ;
#1363 = DIRECTION ( 'NONE',  ( 0.000000000000000000, -1.000000000000000000, 0.000000000000000000 ) ) ;
#1365 = CARTESIAN_POINT ( 'NONE',  ( 14.28971605885961615, 1.449269540290390568, 6.083211872483341054 ) ) ;
#1366 = CARTESIAN_POINT ( 'NONE',  ( 10.78148605018372841, 5.649269529859577865, 5.783211862052528573 ) ) ;
#1367 = CIRCLE ( 'NONE', #2056, 0.2999999999999999334 ) ;
#1368 = CARTESIAN_POINT ( 'NONE',  ( 13.42840577186572482, 2.649269550721203181, 3.593769111660097604 ) ) ;
#1369 = VECTOR ( 'NONE', #2950, 1000.000000000000000 ) ;
#1370 = VERTEX_POINT ( 'NONE', #5157 ) ;
#1371 = EDGE_CURVE ( 'NONE', #4917, #6613, #1875, .T. ) ;
#1372 = DIRECTION ( 'NONE',  ( -1.000000000000000000, 0.000000000000000000, 0.000000000000000000 ) ) ;
#1373 = ORIENTED_EDGE ( 'NONE', *, *, #5970, .T. ) ;
#1375 = ORIENTED_EDGE ( 'NONE', *, *, #3857, .F. ) ;
#1374 = CARTESIAN_POINT ( 'NONE',  ( 9.341176582030049858, 2.149269540290390523, 2.862654536300017316 ) ) ;
#1376 = AXIS2_PLACEMENT_3D ( 'NONE', #1748, #1046, #6678 ) ;
#1377 = EDGE_CURVE ( 'NONE', #6364, #5704, #5716, .T. ) ;
#1378 = CARTESIAN_POINT ( 'NONE',  ( 9.731670311944093044, 9.450002315391870411, -0.9309299713326002479 ) ) ;
#1379 = CIRCLE ( 'NONE', #431, 0.6999999999999999556 ) ;
#1380 = FACE_OUTER_BOUND ( 'NONE', #816, .T. ) ;
#1381 = CARTESIAN_POINT ( 'NONE',  ( 11.47214085549942553, 1.614954965239628448, 1.583211799467650227 ) ) ;
#1382 = COORDINATED_UNIVERSAL_TIME_OFFSET ( 1, 0, .AHEAD. ) ;
#1383 = ORIENTED_EDGE ( 'NONE', *, *, #3628, .F. ) ;
#1384 = EDGE_CURVE ( 'NONE', #5593, #538, #2422, .T. ) ;
#1385 = VERTEX_POINT ( 'NONE', #3509 ) ;
#1386 = EDGE_CURVE ( 'NONE', #2897, #4073, #4487, .T. ) ;
#1387 = CARTESIAN_POINT ( 'NONE',  ( 11.88970279241824457, 7.349269540290390701, 6.483211872483341409 ) ) ;
#1388 = CARTESIAN_POINT ( 'NONE',  ( 0.000000000000000000, 0.000000000000000000, 0.000000000000000000 ) ) ;
#1389 = ORIENTED_EDGE ( 'NONE', *, *, #652, .F. ) ;
#1390 = ORIENTED_EDGE ( 'NONE', *, *, #5254, .F. ) ;
#1391 = CARTESIAN_POINT ( 'NONE',  ( -9.342874827912321933, 8.049999714529571193, 0.7632846721459588535 ) ) ;
#1392 = CARTESIAN_POINT ( 'NONE',  ( 8.749960369550315420, 6.644872146684671854, 3.597873365759527431 ) ) ;
#1393 = FACE_OUTER_BOUND ( 'NONE', #6027, .T. ) ;
#1394 = VECTOR ( 'NONE', #1155, 1000.000000000000000 ) ;
#1395 = ORIENTED_EDGE ( 'NONE', *, *, #6300, .F. ) ;
#1396 = DIRECTION ( 'NONE',  ( -1.000000000000000000, 0.000000000000000000, 0.000000000000000000 ) ) ;
#1397 = EDGE_CURVE ( 'NONE', #1081, #4654, #3343, .T. ) ;
#1399 = ORIENTED_EDGE ( 'NONE', *, *, #5679, .F. ) ;
#1398 = CYLINDRICAL_SURFACE ( 'NONE', #370, 0.2000000000000000944 ) ;
#1400 = CARTESIAN_POINT ( 'NONE',  ( 8.928405698850053085, 2.649269550721202737, 3.240982707160052989 ) ) ;
#1401 = CARTESIAN_POINT ( 'NONE',  ( -10.06800111946578902, 5.949999735391195976, -2.036715380008108145 ) ) ;
#1402 = DIRECTION ( 'NONE',  ( 0.000000000000000000, -1.000000000000000000, 0.000000000000000000 ) ) ;
#1403 = TOROIDAL_SURFACE ( 'NONE', #3588, 2.250000036507845191, 0.2000000000000000111 ) ;
#1404 = EDGE_LOOP ( 'NONE', ( #4688, #5771, #1086, #1825 ) ) ;
#1405 = CARTESIAN_POINT ( 'NONE',  ( 13.63167036409815758, 4.950002325822681293, -1.980929997409633270 ) ) ;
#1407 = ORIENTED_EDGE ( 'NONE', *, *, #4722, .T. ) ;
#1406 = LINE ( 'NONE', #1374, #5144 ) ;
#1408 = DIRECTION ( 'NONE',  ( 0.000000000000000000, 0.000000000000000000, 1.000000000000000000 ) ) ;
#1409 = CARTESIAN_POINT ( 'NONE',  ( 14.65729122571193699, 7.349269540290390701, 1.583211799467650227 ) ) ;
#1410 = EDGE_CURVE ( 'NONE', #5064, #646, #4255, .T. ) ;
#1411 = VECTOR ( 'NONE', #6296, 1000.000000000000000 ) ;
#1412 = DIRECTION ( 'NONE',  ( -0.4472135954999579832, 1.939479807224435648E-15, 0.8944271909999159664 ) ) ;
#1413 = VECTOR ( 'NONE', #3095, 1000.000000000000000 ) ;
#1414 = AXIS2_PLACEMENT_3D ( 'NONE', #5924, #5960, #955 ) ;
#1416 = ORIENTED_EDGE ( 'NONE', *, *, #3932, .F. ) ;
#1415 = LINE ( 'NONE', #2544, #3368 ) ;
#1417 = EDGE_CURVE ( 'NONE', #2449, #3895, #4693, .T. ) ;
#1418 = VECTOR ( 'NONE', #2116, 1000.000000000000000 ) ;
#1419 = ORIENTED_EDGE ( 'NONE', *, *, #4353, .T. ) ;
#1420 = CARTESIAN_POINT ( 'NONE',  ( 12.20729118920410095, 3.549269550721202648, 2.283211809898462175 ) ) ;
#1421 = EDGE_CURVE ( 'NONE', #3877, #3827, #208, .T. ) ;
#1422 = COORDINATED_UNIVERSAL_TIME_OFFSET ( 1, 0, .AHEAD. ) ;
#1423 = VERTEX_POINT ( 'NONE', #6326 ) ;
#1424 = ORIENTED_EDGE ( 'NONE', *, *, #3669, .T. ) ;
#1425 = CARTESIAN_POINT ( 'NONE',  ( 13.60729121006571951, 7.049269540290389990, 4.033211835975495596 ) ) ;
#1426 = LOCAL_TIME ( 18, 13, 43.00000000000000000, #62 ) ;
#1427 = EDGE_CURVE ( 'NONE', #4092, #4461, #4259, .T. ) ;
#1428 = CARTESIAN_POINT ( 'NONE',  ( 9.002277328503042853, 6.349269529859586036, 3.435439234806986430 ) ) ;
#1429 = LINE ( 'NONE', #5843, #2519 ) ;
#1430 = SECURITY_CLASSIFICATION ( '', '', #3617 ) ;
#1431 = LINE ( 'NONE', #5881, #2810 ) ;
#1432 = ORIENTED_EDGE ( 'NONE', *, *, #2268, .T. ) ;
#1433 = CARTESIAN_POINT ( 'NONE',  ( -10.06800111946578902, 8.749999714529577588, 0.06328467214595895340 ) ) ;
#1435 = ORIENTED_EDGE ( 'NONE', *, *, #5085, .F. ) ;
#1434 = DIRECTION ( 'NONE',  ( 1.000000000000000000, 0.000000000000000000, 0.000000000000000000 ) ) ;
#1436 = LINE ( 'NONE', #6799, #4535 ) ;
#1437 = CARTESIAN_POINT ( 'NONE',  ( 12.20729118920410095, 6.349269529859585148, 2.983211809898461908 ) ) ;
#1438 = DIRECTION ( 'NONE',  ( 0.4472135954999579832, 0.000000000000000000, -0.8944271909999159664 ) ) ;
#1439 = CIRCLE ( 'NONE', #3167, 2.850000036507845280 ) ;
#1440 = VERTEX_POINT ( 'NONE', #6297 ) ;
#1441 = DIRECTION ( 'NONE',  ( 0.4472135954999579832, 1.939479807224435648E-15, -0.8944271909999159664 ) ) ;
#1442 = AXIS2_PLACEMENT_3D ( 'NONE', #7155, #1061, #2727 ) ;
#1444 = VERTEX_POINT ( 'NONE', #3564 ) ;
#1443 = LINE ( 'NONE', #7087, #6546 ) ;
#1445 = DIRECTION ( 'NONE',  ( -1.000000000000000000, 0.000000000000000000, 0.000000000000000000 ) ) ;
#1446 = DIRECTION ( 'NONE',  ( 2.774754023183460056E-16, -0.000000000000000000, 1.000000000000000000 ) ) ;
#1447 = AXIS2_PLACEMENT_3D ( 'NONE', #3415, #25, #3874 ) ;
#1448 = EDGE_CURVE ( 'NONE', #5037, #2339, #6474, .T. ) ;
#1449 = DIRECTION ( 'NONE',  ( 0.000000000000000000, 0.000000000000000000, 1.000000000000000000 ) ) ;
#1450 = APPROVAL_STATUS ( 'not_yet_approved' ) ;
#1452 = ORIENTED_EDGE ( 'NONE', *, *, #3978, .T. ) ;
#1451 = CARTESIAN_POINT ( 'NONE',  ( 14.65729122571193699, 2.149269540290390523, 4.033211835975495596 ) ) ;
#1453 = ORIENTED_EDGE ( 'NONE', *, *, #2533, .F. ) ;
#1454 = CARTESIAN_POINT ( 'NONE',  ( -10.21142586890311321, 5.731223252776981525, -2.736715380008107878 ) ) ;
#1455 = EDGE_CURVE ( 'NONE', #1976, #662, #3539, .T. ) ;
#1456 = ORIENTED_EDGE ( 'NONE', *, *, #3766, .F. ) ;
#1457 = ORIENTED_EDGE ( 'NONE', *, *, #2998, .T. ) ;
#1458 = CARTESIAN_POINT ( 'NONE',  ( 14.09854523470714049, 2.847611092601360916, 4.922226387641786438 ) ) ;
#1459 = CARTESIAN_POINT ( 'NONE',  ( 11.51949043128772310, 1.633762279024043140, 2.263369759038895257 ) ) ;
#1460 = EDGE_CURVE ( 'NONE', #6613, #5570, #7047, .T. ) ;
#1461 = EDGE_LOOP ( 'NONE', ( #2293, #2440, #4287, #6403 ) ) ;
#1462 = LINE ( 'NONE', #7004, #2309 ) ;
#1463 = AXIS2_PLACEMENT_3D ( 'NONE', #6321, #2416, #6796 ) ;
#1464 = EDGE_CURVE ( 'NONE', #2339, #3279, #770, .T. ) ;
#1465 = CARTESIAN_POINT ( 'NONE',  ( -9.632824325894073780, 4.549999724960382963, 1.463284682576770468 ) ) ;
#1466 = ORIENTED_EDGE ( 'NONE', *, *, #2538, .F. ) ;
#1467 = CARTESIAN_POINT ( 'NONE',  ( 10.39567267501638881, 8.411947093339263049, -2.608934702692595309 ) ) ;
#1468 = DIRECTION ( 'NONE',  ( -1.000000000000000000, 0.000000000000000000, 0.000000000000000000 ) ) ;
#1469 = DIRECTION ( 'NONE',  ( 0.000000000000000000, 0.000000000000000000, 1.000000000000000000 ) ) ;
#1470 = LINE ( 'NONE', #7081, #893 ) ;
#1471 = CARTESIAN_POINT ( 'NONE',  ( 13.99294371514606361, 6.447149709438392051, 5.637088606112431677 ) ) ;
#1472 = VERTEX_POINT ( 'NONE', #3068 ) ;
#1473 = EDGE_CURVE ( 'NONE', #5268, #2145, #2386, .T. ) ;
#1474 = CARTESIAN_POINT ( 'NONE',  ( -9.668001098604165122, 5.249999735391195799, -0.9867153539310745680 ) ) ;
#1476 = ORIENTED_EDGE ( 'NONE', *, *, #3374, .F. ) ;
#1475 = CARTESIAN_POINT ( 'NONE',  ( -7.568001067311724839, 9.449999724960381542, -0.9867153539310745680 ) ) ;
#1477 = VECTOR ( 'NONE', #6898, 1000.000000000000000 ) ;
#1478 = CARTESIAN_POINT ( 'NONE',  ( 12.20729118920410095, 6.144244276690161932, 2.488237063067879173 ) ) ;
#1479 = CARTESIAN_POINT ( 'NONE',  ( 9.731670311944093044, 9.450002315391870411, -1.280929976548006222 ) ) ;
#1480 = CIRCLE ( 'NONE', #2297, 0.2000000000000000944 ) ;
#1481 = AXIS2_PLACEMENT_3D ( 'NONE', #6993, #6457, #1490 ) ;
#1482 = DIRECTION ( 'NONE',  ( 0.000000000000000000, -1.000000000000000000, 0.000000000000000000 ) ) ;
#1483 = APPROVAL_DATE_TIME ( #1988, #3748 ) ;
#1485 = ORIENTED_EDGE ( 'NONE', *, *, #4282, .F. ) ;
#1484 = FACE_OUTER_BOUND ( 'NONE', #679, .T. ) ;
#1486 = EDGE_CURVE ( 'NONE', #5713, #380, #847, .T. ) ;
#1487 = AXIS2_PLACEMENT_3D ( 'NONE', #2748, #2142, #1122 ) ;
#1488 = AXIS2_PLACEMENT_3D ( 'NONE', #5563, #5056, #4476 ) ;
#1489 = ORIENTED_EDGE ( 'NONE', *, *, #1519, .F. ) ;
#1490 = DIRECTION ( 'NONE',  ( -0.9238795325112869605, 0.000000000000000000, 0.3826834323650893377 ) ) ;
#1491 = DATE_AND_TIME ( #6458, #4189 ) ;
#1492 = VERTEX_POINT ( 'NONE', #1905 ) ;
#1493 = VECTOR ( 'NONE', #2495, 1000.000000000000000 ) ;
#1494 = CC_DESIGN_DATE_AND_TIME_ASSIGNMENT ( #171, #2396, ( #1811 ) ) ;
#1495 = CARTESIAN_POINT ( 'NONE',  ( 11.47214085549942553, 7.349269540290390701, 2.283414511802114522 ) ) ;
#1496 = CARTESIAN_POINT ( 'NONE',  ( 10.80729116834247172, 2.149269540290390523, 4.033211835975495596 ) ) ;
#1497 = PRODUCT_DEFINITION_SHAPE ( 'NONE', 'NONE',  #1811 ) ;
#1498 = EDGE_CURVE ( 'NONE', #4027, #1319, #1480, .T. ) ;
#1499 = CARTESIAN_POINT ( 'NONE',  ( 10.29231591129586398, 2.149269540290390079, 4.938230259441536596 ) ) ;
#1500 = EDGE_CURVE ( 'NONE', #5703, #3457, #808, .T. ) ;
#1501 = LINE ( 'NONE', #3702, #1418 ) ;
#1502 = ORIENTED_EDGE ( 'NONE', *, *, #4097, .T. ) ;
#1503 =( BOUNDED_CURVE ( )  B_SPLINE_CURVE ( 3, ( #6415, #1310, #5864, #3112 ),
 .UNSPECIFIED., .F., .F. ) 
 B_SPLINE_CURVE_WITH_KNOTS ( ( 4, 4 ),
 ( 2.356194490192343949, 3.141592653589793116 ),
 .UNSPECIFIED. ) 
 CURVE ( )  GEOMETRIC_REPRESENTATION_ITEM ( )  RATIONAL_B_SPLINE_CURVE ( ( 1.000000000000000000, 0.9492530216741910110, 0.9492530216741910110, 1.000000000000000000 ) ) 
 REPRESENTATION_ITEM ( '' )  );
#1504 = ORIENTED_EDGE ( 'NONE', *, *, #3372, .F. ) ;
#1505 = DIRECTION ( 'NONE',  ( 0.000000000000000000, 0.000000000000000000, 1.000000000000000000 ) ) ;
#1506 = CARTESIAN_POINT ( 'NONE',  ( 14.14981514553305608, 6.245133933902932810, 2.598163959825346314 ) ) ;
#1507 = DIRECTION ( 'NONE',  ( 0.000000000000000000, 0.000000000000000000, 1.000000000000000000 ) ) ;
#1508 = CARTESIAN_POINT ( 'NONE',  ( 12.20729118920410095, 5.649269529859577865, 5.783211862052528573 ) ) ;
#1509 = CARTESIAN_POINT ( 'NONE',  ( 13.63309632822446282, 5.649269529859577865, 5.983211862052527863 ) ) ;
#1510 = VERTEX_POINT ( 'NONE', #2528 ) ;
#1511 = EDGE_CURVE ( 'NONE', #6714, #3003, #5226, .T. ) ;
#1512 = DIRECTION ( 'NONE',  ( 1.000000000000000000, 0.000000000000000000, 0.000000000000000000 ) ) ;
#1514 = EDGE_LOOP ( 'NONE', ( #6495, #4777, #520, #4281 ) ) ;
#1513 = CYLINDRICAL_SURFACE ( 'NONE', #3642, 0.2000000000000002331 ) ;
#1515 = AXIS2_PLACEMENT_3D ( 'NONE', #2137, #1522, #5420 ) ;
#1516 = FACE_OUTER_BOUND ( 'NONE', #5674, .T. ) ;
#1517 = DIRECTION ( 'NONE',  ( 0.000000000000000000, -0.7071067811865481278, -0.7071067811865467956 ) ) ;
#1518 = CARTESIAN_POINT ( 'NONE',  ( 11.68643784473785630, 1.489421560259510224, 5.845532272598418899 ) ) ;
#1519 = EDGE_CURVE ( 'NONE', #5268, #2852, #3282, .T. ) ;
#1520 = DIRECTION ( 'NONE',  ( -0.000000000000000000, 1.000000000000000000, 0.000000000000000000 ) ) ;
#1521 = CALENDAR_DATE ( 2024, 29, 4 ) ;
#1523 = ORIENTED_EDGE ( 'NONE', *, *, #3766, .T. ) ;
#1522 = DIRECTION ( 'NONE',  ( -1.000000000000000000, 0.000000000000000000, 0.000000000000000000 ) ) ;
#1524 = ORIENTED_EDGE ( 'NONE', *, *, #4509, .T. ) ;
#1525 = CARTESIAN_POINT ( 'NONE',  ( -8.968001088173352287, 5.761866963945911913, -2.736715380008107878 ) ) ;
#1526 = CIRCLE ( 'NONE', #3384, 1.000000000000000000 ) ;
#1527 = PERSON_AND_ORGANIZATION_ROLE ( 'design_supplier' ) ;
#1528 = ORIENTED_EDGE ( 'NONE', *, *, #2686, .T. ) ;
#1529 = CARTESIAN_POINT ( 'NONE',  ( 9.757291152696254244, 2.849269550721202915, 4.033211835975495596 ) ) ;
#1530 =( BOUNDED_CURVE ( )  B_SPLINE_CURVE ( 3, ( #2032, #7030, #1525, #1998 ),
 .UNSPECIFIED., .F., .F. ) 
 B_SPLINE_CURVE_WITH_KNOTS ( ( 4, 4 ),
 ( 5.497787143782137065, 6.283185307179586232 ),
 .UNSPECIFIED. ) 
 CURVE ( )  GEOMETRIC_REPRESENTATION_ITEM ( )  RATIONAL_B_SPLINE_CURVE ( ( 1.000000000000000000, 0.9492530216741910110, 0.9492530216741910110, 1.000000000000000000 ) ) 
 REPRESENTATION_ITEM ( '' )  );
#1531 = CARTESIAN_POINT ( 'NONE',  ( 11.77118033436438616, 1.449269540290390568, 2.161605285764454987 ) ) ;
#1532 = VECTOR ( 'NONE', #6024, 1000.000000000000000 ) ;
#1533 = EDGE_CURVE ( 'NONE', #7083, #4577, #2176, .T. ) ;
#1534 = CARTESIAN_POINT ( 'NONE',  ( 14.10543846428575065, 2.649369830808020687, 4.926497099798509360 ) ) ;
#1535 = FACE_OUTER_BOUND ( 'NONE', #722, .T. ) ;
#1536 = AXIS2_PLACEMENT_3D ( 'NONE', #6753, #756, #2973 ) ;
#1537 = ORIENTED_EDGE ( 'NONE', *, *, #6074, .T. ) ;
#1538 = ORIENTED_EDGE ( 'NONE', *, *, #2, .F. ) ;
#1539 = FACE_OUTER_BOUND ( 'NONE', #4944, .T. ) ;
#1540 = CIRCLE ( 'NONE', #6521, 0.2000000000000000944 ) ;
#1541 = DIRECTION ( 'NONE',  ( 0.000000000000000000, 0.000000000000000000, -1.000000000000000000 ) ) ;
#1542 = DIRECTION ( 'NONE',  ( 0.000000000000000000, 0.7071067811865481278, -0.7071067811865467956 ) ) ;
#1543 = CARTESIAN_POINT ( 'NONE',  ( 14.65729122571193699, 1.949269540290390568, 4.033211835975495596 ) ) ;
#1544 = CC_DESIGN_APPROVAL ( #4268, ( #2123 ) ) ;
#1545 = ORIENTED_EDGE ( 'NONE', *, *, #1455, .F. ) ;
#1546 =( BOUNDED_CURVE ( )  B_SPLINE_CURVE ( 3, ( #2383, #3475, #4075, #6323 ),
 .UNSPECIFIED., .F., .F. ) 
 B_SPLINE_CURVE_WITH_KNOTS ( ( 4, 4 ),
 ( 0.000000000000000000, 1.570796326794896558 ),
 .UNSPECIFIED. ) 
 CURVE ( )  GEOMETRIC_REPRESENTATION_ITEM ( )  RATIONAL_B_SPLINE_CURVE ( ( 1.000000000000000000, 0.8047378541243649375, 0.8047378541243649375, 1.000000000000000000 ) ) 
 REPRESENTATION_ITEM ( '' )  );
#1547 = CARTESIAN_POINT ( 'NONE',  ( 11.87214085549942411, 1.449269540290390568, 2.122737826037631059 ) ) ;
#1548 = EDGE_CURVE ( 'NONE', #5832, #4494, #4025, .T. ) ;
#1549 = DIRECTION ( 'NONE',  ( 0.000000000000000000, 0.000000000000000000, 1.000000000000000000 ) ) ;
#1550 = ORIENTED_EDGE ( 'NONE', *, *, #5970, .F. ) ;
#1551 = CARTESIAN_POINT ( 'NONE',  ( 13.63167036409815758, 4.950002325822681293, 0.1190700547444332319 ) ) ;
#1552 = CIRCLE ( 'NONE', #1324, 0.3500000156462182987 ) ;
#1553 = DIRECTION ( 'NONE',  ( 0.8944271909999159664, 0.000000000000000000, 0.4472135954999579832 ) ) ;
#1554 = DIRECTION ( 'NONE',  ( 1.000000000000000000, 0.000000000000000000, 0.000000000000000000 ) ) ;
#1555 = EDGE_CURVE ( 'NONE', #4781, #491, #5305, .T. ) ;
#1556 = VECTOR ( 'NONE', #5633, 1000.000000000000000 ) ;
#1557 = DIRECTION ( 'NONE',  ( 1.000000000000000000, 0.000000000000000000, 0.000000000000000000 ) ) ;
#1558 = EDGE_CURVE ( 'NONE', #603, #1643, #2747, .T. ) ;
#1560 = ORIENTED_EDGE ( 'NONE', *, *, #3100, .T. ) ;
#1559 = CARTESIAN_POINT ( 'NONE',  ( 8.707291137050034990, 2.449269550721201671, 3.683211830760088290 ) ) ;
#1561 = CIRCLE ( 'NONE', #6534, 0.2000000000000000944 ) ;
#1562 = VERTEX_POINT ( 'NONE', #913 ) ;
#1563 = DIRECTION ( 'NONE',  ( 1.000000000000000000, 0.000000000000000000, 0.000000000000000000 ) ) ;
#1564 = DATE_AND_TIME ( #6531, #1070 ) ;
#1565 = ORIENTED_EDGE ( 'NONE', *, *, #5807, .F. ) ;
#1566 = LINE ( 'NONE', #6050, #929 ) ;
#1567 = CARTESIAN_POINT ( 'NONE',  ( 14.10543846428575065, 6.549169249772760715, 4.926497099798509360 ) ) ;
#1568 = ORIENTED_EDGE ( 'NONE', *, *, #1427, .T. ) ;
#1569 = DIRECTION ( 'NONE',  ( -1.000000000000000000, 0.000000000000000000, 0.000000000000000000 ) ) ;
#1570 = CARTESIAN_POINT ( 'NONE',  ( 11.48970279241824421, 7.049269540290389990, 6.483211872483341409 ) ) ;
#1571 = ORIENTED_EDGE ( 'NONE', *, *, #1001, .F. ) ;
#1572 = DIRECTION ( 'NONE',  ( 1.000000000000000000, 0.000000000000000000, 0.000000000000000000 ) ) ;
#1573 = DIRECTION ( 'NONE',  ( -0.000000000000000000, 1.000000000000000000, -0.000000000000000000 ) ) ;
#1574 = CARTESIAN_POINT ( 'NONE',  ( 13.60729121006570885, 2.649269550721202737, 3.683211830760089178 ) ) ;
#1575 = ADVANCED_FACE ( 'NONE', ( #948 ), #3815, .T. ) ;
#1576 = DIRECTION ( 'NONE',  ( 1.000000000000000000, -0.000000000000000000, 0.000000000000000000 ) ) ;
#1577 = VERTEX_POINT ( 'NONE', #437 ) ;
#1578 = CARTESIAN_POINT ( 'NONE',  ( 14.10543846428575065, 2.149269540290390523, 4.926497099798508472 ) ) ;
#1580 = ORIENTED_EDGE ( 'NONE', *, *, #3297, .F. ) ;
#1579 = DIRECTION ( 'NONE',  ( 1.000000000000000000, 0.000000000000000000, 0.000000000000000000 ) ) ;
#1581 = AXIS2_PLACEMENT_3D ( 'NONE', #909, #292, #2523 ) ;
#1582 = FACE_OUTER_BOUND ( 'NONE', #5624, .T. ) ;
#1583 = CARTESIAN_POINT ( 'NONE',  ( 8.886176575250019027, 7.049269540290389990, 3.772654549860080309 ) ) ;
#1584 = CC_DESIGN_PERSON_AND_ORGANIZATION_ASSIGNMENT ( #6948, #859, ( #3157 ) ) ;
#1585 = CARTESIAN_POINT ( 'NONE',  ( 10.78167032759031230, 8.750002304961064681, -0.9309299713326002479 ) ) ;
#1586 = ADVANCED_FACE ( 'NONE', ( #2012 ), #2048, .T. ) ;
#1587 = ORIENTED_EDGE ( 'NONE', *, *, #3365, .F. ) ;
#1588 = DIRECTION ( 'NONE',  ( 0.000000000000000000, 0.000000000000000000, -1.000000000000000000 ) ) ;
#1589 = VECTOR ( 'NONE', #6931, 1000.000000000000000 ) ;
#1590 = COORDINATED_UNIVERSAL_TIME_OFFSET ( 1, 0, .AHEAD. ) ;
#1592 = ORIENTED_EDGE ( 'NONE', *, *, #1012, .F. ) ;
#1591 = CARTESIAN_POINT ( 'NONE',  ( 8.707291137050034990, 2.554283359245366647, 3.730425422978395300 ) ) ;
#1593 = ORIENTED_EDGE ( 'NONE', *, *, #306, .T. ) ;
#1594 = VECTOR ( 'NONE', #726, 1000.000000000000000 ) ;
#1595 = COORDINATED_UNIVERSAL_TIME_OFFSET ( 1, 0, .AHEAD. ) ;
#1596 = EDGE_CURVE ( 'NONE', #1131, #5061, #1259, .T. ) ;
#1597 = VERTEX_POINT ( 'NONE', #1574 ) ;
#1598 = CARTESIAN_POINT ( 'NONE',  ( -8.618001082957942316, 4.549999724960382963, 1.463284682576770468 ) ) ;
#1599 = AXIS2_PLACEMENT_3D ( 'NONE', #1479, #2464, #2024 ) ;
#1600 = LINE ( 'NONE', #3344, #3792 ) ;
#1601 = EDGE_CURVE ( 'NONE', #6202, #244, #2695, .T. ) ;
#1602 = VERTEX_POINT ( 'NONE', #4214 ) ;
#1603 = FACE_OUTER_BOUND ( 'NONE', #6622, .T. ) ;
#1604 = CIRCLE ( 'NONE', #1488, 1.050000015646217477 ) ;
#1605 = CARTESIAN_POINT ( 'NONE',  ( -8.968001088173352287, 8.238132485974855257, -2.736715380008107878 ) ) ;
#1606 = ORIENTED_EDGE ( 'NONE', *, *, #4250, .T. ) ;
#1607 = CARTESIAN_POINT ( 'NONE',  ( 14.01014979233953994, 2.845617881432554341, 2.877494666212278229 ) ) ;
#1608 = CARTESIAN_POINT ( 'NONE',  ( 9.198220210656931073, 6.303873785811415331, 2.701353683546321882 ) ) ;
#1609 = CARTESIAN_POINT ( 'NONE',  ( -9.019818692928836867, 8.749999714529577588, -0.01664183033900305114 ) ) ;
#1610 = DIRECTION ( 'NONE',  ( 0.000000000000000000, 0.000000000000000000, 1.000000000000000000 ) ) ;
#1611 = ORIENTED_EDGE ( 'NONE', *, *, #3123, .F. ) ;
#1612 = DIRECTION ( 'NONE',  ( 0.000000000000000000, 0.000000000000000000, -1.000000000000000000 ) ) ;
#1614 = VERTEX_POINT ( 'NONE', #4860 ) ;
#1613 = LINE ( 'NONE', #3317, #6724 ) ;
#1615 = DIRECTION ( 'NONE',  ( 0.000000000000000000, -1.000000000000000000, 0.000000000000000000 ) ) ;
#1616 = DIRECTION ( 'NONE',  ( 1.000000000000000000, 0.000000000000000000, 0.000000000000000000 ) ) ;
#1617 = LINE ( 'NONE', #3758, #4439 ) ;
#1618 = CIRCLE ( 'NONE', #566, 1.050000015646217477 ) ;
#1619 = ADVANCED_FACE ( 'NONE', ( #6437 ), #2630, .F. ) ;
#1620 = ORIENTED_EDGE ( 'NONE', *, *, #2953, .T. ) ;
#1622 = VERTEX_POINT ( 'NONE', #3096 ) ;
#1621 = CARTESIAN_POINT ( 'NONE',  ( 10.78148605018372841, 3.549269550721202648, 5.783211862052529462 ) ) ;
#1623 = APPROVAL_ROLE ( '' ) ;
#1625 = ORIENTED_EDGE ( 'NONE', *, *, #6453, .F. ) ;
#1624 = CARTESIAN_POINT ( 'NONE',  ( 8.750400478450618635, 2.658064317071023641, 3.687316084859491916 ) ) ;
#1626 = EDGE_CURVE ( 'NONE', #5704, #258, #4352, .T. ) ;
#1627 = CIRCLE ( 'NONE', #228, 0.2000000000000004829 ) ;
#1628 = ORIENTED_EDGE ( 'NONE', *, *, #1596, .F. ) ;
#1629 = DIRECTION ( 'NONE',  ( 1.000000000000000000, 0.000000000000000000, 0.000000000000000000 ) ) ;
#1630 = PERSON_AND_ORGANIZATION ( #6958, #2931 ) ;
#1632 = VERTEX_POINT ( 'NONE', #1609 ) ;
#1631 = FACE_OUTER_BOUND ( 'NONE', #637, .T. ) ;
#1633 = EDGE_CURVE ( 'NONE', #6490, #3198, #1470, .T. ) ;
#1634 = FACE_OUTER_BOUND ( 'NONE', #5588, .T. ) ;
#1635 = DIRECTION ( 'NONE',  ( 0.000000000000000000, 1.000000000000000000, 0.000000000000000000 ) ) ;
#1636 = ADVANCED_FACE ( 'NONE', ( #5920 ), #4827, .T. ) ;
#1637 = VECTOR ( 'NONE', #4623, 1000.000000000000000 ) ;
#1638 = VECTOR ( 'NONE', #6406, 1000.000000000000000 ) ;
#1639 = CIRCLE ( 'NONE', #357, 2.450000036507845369 ) ;
#1640 = EDGE_LOOP ( 'NONE', ( #6885, #576, #2910, #2020 ) ) ;
#1641 = FACE_OUTER_BOUND ( 'NONE', #875, .T. ) ;
#1642 = DIRECTION ( 'NONE',  ( -1.000000000000000000, 0.000000000000000000, 0.000000000000000000 ) ) ;
#1643 = VERTEX_POINT ( 'NONE', #5406 ) ;
#1644 = EDGE_CURVE ( 'NONE', #4455, #7174, #6814, .T. ) ;
#1645 = DIRECTION ( 'NONE',  ( -0.9238795325112869605, 0.000000000000000000, 0.3826834323650893377 ) ) ;
#1646 = CIRCLE ( 'NONE', #4179, 0.2000000000000000944 ) ;
#1647 = CARTESIAN_POINT ( 'NONE',  ( 10.40869384404794395, 6.549269529859578221, 5.083211862052529284 ) ) ;
#1648 = DIRECTION ( 'NONE',  ( 1.000000000000000000, 0.000000000000000000, 0.000000000000000000 ) ) ;
#1649 = FACE_OUTER_BOUND ( 'NONE', #2723, .T. ) ;
#1650 = ORIENTED_EDGE ( 'NONE', *, *, #3235, .T. ) ;
#1651 = DIRECTION ( 'NONE',  ( 0.000000000000000000, -1.000000000000000000, 0.000000000000000000 ) ) ;
#1653 = ORIENTED_EDGE ( 'NONE', *, *, #2476, .F. ) ;
#1652 = CARTESIAN_POINT ( 'NONE',  ( 13.93167036409815829, 9.050002304961065391, -0.9309299713326002479 ) ) ;
#1654 = DIRECTION ( 'NONE',  ( 0.000000000000000000, 0.000000000000000000, -1.000000000000000000 ) ) ;
#1655 = CARTESIAN_POINT ( 'NONE',  ( 8.728405698850053795, 6.849269540290390701, 3.640982707160051124 ) ) ;
#1656 = LOCAL_TIME ( 18, 13, 43.00000000000000000, #1852 ) ;
#1657 = CARTESIAN_POINT ( 'NONE',  ( 13.93167036409815829, 7.000002315391870233, 1.119070054744432774 ) ) ;
#1658 = MANIFOLD_SOLID_BREP ( 'Fillet1', #303 ) ;
#1660 = ORIENTED_EDGE ( 'NONE', *, *, #6509, .T. ) ;
#1659 = CARTESIAN_POINT ( 'NONE',  ( -9.614169025001400470, 8.749999714529577588, 1.418246802151530206 ) ) ;
#1661 = PERSON_AND_ORGANIZATION_ROLE ( 'classification_officer' ) ;
#1663 = ORIENTED_EDGE ( 'NONE', *, *, #1205, .F. ) ;
#1662 = LINE ( 'NONE', #6735, #1159 ) ;
#1664 = EDGE_CURVE ( 'NONE', #6878, #5903, #2979, .T. ) ;
#1665 = VECTOR ( 'NONE', #4047, 1000.000000000000000 ) ;
#1666 = EDGE_LOOP ( 'NONE', ( #2566, #4892, #2746, #6740 ) ) ;
#1667 = CARTESIAN_POINT ( 'NONE',  ( -7.568001067311724839, 9.449999724960381542, -0.9867153539310745680 ) ) ;
#1668 = CARTESIAN_POINT ( 'NONE',  ( -8.618001082957942316, 3.849999724960383674, 1.463284682576770468 ) ) ;
#1669 = DATE_AND_TIME ( #5542, #5933 ) ;
#1671 = ORIENTED_EDGE ( 'NONE', *, *, #3166, .F. ) ;
#1670 = CARTESIAN_POINT ( 'NONE',  ( 15.70729124135815447, 7.049269540290389990, 4.033211835975495596 ) ) ;
#1672 = VECTOR ( 'NONE', #5990, 1000.000000000000000 ) ;
#1673 = CARTESIAN_POINT ( 'NONE',  ( -10.06800111946578902, 5.949999735391195976, 0.06328467214595895340 ) ) ;
#1674 = CARTESIAN_POINT ( 'NONE',  ( 9.757291152696254244, 2.149269540290390523, 4.033211835975495596 ) ) ;
#1675 = ORIENTED_EDGE ( 'NONE', *, *, #6361, .F. ) ;
#1676 = DIRECTION ( 'NONE',  ( 0.4472135954999579277, -0.000000000000000000, -0.8944271909999158554 ) ) ;
#1677 = ORIENTED_EDGE ( 'NONE', *, *, #4198, .F. ) ;
#1679 = EDGE_CURVE ( 'NONE', #4192, #1510, #1838, .T. ) ;
#1678 = CARTESIAN_POINT ( 'NONE',  ( 9.942067059198510748, 2.649269550721203181, 3.956675149502477673 ) ) ;
#1680 = CARTESIAN_POINT ( 'NONE',  ( 9.407291147480847826, 5.649269529859577865, 2.283211809898462619 ) ) ;
#1681 = CARTESIAN_POINT ( 'NONE',  ( -8.618001082957942316, 9.449999724960381542, -0.9867153539310745680 ) ) ;
#1682 = CARTESIAN_POINT ( 'NONE',  ( -9.668001098604165122, 4.549999724960382963, -1.336715359146480431 ) ) ;
#1683 = ORIENTED_EDGE ( 'NONE', *, *, #4844, .F. ) ;
#1684 = DIRECTION ( 'NONE',  ( 0.000000000000000000, 0.000000000000000000, -1.000000000000000000 ) ) ;
#1685 = PERSON ( 'NAUO-PER6', 'UNSPECIFIED', 'UNSPECIFIED', ('UNSPECIFIED'), ('UNSPECIFIED'), ('UNSPECIFIED') ) ;
#1688 = ADVANCED_FACE ( 'NONE', ( #6063, #1102 ), #5554, .T. ) ;
#1687 = ORIENTED_EDGE ( 'NONE', *, *, #2963, .T. ) ;
#1686 = DIRECTION ( 'NONE',  ( -1.000000000000000000, 0.000000000000000000, 0.000000000000000000 ) ) ;
#1689 = CARTESIAN_POINT ( 'NONE',  ( -10.06800111946578902, 8.049999714529571193, -2.036715380008108145 ) ) ;
#1690 = CARTESIAN_POINT ( 'NONE',  ( 12.20729118920410095, 3.549269550721202648, 2.983211809898461908 ) ) ;
#1691 = DIRECTION ( 'NONE',  ( 0.4472135954999579832, -1.939479807224435648E-15, -0.8944271909999159664 ) ) ;
#1692 = ADVANCED_FACE ( 'NONE', ( #7153 ), #2726, .F. ) ;
#1693 = VECTOR ( 'NONE', #2560, 1000.000000000000000 ) ;
#1694 = VERTEX_POINT ( 'NONE', #2229 ) ;
#1696 = ORIENTED_EDGE ( 'NONE', *, *, #1460, .F. ) ;
#1695 = CARTESIAN_POINT ( 'NONE',  ( -11.38300120552001005, 6.999999761468229664, -3.436715390438920270 ) ) ;
#1698 = ORIENTED_EDGE ( 'NONE', *, *, #484, .T. ) ;
#1697 = DIRECTION ( 'NONE',  ( -0.3826834323650898928, 0.000000000000000000, -0.9238795325112867385 ) ) ;
#1699 =( REPRESENTATION_RELATIONSHIP ('NONE','NONE', #3533, #2745 ) REPRESENTATION_RELATIONSHIP_WITH_TRANSFORMATION ( #5027 )SHAPE_REPRESENTATION_RELATIONSHIP( ) );
#1700 = ORIENTED_EDGE ( 'NONE', *, *, #509, .F. ) ;
#1701 = DIRECTION ( 'NONE',  ( 0.000000000000000000, 0.000000000000000000, 1.000000000000000000 ) ) ;
#1702 = DIRECTION ( 'NONE',  ( -1.000000000000000000, -0.000000000000000000, -0.000000000000000000 ) ) ;
#1703 = EDGE_CURVE ( 'NONE', #3331, #6665, #5451, .T. ) ;
#1704 = SHAPE_DEFINITION_REPRESENTATION ( #967, #2745 ) ;
#1706 = ORIENTED_EDGE ( 'NONE', *, *, #6744, .T. ) ;
#1705 = CARTESIAN_POINT ( 'NONE',  ( -10.06800111946578902, 8.049999714529571193, 0.7632846721459588535 ) ) ;
#1707 = LINE ( 'NONE', #458, #5329 ) ;
#1708 = VECTOR ( 'NONE', #4161, 1000.000000000000227 ) ;
#1709 = CARTESIAN_POINT ( 'NONE',  ( -8.618001082957942316, 4.549999724960382963, -0.9867153539310745680 ) ) ;
#1710 = AXIS2_PLACEMENT_3D ( 'NONE', #2807, #3271, #1648 ) ;
#1711 = VERTEX_POINT ( 'NONE', #1175 ) ;
#1712 = CARTESIAN_POINT ( 'NONE',  ( -9.668001098604165122, 9.449999724960381542, -1.336715359146480431 ) ) ;
#1713 = AXIS2_PLACEMENT_3D ( 'NONE', #4915, #1629, #6566 ) ;
#1714 = EDGE_CURVE ( 'NONE', #505, #3099, #5169, .T. ) ;
#1715 = CARTESIAN_POINT ( 'NONE',  ( 9.401840441159937001, 2.849269550721202471, 2.795079038453178288 ) ) ;
#1716 = ORIENTED_EDGE ( 'NONE', *, *, #4353, .F. ) ;
#1717 = ORIENTED_EDGE ( 'NONE', *, *, #300, .T. ) ;
#1718 = CONICAL_SURFACE ( 'NONE', #2063, 1.050000015646217477, 0.7853981633974476129 ) ;
#1719 = CARTESIAN_POINT ( 'NONE',  ( 14.18911589255335137, 2.829569407799047642, 2.519562465784801475 ) ) ;
#1720 = DIRECTION ( 'NONE',  ( -0.3826834323650930569, -0.000000000000000000, -0.9238795325112854062 ) ) ;
#1721 = CARTESIAN_POINT ( 'NONE',  ( -11.06800111946578902, 8.049999714529571193, -2.736715380008108323 ) ) ;
#1722 = EDGE_CURVE ( 'NONE', #6311, #1492, #4759, .T. ) ;
#1723 = CARTESIAN_POINT ( 'NONE',  ( -8.618001082957942316, 9.449999724960381542, -3.436715390438920270 ) ) ;
#1724 = CIRCLE ( 'NONE', #4728, 1.050000015646217477 ) ;
#1725 = CARTESIAN_POINT ( 'NONE',  ( 11.13167034323653048, 10.15000231539186970, -0.9309299713326002479 ) ) ;
#1726 = DIRECTION ( 'NONE',  ( 0.000000000000000000, 0.000000000000000000, -1.000000000000000000 ) ) ;
#1728 = ORIENTED_EDGE ( 'NONE', *, *, #6803, .F. ) ;
#1727 = LINE ( 'NONE', #6728, #1862 ) ;
#1729 = DIRECTION ( 'NONE',  ( 0.000000000000000000, 1.000000000000000000, 0.000000000000000000 ) ) ;
#1730 = CARTESIAN_POINT ( 'NONE',  ( 11.50654407254469014, 5.761869554377397229, 0.8190700547444340618 ) ) ;
#1731 = DIRECTION ( 'NONE',  ( 0.000000000000000000, -1.000000000000000000, 0.000000000000000000 ) ) ;
#1732 = EDGE_CURVE ( 'NONE', #5143, #4138, #6691, .T. ) ;
#1734 = ORIENTED_EDGE ( 'NONE', *, *, #1995, .T. ) ;
#1733 = CARTESIAN_POINT ( 'NONE',  ( 10.48216489765063564, 3.549269550721202648, 5.783211862052531238 ) ) ;
#1736 = ORIENTED_EDGE ( 'NONE', *, *, #4500, .T. ) ;
#1735 = SPHERICAL_SURFACE ( 'NONE', #3581, 0.2000000000000000111 ) ;
#1737 =( BOUNDED_CURVE ( )  B_SPLINE_CURVE ( 3, ( #6029, #2233, #1065, #3931 ),
 .UNSPECIFIED., .F., .F. ) 
 B_SPLINE_CURVE_WITH_KNOTS ( ( 4, 4 ),
 ( 3.141592653589793116, 4.712388980384687898 ),
 .UNSPECIFIED. ) 
 CURVE ( )  GEOMETRIC_REPRESENTATION_ITEM ( )  RATIONAL_B_SPLINE_CURVE ( ( 1.000000000000000000, 0.8047378541243654926, 0.8047378541243654926, 1.000000000000000000 ) ) 
 REPRESENTATION_ITEM ( '' )  );
#1738 = EDGE_CURVE ( 'NONE', #4323, #5274, #3853, .T. ) ;
#1739 = DESIGN_CONTEXT ( 'detailed design', #2588, 'design' ) ;
#1740 = ORIENTED_EDGE ( 'NONE', *, *, #5087, .T. ) ;
#1741 = CONICAL_SURFACE ( 'NONE', #449, 1.050000015646217477, 0.7853981633974476129 ) ;
#1742 = CARTESIAN_POINT ( 'NONE',  ( -10.36800111946578973, 10.14999972496038261, -2.736715390438920092 ) ) ;
#1743 = AXIS2_PLACEMENT_3D ( 'NONE', #426, #3659, #3589 ) ;
#1744 = CARTESIAN_POINT ( 'NONE',  ( 12.49652003039348180, 10.15000231539186970, -3.380930007840445395 ) ) ;
#1745 = DATE_AND_TIME ( #2291, #1426 ) ;
#1746 = VERTEX_POINT ( 'NONE', #658 ) ;
#1747 = CARTESIAN_POINT ( 'NONE',  ( 10.08167032237490801, 5.250002325822681115, -1.980929997409633270 ) ) ;
#1748 = CARTESIAN_POINT ( 'NONE',  ( 14.65729122571193699, 6.549269529859585326, 4.033211835975495596 ) ) ;
#1749 = ORIENTED_EDGE ( 'NONE', *, *, #7093, .T. ) ;
#1750 = TOROIDAL_SURFACE ( 'NONE', #5797, 1.000000000000000000, 0.2999999999999999889 ) ;
#1751 = DIRECTION ( 'NONE',  ( 0.3826834323650898928, -0.000000000000000000, 0.9238795325112867385 ) ) ;
#1752 = LINE ( 'NONE', #6019, #3395 ) ;
#1753 = ORIENTED_EDGE ( 'NONE', *, *, #4401, .T. ) ;
#1754 = ORIENTED_EDGE ( 'NONE', *, *, #234, .F. ) ;
#1755 = CARTESIAN_POINT ( 'NONE',  ( 13.63309632825774997, 3.367260549730766162, 5.783211862052529462 ) ) ;
#1756 = CARTESIAN_POINT ( 'NONE',  ( 9.507526477169172097, 6.260920007653774100, 2.630678537994264765 ) ) ;
#1757 = CARTESIAN_POINT ( 'NONE',  ( 11.48970279241824421, 7.349269540290390701, 6.483211872483341409 ) ) ;
#1758 = AXIS2_PLACEMENT_3D ( 'NONE', #5998, #480, #2094 ) ;
#1759 = DIRECTION ( 'NONE',  ( 1.000000000000000000, 0.000000000000000000, 0.000000000000000000 ) ) ;
#1760 = EDGE_CURVE ( 'NONE', #5763, #351, #7184, .T. ) ;
#1761 = DIRECTION ( 'NONE',  ( 0.000000000000000000, 0.000000000000000000, 1.000000000000000000 ) ) ;
#1762 = CIRCLE ( 'NONE', #2463, 1.260000010430811335 ) ;
#1763 = VECTOR ( 'NONE', #4320, 1000.000000000000000 ) ;
#1764 = VECTOR ( 'NONE', #6535, 1000.000000000000000 ) ;
#1765 = CARTESIAN_POINT ( 'NONE',  ( 11.68229118138100731, 2.149269540290390523, 4.033211835975495596 ) ) ;
#1767 = ORIENTED_EDGE ( 'NONE', *, *, #2312, .T. ) ;
#1766 = DIRECTION ( 'NONE',  ( 0.000000000000000000, 1.000000000000000000, 0.000000000000000000 ) ) ;
#1768 = DIRECTION ( 'NONE',  ( 0.000000000000000000, 0.000000000000000000, -1.000000000000000000 ) ) ;
#1769 = CARTESIAN_POINT ( 'NONE',  ( 14.18509956065412503, 2.499269545505796053, 5.173183357797631388 ) ) ;
#1770 = CIRCLE ( 'NONE', #1063, 2.250000036507845635 ) ;
#1771 = ADVANCED_FACE ( 'NONE', ( #6722 ), #5986, .T. ) ;
#1772 = CYLINDRICAL_SURFACE ( 'NONE', #1181, 2.450000036507845369 ) ;
#1773 = CC_DESIGN_APPROVAL ( #5031, ( #4425 ) ) ;
#1775 = ORIENTED_EDGE ( 'NONE', *, *, #2493, .F. ) ;
#1774 = FACE_OUTER_BOUND ( 'NONE', #197, .T. ) ;
#1776 = EDGE_CURVE ( 'NONE', #6021, #1081, #6184, .T. ) ;
#1777 = APPROVAL_PERSON_ORGANIZATION ( #3904, #5122, #1118 ) ;
#1778 = ORIENTED_EDGE ( 'NONE', *, *, #5521, .T. ) ;
#1779 = EDGE_CURVE ( 'NONE', #2822, #6328, #542, .T. ) ;
#1780 = DIRECTION ( 'NONE',  ( -1.000000000000000000, 0.000000000000000000, -8.673617379884032317E-15 ) ) ;
#1781 =( BOUNDED_CURVE ( )  B_SPLINE_CURVE ( 3, ( #823, #2507, #4636, #276 ),
 .UNSPECIFIED., .F., .F. ) 
 B_SPLINE_CURVE_WITH_KNOTS ( ( 4, 4 ),
 ( 3.141592653589793116, 4.712388980384689674 ),
 .UNSPECIFIED. ) 
 CURVE ( )  GEOMETRIC_REPRESENTATION_ITEM ( )  RATIONAL_B_SPLINE_CURVE ( ( 1.000000000000000000, 0.8047378541243649375, 0.8047378541243649375, 1.000000000000000000 ) ) 
 REPRESENTATION_ITEM ( '' )  );
#1782 = CARTESIAN_POINT ( 'NONE',  ( 10.43167031194409411, 3.850002315391870322, -0.9309299713326003589 ) ) ;
#1783 = DATE_TIME_ROLE ( 'classification_date' ) ;
#1785 = VERTEX_POINT ( 'NONE', #3312 ) ;
#1784 = LINE ( 'NONE', #3990, #2969 ) ;
#1786 = EDGE_LOOP ( 'NONE', ( #1235, #6135, #23, #2942, #7051 ) ) ;
#1787 = DIRECTION ( 'NONE',  ( 1.000000000000000000, 0.000000000000000000, 0.000000000000000000 ) ) ;
#1788 = CARTESIAN_POINT ( 'NONE',  ( 14.65729122571193699, 7.049269540290389990, 6.283211872483341232 ) ) ;
#1789 = VERTEX_POINT ( 'NONE', #5083 ) ;
#1790 = EDGE_CURVE ( 'NONE', #1223, #5241, #6577, .T. ) ;
#1791 = PLANE ( 'NONE',  #3203 ) ;
#1792 = VECTOR ( 'NONE', #6400, 1000.000000000000000 ) ;
#1793 = DIRECTION ( 'NONE',  ( -0.9999999999999997780, 1.110223024625071491E-16, 7.009313887098069836E-15 ) ) ;
#1794 = ORIENTED_EDGE ( 'NONE', *, *, #837, .F. ) ;
#1795 = EDGE_LOOP ( 'NONE', ( #5286, #1934, #2066, #452 ) ) ;
#1796 = CARTESIAN_POINT ( 'NONE',  ( 14.00032365415185609, 6.549169249772760715, 5.096646671324609024 ) ) ;
#1797 = CARTESIAN_POINT ( 'NONE',  ( 13.81787223472671933, 5.649269529859577865, 6.059748548525545786 ) ) ;
#1798 = FACE_OUTER_BOUND ( 'NONE', #3637, .T. ) ;
#1799 = CARTESIAN_POINT ( 'NONE',  ( 8.707291137050036767, 2.205057713879938319, 3.791659149766628545 ) ) ;
#1800 = DIRECTION ( 'NONE',  ( 0.000000000000000000, 0.000000000000000000, -1.000000000000000000 ) ) ;
#1801 = DIRECTION ( 'NONE',  ( 1.000000000000000000, 0.000000000000000000, 0.000000000000000000 ) ) ;
#1802 = ADVANCED_FACE ( 'NONE', ( #1798 ), #4391, .F. ) ;
#1804 = ORIENTED_EDGE ( 'NONE', *, *, #6512, .F. ) ;
#1803 = CARTESIAN_POINT ( 'NONE',  ( 13.74228463742814021, 6.144244276690161932, 5.578186608883112463 ) ) ;
#1805 = CONICAL_SURFACE ( 'NONE', #5491, 0.5600000000000014966, 0.7853981633974476129 ) ;
#1806 = CARTESIAN_POINT ( 'NONE',  ( 10.78167032759031230, 10.15000231539186970, -0.9309299713326002479 ) ) ;
#1807 = DIRECTION ( 'NONE',  ( 1.000000000000000000, 0.000000000000000000, 0.000000000000000000 ) ) ;
#1808 = LINE ( 'NONE', #591, #2602 ) ;
#1809 = ORIENTED_EDGE ( 'NONE', *, *, #1868, .T. ) ;
#1810 = FACE_OUTER_BOUND ( 'NONE', #1514, .T. ) ;
#1811 = PRODUCT_DEFINITION ( 'UNKNOWN', '', #6042, #1739 ) ;
#1813 = ORIENTED_EDGE ( 'NONE', *, *, #2362, .F. ) ;
#1812 = DIRECTION ( 'NONE',  ( 0.000000000000000000, 0.000000000000000000, -1.000000000000000000 ) ) ;
#1814 =( BOUNDED_CURVE ( )  B_SPLINE_CURVE ( 3, ( #2178, #6044, #6600, #3836 ),
 .UNSPECIFIED., .F., .F. ) 
 B_SPLINE_CURVE_WITH_KNOTS ( ( 4, 4 ),
 ( 4.712388980384689674, 5.497787143782137065 ),
 .UNSPECIFIED. ) 
 CURVE ( )  GEOMETRIC_REPRESENTATION_ITEM ( )  RATIONAL_B_SPLINE_CURVE ( ( 1.000000000000000000, 0.9492530216741912330, 0.9492530216741912330, 1.000000000000000000 ) ) 
 REPRESENTATION_ITEM ( '' )  );
#1815 = EDGE_CURVE ( 'NONE', #2405, #5962, #4068, .T. ) ;
#1816 = EDGE_CURVE ( 'NONE', #1087, #3795, #287, .T. ) ;
#1817 = CARTESIAN_POINT ( 'NONE',  ( 10.78167032759031230, 9.450002315391870411, -0.9309299713326002479 ) ) ;
#1818 = DIRECTION ( 'NONE',  ( -1.000000000000000000, 0.000000000000000000, 0.000000000000000000 ) ) ;
#1819 = APPROVAL_ROLE ( '' ) ;
#1821 = ORIENTED_EDGE ( 'NONE', *, *, #3027, .F. ) ;
#1820 = DIRECTION ( 'NONE',  ( 1.000000000000000000, -0.000000000000000000, -2.774754023183460056E-16 ) ) ;
#1822 = DIRECTION ( 'NONE',  ( 1.000000000000000000, 0.000000000000000000, 0.000000000000000000 ) ) ;
#1823 = CIRCLE ( 'NONE', #2049, 1.050000015646217477 ) ;
#1824 =( BOUNDED_CURVE ( )  B_SPLINE_CURVE ( 3, ( #6246, #1279, #3490, #5243 ),
 .UNSPECIFIED., .F., .F. ) 
 B_SPLINE_CURVE_WITH_KNOTS ( ( 4, 4 ),
 ( 4.931514561103273131, 5.819537698178789853 ),
 .UNSPECIFIED. ) 
 CURVE ( )  GEOMETRIC_REPRESENTATION_ITEM ( )  RATIONAL_B_SPLINE_CURVE ( ( 1.000000000000000000, 0.9353571350100664539, 0.9353571350100664539, 1.000000000000000000 ) ) 
 REPRESENTATION_ITEM ( '' )  );
#1825 = ORIENTED_EDGE ( 'NONE', *, *, #1896, .F. ) ;
#1826 = CARTESIAN_POINT ( 'NONE',  ( -9.052925334251154865, 8.749999714529577588, 0.06328467214595895340 ) ) ;
#1827 = EDGE_CURVE ( 'NONE', #6058, #1643, #6235, .T. ) ;
#1828 = EDGE_LOOP ( 'NONE', ( #3075, #2173, #7076, #5289 ) ) ;
#1829 = ORIENTED_EDGE ( 'NONE', *, *, #2476, .T. ) ;
#1830 = VECTOR ( 'NONE', #218, 1000.000000000000000 ) ;
#1831 = DIRECTION ( 'NONE',  ( -0.000000000000000000, 1.000000000000000000, -0.000000000000000000 ) ) ;
#1832 = CARTESIAN_POINT ( 'NONE',  ( 9.107291137050037122, 6.749269529859585504, 4.033211835975495596 ) ) ;
#1833 = EDGE_CURVE ( 'NONE', #878, #525, #5667, .T. ) ;
#1834 = DIRECTION ( 'NONE',  ( -0.000000000000000000, -0.000000000000000000, 1.000000000000000000 ) ) ;
#1835 = CYLINDRICAL_SURFACE ( 'NONE', #4562, 0.7000000000000000666 ) ;
#1836 = CIRCLE ( 'NONE', #6805, 1.000000000000000000 ) ;
#1837 = CARTESIAN_POINT ( 'NONE',  ( 12.51408196731230227, 3.850002315391870322, 0.8014816683893866145 ) ) ;
#1838 = CIRCLE ( 'NONE', #3907, 0.1999999999999996503 ) ;
#1839 = CARTESIAN_POINT ( 'NONE',  ( 13.88857003851717309, 5.496437356317787959, -2.680929997409633891 ) ) ;
#1841 = ORIENTED_EDGE ( 'NONE', *, *, #5836, .F. ) ;
#1840 = DIRECTION ( 'NONE',  ( 0.000000000000000000, -1.000000000000000000, 0.000000000000000000 ) ) ;
#1842 = CARTESIAN_POINT ( 'NONE',  ( 13.60729121006570885, 7.049269540290389990, 4.033211835975495596 ) ) ;
#1843 = CARTESIAN_POINT ( 'NONE',  ( 9.730897945230827517, 3.549269550721202648, 2.083211809898461997 ) ) ;
#1844 = DIRECTION ( 'NONE',  ( 1.000000000000000000, 0.000000000000000000, 0.000000000000000000 ) ) ;
#1845 = ORIENTED_EDGE ( 'NONE', *, *, #2874, .T. ) ;
#1846 = DIRECTION ( 'NONE',  ( 0.3826834323650898928, 0.000000000000000000, 0.9238795325112867385 ) ) ;
#1847 = TOROIDAL_SURFACE ( 'NONE', #5533, 1.250000015646217877, 0.2000000000000000111 ) ;
#1849 = VERTEX_POINT ( 'NONE', #1865 ) ;
#1848 = CARTESIAN_POINT ( 'NONE',  ( 14.18509956065411259, 2.649369830808020687, 5.173183357797627835 ) ) ;
#1850 = EDGE_CURVE ( 'NONE', #6328, #5148, #3295, .T. ) ;
#1851 = CARTESIAN_POINT ( 'NONE',  ( 9.102012507030844191, 2.649269550721202293, 2.893769090798470334 ) ) ;
#1852 = COORDINATED_UNIVERSAL_TIME_OFFSET ( 1, 0, .AHEAD. ) ;
#1854 = ORIENTED_EDGE ( 'NONE', *, *, #545, .F. ) ;
#1853 = DIRECTION ( 'NONE',  ( 0.7071067811865470176, -0.7071067811865480168, 0.000000000000000000 ) ) ;
#1855 = AXIS2_PLACEMENT_3D ( 'NONE', #3443, #4482, #677 ) ;
#1856 = ORIENTED_EDGE ( 'NONE', *, *, #1464, .F. ) ;
#1857 = PLANE ( 'NONE',  #772 ) ;
#1858 = EDGE_CURVE ( 'NONE', #1271, #6835, #694, .T. ) ;
#1859 = ORIENTED_EDGE ( 'NONE', *, *, #3546, .F. ) ;
#1860 = ORIENTED_EDGE ( 'NONE', *, *, #5925, .T. ) ;
#1861 = CIRCLE ( 'NONE', #6485, 1.050000015646217477 ) ;
#1862 = VECTOR ( 'NONE', #3971, 1000.000000000000000 ) ;
#1863 = DIRECTION ( 'NONE',  ( 0.000000000000000000, -1.000000000000000000, 0.000000000000000000 ) ) ;
#1864 = LINE ( 'NONE', #4067, #6513 ) ;
#1865 = CARTESIAN_POINT ( 'NONE',  ( 11.47214085549942553, 2.149269540290390523, 2.283414511802114522 ) ) ;
#1866 = EDGE_CURVE ( 'NONE', #2264, #5250, #5063, .T. ) ;
#1867 = LINE ( 'NONE', #2982, #1830 ) ;
#1868 = EDGE_CURVE ( 'NONE', #1360, #2877, #2872, .T. ) ;
#1869 = EDGE_CURVE ( 'NONE', #1173, #4254, #6858, .T. ) ;
#1870 = ORIENTED_EDGE ( 'NONE', *, *, #1001, .T. ) ;
#1871 = CARTESIAN_POINT ( 'NONE',  ( 13.74228463742814021, 3.054294803890619026, 5.578186608883112463 ) ) ;
#1873 = VERTEX_POINT ( 'NONE', #5260 ) ;
#1872 = PLANE ( 'NONE',  #3153 ) ;
#1874 = CARTESIAN_POINT ( 'NONE',  ( 13.56300775749144094, 2.499269545505796053, 6.675045826034115670 ) ) ;
#1875 = LINE ( 'NONE', #3025, #3684 ) ;
#1876 = CARTESIAN_POINT ( 'NONE',  ( 9.599095996764773986, 3.054294803890619026, 2.488237063067879173 ) ) ;
#1877 = AXIS2_PLACEMENT_3D ( 'NONE', #2890, #5091, #121 ) ;
#1878 = DIRECTION ( 'NONE',  ( 0.000000000000000000, 0.000000000000000000, -1.000000000000000000 ) ) ;
#1880 = ORIENTED_EDGE ( 'NONE', *, *, #5629, .F. ) ;
#1879 = LINE ( 'NONE', #2932, #108 ) ;
#1881 = CONICAL_SURFACE ( 'NONE', #821, 1.050000015646217477, 0.7853981633974476129 ) ;
#1882 = CARTESIAN_POINT ( 'NONE',  ( 12.20729118920410095, 4.599269503782545065, 5.783211862052528573 ) ) ;
#1883 = CIRCLE ( 'NONE', #3261, 0.7000000000000000666 ) ;
#1884 = CARTESIAN_POINT ( 'NONE',  ( 9.339813420940942024, 2.849269550721202471, 2.891565514349609067 ) ) ;
#1885 = MECHANICAL_CONTEXT ( 'NONE', #7162, 'mechanical' ) ;
#1887 = ORIENTED_EDGE ( 'NONE', *, *, #698, .F. ) ;
#1886 = CARTESIAN_POINT ( 'NONE',  ( -10.06800111946578902, 8.049999714529571193, 0.06328467214595895340 ) ) ;
#1888 = EDGE_CURVE ( 'NONE', #4147, #5805, #6417, .T. ) ;
#1889 = APPROVAL_PERSON_ORGANIZATION ( #3912, #5342, #6567 ) ;
#1890 = ORIENTED_EDGE ( 'NONE', *, *, #6237, .F. ) ;
#1891 = CARTESIAN_POINT ( 'NONE',  ( 10.98859283569086287, 2.149269540290390523, 6.483211872483341409 ) ) ;
#1892 = SECURITY_CLASSIFICATION ( '', '', #6595 ) ;
#1893 = VERTEX_POINT ( 'NONE', #2445 ) ;
#1894 = DIRECTION ( 'NONE',  ( 0.000000000000000000, 1.000000000000000000, 0.000000000000000000 ) ) ;
#1895 = CYLINDRICAL_SURFACE ( 'NONE', #4296, 0.3999999999999999667 ) ;
#1896 = EDGE_CURVE ( 'NONE', #3331, #4455, #6255, .T. ) ;
#1897 = VECTOR ( 'NONE', #4981, 1000.000000000000000 ) ;
#1898 = DIRECTION ( 'NONE',  ( 0.000000000000000000, -1.000000000000000000, 0.000000000000000000 ) ) ;
#1899 = ADVANCED_FACE ( 'NONE', ( #4647 ), #6929, .T. ) ;
#1900 = ORIENTED_EDGE ( 'NONE', *, *, #3578, .F. ) ;
#1901 = DIRECTION ( 'NONE',  ( 0.000000000000000000, -1.000000000000000000, 0.000000000000000000 ) ) ;
#1902 = ORIENTED_EDGE ( 'NONE', *, *, #4563, .T. ) ;
#1903 = CARTESIAN_POINT ( 'NONE',  ( 13.23167036409815722, 8.544977051791642353, -2.475904744240216449 ) ) ;
#1904 = AXIS2_PLACEMENT_3D ( 'NONE', #4037, #2951, #3500 ) ;
#1905 = CARTESIAN_POINT ( 'NONE',  ( 10.90575012321624193, 2.164493633788133753, 6.483211872483341409 ) ) ;
#1906 = CYLINDRICAL_SURFACE ( 'NONE', #4096, 0.2000000000000002331 ) ;
#1907 = VERTEX_POINT ( 'NONE', #5808 ) ;
#1908 = VECTOR ( 'NONE', #4671, 1000.000000000000000 ) ;
#1909 = EDGE_CURVE ( 'NONE', #626, #2897, #6317, .T. ) ;
#1910 = CARTESIAN_POINT ( 'NONE',  ( 14.05188247428048776, 6.144244276690161932, 2.488237063067879173 ) ) ;
#1912 = ORIENTED_EDGE ( 'NONE', *, *, #5792, .F. ) ;
#1911 = CARTESIAN_POINT ( 'NONE',  ( 10.77211439563238393, 7.249269540290389280, 6.283211872483342120 ) ) ;
#1913 = LINE ( 'NONE', #5075, #3997 ) ;
#1914 = ADVANCED_FACE ( 'NONE', ( #762 ), #5009, .T. ) ;
#1915 = CARTESIAN_POINT ( 'NONE',  ( 13.81787223472671755, 6.170258144083593521, 6.059748548525546674 ) ) ;
#1916 = CARTESIAN_POINT ( 'NONE',  ( 9.503514598419034343, 3.079481527361796367, 2.090764908022090474 ) ) ;
#1917 = PERSON_AND_ORGANIZATION_ROLE ( 'design_owner' ) ;
#1919 = ORIENTED_EDGE ( 'NONE', *, *, #698, .T. ) ;
#1918 = CARTESIAN_POINT ( 'NONE',  ( 8.728405698850053795, 2.449269550721202560, 3.640982707160051124 ) ) ;
#1920 = ORIENTED_EDGE ( 'NONE', *, *, #6061, .T. ) ;
#1921 = ORIENTED_EDGE ( 'NONE', *, *, #5072, .F. ) ;
#1922 = EDGE_CURVE ( 'NONE', #1444, #6719, #4851, .T. ) ;
#1923 = DIRECTION ( 'NONE',  ( -0.000000000000000000, 1.000000000000000000, -0.000000000000000000 ) ) ;
#1924 = DIRECTION ( 'NONE',  ( 0.000000000000000000, 0.000000000000000000, 1.000000000000000000 ) ) ;
#1925 = EDGE_LOOP ( 'NONE', ( #3832, #1074, #6117, #2301 ) ) ;
#1926 = ORIENTED_EDGE ( 'NONE', *, *, #2874, .F. ) ;
#1927 = CARTESIAN_POINT ( 'NONE',  ( 11.48970279241824421, 7.049269540290389990, 5.258211854229417170 ) ) ;
#1928 = DIRECTION ( 'NONE',  ( -1.000000000000000000, 0.000000000000000000, 0.000000000000000000 ) ) ;
#1929 = CARTESIAN_POINT ( 'NONE',  ( 8.728405698850052019, 6.749269529859585504, 3.640982707160053344 ) ) ;
#1930 = EDGE_CURVE ( 'NONE', #1622, #5216, #3158, .T. ) ;
#1931 = ORIENTED_EDGE ( 'NONE', *, *, #5211, .T. ) ;
#1932 = DIRECTION ( 'NONE',  ( 1.000000000000000000, 0.000000000000000000, 0.000000000000000000 ) ) ;
#1933 = ORIENTED_EDGE ( 'NONE', *, *, #4224, .T. ) ;
#1934 = ORIENTED_EDGE ( 'NONE', *, *, #3263, .F. ) ;
#1935 = DIRECTION ( 'NONE',  ( 1.000000000000000000, 0.000000000000000000, 0.000000000000000000 ) ) ;
#1936 = ADVANCED_FACE ( 'NONE', ( #6461 ), #3627, .T. ) ;
#1938 = ORIENTED_EDGE ( 'NONE', *, *, #4365, .T. ) ;
#1937 = LINE ( 'NONE', #5712, #6859 ) ;
#1939 = CARTESIAN_POINT ( 'NONE',  ( 11.88970279241824457, 1.449269540290390568, 6.083211872483341054 ) ) ;
#1940 = CARTESIAN_POINT ( 'NONE',  ( 13.50883225519194930, 6.699269608090674843, 6.283211872483342120 ) ) ;
#1941 = VECTOR ( 'NONE', #2688, 1000.000000000000000 ) ;
#1942 = VECTOR ( 'NONE', #4004, 1000.000000000000000 ) ;
#1943 = ORIENTED_EDGE ( 'NONE', *, *, #3878, .F. ) ;
#1944 = CARTESIAN_POINT ( 'NONE',  ( 14.18368442274654306, 5.649269529859577865, 2.283211809898462175 ) ) ;
#1945 = EDGE_CURVE ( 'NONE', #5233, #6488, #4887, .T. ) ;
#1946 = ORIENTED_EDGE ( 'NONE', *, *, #4584, .F. ) ;
#1947 = ORIENTED_EDGE ( 'NONE', *, *, #6839, .F. ) ;
#1948 = LINE ( 'NONE', #342, #4649 ) ;
#1949 = DIRECTION ( 'NONE',  ( 0.000000000000000000, 0.000000000000000000, -1.000000000000000000 ) ) ;
#1950 = EDGE_CURVE ( 'NONE', #6788, #3842, #6848, .T. ) ;
#1951 = AXIS2_PLACEMENT_3D ( 'NONE', #3159, #3700, #5370 ) ;
#1952 = AXIS2_PLACEMENT_3D ( 'NONE', #4904, #7125, #3205 ) ;
#1953 = CARTESIAN_POINT ( 'NONE',  ( 9.151937653238086057, 2.861338315881667871, 2.793918798383778768 ) ) ;
#1954 = EDGE_CURVE ( 'NONE', #2665, #3877, #5910, .T. ) ;
#1955 = ITEM_DEFINED_TRANSFORMATION ( 'NONE', 'NONE', #3150,  #4081 ) ;
#1956 = PRODUCT_DEFINITION_SHAPE ( 'NONE', 'NONE',  #7188 ) ;
#1958 = EDGE_LOOP ( 'NONE', ( #1683, #2894, #3755, #802 ) ) ;
#1957 = CARTESIAN_POINT ( 'NONE',  ( 13.40729121006571845, 6.549269529859585326, 4.033211835975495596 ) ) ;
#1959 = ORIENTED_EDGE ( 'NONE', *, *, #5005, .T. ) ;
#1960 = CARTESIAN_POINT ( 'NONE',  ( -12.50300120552000926, 6.999999761468229664, -3.436715390438920270 ) ) ;
#1961 = PERSON_AND_ORGANIZATION_ROLE ( 'creator' ) ;
#1962 = ORIENTED_EDGE ( 'NONE', *, *, #5254, .T. ) ;
#1963 = CARTESIAN_POINT ( 'NONE',  ( 10.12249850837398668, 2.722149687005101626, 4.914900387131080350 ) ) ;
#1964 = CARTESIAN_POINT ( 'NONE',  ( 8.928405698850053085, 6.349269529859586925, 3.240982707160053877 ) ) ;
#1965 = CARTESIAN_POINT ( 'NONE',  ( 12.55729126743518975, 6.699269608090674843, 6.483211872483341409 ) ) ;
#1966 = AXIS2_PLACEMENT_3D ( 'NONE', #1911, #5198, #1340 ) ;
#1967 = ORIENTED_EDGE ( 'NONE', *, *, #6220, .F. ) ;
#1968 = VERTEX_POINT ( 'NONE', #4783 ) ;
#1969 = CARTESIAN_POINT ( 'NONE',  ( -10.36800111946578973, 10.14999972496038261, -0.9867153539310745680 ) ) ;
#1971 = ORIENTED_EDGE ( 'NONE', *, *, #4321, .F. ) ;
#1970 = CARTESIAN_POINT ( 'NONE',  ( 14.31407195233473040, 6.119057553219019674, 2.269650346222044313 ) ) ;
#1972 = LINE ( 'NONE', #1365, #1637 ) ;
#1973 = DIRECTION ( 'NONE',  ( -1.000000000000000000, -0.000000000000000000, -0.000000000000000000 ) ) ;
#1974 = EDGE_CURVE ( 'NONE', #5872, #1271, #5194, .T. ) ;
#1975 = CARTESIAN_POINT ( 'NONE',  ( 10.78148605018372841, 3.361136779275918585, 5.783211862052528573 ) ) ;
#1976 = VERTEX_POINT ( 'NONE', #5947 ) ;
#1977 = VECTOR ( 'NONE', #2795, 1000.000000000000000 ) ;
#1978 = CARTESIAN_POINT ( 'NONE',  ( 12.49652003039348180, 9.450002315391870411, -3.380930007840445395 ) ) ;
#1980 = ORIENTED_EDGE ( 'NONE', *, *, #3948, .T. ) ;
#1979 = CARTESIAN_POINT ( 'NONE',  ( -9.632824325894073780, 9.449999724960381542, 1.463284682576770468 ) ) ;
#1981 = DIRECTION ( 'NONE',  ( 0.000000000000000000, 0.000000000000000000, -1.000000000000000000 ) ) ;
#1982 = CARTESIAN_POINT ( 'NONE',  ( 13.50883225519194930, 2.499269545505796053, 6.283211872483342120 ) ) ;
#1983 = VECTOR ( 'NONE', #2275, 1000.000000000000000 ) ;
#1984 = AXIS2_PLACEMENT_3D ( 'NONE', #3144, #1520, #4770 ) ;
#1985 = VECTOR ( 'NONE', #3804, 1000.000000000000000 ) ;
#1986 = EDGE_CURVE ( 'NONE', #291, #4797, #7150, .T. ) ;
#1987 = CARTESIAN_POINT ( 'NONE',  ( 14.09944679447836791, 6.549235036612448546, 4.922795572791775598 ) ) ;
#1988 = DATE_AND_TIME ( #6986, #4886 ) ;
#1989 = ADVANCED_FACE ( 'NONE', ( #5841, #870 ), #3089, .F. ) ;
#1990 = CIRCLE ( 'NONE', #4292, 3.149999999999999911 ) ;
#1991 = VECTOR ( 'NONE', #5493, 1000.000000000000000 ) ;
#1993 = ORIENTED_EDGE ( 'NONE', *, *, #5935, .F. ) ;
#1992 = LINE ( 'NONE', #6341, #6834 ) ;
#1994 = VECTOR ( 'NONE', #3554, 1000.000000000000000 ) ;
#1995 = EDGE_CURVE ( 'NONE', #291, #5250, #2552, .T. ) ;
#1996 = CIRCLE ( 'NONE', #6038, 3.149999999999999467 ) ;
#1997 = ORIENTED_EDGE ( 'NONE', *, *, #1732, .T. ) ;
#1998 = CARTESIAN_POINT ( 'NONE',  ( -8.968001088173350510, 5.949999735391195976, -2.736715380008108323 ) ) ;
#1999 = ORIENTED_EDGE ( 'NONE', *, *, #2730, .F. ) ;
#2000 = VERTEX_POINT ( 'NONE', #7035 ) ;
#2001 = CARTESIAN_POINT ( 'NONE',  ( -10.06800111946578902, 5.949999735391195976, 0.06328467214595895340 ) ) ;
#2002 = CC_DESIGN_APPROVAL ( #3975, ( #1811 ) ) ;
#2003 = CARTESIAN_POINT ( 'NONE',  ( 11.47214085549942375, 1.739468918223146421, 2.283414511802114966 ) ) ;
#2004 = DIRECTION ( 'NONE',  ( -1.000000000000000000, 0.000000000000000000, 0.000000000000000000 ) ) ;
#2005 = CC_DESIGN_APPROVAL ( #5122, ( #1892 ) ) ;
#2006 = DIRECTION ( 'NONE',  ( 0.7071067811865470176, 0.000000000000000000, 0.7071067811865480168 ) ) ;
#2007 = VERTEX_POINT ( 'NONE', #1567 ) ;
#2008 =( BOUNDED_SURFACE ( )  B_SPLINE_SURFACE ( 3, 2, ( 
 ( #5046, #1680, #2846 ),
 ( #2725, #6062, #4430 ),
 ( #3311, #2305, #578 ),
 ( #4507, #1101, #6721 ),
 ( #1756, #3886, #5010 ),
 ( #5082, #1608, #6652 ),
 ( #6183, #3965, #4929 ),
 ( #5553, #3852, #3814 ) ),
 .UNSPECIFIED., .F., .F., .F. ) 
 B_SPLINE_SURFACE_WITH_KNOTS ( ( 4, 2, 2, 4 ),
 ( 3, 3 ),
 ( 3.141592653589793116, 3.926990816987241395, 4.319689898685965090, 4.712388980384689674 ),
 ( 0.000000000000000000, 1.000000000000000000 ),
 .UNSPECIFIED. ) 
 GEOMETRIC_REPRESENTATION_ITEM ( )  RATIONAL_B_SPLINE_SURFACE ( (
 ( 1.000000000000000000, 0.5257311121191335923, 1.000000000000000000),
 ( 1.000000000000000000, 0.5251791499115160411, 1.000000000000000000),
 ( 1.000000000000000000, 0.5493131766847488828, 1.000000000000000000),
 ( 1.000000000000000000, 0.6024088386532757688, 1.000000000000000000),
 ( 1.000000000000000000, 0.6227587882504435068, 1.000000000000000000),
 ( 1.000000000000000000, 0.6647650105771685247, 1.000000000000000000),
 ( 1.000000000000000000, 0.6864243626167332302, 1.000000000000000000),
 ( 1.000000000000000000, 0.7071067811865494601, 1.000000000000000000) ) ) 
 REPRESENTATION_ITEM ( '' )  SURFACE ( )  );
#2009 = DIRECTION ( 'NONE',  ( 0.000000000000000000, 1.000000000000000000, 0.000000000000000000 ) ) ;
#2010 = CARTESIAN_POINT ( 'NONE',  ( 13.79259989845668066, 6.349269529859578043, 2.891565514349629940 ) ) ;
#2011 = DIRECTION ( 'NONE',  ( 0.000000000000000000, 1.000000000000000000, 0.000000000000000000 ) ) ;
#2012 = FACE_OUTER_BOUND ( 'NONE', #4713, .T. ) ;
#2013 = DIRECTION ( 'NONE',  ( 0.8944271909999159664, 0.000000000000000000, 0.4472135954999579832 ) ) ;
#2014 = PRODUCT ( 'Male_End-6.3x4.9_ID3.5mm', 'Male_End-6.3x4.9_ID3.5mm', '', ( #528 ) ) ;
#2015 = VERTEX_POINT ( 'NONE', #3772 ) ;
#2016 = ADVANCED_FACE ( 'NONE', ( #2038 ), #1013, .F. ) ;
#2017 = DIRECTION ( 'NONE',  ( -0.000000000000000000, -1.000000000000000000, -0.000000000000000000 ) ) ;
#2018 = VECTOR ( 'NONE', #3468, 1000.000000000000000 ) ;
#2020 = ORIENTED_EDGE ( 'NONE', *, *, #5132, .F. ) ;
#2019 = CARTESIAN_POINT ( 'NONE',  ( 8.714457122552477841, 2.318079575499664369, 3.668879859755206585 ) ) ;
#2021 = CARTESIAN_POINT ( 'NONE',  ( 10.60328641521962467, 6.273828337829773005, 5.448602547743501390 ) ) ;
#2022 = CARTESIAN_POINT ( 'NONE',  ( -12.50317791303750070, 4.549999724960382963, 1.463284682576770468 ) ) ;
#2023 = UNCERTAINTY_MEASURE_WITH_UNIT (LENGTH_MEASURE( 1.000000000000000082E-05 ), #6095, 'distance_accuracy_value', 'NONE');
#2024 = DIRECTION ( 'NONE',  ( 0.000000000000000000, 1.000000000000000000, 0.000000000000000000 ) ) ;
#2025 = AXIS2_PLACEMENT_3D ( 'NONE', #5380, #1579, #7016 ) ;
#2026 = CC_DESIGN_DATE_AND_TIME_ASSIGNMENT ( #6118, #7171, ( #3976 ) ) ;
#2027 = DIRECTION ( 'NONE',  ( 0.000000000000000000, 1.000000000000000000, 0.000000000000000000 ) ) ;
#2029 = ORIENTED_EDGE ( 'NONE', *, *, #3275, .T. ) ;
#2028 = CARTESIAN_POINT ( 'NONE',  ( 10.78167032759031230, 4.550002315391870056, -0.9309299713326002479 ) ) ;
#2030 = ADVANCED_FACE ( 'NONE', ( #980 ), #459, .T. ) ;
#2031 = ORIENTED_EDGE ( 'NONE', *, *, #5425, .F. ) ;
#2032 = CARTESIAN_POINT ( 'NONE',  ( -9.070513714758060786, 5.455024988560611909, -2.531690126838690880 ) ) ;
#2033 = APPROVAL_DATE_TIME ( #6424, #4675 ) ;
#2034 = ADVANCED_BREP_SHAPE_REPRESENTATION ( '', ( #1658, #4081 ), #2583 ) ;
#2035 = EDGE_LOOP ( 'NONE', ( #376, #4195, #3583, #3592 ) ) ;
#2036 = ORIENTED_EDGE ( 'NONE', *, *, #4738, .T. ) ;
#2037 = DIRECTION ( 'NONE',  ( 0.000000000000000000, -0.000000000000000000, -1.000000000000000000 ) ) ;
#2038 = FACE_OUTER_BOUND ( 'NONE', #3902, .T. ) ;
#2039 = ADVANCED_FACE ( 'NONE', ( #4271 ), #1718, .F. ) ;
#2040 = DIRECTION ( 'NONE',  ( 0.000000000000000000, -1.000000000000000000, 0.000000000000000000 ) ) ;
#2041 = VECTOR ( 'NONE', #1935, 1000.000000000000000 ) ;
#2042 = DIRECTION ( 'NONE',  ( -1.000000000000000000, 0.000000000000000000, 0.000000000000000000 ) ) ;
#2043 = VERTEX_POINT ( 'NONE', #6608 ) ;
#2044 = ORIENTED_EDGE ( 'NONE', *, *, #2585, .F. ) ;
#2045 = EDGE_CURVE ( 'NONE', #5250, #486, #6699, .T. ) ;
#2046 = CARTESIAN_POINT ( 'NONE',  ( 14.18368442274654129, 5.649269529859576977, 2.283211809898462175 ) ) ;
#2047 = DIRECTION ( 'NONE',  ( 1.000000000000000000, 0.000000000000000000, 0.000000000000000000 ) ) ;
#2048 = CYLINDRICAL_SURFACE ( 'NONE', #4942, 0.2000000000000005107 ) ;
#2049 = AXIS2_PLACEMENT_3D ( 'NONE', #1042, #6604, #4721 ) ;
#2050 = CARTESIAN_POINT ( 'NONE',  ( 14.65729122571193699, 1.449269540290390568, 1.983211799467650360 ) ) ;
#2051 = ORIENTED_EDGE ( 'NONE', *, *, #6012, .F. ) ;
#2052 =( BOUNDED_CURVE ( )  B_SPLINE_CURVE ( 3, ( #6331, #743, #4732, #5163 ),
 .UNSPECIFIED., .F., .F. ) 
 B_SPLINE_CURVE_WITH_KNOTS ( ( 4, 4 ),
 ( 0.000000000000000000, 1.570796326794896558 ),
 .UNSPECIFIED. ) 
 CURVE ( )  GEOMETRIC_REPRESENTATION_ITEM ( )  RATIONAL_B_SPLINE_CURVE ( ( 1.000000000000000000, 0.8047378541243649375, 0.8047378541243649375, 1.000000000000000000 ) ) 
 REPRESENTATION_ITEM ( '' )  );
#2053 = LINE ( 'NONE', #5310, #1638 ) ;
#2055 = ORIENTED_EDGE ( 'NONE', *, *, #2132, .T. ) ;
#2054 = DIRECTION ( 'NONE',  ( 0.000000000000000000, 1.000000000000000000, 0.000000000000000000 ) ) ;
#2056 = AXIS2_PLACEMENT_3D ( 'NONE', #5700, #1249, #2337 ) ;
#2057 = SPHERICAL_SURFACE ( 'NONE', #4988, 0.2000000000000000111 ) ;
#2058 = CARTESIAN_POINT ( 'NONE',  ( 9.757291152696254244, 2.449269550721202560, 4.033211835975495596 ) ) ;
#2059 = DIRECTION ( 'NONE',  ( -2.774754023183460056E-16, 0.000000000000000000, -1.000000000000000000 ) ) ;
#2060 = AXIS2_PLACEMENT_3D ( 'NONE', #5887, #6472, #1542 ) ;
#2061 = AXIS2_PLACEMENT_3D ( 'NONE', #5461, #1563, #5033 ) ;
#2062 = LINE ( 'NONE', #5355, #6840 ) ;
#2063 = AXIS2_PLACEMENT_3D ( 'NONE', #4921, #2718, #7182 ) ;
#2064 = APPROVAL_ROLE ( '' ) ;
#2066 = ORIENTED_EDGE ( 'NONE', *, *, #2177, .T. ) ;
#2065 = CARTESIAN_POINT ( 'NONE',  ( 14.24323199809172813, 7.000002315391870233, -2.680929997409633447 ) ) ;
#2067 = VECTOR ( 'NONE', #6206, 1000.000000000000000 ) ;
#2068 = EDGE_CURVE ( 'NONE', #2933, #4192, #6922, .T. ) ;
#2069 = VECTOR ( 'NONE', #5415, 1000.000000000000000 ) ;
#2070 = VERTEX_POINT ( 'NONE', #2220 ) ;
#2071 = DIRECTION ( 'NONE',  ( 1.000000000000000000, 0.000000000000000000, 0.000000000000000000 ) ) ;
#2072 = DATE_AND_TIME ( #2620, #6401 ) ;
#2073 = ORIENTED_EDGE ( 'NONE', *, *, #4168, .T. ) ;
#2074 = VECTOR ( 'NONE', #5818, 1000.000000000000000 ) ;
#2075 = DIRECTION ( 'NONE',  ( -1.000000000000000000, -0.000000000000000000, -0.000000000000000000 ) ) ;
#2076 = DIRECTION ( 'NONE',  ( 0.000000000000000000, 1.000000000000000000, 0.000000000000000000 ) ) ;
#2077 = ADVANCED_FACE ( 'NONE', ( #2185 ), #4497, .T. ) ;
#2078 = DIRECTION ( 'NONE',  ( 0.000000000000000000, 0.000000000000000000, 1.000000000000000000 ) ) ;
#2079 = DIRECTION ( 'NONE',  ( -0.000000000000000000, -1.000000000000000000, -0.000000000000000000 ) ) ;
#2080 = ORIENTED_EDGE ( 'NONE', *, *, #4500, .F. ) ;
#2081 = ORIENTED_EDGE ( 'NONE', *, *, #2434, .F. ) ;
#2083 = ADVANCED_FACE ( 'NONE', ( #2757 ), #3844, .F. ) ;
#2082 = CARTESIAN_POINT ( 'NONE',  ( 14.01014979233954350, 6.352921199148138243, 2.877494666212244478 ) ) ;
#2084 = CARTESIAN_POINT ( 'NONE',  ( 10.78167032759031230, 4.550002315391870056, -0.9309299713326002479 ) ) ;
#2085 = DIRECTION ( 'NONE',  ( 0.000000000000000000, 0.000000000000000000, -1.000000000000000000 ) ) ;
#2086 = DIRECTION ( 'NONE',  ( 0.000000000000000000, -1.000000000000000000, 0.000000000000000000 ) ) ;
#2087 = AXIS2_PLACEMENT_3D ( 'NONE', #2246, #6201, #1812 ) ;
#2088 = EDGE_CURVE ( 'NONE', #5981, #3795, #5622, .T. ) ;
#2089 = ORIENTED_EDGE ( 'NONE', *, *, #4148, .F. ) ;
#2090 = DIRECTION ( 'NONE',  ( 1.000000000000000000, 0.000000000000000000, 0.000000000000000000 ) ) ;
#2092 = ORIENTED_EDGE ( 'NONE', *, *, #6549, .T. ) ;
#2091 = CARTESIAN_POINT ( 'NONE',  ( 14.65729122571193699, 7.049269540290389990, 1.783211799467650405 ) ) ;
#2093 = CIRCLE ( 'NONE', #5203, 0.3999999999999995781 ) ;
#2094 = DIRECTION ( 'NONE',  ( 1.000000000000000000, 0.000000000000000000, 0.000000000000000000 ) ) ;
#2095 = VECTOR ( 'NONE', #6621, 1000.000000000000000 ) ;
#2096 = DIRECTION ( 'NONE',  ( 0.000000000000000000, 0.000000000000000000, -1.000000000000000000 ) ) ;
#2097 = DIRECTION ( 'NONE',  ( -8.673617379884030739E-15, -1.000000000000000000, 0.000000000000000000 ) ) ;
#2098 = CARTESIAN_POINT ( 'NONE',  ( 14.08757551546012898, 6.549269529859585326, 4.915211859983055653 ) ) ;
#2099 = COORDINATED_UNIVERSAL_TIME_OFFSET ( 1, 0, .AHEAD. ) ;
#2101 = ORIENTED_EDGE ( 'NONE', *, *, #6557, .T. ) ;
#2100 = FACE_OUTER_BOUND ( 'NONE', #4949, .T. ) ;
#2102 = ORIENTED_EDGE ( 'NONE', *, *, #1157, .T. ) ;
#2103 = CARTESIAN_POINT ( 'NONE',  ( 11.50654407254469014, 8.238135076406344126, 0.8190700547444340618 ) ) ;
#2104 = CIRCLE ( 'NONE', #5698, 1.050000015646217477 ) ;
#2105 = AXIS2_PLACEMENT_3D ( 'NONE', #2576, #4839, #3723 ) ;
#2106 = CC_DESIGN_PERSON_AND_ORGANIZATION_ASSIGNMENT ( #26, #4916, ( #6635 ) ) ;
#2107 = EDGE_CURVE ( 'NONE', #603, #3385, #1600, .T. ) ;
#2108 = APPROVAL_ROLE ( '' ) ;
#2109 = ORIENTED_EDGE ( 'NONE', *, *, #2783, .T. ) ;
#2110 = DIRECTION ( 'NONE',  ( 0.000000000000000000, 0.000000000000000000, -1.000000000000000000 ) ) ;
#2111 = DIRECTION ( 'NONE',  ( 1.000000000000000000, 0.000000000000000000, 0.000000000000000000 ) ) ;
#2112 = AXIS2_PLACEMENT_3D ( 'NONE', #283, #4745, #424 ) ;
#2113 = AXIS2_PLACEMENT_3D ( 'NONE', #2667, #7086, #2125 ) ;
#2114 = ORIENTED_EDGE ( 'NONE', *, *, #3674, .T. ) ;
#2115 = DIRECTION ( 'NONE',  ( -1.000000000000000000, 0.000000000000000000, 0.000000000000000000 ) ) ;
#2116 = DIRECTION ( 'NONE',  ( 0.000000000000000000, 1.000000000000000000, 0.000000000000000000 ) ) ;
#2117 = CC_DESIGN_APPROVAL ( #4058, ( #5710 ) ) ;
#2118 = ORIENTED_EDGE ( 'NONE', *, *, #4077, .T. ) ;
#2119 = DIRECTION ( 'NONE',  ( 1.000000000000000000, 0.000000000000000000, 0.000000000000000000 ) ) ;
#2120 = DIRECTION ( 'NONE',  ( -0.000000000000000000, -1.000000000000000000, -0.000000000000000000 ) ) ;
#2121 = EDGE_CURVE ( 'NONE', #1873, #3741, #3880, .T. ) ;
#2122 = DIRECTION ( 'NONE',  ( 0.000000000000000000, 0.000000000000000000, -1.000000000000000000 ) ) ;
#2123 = SECURITY_CLASSIFICATION ( '', '', #3449 ) ;
#2124 = EDGE_LOOP ( 'NONE', ( #4216, #209 ) ) ;
#2125 = DIRECTION ( 'NONE',  ( 0.7071067811865473507, 0.000000000000000000, 0.7071067811865476838 ) ) ;
#2126 = LOCAL_TIME ( 18, 13, 43.00000000000000000, #2245 ) ;
#2128 = EDGE_LOOP ( 'NONE', ( #832, #4604 ) ) ;
#2127 = DIRECTION ( 'NONE',  ( 0.000000000000000000, 0.000000000000000000, 1.000000000000000000 ) ) ;
#2129 = DIRECTION ( 'NONE',  ( -1.000000000000000000, 0.000000000000000000, 0.000000000000000000 ) ) ;
#2130 = DIRECTION ( 'NONE',  ( 0.000000000000000000, -1.000000000000000000, 0.000000000000000000 ) ) ;
#2131 = LINE ( 'NONE', #4941, #6056 ) ;
#2132 = EDGE_CURVE ( 'NONE', #5903, #5703, #5586, .T. ) ;
#2133 = AXIS2_PLACEMENT_3D ( 'NONE', #4510, #6760, #6723 ) ;
#2134 = VERTEX_POINT ( 'NONE', #5546 ) ;
#2135 = LINE ( 'NONE', #3109, #4900 ) ;
#2136 = APPROVAL_STATUS ( 'not_yet_approved' ) ;
#2138 = ORIENTED_EDGE ( 'NONE', *, *, #6334, .F. ) ;
#2137 = CARTESIAN_POINT ( 'NONE',  ( 12.55729126743518975, 7.249269540290389280, 6.283211872483342120 ) ) ;
#2139 = EDGE_CURVE ( 'NONE', #6719, #3114, #747, .T. ) ;
#2140 = VECTOR ( 'NONE', #5788, 1000.000000000000000 ) ;
#2141 = ORIENTED_EDGE ( 'NONE', *, *, #5141, .F. ) ;
#2142 = DIRECTION ( 'NONE',  ( 0.000000000000000000, -1.000000000000000000, 0.000000000000000000 ) ) ;
#2143 = VECTOR ( 'NONE', #1446, 1000.000000000000000 ) ;
#2144 = APPROVAL_ROLE ( '' ) ;
#2145 = VERTEX_POINT ( 'NONE', #6090 ) ;
#2146 = ORIENTED_EDGE ( 'NONE', *, *, #2538, .T. ) ;
#2147 = CARTESIAN_POINT ( 'NONE',  ( 8.795421023179804010, 2.225439971911008286, 3.602734434102092376 ) ) ;
#2148 = CARTESIAN_POINT ( 'NONE',  ( 13.93167036409815829, 3.850002315391870322, 1.519070065175245343 ) ) ;
#2149 = ORIENTED_EDGE ( 'NONE', *, *, #1330, .T. ) ;
#2150 = CARTESIAN_POINT ( 'NONE',  ( 13.60729121006570885, 2.649269550721203181, 3.683211830760089178 ) ) ;
#2151 = DIRECTION ( 'NONE',  ( 0.000000000000000000, 1.000000000000000000, 0.000000000000000000 ) ) ;
#2152 = EDGE_LOOP ( 'NONE', ( #4724, #3580 ) ) ;
#2153 = DIRECTION ( 'NONE',  ( 1.000000000000000000, 0.000000000000000000, 0.000000000000000000 ) ) ;
#2154 = CARTESIAN_POINT ( 'NONE',  ( 11.88970279241824457, 7.749269540290391056, 6.083211872483341054 ) ) ;
#2155 = CARTESIAN_POINT ( 'NONE',  ( 13.93167036409815829, 8.764145137591102142, -2.680930007840445661 ) ) ;
#2156 = EDGE_CURVE ( 'NONE', #3741, #5253, #4488, .T. ) ;
#2157 = VECTOR ( 'NONE', #6068, 1000.000000000000227 ) ;
#2158 = ORIENTED_EDGE ( 'NONE', *, *, #5095, .T. ) ;
#2159 = ADVANCED_FACE ( 'NONE', ( #6015 ), #5000, .T. ) ;
#2160 = DIRECTION ( 'NONE',  ( 1.000000000000000000, 0.000000000000000000, 0.000000000000000000 ) ) ;
#2162 = ORIENTED_EDGE ( 'NONE', *, *, #386, .F. ) ;
#2161 = DIRECTION ( 'NONE',  ( 0.000000000000000000, 0.000000000000000000, 1.000000000000000000 ) ) ;
#2163 = VECTOR ( 'NONE', #4493, 1000.000000000000000 ) ;
#2164 = CARTESIAN_POINT ( 'NONE',  ( 12.49652003039348180, 4.550002315391870056, -3.380930007840445395 ) ) ;
#2165 = CARTESIAN_POINT ( 'NONE',  ( 14.65729122571193699, 7.349269540290390701, 1.583211799467650227 ) ) ;
#2166 = CARTESIAN_POINT ( 'NONE',  ( 9.757291152696254244, 1.449269540290390568, 4.033211835975495596 ) ) ;
#2167 = ADVANCED_FACE ( 'NONE', ( #6713 ), #6238, .T. ) ;
#2168 = VERTEX_POINT ( 'NONE', #3954 ) ;
#2170 = ORIENTED_EDGE ( 'NONE', *, *, #685, .T. ) ;
#2169 = CARTESIAN_POINT ( 'NONE',  ( 11.48970279241824421, 7.349269540290390701, 5.765623475697482903 ) ) ;
#2171 = DATE_AND_TIME ( #3210, #2126 ) ;
#2173 = ORIENTED_EDGE ( 'NONE', *, *, #3944, .T. ) ;
#2172 = CYLINDRICAL_SURFACE ( 'NONE', #4629, 0.2999999999999999334 ) ;
#2174 = ADVANCED_FACE ( 'NONE', ( #6173 ), #1210, .F. ) ;
#2175 = VERTEX_POINT ( 'NONE', #2148 ) ;
#2176 = CIRCLE ( 'NONE', #6808, 1.260000010430813111 ) ;
#2177 = EDGE_CURVE ( 'NONE', #5109, #3186, #4344, .T. ) ;
#2178 = CARTESIAN_POINT ( 'NONE',  ( -9.318001088173351931, 8.749999714529577588, -2.036715380008108145 ) ) ;
#2179 = PERSON_AND_ORGANIZATION ( #6958, #2931 ) ;
#2181 = EDGE_LOOP ( 'NONE', ( #89, #3347, #2904, #5519 ) ) ;
#2180 = CARTESIAN_POINT ( 'NONE',  ( 14.65729122571193699, 7.249269540290389280, 1.583211799467650227 ) ) ;
#2182 = AXIS2_PLACEMENT_3D ( 'NONE', #1306, #3517, #1202 ) ;
#2183 = DIRECTION ( 'NONE',  ( 1.000000000000000000, -0.000000000000000000, 0.000000000000000000 ) ) ;
#2184 = VECTOR ( 'NONE', #5505, 1000.000000000000000 ) ;
#2185 = FACE_OUTER_BOUND ( 'NONE', #2744, .T. ) ;
#2186 = VERTEX_POINT ( 'NONE', #5469 ) ;
#2187 = VECTOR ( 'NONE', #1569, 1000.000000000000000 ) ;
#2188 = DIRECTION ( 'NONE',  ( 0.000000000000000000, -1.000000000000000000, 0.000000000000000000 ) ) ;
#2189 = CIRCLE ( 'NONE', #1952, 0.2000000000000000944 ) ;
#2190 = CARTESIAN_POINT ( 'NONE',  ( 12.55729126743518975, 2.499269545505796053, 6.483211872483341409 ) ) ;
#2191 = ORIENTED_EDGE ( 'NONE', *, *, #3503, .F. ) ;
#2192 = FACE_OUTER_BOUND ( 'NONE', #358, .T. ) ;
#2193 = LINE ( 'NONE', #40, #1055 ) ;
#2194 = DIRECTION ( 'NONE',  ( 0.000000000000000000, 0.000000000000000000, 1.000000000000000000 ) ) ;
#2195 = CARTESIAN_POINT ( 'NONE',  ( 13.23167036409815722, 5.950002325822681293, -1.980929997409633270 ) ) ;
#2196 = ORIENTED_EDGE ( 'NONE', *, *, #468, .T. ) ;
#2197 = DIRECTION ( 'NONE',  ( 1.000000000000000000, 0.000000000000000000, 0.000000000000000000 ) ) ;
#2198 = EDGE_CURVE ( 'NONE', #4138, #4104, #343, .T. ) ;
#2200 = ORIENTED_EDGE ( 'NONE', *, *, #5725, .T. ) ;
#2199 = DIRECTION ( 'NONE',  ( 0.000000000000000000, 0.000000000000000000, -1.000000000000000000 ) ) ;
#2201 = CARTESIAN_POINT ( 'NONE',  ( -11.38300120552001005, 6.999999761468229664, -3.436715390438920270 ) ) ;
#2202 = CARTESIAN_POINT ( 'NONE',  ( 14.65729122571193699, 1.949269540290390568, 1.783211799467650405 ) ) ;
#2203 = DIRECTION ( 'NONE',  ( 0.000000000000000000, 1.000000000000000000, 0.000000000000000000 ) ) ;
#2204 = ORIENTED_EDGE ( 'NONE', *, *, #5975, .F. ) ;
#2206 = ORIENTED_EDGE ( 'NONE', *, *, #2893, .T. ) ;
#2205 = DIRECTION ( 'NONE',  ( 0.000000000000000000, 0.000000000000000000, 1.000000000000000000 ) ) ;
#2207 = PERSON_AND_ORGANIZATION_ROLE ( 'classification_officer' ) ;
#2209 = ORIENTED_EDGE ( 'NONE', *, *, #5980, .T. ) ;
#2208 = CYLINDRICAL_SURFACE ( 'NONE', #3005, 0.7000000000000001776 ) ;
#2210 = EDGE_CURVE ( 'NONE', #6980, #1968, #6343, .T. ) ;
#2211 = APPLICATION_CONTEXT ( 'configuration controlled 3d designs of mechanical parts and assemblies' ) ;
#2212 = EDGE_LOOP ( 'NONE', ( #2649, #2732, #1653, #2191, #3866 ) ) ;
#2213 = DIRECTION ( 'NONE',  ( 1.000000000000000000, 0.000000000000000000, 0.000000000000000000 ) ) ;
#2214 = EDGE_CURVE ( 'NONE', #4087, #6821, #5245, .T. ) ;
#2215 = CARTESIAN_POINT ( 'NONE',  ( 14.33368442796194842, 6.699269608090674843, 1.783211799467650405 ) ) ;
#2216 = APPROVAL_DATE_TIME ( #7103, #3396 ) ;
#2218 = EDGE_LOOP ( 'NONE', ( #6718, #3007, #3730, #6409 ) ) ;
#2217 = CARTESIAN_POINT ( 'NONE',  ( -9.257950587420571864, 5.455024988560611909, 0.5582594189765417436 ) ) ;
#2219 = DIRECTION ( 'NONE',  ( 1.000000000000000000, 0.000000000000000000, 0.000000000000000000 ) ) ;
#2220 = CARTESIAN_POINT ( 'NONE',  ( 13.93167036409815829, 5.235859493192637437, -2.680930007840445661 ) ) ;
#2221 = AXIS2_PLACEMENT_3D ( 'NONE', #4176, #5676, #1331 ) ;
#2222 = ORIENTED_EDGE ( 'NONE', *, *, #6405, .T. ) ;
#2223 = LINE ( 'NONE', #1712, #3553 ) ;
#2224 = ORIENTED_EDGE ( 'NONE', *, *, #5675, .F. ) ;
#2225 = VERTEX_POINT ( 'NONE', #890 ) ;
#2226 = CARTESIAN_POINT ( 'NONE',  ( 8.728405698850053795, 6.632112242334205376, 3.640982707160053344 ) ) ;
#2227 = AXIS2_PLACEMENT_3D ( 'NONE', #6615, #3927, #6139 ) ;
#2228 = EDGE_CURVE ( 'NONE', #7131, #2043, #4137, .T. ) ;
#2229 = CARTESIAN_POINT ( 'NONE',  ( 13.93167036409815829, 5.950002325822681293, 1.119070054744432774 ) ) ;
#2230 = DIRECTION ( 'NONE',  ( 1.000000000000000000, 0.000000000000000000, 0.000000000000000000 ) ) ;
#2231 = CARTESIAN_POINT ( 'NONE',  ( -8.618001082957942316, 4.549999724960382963, 1.463284682576770468 ) ) ;
#2232 = CIRCLE ( 'NONE', #6393, 0.2999999999999999334 ) ;
#2233 = CARTESIAN_POINT ( 'NONE',  ( 10.59671014368147368, 3.022061756856988524, 6.059748548525547562 ) ) ;
#2235 = ORIENTED_EDGE ( 'NONE', *, *, #6983, .F. ) ;
#2234 = PLANE ( 'NONE',  #5431 ) ;
#2236 = FACE_OUTER_BOUND ( 'NONE', #5944, .T. ) ;
#2237 = FACE_OUTER_BOUND ( 'NONE', #6633, .T. ) ;
#2238 = LOCAL_TIME ( 18, 13, 43.00000000000000000, #2902 ) ;
#2239 = DIRECTION ( 'NONE',  ( 0.000000000000000000, -1.000000000000000000, 0.000000000000000000 ) ) ;
#2240 = ADVANCED_FACE ( 'NONE', ( #4767 ), #272, .F. ) ;
#2241 = APPROVAL_PERSON_ORGANIZATION ( #2674, #4501, #3289 ) ;
#2242 = ORIENTED_EDGE ( 'NONE', *, *, #5636, .F. ) ;
#2244 = ORIENTED_EDGE ( 'NONE', *, *, #373, .F. ) ;
#2243 = CYLINDRICAL_SURFACE ( 'NONE', #240, 2.450000036507846257 ) ;
#2245 = COORDINATED_UNIVERSAL_TIME_OFFSET ( 1, 0, .AHEAD. ) ;
#2247 = EDGE_LOOP ( 'NONE', ( #635, #6997, #6314, #1146, #630, #6147, #2089, #441, #1052 ) ) ;
#2246 = CARTESIAN_POINT ( 'NONE',  ( 13.23167036409815722, 5.250002325822681115, 0.8190700547444330626 ) ) ;
#2248 =( BOUNDED_SURFACE ( )  B_SPLINE_SURFACE ( 3, 2, ( 
 ( #3650, #751, #1078 ),
 ( #5318, #2614, #5457 ),
 ( #4808, #7099, #418 ),
 ( #5357, #387, #1624 ),
 ( #7025, #489, #1591 ),
 ( #999, #1559, #3211 ) ),
 .UNSPECIFIED., .F., .F., .F. ) 
 B_SPLINE_SURFACE_WITH_KNOTS ( ( 4, 2, 4 ),
 ( 3, 3 ),
 ( 4.712388980384689674, 5.497787143782137953, 6.283185307179586232 ),
 ( 0.000000000000000000, 1.000000000000000000 ),
 .UNSPECIFIED. ) 
 GEOMETRIC_REPRESENTATION_ITEM ( )  RATIONAL_B_SPLINE_SURFACE ( (
 ( 1.000000000000000000, 0.7071067811865471286, 1.000000000000000000),
 ( 1.000000000000000000, 0.7900730586710137393, 1.000000000000000000),
 ( 1.000000000000000000, 0.8576355999437995647, 1.000000000000000000),
 ( 1.000000000000000000, 0.9492708901843841529, 1.000000000000000000),
 ( 1.000000000000000000, 0.9733837824213206202, 1.000000000000000000),
 ( 1.000000000000000000, 0.9732489894677301967, 1.000000000000000000) ) ) 
 REPRESENTATION_ITEM ( '' )  SURFACE ( )  );
#2249 = EDGE_LOOP ( 'NONE', ( #1933, #953, #5116, #1967 ) ) ;
#2250 = PLANE ( 'NONE',  #2061 ) ;
#2251 = DIRECTION ( 'NONE',  ( -0.000000000000000000, 0.000000000000000000, 1.000000000000000000 ) ) ;
#2252 = PERSON_AND_ORGANIZATION ( #6958, #2931 ) ;
#2253 = EDGE_CURVE ( 'NONE', #3360, #2225, #3104, .T. ) ;
#2255 = ORIENTED_EDGE ( 'NONE', *, *, #3857, .T. ) ;
#2254 = DIRECTION ( 'NONE',  ( 0.000000000000000000, 0.000000000000000000, 1.000000000000000000 ) ) ;
#2256 = ORIENTED_EDGE ( 'NONE', *, *, #5138, .F. ) ;
#2257 = AXIS2_PLACEMENT_3D ( 'NONE', #660, #1759, #3967 ) ;
#2258 = CARTESIAN_POINT ( 'NONE',  ( 10.15910876266714880, 2.149269540290390523, 5.003285359567566815 ) ) ;
#2259 = DIRECTION ( 'NONE',  ( -1.000000000000000000, 0.000000000000000000, 0.000000000000000000 ) ) ;
#2260 = ORIENTED_EDGE ( 'NONE', *, *, #3854, .T. ) ;
#2261 = VECTOR ( 'NONE', #6708, 1000.000000000000000 ) ;
#2262 = DIRECTION ( 'NONE',  ( -1.000000000000000000, -0.000000000000000000, 0.000000000000000000 ) ) ;
#2263 =( NAMED_UNIT ( * ) PLANE_ANGLE_UNIT ( ) SI_UNIT ( $, .RADIAN. ) );
#2264 = VERTEX_POINT ( 'NONE', #2333 ) ;
#2265 = CARTESIAN_POINT ( 'NONE',  ( 13.91256986094652603, 2.649269550721202293, 3.072654528998453927 ) ) ;
#2266 = CYLINDRICAL_SURFACE ( 'NONE', #2227, 0.7000000000000003997 ) ;
#2267 = CARTESIAN_POINT ( 'NONE',  ( 11.48970279241824421, 7.349269540290390701, 5.765623475697482903 ) ) ;
#2268 = EDGE_CURVE ( 'NONE', #6058, #2842, #6982, .T. ) ;
#2269 = DIRECTION ( 'NONE',  ( 0.000000000000000000, 0.000000000000000000, 1.000000000000000000 ) ) ;
#2270 = ORIENTED_EDGE ( 'NONE', *, *, #7139, .T. ) ;
#2271 = EDGE_CURVE ( 'NONE', #1227, #6490, #2504, .T. ) ;
#2272 = CARTESIAN_POINT ( 'NONE',  ( 12.30840575517642854, 2.849269550721202915, 5.833769145038692372 ) ) ;
#2274 = EDGE_LOOP ( 'NONE', ( #1022, #2888, #3641, #7053, #7142 ) ) ;
#2273 = DIRECTION ( 'NONE',  ( -0.7071067811865470176, -0.7071067811865480168, 8.659560562354926695E-17 ) ) ;
#2275 = DIRECTION ( 'NONE',  ( 0.000000000000000000, 0.000000000000000000, 1.000000000000000000 ) ) ;
#2276 = FACE_OUTER_BOUND ( 'NONE', #3252, .T. ) ;
#2277 =( BOUNDED_CURVE ( )  B_SPLINE_CURVE ( 3, ( #2610, #6590, #3823, #6033 ),
 .UNSPECIFIED., .F., .F. ) 
 B_SPLINE_CURVE_WITH_KNOTS ( ( 4, 4 ),
 ( 0.7853981633974489451, 1.555868206490984118 ),
 .UNSPECIFIED. ) 
 CURVE ( )  GEOMETRIC_REPRESENTATION_ITEM ( )  RATIONAL_B_SPLINE_CURVE ( ( 1.000000000000000000, 0.9511400950592410197, 0.9511400950592410197, 1.000000000000000000 ) ) 
 REPRESENTATION_ITEM ( '' )  );
#2278 = CARTESIAN_POINT ( 'NONE',  ( 10.78167032759031230, 10.15000231539186970, -0.9309299713326002479 ) ) ;
#2279 = VERTEX_POINT ( 'NONE', #6333 ) ;
#2280 = CIRCLE ( 'NONE', #2856, 0.5599999999999997202 ) ;
#2281 = EDGE_LOOP ( 'NONE', ( #3389, #1278, #4830, #6755 ) ) ;
#2283 = EDGE_LOOP ( 'NONE', ( #709, #6550, #1281, #4843 ) ) ;
#2282 = FACE_OUTER_BOUND ( 'NONE', #5737, .T. ) ;
#2285 = VERTEX_POINT ( 'NONE', #781 ) ;
#2284 = CARTESIAN_POINT ( 'NONE',  ( 11.87214085549942411, 7.349269540290390701, 2.283414511802114522 ) ) ;
#2286 = ORIENTED_EDGE ( 'NONE', *, *, #1722, .T. ) ;
#2287 = ORIENTED_EDGE ( 'NONE', *, *, #2336, .F. ) ;
#2288 = DIRECTION ( 'NONE',  ( -0.4472135954999579277, -0.000000000000000000, 0.8944271909999158554 ) ) ;
#2289 =( BOUNDED_CURVE ( )  B_SPLINE_CURVE ( 3, ( #4730, #2700, #3234, #4936 ),
 .UNSPECIFIED., .F., .F. ) 
 B_SPLINE_CURVE_WITH_KNOTS ( ( 4, 4 ),
 ( 4.712388980384689674, 5.105088062083412481 ),
 .UNSPECIFIED. ) 
 CURVE ( )  GEOMETRIC_REPRESENTATION_ITEM ( )  RATIONAL_B_SPLINE_CURVE ( ( 1.000000000000000000, 0.9871901869354868797, 0.9871901869354868797, 1.000000000000000000 ) ) 
 REPRESENTATION_ITEM ( '' )  );
#2290 = LINE ( 'NONE', #2749, #4679 ) ;
#2291 = CALENDAR_DATE ( 2024, 29, 4 ) ;
#2293 = ORIENTED_EDGE ( 'NONE', *, *, #5620, .F. ) ;
#2292 = DIRECTION ( 'NONE',  ( 0.000000000000000000, 0.000000000000000000, 1.000000000000000000 ) ) ;
#2294 = ADVANCED_FACE ( 'NONE', ( #3683 ), #4187, .F. ) ;
#2295 = CARTESIAN_POINT ( 'NONE',  ( 8.762411620694873449, 2.214072159685481100, 3.686108168809608010 ) ) ;
#2296 = CARTESIAN_POINT ( 'NONE',  ( 13.63167036409815758, 9.050002304961065391, -0.9309299713326002479 ) ) ;
#2297 = AXIS2_PLACEMENT_3D ( 'NONE', #1843, #4112, #5783 ) ;
#2298 = VERTEX_POINT ( 'NONE', #5897 ) ;
#2299 = LINE ( 'NONE', #3958, #4360 ) ;
#2300 = CARTESIAN_POINT ( 'NONE',  ( 9.599095996764773986, 3.054294803890619026, 2.488237063067879173 ) ) ;
#2301 = ORIENTED_EDGE ( 'NONE', *, *, #1776, .F. ) ;
#2302 = VERTEX_POINT ( 'NONE', #4534 ) ;
#2303 = VECTOR ( 'NONE', #5315, 1000.000000000000000 ) ;
#2304 = CARTESIAN_POINT ( 'NONE',  ( 8.928405698850053085, 6.549269529859586214, 3.240982707160052545 ) ) ;
#2305 = CARTESIAN_POINT ( 'NONE',  ( 9.392436117766019166, 5.932477001803897920, 2.312921869328522728 ) ) ;
#2306 = CARTESIAN_POINT ( 'NONE',  ( 10.90575012321624193, 2.164493633788133753, 6.483211872483341409 ) ) ;
#2307 = FACE_OUTER_BOUND ( 'NONE', #840, .T. ) ;
#2308 = EDGE_CURVE ( 'NONE', #6163, #1131, #6369, .T. ) ;
#2309 = VECTOR ( 'NONE', #2657, 1000.000000000000000 ) ;
#2310 = AXIS2_PLACEMENT_3D ( 'NONE', #2891, #3362, #5092 ) ;
#2311 = ORIENTED_EDGE ( 'NONE', *, *, #4738, .F. ) ;
#2312 = EDGE_CURVE ( 'NONE', #6782, #4147, #6749, .T. ) ;
#2313 = CARTESIAN_POINT ( 'NONE',  ( 9.880897950446232869, 6.849269540290390701, 1.783211799467650405 ) ) ;
#2315 = ORIENTED_EDGE ( 'NONE', *, *, #494, .T. ) ;
#2314 = CARTESIAN_POINT ( 'NONE',  ( 13.63309632822446282, 3.549269550721202648, 5.983211862052528751 ) ) ;
#2316 = APPLICATION_CONTEXT ( 'configuration controlled 3d designs of mechanical parts and assemblies' ) ;
#2317 = CARTESIAN_POINT ( 'NONE',  ( 9.731670311944093044, 4.550002315391870056, -0.9309299713326002479 ) ) ;
#2318 = LINE ( 'NONE', #1230, #4617 ) ;
#2319 = CARTESIAN_POINT ( 'NONE',  ( 13.63167036409815758, 8.750002304961064681, -1.980929997409633270 ) ) ;
#2320 = EDGE_CURVE ( 'NONE', #4163, #3521, #1913, .T. ) ;
#2321 = CARTESIAN_POINT ( 'NONE',  ( 10.78167032759031230, 4.550002315391870056, -3.380930007840445395 ) ) ;
#2323 = ORIENTED_EDGE ( 'NONE', *, *, #2139, .T. ) ;
#2322 = PLANE ( 'NONE',  #4270 ) ;
#2324 = ADVANCED_FACE ( 'NONE', ( #2997 ), #4120, .F. ) ;
#2325 = EDGE_LOOP ( 'NONE', ( #6104, #5838, #6213, #2073 ) ) ;
#2326 = AXIS2_PLACEMENT_3D ( 'NONE', #4627, #6836, #4086 ) ;
#2327 = DIRECTION ( 'NONE',  ( 1.000000000000000000, 0.000000000000000000, 0.000000000000000000 ) ) ;
#2328 = DIRECTION ( 'NONE',  ( 1.000000000000000000, 0.000000000000000000, 0.000000000000000000 ) ) ;
#2329 = COORDINATED_UNIVERSAL_TIME_OFFSET ( 1, 0, .AHEAD. ) ;
#2331 = ORIENTED_EDGE ( 'NONE', *, *, #6522, .T. ) ;
#2330 = DIRECTION ( 'NONE',  ( 1.000000000000000000, 0.000000000000000000, 0.000000000000000000 ) ) ;
#2332 = VECTOR ( 'NONE', #1686, 1000.000000000000000 ) ;
#2333 = CARTESIAN_POINT ( 'NONE',  ( 10.33652811850152098, 2.149269540290390523, 4.908988388699856209 ) ) ;
#2334 = ORIENTED_EDGE ( 'NONE', *, *, #2663, .T. ) ;
#2335 = CC_DESIGN_PERSON_AND_ORGANIZATION_ASSIGNMENT ( #2179, #5581, ( #3111 ) ) ;
#2336 = EDGE_CURVE ( 'NONE', #3521, #6667, #6203, .T. ) ;
#2337 = DIRECTION ( 'NONE',  ( -1.000000000000000000, 0.000000000000000000, 0.000000000000000000 ) ) ;
#2338 = CARTESIAN_POINT ( 'NONE',  ( -7.877432463459938639, 19.82139064551974883, 4.678090828847590643 ) ) ;
#2339 = VERTEX_POINT ( 'NONE', #1788 ) ;
#2340 = ORIENTED_EDGE ( 'NONE', *, *, #7072, .F. ) ;
#2341 = CARTESIAN_POINT ( 'NONE',  ( -8.618001082957942316, 9.449999724960381542, -3.436715390438920270 ) ) ;
#2342 = FACE_OUTER_BOUND ( 'NONE', #5799, .T. ) ;
#2343 = DIRECTION ( 'NONE',  ( -1.000000000000000000, 0.000000000000000000, 0.000000000000000000 ) ) ;
#2344 = CIRCLE ( 'NONE', #6381, 0.2999999999999999334 ) ;
#2345 = CARTESIAN_POINT ( 'NONE',  ( 14.65729122571193699, 7.249269540290389280, 1.783211799467650405 ) ) ;
#2346 = CC_DESIGN_PERSON_AND_ORGANIZATION_ASSIGNMENT ( #4807, #4155, ( #378 ) ) ;
#2347 = DIRECTION ( 'NONE',  ( -1.000000000000000000, 0.000000000000000000, 0.000000000000000000 ) ) ;
#2348 = AXIS2_PLACEMENT_3D ( 'NONE', #1296, #3670, #1469 ) ;
#2349 = DIRECTION ( 'NONE',  ( 0.000000000000000000, -0.7071067811865477948, -0.7071067811865471286 ) ) ;
#2350 = ADVANCED_FACE ( 'NONE', ( #3994 ), #6212, .F. ) ;
#2351 = AXIS2_PLACEMENT_3D ( 'NONE', #1678, #4350, #1645 ) ;
#2353 = ORIENTED_EDGE ( 'NONE', *, *, #4913, .T. ) ;
#2352 = DIRECTION ( 'NONE',  ( 0.000000000000000000, 1.000000000000000000, 0.000000000000000000 ) ) ;
#2354 = DIRECTION ( 'NONE',  ( 1.000000000000000000, 0.000000000000000000, 0.000000000000000000 ) ) ;
#2355 = DIRECTION ( 'NONE',  ( 0.000000000000000000, 0.7071067811865481278, -0.7071067811865467956 ) ) ;
#2356 = CARTESIAN_POINT ( 'NONE',  ( -9.668001098604165122, 8.749999714529577588, -1.336715359146480431 ) ) ;
#2357 = CIRCLE ( 'NONE', #1307, 1.050000015646217477 ) ;
#2358 = DIRECTION ( 'NONE',  ( -1.000000000000000000, 0.000000000000000000, -0.000000000000000000 ) ) ;
#2359 = CC_DESIGN_APPROVAL ( #5342, ( #863 ) ) ;
#2361 = ORIENTED_EDGE ( 'NONE', *, *, #5701, .T. ) ;
#2360 = CARTESIAN_POINT ( 'NONE',  ( 9.407291137050036056, 1.449269540290390568, 4.033211835975495596 ) ) ;
#2362 = EDGE_CURVE ( 'NONE', #6202, #4185, #6946, .T. ) ;
#2363 = CARTESIAN_POINT ( 'NONE',  ( 14.18509956065411259, 2.649369830808020243, 5.173183357797627835 ) ) ;
#2364 = ORIENTED_EDGE ( 'NONE', *, *, #4943, .T. ) ;
#2365 = DIRECTION ( 'NONE',  ( 0.000000000000000000, 1.000000000000000000, 0.000000000000000000 ) ) ;
#2366 = DIRECTION ( 'NONE',  ( 0.000000000000000000, -1.000000000000000000, 0.000000000000000000 ) ) ;
#2367 = EDGE_CURVE ( 'NONE', #6058, #603, #278, .T. ) ;
#2368 = APPLICATION_PROTOCOL_DEFINITION ( 'international standard', 'config_control_design', 1994, #2588 ) ;
#2370 = ORIENTED_EDGE ( 'NONE', *, *, #509, .T. ) ;
#2369 = DIRECTION ( 'NONE',  ( 0.000000000000000000, 0.000000000000000000, -1.000000000000000000 ) ) ;
#2371 = CARTESIAN_POINT ( 'NONE',  ( -11.06800111946578902, 5.249999735391195799, 0.06328467214595895340 ) ) ;
#2372 = ORIENTED_EDGE ( 'NONE', *, *, #564, .F. ) ;
#2373 = CARTESIAN_POINT ( 'NONE',  ( 10.78167032759031230, 9.450002315391870411, -0.9309299713326002479 ) ) ;
#2374 = AXIS2_PLACEMENT_3D ( 'NONE', #6267, #1438, #6973 ) ;
#2375 = ORIENTED_EDGE ( 'NONE', *, *, #1330, .F. ) ;
#2376 = EDGE_LOOP ( 'NONE', ( #5426, #6154, #2967, #2515 ) ) ;
#2377 = DIRECTION ( 'NONE',  ( -0.000000000000000000, 0.000000000000000000, 1.000000000000000000 ) ) ;
#2378 = DIRECTION ( 'NONE',  ( 1.000000000000000000, 0.000000000000000000, 0.000000000000000000 ) ) ;
#2379 = CARTESIAN_POINT ( 'NONE',  ( 11.47214085549942553, 7.349269540290390701, 2.283414511802114522 ) ) ;
#2380 = CARTESIAN_POINT ( 'NONE',  ( -10.06800111946578902, 8.544974461360155260, 0.5582594189765416326 ) ) ;
#2381 = LINE ( 'NONE', #1359, #4142 ) ;
#2382 = CARTESIAN_POINT ( 'NONE',  ( 10.13860081933534651, 2.649269550721203625, 4.953774804639559548 ) ) ;
#2384 = ORIENTED_EDGE ( 'NONE', *, *, #3398, .T. ) ;
#2383 = CARTESIAN_POINT ( 'NONE',  ( 11.48970279241824421, 1.849269540290390479, 6.483211872483341409 ) ) ;
#2385 = CARTESIAN_POINT ( 'NONE',  ( 8.707291137050036767, 2.149269540290390523, 3.683211830760089178 ) ) ;
#2386 = LINE ( 'NONE', #1437, #3922 ) ;
#2387 = EDGE_CURVE ( 'NONE', #5464, #4230, #6483, .T. ) ;
#2388 = CARTESIAN_POINT ( 'NONE',  ( 10.18667031872412387, 8.750002304961064681, -2.190929990108063219 ) ) ;
#2389 = EDGE_CURVE ( 'NONE', #281, #2168, #3634, .T. ) ;
#2390 = CARTESIAN_POINT ( 'NONE',  ( 10.43167032237490766, 8.050002304961058286, -2.680929997409633447 ) ) ;
#2392 = ORIENTED_EDGE ( 'NONE', *, *, #3839, .T. ) ;
#2391 = DIRECTION ( 'NONE',  ( -0.3826834323650899483, 0.000000000000000000, 0.9238795325112867385 ) ) ;
#2393 = EDGE_CURVE ( 'NONE', #2168, #3842, #1439, .T. ) ;
#2394 = DIRECTION ( 'NONE',  ( 0.000000000000000000, 0.000000000000000000, 1.000000000000000000 ) ) ;
#2395 = CARTESIAN_POINT ( 'NONE',  ( 9.219799064220998375, 2.672694149364832850, 2.658195976418160633 ) ) ;
#2396 = DATE_TIME_ROLE ( 'creation_date' ) ;
#2397 = EDGE_CURVE ( 'NONE', #7069, #6878, #4363, .T. ) ;
#2399 = ORIENTED_EDGE ( 'NONE', *, *, #6374, .F. ) ;
#2398 = CARTESIAN_POINT ( 'NONE',  ( 14.10543846428575065, 2.499269545505796053, 4.926497099798508472 ) ) ;
#2400 = AXIS2_PLACEMENT_3D ( 'NONE', #6243, #1277, #5694 ) ;
#2401 = EDGE_CURVE ( 'NONE', #244, #2015, #6556, .T. ) ;
#2402 = EDGE_CURVE ( 'NONE', #2406, #6862, #5756, .T. ) ;
#2403 = ORIENTED_EDGE ( 'NONE', *, *, #1896, .T. ) ;
#2404 = DIRECTION ( 'NONE',  ( 0.000000000000000000, -1.000000000000000000, 0.000000000000000000 ) ) ;
#2405 = VERTEX_POINT ( 'NONE', #447 ) ;
#2406 = VERTEX_POINT ( 'NONE', #6591 ) ;
#2407 = AXIS2_PLACEMENT_3D ( 'NONE', #6761, #4071, #6860 ) ;
#2408 = DIRECTION ( 'NONE',  ( -0.3826834323650898928, 0.000000000000000000, -0.9238795325112867385 ) ) ;
#2409 = AXIS2_PLACEMENT_3D ( 'NONE', #7001, #2624, #321 ) ;
#2410 = CARTESIAN_POINT ( 'NONE',  ( 12.20729118920410095, 5.649269529859577865, 2.983211809898461908 ) ) ;
#2411 = CARTESIAN_POINT ( 'NONE',  ( 8.707291137050036767, 7.049269540290389990, 4.033211835975495596 ) ) ;
#2412 = AXIS2_PLACEMENT_3D ( 'NONE', #3691, #974, #5906 ) ;
#2413 = DIRECTION ( 'NONE',  ( 0.000000000000000000, 1.000000000000000000, 0.000000000000000000 ) ) ;
#2414 = AXIS2_PLACEMENT_3D ( 'NONE', #3917, #6130, #3806 ) ;
#2415 = ORIENTED_EDGE ( 'NONE', *, *, #4722, .F. ) ;
#2416 = DIRECTION ( 'NONE',  ( 0.000000000000000000, -1.000000000000000000, 0.000000000000000000 ) ) ;
#2418 = ORIENTED_EDGE ( 'NONE', *, *, #4648, .F. ) ;
#2417 = CARTESIAN_POINT ( 'NONE',  ( 13.73368442274654377, 6.349269529859585148, 2.983211809898461908 ) ) ;
#2419 = CARTESIAN_POINT ( 'NONE',  ( 13.96636321527538804, 2.921264845438240165, 2.621267021520258034 ) ) ;
#2420 = DIRECTION ( 'NONE',  ( 0.000000000000000000, -1.000000000000000000, 0.000000000000000000 ) ) ;
#2421 = FACE_OUTER_BOUND ( 'NONE', #2737, .T. ) ;
#2422 = CIRCLE ( 'NONE', #6464, 0.1999999999999996503 ) ;
#2423 = CC_DESIGN_DATE_AND_TIME_ASSIGNMENT ( #4996, #6085, ( #493 ) ) ;
#2424 = EDGE_CURVE ( 'NONE', #6356, #4917, #962, .T. ) ;
#2425 = CARTESIAN_POINT ( 'NONE',  ( 12.55729126743518975, 7.049269540290389990, 1.783211799467649961 ) ) ;
#2426 = AXIS2_PLACEMENT_3D ( 'NONE', #226, #4079, #6800 ) ;
#2428 = VERTEX_POINT ( 'NONE', #3241 ) ;
#2427 = DIRECTION ( 'NONE',  ( 1.000000000000000000, 0.000000000000000000, 0.000000000000000000 ) ) ;
#2429 = CARTESIAN_POINT ( 'NONE',  ( 13.23167036409815722, 8.750002304961064681, 0.1190700547444332319 ) ) ;
#2430 = CARTESIAN_POINT ( 'NONE',  ( -10.68300119508919721, 6.999999761468229664, -2.736715380008108323 ) ) ;
#2431 = PERSON_AND_ORGANIZATION_ROLE ( 'classification_officer' ) ;
#2433 = ORIENTED_EDGE ( 'NONE', *, *, #398, .T. ) ;
#2432 = CARTESIAN_POINT ( 'NONE',  ( 11.47214085549942553, 7.049269540290389990, 2.283414511802114522 ) ) ;
#2434 = EDGE_CURVE ( 'NONE', #4407, #346, #4327, .T. ) ;
#2435 = EDGE_CURVE ( 'NONE', #6943, #4104, #4093, .T. ) ;
#2436 = ORIENTED_EDGE ( 'NONE', *, *, #5967, .T. ) ;
#2437 = VECTOR ( 'NONE', #4066, 1000.000000000000000 ) ;
#2438 = DIRECTION ( 'NONE',  ( -1.000000000000000000, 0.000000000000000000, 2.774754023183460056E-16 ) ) ;
#2439 =( NAMED_UNIT ( * ) PLANE_ANGLE_UNIT ( ) SI_UNIT ( $, .RADIAN. ) );
#2440 = ORIENTED_EDGE ( 'NONE', *, *, #6908, .T. ) ;
#2441 = ORIENTED_EDGE ( 'NONE', *, *, #1089, .F. ) ;
#2442 = VECTOR ( 'NONE', #5172, 1000.000000000000000 ) ;
#2443 = CARTESIAN_POINT ( 'NONE',  ( 13.91256986094652781, 2.649269550721202293, 3.072654528998452594 ) ) ;
#2444 = CARTESIAN_POINT ( 'NONE',  ( 10.90575012321624193, 7.049269540290389990, 6.483211872483341409 ) ) ;
#2445 = CARTESIAN_POINT ( 'NONE',  ( 12.55729126743518975, 7.249269540290389280, 1.583211799467650227 ) ) ;
#2446 = EDGE_CURVE ( 'NONE', #1694, #972, #4804, .T. ) ;
#2447 = CIRCLE ( 'NONE', #6611, 0.7000000000000000666 ) ;
#2448 = CARTESIAN_POINT ( 'NONE',  ( 14.09945774500851456, 6.549234920046112407, 4.922802337797921091 ) ) ;
#2449 = VERTEX_POINT ( 'NONE', #5489 ) ;
#2450 = DIRECTION ( 'NONE',  ( 0.000000000000000000, -1.000000000000000000, 0.000000000000000000 ) ) ;
#2451 = EDGE_CURVE ( 'NONE', #5570, #3162, #5416, .T. ) ;
#2453 = ORIENTED_EDGE ( 'NONE', *, *, #4401, .F. ) ;
#2452 = CARTESIAN_POINT ( 'NONE',  ( 11.68229118138100731, 7.049269540290389990, 4.033211835975495596 ) ) ;
#2454 = CIRCLE ( 'NONE', #2792, 0.5599999999999997202 ) ;
#2455 = PLANE ( 'NONE',  #5917 ) ;
#2456 = CARTESIAN_POINT ( 'NONE',  ( -10.36800111946578973, 6.999999724960383141, -2.736715390438920092 ) ) ;
#2457 = CARTESIAN_POINT ( 'NONE',  ( 11.47214085549942553, 7.049269540290389990, 1.583211799467650227 ) ) ;
#2458 = AXIS2_PLACEMENT_3D ( 'NONE', #1068, #3361, #551 ) ;
#2459 = ORIENTED_EDGE ( 'NONE', *, *, #394, .T. ) ;
#2460 = DIRECTION ( 'NONE',  ( 1.000000000000000000, 0.000000000000000000, 0.000000000000000000 ) ) ;
#2462 = ORIENTED_EDGE ( 'NONE', *, *, #6871, .F. ) ;
#2461 = DIRECTION ( 'NONE',  ( -0.000000000000000000, 0.000000000000000000, 1.000000000000000000 ) ) ;
#2463 = AXIS2_PLACEMENT_3D ( 'NONE', #1220, #5516, #1138 ) ;
#2464 = DIRECTION ( 'NONE',  ( 1.000000000000000000, 0.000000000000000000, 0.000000000000000000 ) ) ;
#2465 = EDGE_CURVE ( 'NONE', #549, #2070, #1617, .T. ) ;
#2466 = CARTESIAN_POINT ( 'NONE',  ( 13.23167036409815722, 8.050002304961058286, -1.980929997409633270 ) ) ;
#2467 = AXIS2_PLACEMENT_3D ( 'NONE', #5803, #4642, #1793 ) ;
#2468 = CARTESIAN_POINT ( 'NONE',  ( 9.328641038969269772, 2.762861793557254586, 2.440512026921621391 ) ) ;
#2469 = PERSON_AND_ORGANIZATION ( #6958, #2931 ) ;
#2471 = ORIENTED_EDGE ( 'NONE', *, *, #5528, .F. ) ;
#2470 = CARTESIAN_POINT ( 'NONE',  ( 14.30729121006571880, 7.749269540290391056, 4.033211835975495596 ) ) ;
#2472 = AXIS2_PLACEMENT_3D ( 'NONE', #6901, #4140, #844 ) ;
#2473 = PRODUCT_RELATED_PRODUCT_CATEGORY ( 'detail', '', ( #3111 ) ) ;
#2474 = CC_DESIGN_SECURITY_CLASSIFICATION ( #2123, ( #5710 ) ) ;
#2475 = VERTEX_POINT ( 'NONE', #3140 ) ;
#2476 = EDGE_CURVE ( 'NONE', #1849, #6788, #4870, .T. ) ;
#2477 = CYLINDRICAL_SURFACE ( 'NONE', #5983, 0.7000000000000003997 ) ;
#2478 = ORIENTED_EDGE ( 'NONE', *, *, #6889, .T. ) ;
#2479 = VERTEX_POINT ( 'NONE', #3824 ) ;
#2480 = CIRCLE ( 'NONE', #3862, 0.3999999999999995781 ) ;
#2481 = LINE ( 'NONE', #3429, #133 ) ;
#2482 =( BOUNDED_CURVE ( )  B_SPLINE_CURVE ( 3, ( #1164, #4415, #6710, #5618 ),
 .UNSPECIFIED., .F., .F. ) 
 B_SPLINE_CURVE_WITH_KNOTS ( ( 4, 4 ),
 ( 1.570796326794896558, 3.141592653589795336 ),
 .UNSPECIFIED. ) 
 CURVE ( )  GEOMETRIC_REPRESENTATION_ITEM ( )  RATIONAL_B_SPLINE_CURVE ( ( 1.000000000000000000, 0.8047378541243644934, 0.8047378541243644934, 1.000000000000000000 ) ) 
 REPRESENTATION_ITEM ( '' )  );
#2483 = LINE ( 'NONE', #5666, #5118 ) ;
#2484 = CARTESIAN_POINT ( 'NONE',  ( 10.44229455595304046, 6.549269529859577332, 5.686956342389761332 ) ) ;
#2485 = PRODUCT_DEFINITION_SHAPE ( 'NONE', 'NONE',  #863 ) ;
#2486 = AXIS2_PLACEMENT_3D ( 'NONE', #6547, #1576, #5376 ) ;
#2487 = DIRECTION ( 'NONE',  ( 2.774754023183460056E-16, -0.000000000000000000, 1.000000000000000000 ) ) ;
#2488 = ORIENTED_EDGE ( 'NONE', *, *, #1283, .T. ) ;
#2489 = ORIENTED_EDGE ( 'NONE', *, *, #6374, .T. ) ;
#2490 = LINE ( 'NONE', #4689, #1114 ) ;
#2493 = EDGE_CURVE ( 'NONE', #4192, #534, #516, .T. ) ;
#2492 = EDGE_LOOP ( 'NONE', ( #1946, #1856, #4799, #609 ) ) ;
#2491 = DIRECTION ( 'NONE',  ( 0.000000000000000000, -1.000000000000000000, 0.000000000000000000 ) ) ;
#2494 = DIRECTION ( 'NONE',  ( 0.000000000000000000, 1.000000000000000000, 0.000000000000000000 ) ) ;
#2495 = DIRECTION ( 'NONE',  ( -0.000000000000000000, 1.000000000000000000, -0.000000000000000000 ) ) ;
#2496 = CARTESIAN_POINT ( 'NONE',  ( -8.618001082957942316, 4.549999724960382963, -0.9867153539310745680 ) ) ;
#2497 = EDGE_CURVE ( 'NONE', #5805, #6163, #2131, .T. ) ;
#2498 = ORIENTED_EDGE ( 'NONE', *, *, #3014, .F. ) ;
#2499 = VECTOR ( 'NONE', #6985, 1000.000000000000000 ) ;
#2500 = DIRECTION ( 'NONE',  ( -0.000000000000000000, 1.000000000000000000, 0.000000000000000000 ) ) ;
#2502 = ORIENTED_EDGE ( 'NONE', *, *, #3222, .T. ) ;
#2501 = DIRECTION ( 'NONE',  ( -0.000000000000000000, -1.000000000000000000, 0.000000000000000000 ) ) ;
#2503 = CARTESIAN_POINT ( 'NONE',  ( 14.28971605885961615, 7.749269540290391056, 4.033211835975495596 ) ) ;
#2504 = LINE ( 'NONE', #817, #7157 ) ;
#2505 = CARTESIAN_POINT ( 'NONE',  ( 13.40729121006570779, 2.649269550721202737, 4.033211835975495596 ) ) ;
#2506 = ITEM_DEFINED_TRANSFORMATION ( 'NONE', 'NONE', #1196,  #4081 ) ;
#2508 = ORIENTED_EDGE ( 'NONE', *, *, #6954, .T. ) ;
#2507 = CARTESIAN_POINT ( 'NONE',  ( 9.552012507030843480, 6.176477323723792878, 1.993769090798470422 ) ) ;
#2509 = ORIENTED_EDGE ( 'NONE', *, *, #696, .T. ) ;
#2510 = CARTESIAN_POINT ( 'NONE',  ( -10.36800111946578973, 8.049999714529571193, -2.036715380008108145 ) ) ;
#2511 = ADVANCED_FACE ( 'NONE', ( #5999 ), #1029, .F. ) ;
#2512 = APPROVAL_STATUS ( 'not_yet_approved' ) ;
#2513 = VECTOR ( 'NONE', #1901, 1000.000000000000000 ) ;
#2514 = VERTEX_POINT ( 'NONE', #4400 ) ;
#2515 = ORIENTED_EDGE ( 'NONE', *, *, #1930, .F. ) ;
#2516 = CARTESIAN_POINT ( 'NONE',  ( 14.00032365414995539, 2.849347546344269677, 5.093661158152121615 ) ) ;
#2517 = CARTESIAN_POINT ( 'NONE',  ( 8.707291137050034990, 6.749269529859586392, 3.683211830760088290 ) ) ;
#2518 = LINE ( 'NONE', #5949, #3214 ) ;
#2519 = VECTOR ( 'NONE', #5297, 1000.000000000000000 ) ;
#2520 = EDGE_LOOP ( 'NONE', ( #3062, #2051, #5857, #5628 ) ) ;
#2521 = SHAPE_REPRESENTATION ( 'Cable_ChainLink_6.3x4.9_ID3.5mm', ( #4081 ), #6286 ) ;
#2522 = VERTEX_POINT ( 'NONE', #5678 ) ;
#2523 = DIRECTION ( 'NONE',  ( 0.000000000000000000, 1.000000000000000000, 0.000000000000000000 ) ) ;
#2525 = ORIENTED_EDGE ( 'NONE', *, *, #2424, .T. ) ;
#2524 = DIRECTION ( 'NONE',  ( -0.8944271909999162995, 0.000000000000000000, -0.4472135954999570395 ) ) ;
#2526 = EDGE_CURVE ( 'NONE', #5981, #3186, #3747, .T. ) ;
#2527 = CARTESIAN_POINT ( 'NONE',  ( 13.73368442274654200, 2.849269550721202915, 2.983211809898461908 ) ) ;
#2528 = CARTESIAN_POINT ( 'NONE',  ( 14.65729122571193699, 2.149269540290390523, 6.283211872483341232 ) ) ;
#2529 = AXIS2_PLACEMENT_3D ( 'NONE', #3622, #282, #315 ) ;
#2530 = CARTESIAN_POINT ( 'NONE',  ( 8.707291137050036767, 6.514954954808823473, 3.730425426260045363 ) ) ;
#2531 = AXIS2_PLACEMENT_3D ( 'NONE', #1681, #4036, #252 ) ;
#2532 = ORIENTED_EDGE ( 'NONE', *, *, #3606, .T. ) ;
#2533 = EDGE_CURVE ( 'NONE', #4118, #21, #1552, .T. ) ;
#2534 = FACE_OUTER_BOUND ( 'NONE', #6682, .T. ) ;
#2536 = VERTEX_POINT ( 'NONE', #2319 ) ;
#2535 = CARTESIAN_POINT ( 'NONE',  ( 8.907291137050037833, 2.449269550721202560, 3.730425426260042698 ) ) ;
#2537 = VECTOR ( 'NONE', #4668, 1000.000000000000000 ) ;
#2538 = EDGE_CURVE ( 'NONE', #6719, #2145, #6187, .T. ) ;
#2539 = DIRECTION ( 'NONE',  ( -0.000000000000000000, 1.000000000000000000, 0.000000000000000000 ) ) ;
#2540 = DIRECTION ( 'NONE',  ( 0.000000000000000000, 0.000000000000000000, -1.000000000000000000 ) ) ;
#2541 = CIRCLE ( 'NONE', #88, 0.2000000000000002887 ) ;
#2542 = AXIS2_PLACEMENT_3D ( 'NONE', #4940, #122, #2355 ) ;
#2543 = DIRECTION ( 'NONE',  ( 0.000000000000000000, 0.000000000000000000, -1.000000000000000000 ) ) ;
#2545 = ORIENTED_EDGE ( 'NONE', *, *, #2925, .F. ) ;
#2544 = CARTESIAN_POINT ( 'NONE',  ( 15.70729124135815447, 7.049269540290389990, 4.033211835975495596 ) ) ;
#2546 = EDGE_CURVE ( 'NONE', #5813, #1472, #3364, .T. ) ;
#2547 = ORIENTED_EDGE ( 'NONE', *, *, #429, .F. ) ;
#2548 = ORIENTED_EDGE ( 'NONE', *, *, #5287, .F. ) ;
#2549 = ORIENTED_EDGE ( 'NONE', *, *, #3107, .T. ) ;
#2550 = CARTESIAN_POINT ( 'NONE',  ( 13.97905823893396082, 2.849269550721202915, 5.083211862052529284 ) ) ;
#2551 =( BOUNDED_CURVE ( )  B_SPLINE_CURVE ( 3, ( #6555, #3682, #961, #5964 ),
 .UNSPECIFIED., .F., .F. ) 
 B_SPLINE_CURVE_WITH_KNOTS ( ( 4, 4 ),
 ( 4.248741371383887966, 4.712388980384689674 ),
 .UNSPECIFIED. ) 
 CURVE ( )  GEOMETRIC_REPRESENTATION_ITEM ( )  RATIONAL_B_SPLINE_CURVE ( ( 1.000000000000000000, 0.9821659929784871679, 0.9821659929784871679, 1.000000000000000000 ) ) 
 REPRESENTATION_ITEM ( '' )  );
#2552 = LINE ( 'NONE', #1496, #1267 ) ;
#2553 = EDGE_CURVE ( 'NONE', #4063, #5494, #2480, .T. ) ;
#2554 = VERTEX_POINT ( 'NONE', #3937 ) ;
#2555 = DIRECTION ( 'NONE',  ( 0.000000000000000000, 0.000000000000000000, 1.000000000000000000 ) ) ;
#2556 = VECTOR ( 'NONE', #311, 1000.000000000000000 ) ;
#2557 = DIRECTION ( 'NONE',  ( 0.000000000000000000, -1.000000000000000000, 0.000000000000000000 ) ) ;
#2558 = EDGE_LOOP ( 'NONE', ( #4129, #6826 ) ) ;
#2559 = ORIENTED_EDGE ( 'NONE', *, *, #7121, .T. ) ;
#2560 = DIRECTION ( 'NONE',  ( -0.3826834323650898928, 0.000000000000000000, -0.9238795325112867385 ) ) ;
#2561 = CARTESIAN_POINT ( 'NONE',  ( 13.91256986094652603, 6.349269529859578931, 3.072654528998453483 ) ) ;
#2562 = CARTESIAN_POINT ( 'NONE',  ( 10.17946321867392889, 6.954146202915236330, 4.995318588175883256 ) ) ;
#2563 = CARTESIAN_POINT ( 'NONE',  ( 9.513576737759672497, 6.277274235142541237, 2.621267021520258034 ) ) ;
#2564 = DIRECTION ( 'NONE',  ( 1.000000000000000000, 0.000000000000000000, 0.000000000000000000 ) ) ;
#2565 = CC_DESIGN_PERSON_AND_ORGANIZATION_ASSIGNMENT ( #2830, #5035, ( #863 ) ) ;
#2566 = ORIENTED_EDGE ( 'NONE', *, *, #2387, .F. ) ;
#2567 =( BOUNDED_CURVE ( )  B_SPLINE_CURVE ( 3, ( #4578, #6315, #4100, #724 ),
 .UNSPECIFIED., .F., .F. ) 
 B_SPLINE_CURVE_WITH_KNOTS ( ( 4, 4 ),
 ( 4.712388980384689674, 5.497787143782137065 ),
 .UNSPECIFIED. ) 
 CURVE ( )  GEOMETRIC_REPRESENTATION_ITEM ( )  RATIONAL_B_SPLINE_CURVE ( ( 1.000000000000000000, 0.9492530216741912330, 0.9492530216741912330, 1.000000000000000000 ) ) 
 REPRESENTATION_ITEM ( '' )  );
#2568 = ADVANCED_FACE ( 'NONE', ( #6229 ), #1112, .F. ) ;
#2569 = FACE_OUTER_BOUND ( 'NONE', #6043, .T. ) ;
#2571 = EDGE_LOOP ( 'NONE', ( #1565, #5731, #4879, #1476 ) ) ;
#2570 = LINE ( 'NONE', #2668, #3871 ) ;
#2572 = DIRECTION ( 'NONE',  ( -1.000000000000000000, 0.000000000000000000, 0.000000000000000000 ) ) ;
#2573 = CIRCLE ( 'NONE', #1047, 0.2999999999999999334 ) ;
#2574 = AXIS2_PLACEMENT_3D ( 'NONE', #775, #1338, #2991 ) ;
#2575 = ORIENTED_EDGE ( 'NONE', *, *, #3123, .T. ) ;
#2576 = CARTESIAN_POINT ( 'NONE',  ( 9.757291152696254244, 1.449269540290390568, 4.033211835975495596 ) ) ;
#2577 = DATE_TIME_ROLE ( 'classification_date' ) ;
#2578 = VECTOR ( 'NONE', #725, 1000.000000000000000 ) ;
#2580 = ORIENTED_EDGE ( 'NONE', *, *, #6940, .F. ) ;
#2579 = DIRECTION ( 'NONE',  ( -1.000000000000000000, 0.000000000000000000, 0.000000000000000000 ) ) ;
#2581 = ORIENTED_EDGE ( 'NONE', *, *, #1190, .F. ) ;
#2582 = EDGE_CURVE ( 'NONE', #4407, #1632, #704, .T. ) ;
#2583 =( GEOMETRIC_REPRESENTATION_CONTEXT ( 3 ) GLOBAL_UNCERTAINTY_ASSIGNED_CONTEXT ( ( #6304 ) ) GLOBAL_UNIT_ASSIGNED_CONTEXT ( ( #4575, #5702, #4030 ) ) REPRESENTATION_CONTEXT ( 'NONE', 'WORKASPACE' ) );
#2584 = ORIENTED_EDGE ( 'NONE', *, *, #6361, .T. ) ;
#2585 = EDGE_CURVE ( 'NONE', #5471, #3003, #5527, .T. ) ;
#2586 = DIRECTION ( 'NONE',  ( 0.000000000000000000, -1.734723475976807094E-15, -1.000000000000000000 ) ) ;
#2587 = ORIENTED_EDGE ( 'NONE', *, *, #1342, .T. ) ;
#2588 = APPLICATION_CONTEXT ( 'configuration controlled 3d designs of mechanical parts and assemblies' ) ;
#2589 = CARTESIAN_POINT ( 'NONE',  ( 14.10412028909206050, 2.846839758305129031, 4.925682759016067003 ) ) ;
#2590 = PRODUCT_DEFINITION_FORMATION_WITH_SPECIFIED_SOURCE ( 'ANY', '', #4518, .NOT_KNOWN. ) ;
#2591 = DIRECTION ( 'NONE',  ( 0.7071067811865470176, 0.7071067811865480168, 0.000000000000000000 ) ) ;
#2592 = EDGE_CURVE ( 'NONE', #4372, #6284, #4962, .T. ) ;
#2593 = DIRECTION ( 'NONE',  ( 0.000000000000000000, 0.000000000000000000, 1.000000000000000000 ) ) ;
#2594 = CC_DESIGN_SECURITY_CLASSIFICATION ( #378, ( #7187 ) ) ;
#2595 = CARTESIAN_POINT ( 'NONE',  ( 10.82229793957100838, 7.002109678716928798, 6.483211872483341409 ) ) ;
#2596 = ORIENTED_EDGE ( 'NONE', *, *, #1986, .T. ) ;
#2597 = CARTESIAN_POINT ( 'NONE',  ( 12.49652003039348180, 3.850002315391870322, -3.380930007840445395 ) ) ;
#2598 = CARTESIAN_POINT ( 'NONE',  ( -8.618001082957942316, 4.549999724960382963, -0.9867153539310745680 ) ) ;
#2599 = CARTESIAN_POINT ( 'NONE',  ( 9.730897945230827517, 3.549269550721202648, 2.283211809898462175 ) ) ;
#2600 = CARTESIAN_POINT ( 'NONE',  ( 10.67229774098005102, 3.054294803890619026, 5.578186608883112463 ) ) ;
#2601 = CYLINDRICAL_SURFACE ( 'NONE', #2486, 0.4000000000000001887 ) ;
#2602 = VECTOR ( 'NONE', #6801, 1000.000000000000000 ) ;
#2603 = EDGE_LOOP ( 'NONE', ( #2260, #2839, #5320, #806, #6747, #3315 ) ) ;
#2604 = FACE_OUTER_BOUND ( 'NONE', #919, .T. ) ;
#2605 = CIRCLE ( 'NONE', #6766, 0.2999999999999999334 ) ;
#2606 = ADVANCED_FACE ( 'NONE', ( #3440 ), #4590, .F. ) ;
#2608 = ORIENTED_EDGE ( 'NONE', *, *, #652, .T. ) ;
#2607 = CYLINDRICAL_SURFACE ( 'NONE', #1337, 0.7000000000000001776 ) ;
#2609 = FACE_OUTER_BOUND ( 'NONE', #409, .T. ) ;
#2610 = CARTESIAN_POINT ( 'NONE',  ( 13.74228463742814021, 3.054294803890619026, 5.578186608883112463 ) ) ;
#2611 = CARTESIAN_POINT ( 'NONE',  ( 8.707291137050036767, 7.049269540290389990, 4.033211835975495596 ) ) ;
#2612 = DIRECTION ( 'NONE',  ( 0.3826834323650898928, -0.000000000000000000, 0.9238795325112867385 ) ) ;
#2613 = CALENDAR_DATE ( 2024, 29, 4 ) ;
#2615 = ORIENTED_EDGE ( 'NONE', *, *, #58, .T. ) ;
#2614 = CARTESIAN_POINT ( 'NONE',  ( 8.872361222655781532, 2.807496534181487924, 3.353071659548437555 ) ) ;
#2616 = EDGE_CURVE ( 'NONE', #3457, #7174, #1808, .T. ) ;
#2617 = ORIENTED_EDGE ( 'NONE', *, *, #6305, .T. ) ;
#2618 = DIRECTION ( 'NONE',  ( 0.000000000000000000, -1.000000000000000000, 0.000000000000000000 ) ) ;
#2619 = EDGE_CURVE ( 'NONE', #1785, #4888, #5021, .T. ) ;
#2620 = CALENDAR_DATE ( 2024, 29, 4 ) ;
#2621 = ORIENTED_EDGE ( 'NONE', *, *, #3920, .T. ) ;
#2622 = CARTESIAN_POINT ( 'NONE',  ( 14.09945774500745408, 2.649304160534665442, 4.922802337797252292 ) ) ;
#2623 = EDGE_CURVE ( 'NONE', #4480, #3961, #5606, .T. ) ;
#2624 = DIRECTION ( 'NONE',  ( -0.000000000000000000, 1.000000000000000000, 0.000000000000000000 ) ) ;
#2625 = PLANE ( 'NONE',  #3797 ) ;
#2626 = LINE ( 'NONE', #7075, #827 ) ;
#2627 = ORIENTED_EDGE ( 'NONE', *, *, #2198, .F. ) ;
#2628 = CARTESIAN_POINT ( 'NONE',  ( 13.73368442274654200, 6.349269529859578043, 2.983211809898461908 ) ) ;
#2629 = CARTESIAN_POINT ( 'NONE',  ( 15.68167040060599149, 9.450002315391870411, -3.380930007840445395 ) ) ;
#2630 = CYLINDRICAL_SURFACE ( 'NONE', #2060, 0.7000000000000003997 ) ;
#2631 = CARTESIAN_POINT ( 'NONE',  ( 13.93241748071312891, 5.796299108766488573, 5.783211862159427064 ) ) ;
#2632 = ORIENTED_EDGE ( 'NONE', *, *, #4365, .F. ) ;
#2633 = LINE ( 'NONE', #1978, #1056 ) ;
#2635 = EDGE_LOOP ( 'NONE', ( #1109, #2627, #1728, #716 ) ) ;
#2634 = FACE_OUTER_BOUND ( 'NONE', #7108, .T. ) ;
#2636 = VECTOR ( 'NONE', #2188, 1000.000000000000000 ) ;
#2637 = DIRECTION ( 'NONE',  ( 0.000000000000000000, 0.000000000000000000, -1.000000000000000000 ) ) ;
#2638 = CARTESIAN_POINT ( 'NONE',  ( 10.78148605018372841, 5.837402301304861041, 5.783211862052528573 ) ) ;
#2639 = CARTESIAN_POINT ( 'NONE',  ( 12.49652003039348180, 4.550002315391870056, -2.680727295505981100 ) ) ;
#2640 = VECTOR ( 'NONE', #3707, 1000.000000000000000 ) ;
#2641 = CC_DESIGN_PERSON_AND_ORGANIZATION_ASSIGNMENT ( #5424, #2714, ( #3849 ) ) ;
#2642 = ADVANCED_FACE ( 'NONE', ( #1150 ), #3980, .T. ) ;
#2643 = CARTESIAN_POINT ( 'NONE',  ( 14.10543846428575065, 6.549169249772760715, 4.926497099798509360 ) ) ;
#2644 = AXIS2_PLACEMENT_3D ( 'NONE', #1674, #1635, #2837 ) ;
#2645 = APPROVAL_ROLE ( '' ) ;
#2647 = ORIENTED_EDGE ( 'NONE', *, *, #564, .T. ) ;
#2646 = DIRECTION ( 'NONE',  ( 1.000000000000000000, 0.000000000000000000, 0.000000000000000000 ) ) ;
#2648 = AXIS2_PLACEMENT_3D ( 'NONE', #711, #2327, #5651 ) ;
#2649 = ORIENTED_EDGE ( 'NONE', *, *, #434, .T. ) ;
#2650 = DIRECTION ( 'NONE',  ( 0.7071067811865474617, 0.000000000000000000, 0.7071067811865476838 ) ) ;
#2651 = COORDINATED_UNIVERSAL_TIME_OFFSET ( 1, 0, .AHEAD. ) ;
#2652 = EDGE_CURVE ( 'NONE', #5147, #5536, #2777, .T. ) ;
#2653 = ORIENTED_EDGE ( 'NONE', *, *, #1421, .F. ) ;
#2654 = DIRECTION ( 'NONE',  ( 1.000000000000000000, 0.000000000000000000, 0.000000000000000000 ) ) ;
#2655 = DIRECTION ( 'NONE',  ( 1.000000000000000000, 0.000000000000000000, 0.000000000000000000 ) ) ;
#2656 = EDGE_CURVE ( 'NONE', #67, #662, #6648, .T. ) ;
#2657 = DIRECTION ( 'NONE',  ( 0.000000000000000000, 1.000000000000000000, 0.000000000000000000 ) ) ;
#2658 = CARTESIAN_POINT ( 'NONE',  ( 13.93167036409815829, 9.050002304961065391, 0.1190700547444332319 ) ) ;
#2659 = VERTEX_POINT ( 'NONE', #6664 ) ;
#2660 = DIRECTION ( 'NONE',  ( 0.000000000000000000, 0.000000000000000000, 1.000000000000000000 ) ) ;
#2661 = CARTESIAN_POINT ( 'NONE',  ( 13.23167036409815722, 5.455027578992097226, 0.6140448015750160637 ) ) ;
#2662 = CARTESIAN_POINT ( 'NONE',  ( 13.40729121006570779, 6.549269529859585326, 5.783211862052528573 ) ) ;
#2663 = EDGE_CURVE ( 'NONE', #4998, #4407, #616, .T. ) ;
#2664 = DIRECTION ( 'NONE',  ( -0.000000000000000000, 1.000000000000000000, 0.000000000000000000 ) ) ;
#2665 = VERTEX_POINT ( 'NONE', #1769 ) ;
#2666 = EDGE_CURVE ( 'NONE', #2659, #5638, #6402, .T. ) ;
#2667 = CARTESIAN_POINT ( 'NONE',  ( 9.757291152696254244, 2.149269540290390523, 4.033211835975495596 ) ) ;
#2669 = ORIENTED_EDGE ( 'NONE', *, *, #211, .F. ) ;
#2668 = CARTESIAN_POINT ( 'NONE',  ( 9.757291152696254244, 7.049269540290389990, 1.783211799467650405 ) ) ;
#2670 = DIRECTION ( 'NONE',  ( 0.7071067811865474617, 0.000000000000000000, 0.7071067811865476838 ) ) ;
#2671 = CARTESIAN_POINT ( 'NONE',  ( 11.50654407254469014, 5.950002325822681293, 0.8190700547444330626 ) ) ;
#2672 = CARTESIAN_POINT ( 'NONE',  ( 12.51408196731230227, 9.450002315391870411, 1.519070065175245343 ) ) ;
#2673 = CARTESIAN_POINT ( 'NONE',  ( 10.43167032237490766, 9.100002310176449782, -2.680929997409633447 ) ) ;
#2674 = PERSON_AND_ORGANIZATION ( #4024, #146 ) ;
#2676 = ORIENTED_EDGE ( 'NONE', *, *, #6607, .T. ) ;
#2675 = DIRECTION ( 'NONE',  ( 1.000000000000000000, 0.000000000000000000, 0.000000000000000000 ) ) ;
#2677 = AXIS2_PLACEMENT_3D ( 'NONE', #4903, #7124, #4836 ) ;
#2678 = ORIENTED_EDGE ( 'NONE', *, *, #6470, .T. ) ;
#2679 = CARTESIAN_POINT ( 'NONE',  ( 12.20729118920410095, 6.349269529859585148, 2.283211809898462175 ) ) ;
#2680 = CIRCLE ( 'NONE', #1301, 0.2000000000000002331 ) ;
#2681 = PERSON_AND_ORGANIZATION_ROLE ( 'design_supplier' ) ;
#2682 = VERTEX_POINT ( 'NONE', #2356 ) ;
#2683 = CARTESIAN_POINT ( 'NONE',  ( 9.048030730650586051, 2.149269540290390523, 3.238183708697763397 ) ) ;
#2684 = CARTESIAN_POINT ( 'NONE',  ( 8.875898794576775330, 6.549269530006331053, 3.345996515706607166 ) ) ;
#2685 = VECTOR ( 'NONE', #7040, 1000.000000000000000 ) ;
#2686 = EDGE_CURVE ( 'NONE', #3733, #5037, #5749, .T. ) ;
#2687 = VERTEX_POINT ( 'NONE', #1334 ) ;
#2688 = DIRECTION ( 'NONE',  ( 0.000000000000000000, 1.000000000000000000, 0.000000000000000000 ) ) ;
#2689 = DIRECTION ( 'NONE',  ( 0.000000000000000000, -1.000000000000000000, 0.000000000000000000 ) ) ;
#2690 = CC_DESIGN_APPROVAL ( #4362, ( #3157 ) ) ;
#2691 = ORIENTED_EDGE ( 'NONE', *, *, #5878, .T. ) ;
#2692 = EDGE_LOOP ( 'NONE', ( #3621, #1217, #3514, #1424 ) ) ;
#2693 = CARTESIAN_POINT ( 'NONE',  ( 14.13919839288494806, 2.762861793557244816, 2.619397465121604984 ) ) ;
#2694 = CARTESIAN_POINT ( 'NONE',  ( 10.32915769579019916, 8.544977051791642353, -2.475904744240216449 ) ) ;
#2695 = LINE ( 'NONE', #5375, #7029 ) ;
#2696 = LINE ( 'NONE', #4247, #160 ) ;
#2697 = ADVANCED_FACE ( 'NONE', ( #2421 ), #736, .F. ) ;
#2698 = ORIENTED_EDGE ( 'NONE', *, *, #2656, .F. ) ;
#2699 = EDGE_CURVE ( 'NONE', #4654, #2867, #773, .T. ) ;
#2700 = CARTESIAN_POINT ( 'NONE',  ( 10.96007226006151747, 7.049269540290390879, 6.483211872483341409 ) ) ;
#2702 = ORIENTED_EDGE ( 'NONE', *, *, #6601, .F. ) ;
#2701 = DIRECTION ( 'NONE',  ( 0.000000000000000000, -1.000000000000000000, 0.000000000000000000 ) ) ;
#2703 = DIRECTION ( 'NONE',  ( 0.000000000000000000, -1.000000000000000000, 0.000000000000000000 ) ) ;
#2704 = CYLINDRICAL_SURFACE ( 'NONE', #4373, 0.7000000000000003997 ) ;
#2705 = CARTESIAN_POINT ( 'NONE',  ( 12.20729118920410095, 3.054294803890619026, 2.488237063067879173 ) ) ;
#2706 = EDGE_CURVE ( 'NONE', #4494, #6364, #6498, .T. ) ;
#2707 = ORIENTED_EDGE ( 'NONE', *, *, #5689, .T. ) ;
#2708 = CARTESIAN_POINT ( 'NONE',  ( 12.55729126743518975, 1.949269540290390568, 6.283211872483342120 ) ) ;
#2709 = APPROVAL_STATUS ( 'not_yet_approved' ) ;
#2711 = VERTEX_POINT ( 'NONE', #5784 ) ;
#2710 = CYLINDRICAL_SURFACE ( 'NONE', #4052, 0.4000000000000001887 ) ;
#2712 = ORIENTED_EDGE ( 'NONE', *, *, #3889, .F. ) ;
#2713 = CARTESIAN_POINT ( 'NONE',  ( 8.746176573163856105, 2.849269550721202915, 4.052654554032406153 ) ) ;
#2714 = PERSON_AND_ORGANIZATION_ROLE ( 'creator' ) ;
#2716 = ORIENTED_EDGE ( 'NONE', *, *, #4768, .F. ) ;
#2715 = CARTESIAN_POINT ( 'NONE',  ( 12.49652003039348180, 9.450002315391870411, -3.380930007840445395 ) ) ;
#2717 = DIRECTION ( 'NONE',  ( 0.000000000000000000, 0.000000000000000000, 1.000000000000000000 ) ) ;
#2718 = DIRECTION ( 'NONE',  ( 0.000000000000000000, -1.000000000000000000, 0.000000000000000000 ) ) ;
#2719 = ORIENTED_EDGE ( 'NONE', *, *, #3036, .F. ) ;
#2720 = EDGE_CURVE ( 'NONE', #3010, #6163, #333, .T. ) ;
#2721 = CARTESIAN_POINT ( 'NONE',  ( 8.907291137050037833, 7.049269540290389990, 3.730425426260042698 ) ) ;
#2722 = CARTESIAN_POINT ( 'NONE',  ( 14.65729122571193699, 2.149269540290390523, 4.033211835975495596 ) ) ;
#2723 = EDGE_LOOP ( 'NONE', ( #6070, #1606, #6181, #2698, #3776 ) ) ;
#2724 = FACE_OUTER_BOUND ( 'NONE', #3087, .T. ) ;
#2725 = CARTESIAN_POINT ( 'NONE',  ( 9.730897945190452702, 5.833043812188779320, 2.283211809898462175 ) ) ;
#2726 = PLANE ( 'NONE',  #3673 ) ;
#2727 = DIRECTION ( 'NONE',  ( 1.000000000000000000, 0.000000000000000000, 0.000000000000000000 ) ) ;
#2728 = ORIENTED_EDGE ( 'NONE', *, *, #185, .F. ) ;
#2729 = DIRECTION ( 'NONE',  ( -0.9238795325112867385, 0.000000000000000000, -0.3826834323650899483 ) ) ;
#2730 = EDGE_CURVE ( 'NONE', #6807, #2406, #971, .T. ) ;
#2732 = ORIENTED_EDGE ( 'NONE', *, *, #2833, .T. ) ;
#2731 = LINE ( 'NONE', #4937, #2332 ) ;
#2733 = CARTESIAN_POINT ( 'NONE',  ( 10.22391793754568745, 6.549269529859578221, 5.159748548525547207 ) ) ;
#2734 = CARTESIAN_POINT ( 'NONE',  ( 8.707291137050036767, 6.938712259390380055, 3.730425426260042698 ) ) ;
#2735 = DIRECTION ( 'NONE',  ( 0.000000000000000000, -1.000000000000000000, 0.000000000000000000 ) ) ;
#2736 = ADVANCED_FACE ( 'NONE', ( #4660 ), #4113, .F. ) ;
#2737 = EDGE_LOOP ( 'NONE', ( #2719, #5839, #4801, #4193, #5655 ) ) ;
#2739 = ORIENTED_EDGE ( 'NONE', *, *, #6418, .F. ) ;
#2738 = DIRECTION ( 'NONE',  ( 0.000000000000000000, 0.000000000000000000, 1.000000000000000000 ) ) ;
#2740 = VECTOR ( 'NONE', #3558, 1000.000000000000000 ) ;
#2741 = EDGE_CURVE ( 'NONE', #4445, #4094, #3566, .T. ) ;
#2742 = PERSON_AND_ORGANIZATION ( #1685, #4555 ) ;
#2744 = EDGE_LOOP ( 'NONE', ( #5296, #2547, #4691, #5290 ) ) ;
#2743 = CARTESIAN_POINT ( 'NONE',  ( 13.60729121006571951, 7.049269540290389990, 4.033211835975495596 ) ) ;
#2745 = SHAPE_REPRESENTATION ( 'Female_End_6.3x4.9_ID3.5mm', ( #4081 ), #364 ) ;
#2746 = ORIENTED_EDGE ( 'NONE', *, *, #4148, .T. ) ;
#2747 = CIRCLE ( 'NONE', #422, 0.2000000000000002331 ) ;
#2748 = CARTESIAN_POINT ( 'NONE',  ( 10.78167032759031230, 9.450002315391870411, -0.9309299713326002479 ) ) ;
#2749 = CARTESIAN_POINT ( 'NONE',  ( 11.48970279241824421, 2.149269540290390523, 5.765623475697482903 ) ) ;
#2750 = ADVANCED_FACE ( 'NONE', ( #3026 ), #1906, .T. ) ;
#2751 = APPLICATION_PROTOCOL_DEFINITION ( 'international standard', 'config_control_design', 1994, #2316 ) ;
#2753 = ORIENTED_EDGE ( 'NONE', *, *, #5251, .T. ) ;
#2752 = CARTESIAN_POINT ( 'NONE',  ( -10.06800111946578902, 9.049999714529576522, 0.7632846721459588535 ) ) ;
#2754 = TOROIDAL_SURFACE ( 'NONE', #3460, 2.850000036507845280, 0.4000000000000000222 ) ;
#2755 = CARTESIAN_POINT ( 'NONE',  ( 10.43167032237490766, 5.950002325822681293, -2.680929997409633447 ) ) ;
#2756 = AXIS2_PLACEMENT_3D ( 'NONE', #1709, #6052, #4381 ) ;
#2757 = FACE_OUTER_BOUND ( 'NONE', #5724, .T. ) ;
#2758 = ORIENTED_EDGE ( 'NONE', *, *, #5425, .T. ) ;
#2759 = VECTOR ( 'NONE', #6290, 1000.000000000000000 ) ;
#2760 = CYLINDRICAL_SURFACE ( 'NONE', #3903, 0.2000000000000000944 ) ;
#2761 = AXIS2_PLACEMENT_3D ( 'NONE', #2202, #4399, #5526 ) ;
#2762 = CARTESIAN_POINT ( 'NONE',  ( 11.48970279241824421, 7.349269540290390701, 6.483211872483341409 ) ) ;
#2763 = ORIENTED_EDGE ( 'NONE', *, *, #6378, .F. ) ;
#2764 = CARTESIAN_POINT ( 'NONE',  ( 13.99294371514605473, 2.751389371142425322, 5.637088606112453881 ) ) ;
#2765 = FACE_OUTER_BOUND ( 'NONE', #6310, .T. ) ;
#2766 = CARTESIAN_POINT ( 'NONE',  ( 10.19221540398946502, 6.549269529859585326, 5.083211862052529284 ) ) ;
#2767 = ADVANCED_FACE ( 'NONE', ( #5718 ), #2959, .F. ) ;
#2768 = DIRECTION ( 'NONE',  ( -0.000000000000000000, 1.000000000000000000, 0.000000000000000000 ) ) ;
#2769 = ORIENTED_EDGE ( 'NONE', *, *, #1176, .T. ) ;
#2770 = DIRECTION ( 'NONE',  ( -0.3826834323650899483, 0.000000000000000000, 0.9238795325112867385 ) ) ;
#2772 = ORIENTED_EDGE ( 'NONE', *, *, #1384, .T. ) ;
#2771 = CARTESIAN_POINT ( 'NONE',  ( 11.83167034323652977, 9.450002315391870411, -0.9309299713326002479 ) ) ;
#2773 = LINE ( 'NONE', #2317, #4864 ) ;
#2774 = CYLINDRICAL_SURFACE ( 'NONE', #5413, 0.2000000000000002331 ) ;
#2775 = CC_DESIGN_PERSON_AND_ORGANIZATION_ASSIGNMENT ( #2252, #6673, ( #2014 ) ) ;
#2776 = VECTOR ( 'NONE', #2896, 1000.000000000000000 ) ;
#2777 = LINE ( 'NONE', #5094, #1897 ) ;
#2778 = EDGE_CURVE ( 'NONE', #6163, #6782, #4, .T. ) ;
#2779 = ORIENTED_EDGE ( 'NONE', *, *, #1816, .T. ) ;
#2781 = EDGE_LOOP ( 'NONE', ( #2596, #5381, #2441, #4056, #6358 ) ) ;
#2780 = DIRECTION ( 'NONE',  ( 0.000000000000000000, 8.673617379884035472E-16, -1.000000000000000000 ) ) ;
#2782 = AXIS2_PLACEMENT_3D ( 'NONE', #6987, #7134, #2675 ) ;
#2783 = EDGE_CURVE ( 'NONE', #1319, #5464, #3248, .T. ) ;
#2785 = ORIENTED_EDGE ( 'NONE', *, *, #5269, .T. ) ;
#2784 = DIRECTION ( 'NONE',  ( 1.000000000000000000, 0.000000000000000000, 0.000000000000000000 ) ) ;
#2786 = VERTEX_POINT ( 'NONE', #4080 ) ;
#2787 = LINE ( 'NONE', #7138, #7037 ) ;
#2788 =( BOUNDED_CURVE ( )  B_SPLINE_CURVE ( 3, ( #328, #842, #5814, #3841 ),
 .UNSPECIFIED., .F., .F. ) 
 B_SPLINE_CURVE_WITH_KNOTS ( ( 4, 4 ),
 ( 1.585724447098807444, 2.356194490192343949 ),
 .UNSPECIFIED. ) 
 CURVE ( )  GEOMETRIC_REPRESENTATION_ITEM ( )  RATIONAL_B_SPLINE_CURVE ( ( 1.000000000000000000, 0.9511400950592407977, 0.9511400950592407977, 1.000000000000000000 ) ) 
 REPRESENTATION_ITEM ( '' )  );
#2789 = CARTESIAN_POINT ( 'NONE',  ( 12.20729118920410095, 5.649269529859577865, 2.283211809898462175 ) ) ;
#2790 = APPLICATION_PROTOCOL_DEFINITION ( 'international standard', 'config_control_design', 1994, #3470 ) ;
#2791 = EDGE_CURVE ( 'NONE', #2554, #491, #6952, .T. ) ;
#2792 = AXIS2_PLACEMENT_3D ( 'NONE', #6484, #3685, #1557 ) ;
#2794 = VERTEX_POINT ( 'NONE', #3098 ) ;
#2793 = DIRECTION ( 'NONE',  ( 1.000000000000000000, -0.000000000000000000, -0.000000000000000000 ) ) ;
#2795 = DIRECTION ( 'NONE',  ( 0.000000000000000000, 0.000000000000000000, -1.000000000000000000 ) ) ;
#2796 = CARTESIAN_POINT ( 'NONE',  ( 14.36256986094652710, 5.649269529859577865, 2.172654528998454015 ) ) ;
#2797 = EDGE_CURVE ( 'NONE', #3961, #6252, #2605, .T. ) ;
#2798 = AXIS2_PLACEMENT_3D ( 'NONE', #2503, #2539, #1822 ) ;
#2799 = CIRCLE ( 'NONE', #935, 0.1999999999999996503 ) ;
#2800 = ORIENTED_EDGE ( 'NONE', *, *, #3839, .F. ) ;
#2801 = CARTESIAN_POINT ( 'NONE',  ( 13.63309632822446282, 5.649269529859577865, 5.783211862052528573 ) ) ;
#2802 = CARTESIAN_POINT ( 'NONE',  ( -8.985576249810282690, 4.549999724960382963, -0.9867153539310745680 ) ) ;
#2803 = EDGE_LOOP ( 'NONE', ( #4368, #1248, #1912, #5695, #655 ) ) ;
#2804 = DIRECTION ( 'NONE',  ( 0.000000000000000000, 0.000000000000000000, 1.000000000000000000 ) ) ;
#2805 = VECTOR ( 'NONE', #6471, 1000.000000000000000 ) ;
#2806 = LINE ( 'NONE', #657, #1532 ) ;
#2807 = CARTESIAN_POINT ( 'NONE',  ( 13.23167036409815722, 8.750002304961064681, -2.680929997409633447 ) ) ;
#2808 = FACE_OUTER_BOUND ( 'NONE', #1828, .T. ) ;
#2809 = ORIENTED_EDGE ( 'NONE', *, *, #5138, .T. ) ;
#2810 = VECTOR ( 'NONE', #7112, 1000.000000000000000 ) ;
#2811 = LINE ( 'NONE', #5016, #3890 ) ;
#2813 = EDGE_LOOP ( 'NONE', ( #6067, #1044, #5547, #7041 ) ) ;
#2812 = DIRECTION ( 'NONE',  ( 0.000000000000000000, 0.000000000000000000, -1.000000000000000000 ) ) ;
#2814 = APPLICATION_CONTEXT ( 'configuration controlled 3d designs of mechanical parts and assemblies' ) ;
#2815 = DIRECTION ( 'NONE',  ( 0.000000000000000000, 0.000000000000000000, -1.000000000000000000 ) ) ;
#2816 = CARTESIAN_POINT ( 'NONE',  ( 11.47672264504584305, 5.588057537444475642, 0.7470747600273955902 ) ) ;
#2817 = APPROVAL_PERSON_ORGANIZATION ( #456, #3396, #2144 ) ;
#2818 = DIRECTION ( 'NONE',  ( 0.000000000000000000, -1.000000000000000000, 0.000000000000000000 ) ) ;
#2819 = ADVANCED_FACE ( 'NONE', ( #4215 ), #1332, .T. ) ;
#2820 = LOCAL_TIME ( 18, 13, 43.00000000000000000, #3329 ) ;
#2822 = VERTEX_POINT ( 'NONE', #5888 ) ;
#2821 = DIRECTION ( 'NONE',  ( 2.774754023183460056E-16, 0.000000000000000000, 1.000000000000000000 ) ) ;
#2823 = CALENDAR_DATE ( 2024, 29, 4 ) ;
#2825 = ORIENTED_EDGE ( 'NONE', *, *, #1816, .F. ) ;
#2824 = DIRECTION ( 'NONE',  ( 0.000000000000000000, 0.000000000000000000, -1.000000000000000000 ) ) ;
#2826 = AXIS2_PLACEMENT_3D ( 'NONE', #3479, #1844, #1266 ) ;
#2827 = ORIENTED_EDGE ( 'NONE', *, *, #3669, .F. ) ;
#2828 = CARTESIAN_POINT ( 'NONE',  ( 13.60729121006571951, 2.149269540290390523, 4.033211835975495596 ) ) ;
#2829 = CARTESIAN_POINT ( 'NONE',  ( -10.06800111946578902, 5.949999735391195976, 0.06328467214595895340 ) ) ;
#2830 = PERSON_AND_ORGANIZATION ( #6958, #2931 ) ;
#2832 = ORIENTED_EDGE ( 'NONE', *, *, #2963, .F. ) ;
#2831 = CARTESIAN_POINT ( 'NONE',  ( 11.36651701906003353, 5.321997620539718810, 0.4810148431226370924 ) ) ;
#2833 = EDGE_CURVE ( 'NONE', #768, #6788, #438, .T. ) ;
#2834 = VECTOR ( 'NONE', #606, 1000.000000000000000 ) ;
#2835 = CYLINDRICAL_SURFACE ( 'NONE', #5686, 0.1999999999999996503 ) ;
#2836 = AXIS2_PLACEMENT_3D ( 'NONE', #2535, #2501, #815 ) ;
#2837 = DIRECTION ( 'NONE',  ( 1.000000000000000000, 0.000000000000000000, 0.000000000000000000 ) ) ;
#2838 = EDGE_CURVE ( 'NONE', #6821, #258, #3059, .T. ) ;
#2839 = ORIENTED_EDGE ( 'NONE', *, *, #6420, .T. ) ;
#2840 = LINE ( 'NONE', #4346, #5758 ) ;
#2841 = CARTESIAN_POINT ( 'NONE',  ( -10.36800111946578973, 8.631171260098586373, -2.736715390438920537 ) ) ;
#2842 = VERTEX_POINT ( 'NONE', #3132 ) ;
#2843 = EDGE_LOOP ( 'NONE', ( #4815, #1329 ) ) ;
#2844 = ADVANCED_FACE ( 'NONE', ( #3779 ), #4041, .T. ) ;
#2845 = CARTESIAN_POINT ( 'NONE',  ( 13.81787223472671933, 3.549269550721203093, 6.059748548525546674 ) ) ;
#2846 = CARTESIAN_POINT ( 'NONE',  ( 9.552012507030843480, 5.649269529859577865, 1.993769090798470645 ) ) ;
#2847 = DIRECTION ( 'NONE',  ( 1.000000000000000000, 0.000000000000000000, 0.000000000000000000 ) ) ;
#2848 = DIRECTION ( 'NONE',  ( -0.4472135954999579277, 0.000000000000000000, 0.8944271909999158554 ) ) ;
#2849 = EDGE_LOOP ( 'NONE', ( #3881, #3461, #4978, #3428 ) ) ;
#2850 = DIRECTION ( 'NONE',  ( -0.3826834323650898928, -0.000000000000000000, -0.9238795325112867385 ) ) ;
#2852 = VERTEX_POINT ( 'NONE', #3709 ) ;
#2851 = DIRECTION ( 'NONE',  ( 1.000000000000000000, 0.000000000000000000, 0.000000000000000000 ) ) ;
#2853 = CARTESIAN_POINT ( 'NONE',  ( 14.65729122571193699, 2.149269540290390523, 4.033211835975495596 ) ) ;
#2854 = CARTESIAN_POINT ( 'NONE',  ( 13.60729121006570885, 2.499269545505796053, 4.033211835975495596 ) ) ;
#2855 = DIRECTION ( 'NONE',  ( -0.3826834323650885605, 0.000000000000000000, -0.9238795325112872936 ) ) ;
#2856 = AXIS2_PLACEMENT_3D ( 'NONE', #5502, #529, #6357 ) ;
#2858 = EDGE_LOOP ( 'NONE', ( #3657, #3526, #1734, #18, #2399 ) ) ;
#2857 = FACE_OUTER_BOUND ( 'NONE', #5523, .T. ) ;
#2860 = VERTEX_POINT ( 'NONE', #5479 ) ;
#2859 = DIRECTION ( 'NONE',  ( 0.000000000000000000, 1.000000000000000000, 0.000000000000000000 ) ) ;
#2861 = ADVANCED_FACE ( 'NONE', ( #4861 ), #3285, .T. ) ;
#2862 = ORIENTED_EDGE ( 'NONE', *, *, #5521, .F. ) ;
#2863 = FACE_OUTER_BOUND ( 'NONE', #4622, .T. ) ;
#2864 = CARTESIAN_POINT ( 'NONE',  ( -7.568001067311724839, 4.549999724960382963, -0.9867153539310745680 ) ) ;
#2865 = PERSON_AND_ORGANIZATION ( #6958, #2931 ) ;
#2867 = VERTEX_POINT ( 'NONE', #4931 ) ;
#2866 = PLANE ( 'NONE',  #3896 ) ;
#2868 = LINE ( 'NONE', #2371, #5751 ) ;
#2869 = VECTOR ( 'NONE', #866, 1000.000000000000000 ) ;
#2870 = DIRECTION ( 'NONE',  ( 0.000000000000000000, -1.000000000000000000, 0.000000000000000000 ) ) ;
#2871 = CC_DESIGN_DATE_AND_TIME_ASSIGNMENT ( #4739, #3577, ( #3157 ) ) ;
#2872 = CIRCLE ( 'NONE', #3208, 0.3500000156462182987 ) ;
#2873 = VERTEX_POINT ( 'NONE', #5439 ) ;
#2874 = EDGE_CURVE ( 'NONE', #2134, #1347, #2696, .T. ) ;
#2875 = LINE ( 'NONE', #5213, #661 ) ;
#2876 = DIRECTION ( 'NONE',  ( -0.000000000000000000, 0.000000000000000000, 1.000000000000000000 ) ) ;
#2877 = VERTEX_POINT ( 'NONE', #510 ) ;
#2878 = EDGE_LOOP ( 'NONE', ( #1453, #3452, #6120, #5506, #4657 ) ) ;
#2879 = DIRECTION ( 'NONE',  ( 0.000000000000000000, 0.000000000000000000, -1.000000000000000000 ) ) ;
#2880 = CARTESIAN_POINT ( 'NONE',  ( 8.928405698850053085, 2.649269550721202737, 3.240982707160052989 ) ) ;
#2881 = DIRECTION ( 'NONE',  ( -1.000000000000000000, 0.000000000000000000, 0.000000000000000000 ) ) ;
#2882 = CARTESIAN_POINT ( 'NONE',  ( 13.93167036409815829, 4.950002325822681293, 0.1190700547444332319 ) ) ;
#2883 = VECTOR ( 'NONE', #6501, 1000.000000000000000 ) ;
#2884 = AXIS2_PLACEMENT_3D ( 'NONE', #4440, #49, #632 ) ;
#2885 = VERTEX_POINT ( 'NONE', #2050 ) ;
#2886 = DIRECTION ( 'NONE',  ( -1.000000000000000000, 0.000000000000000000, 0.000000000000000000 ) ) ;
#2889 = ADVANCED_FACE ( 'NONE', ( #3745 ), #2601, .T. ) ;
#2888 = ORIENTED_EDGE ( 'NONE', *, *, #2699, .T. ) ;
#2887 = CARTESIAN_POINT ( 'NONE',  ( 13.63167036409815758, 8.050002304961058286, 1.119070054744433218 ) ) ;
#2890 = CARTESIAN_POINT ( 'NONE',  ( 9.757291152696254244, 2.149269540290390523, 4.033211835975495596 ) ) ;
#2891 = CARTESIAN_POINT ( 'NONE',  ( -10.36800111946578973, 5.949999735391195976, 0.06328467214595895340 ) ) ;
#2892 = DIRECTION ( 'NONE',  ( 1.000000000000000000, 0.000000000000000000, 0.000000000000000000 ) ) ;
#2893 = EDGE_CURVE ( 'NONE', #5080, #4480, #4318, .T. ) ;
#2894 = ORIENTED_EDGE ( 'NONE', *, *, #3090, .F. ) ;
#2895 = CARTESIAN_POINT ( 'NONE',  ( -10.06800111946578902, 8.749999714529577588, -2.036715380008108145 ) ) ;
#2897 = VERTEX_POINT ( 'NONE', #7118 ) ;
#2896 = DIRECTION ( 'NONE',  ( 0.000000000000000000, -1.000000000000000000, 0.000000000000000000 ) ) ;
#2898 = VERTEX_POINT ( 'NONE', #2155 ) ;
#2899 = AXIS2_PLACEMENT_3D ( 'NONE', #4117, #5684, #2427 ) ;
#2900 = CARTESIAN_POINT ( 'NONE',  ( 9.757291152696254244, 7.749269540290391056, 4.033211835975495596 ) ) ;
#2901 = CARTESIAN_POINT ( 'NONE',  ( 13.60729121006570885, 7.049269540290389990, 3.683211830760089178 ) ) ;
#2902 = COORDINATED_UNIVERSAL_TIME_OFFSET ( 1, 0, .AHEAD. ) ;
#2904 = ORIENTED_EDGE ( 'NONE', *, *, #3783, .F. ) ;
#2903 = CARTESIAN_POINT ( 'NONE',  ( 10.67229774098005102, 6.144244276690161932, 5.578186608883112463 ) ) ;
#2905 = DIRECTION ( 'NONE',  ( 0.000000000000000000, 0.000000000000000000, 1.000000000000000000 ) ) ;
#2906 = ORIENTED_EDGE ( 'NONE', *, *, #7110, .F. ) ;
#2907 = CARTESIAN_POINT ( 'NONE',  ( 13.93167036409815829, 3.850002315391870322, -2.680930007840445661 ) ) ;
#2908 = ADVANCED_FACE ( 'NONE', ( #949, #3816 ), #6026, .F. ) ;
#2909 = CARTESIAN_POINT ( 'NONE',  ( -2.585147186439998634, 20.77772020770862937, 7.078821013517536009 ) ) ;
#2910 = ORIENTED_EDGE ( 'NONE', *, *, #2666, .F. ) ;
#2911 = EDGE_LOOP ( 'NONE', ( #3301, #927, #1538, #6292, #6646, #5765, #47, #1717 ) ) ;
#2912 = LINE ( 'NONE', #6822, #4389 ) ;
#2913 = CARTESIAN_POINT ( 'NONE',  ( 12.49652003039348180, 9.450002315391870411, -2.680727295505981100 ) ) ;
#2914 = CARTESIAN_POINT ( 'NONE',  ( 13.23167036409815722, 5.455027578992097226, -2.475904744240216449 ) ) ;
#2915 = ADVANCED_FACE ( 'NONE', ( #5084 ), #852, .T. ) ;
#2916 = VECTOR ( 'NONE', #5825, 1000.000000000000000 ) ;
#2917 = DIRECTION ( 'NONE',  ( 1.000000000000000000, 0.000000000000000000, 0.000000000000000000 ) ) ;
#2918 = PLANE ( 'NONE',  #316 ) ;
#2919 = AXIS2_PLACEMENT_3D ( 'NONE', #6507, #5304, #2047 ) ;
#2920 = TOROIDAL_SURFACE ( 'NONE', #4536, 1.000000000000000000, 0.2999999999999999889 ) ;
#2921 = CARTESIAN_POINT ( 'NONE',  ( 14.65729122571193699, 2.149269540290390523, 1.583211799467650227 ) ) ;
#2922 = CIRCLE ( 'NONE', #6964, 0.3500000156462182987 ) ;
#2924 = ORIENTED_EDGE ( 'NONE', *, *, #3948, .F. ) ;
#2923 = CARTESIAN_POINT ( 'NONE',  ( 11.48970279241824421, 7.049269540290389990, 5.765623475697482903 ) ) ;
#2925 = EDGE_CURVE ( 'NONE', #3666, #5981, #3888, .T. ) ;
#2926 = CARTESIAN_POINT ( 'NONE',  ( 11.48970279241824421, 1.849269540290390479, 6.483211872483341409 ) ) ;
#2927 = CARTESIAN_POINT ( 'NONE',  ( 14.28971605885961615, 7.049269540290389990, 6.283211872483342120 ) ) ;
#2928 = CARTESIAN_POINT ( 'NONE',  ( 11.29452172434299762, 8.750002304961059352, 0.3072028261897160051 ) ) ;
#2929 = EDGE_CURVE ( 'NONE', #6807, #6660, #6185, .T. ) ;
#2930 = CYLINDRICAL_SURFACE ( 'NONE', #3030, 2.450000036507845369 ) ;
#2931 = ORGANIZATION ( 'UNSPECIFIED', 'UNSPECIFIED', '' ) ;
#2933 = VERTEX_POINT ( 'NONE', #6654 ) ;
#2932 = CARTESIAN_POINT ( 'NONE',  ( -11.06800111946578902, 8.749999714529577588, 0.06328467214595895340 ) ) ;
#2934 = EDGE_CURVE ( 'NONE', #2873, #359, #624, .T. ) ;
#2935 = CARTESIAN_POINT ( 'NONE',  ( 13.93167036409815829, 8.050002304961058286, 1.119070054744433218 ) ) ;
#2936 = DIRECTION ( 'NONE',  ( 0.000000000000000000, 0.000000000000000000, -1.000000000000000000 ) ) ;
#2937 = APPROVAL_STATUS ( 'not_yet_approved' ) ;
#2939 = ORIENTED_EDGE ( 'NONE', *, *, #3503, .T. ) ;
#2938 = DIRECTION ( 'NONE',  ( 0.000000000000000000, 0.000000000000000000, 1.000000000000000000 ) ) ;
#2940 = CARTESIAN_POINT ( 'NONE',  ( 8.926171472644883309, 6.986677742003305269, 3.366635586090834575 ) ) ;
#2941 = AXIS2_PLACEMENT_3D ( 'NONE', #123, #1691, #4012 ) ;
#2942 = ORIENTED_EDGE ( 'NONE', *, *, #468, .F. ) ;
#2943 = CARTESIAN_POINT ( 'NONE',  ( 14.65729122571193699, 1.849269540290390479, 6.483211872483341409 ) ) ;
#2944 = AXIS2_PLACEMENT_3D ( 'NONE', #543, #2768, #2230 ) ;
#2945 =( LENGTH_UNIT ( ) NAMED_UNIT ( * ) SI_UNIT ( .MILLI., .METRE. ) );
#2946 = ORIENTED_EDGE ( 'NONE', *, *, #4858, .F. ) ;
#2947 = ORIENTED_EDGE ( 'NONE', *, *, #6715, .T. ) ;
#2948 = DIRECTION ( 'NONE',  ( 1.000000000000000000, 0.000000000000000000, 0.000000000000000000 ) ) ;
#2949 = DIRECTION ( 'NONE',  ( 0.000000000000000000, 0.000000000000000000, 1.000000000000000000 ) ) ;
#2950 = DIRECTION ( 'NONE',  ( 0.000000000000000000, 0.000000000000000000, 1.000000000000000000 ) ) ;
#2951 = DIRECTION ( 'NONE',  ( 0.000000000000000000, 1.000000000000000000, 0.000000000000000000 ) ) ;
#2952 = CC_DESIGN_DATE_AND_TIME_ASSIGNMENT ( #3184, #317, ( #718 ) ) ;
#2953 = EDGE_CURVE ( 'NONE', #5832, #1562, #268, .T. ) ;
#2954 =( REPRESENTATION_RELATIONSHIP ('NONE','NONE', #3533, #2521 ) REPRESENTATION_RELATIONSHIP_WITH_TRANSFORMATION ( #2506 )SHAPE_REPRESENTATION_RELATIONSHIP( ) );
#2955 = CARTESIAN_POINT ( 'NONE',  ( 14.08757551546012898, 6.549269529859578221, 4.915211859983056542 ) ) ;
#2956 = CARTESIAN_POINT ( 'NONE',  ( 13.63167036409815758, 5.950002325822681293, -2.680929997409633447 ) ) ;
#2958 = ORIENTED_EDGE ( 'NONE', *, *, #2720, .F. ) ;
#2957 = CARTESIAN_POINT ( 'NONE',  ( 9.201235478273847690, 7.049269540290389990, 3.142536743812421651 ) ) ;
#2959 = PLANE ( 'NONE',  #5023 ) ;
#2960 = DIRECTION ( 'NONE',  ( -0.4472135954999579832, 1.939479807224435648E-15, 0.8944271909999159664 ) ) ;
#2962 = ORIENTED_EDGE ( 'NONE', *, *, #5689, .F. ) ;
#2961 = FACE_OUTER_BOUND ( 'NONE', #4448, .T. ) ;
#2963 = EDGE_CURVE ( 'NONE', #5037, #4298, #1561, .T. ) ;
#2964 = CIRCLE ( 'NONE', #993, 2.450000036507845369 ) ;
#2965 = DIRECTION ( 'NONE',  ( 0.000000000000000000, -1.000000000000000000, 0.000000000000000000 ) ) ;
#2966 = COORDINATED_UNIVERSAL_TIME_OFFSET ( 1, 0, .AHEAD. ) ;
#2967 = ORIENTED_EDGE ( 'NONE', *, *, #4547, .T. ) ;
#2968 = ADVANCED_FACE ( 'NONE', ( #2808 ), #4546, .F. ) ;
#2969 = VECTOR ( 'NONE', #2369, 1000.000000000000000 ) ;
#2970 = VERTEX_POINT ( 'NONE', #3855 ) ;
#2971 = EDGE_CURVE ( 'NONE', #4822, #2822, #599, .T. ) ;
#2972 = FACE_OUTER_BOUND ( 'NONE', #561, .T. ) ;
#2973 = DIRECTION ( 'NONE',  ( 0.9944302789498098427, -0.1053964909653222759, -7.112514879737360583E-15 ) ) ;
#2974 = ORIENTED_EDGE ( 'NONE', *, *, #3489, .F. ) ;
#2975 = ORIENTED_EDGE ( 'NONE', *, *, #5397, .T. ) ;
#2976 = CIRCLE ( 'NONE', #1257, 0.7000000000000000666 ) ;
#2977 = CARTESIAN_POINT ( 'NONE',  ( 13.97905823893396082, 2.849269550721202915, 5.083211862052529284 ) ) ;
#2978 =( BOUNDED_CURVE ( )  B_SPLINE_CURVE ( 3, ( #2300, #3960, #1715, #3350 ),
 .UNSPECIFIED., .F., .F. ) 
 B_SPLINE_CURVE_WITH_KNOTS ( ( 4, 4 ),
 ( 0.7853981633974488341, 1.570796326794896558 ),
 .UNSPECIFIED. ) 
 CURVE ( )  GEOMETRIC_REPRESENTATION_ITEM ( )  RATIONAL_B_SPLINE_CURVE ( ( 1.000000000000000000, 0.9492530216741912330, 0.9492530216741912330, 1.000000000000000000 ) ) 
 REPRESENTATION_ITEM ( '' )  );
#2979 = CIRCLE ( 'NONE', #4823, 1.050000015646217477 ) ;
#2980 = CARTESIAN_POINT ( 'NONE',  ( 10.59671014368147368, 6.176477323723791990, 6.059748548525547562 ) ) ;
#2981 = AXIS2_PLACEMENT_3D ( 'NONE', #3375, #4411, #60 ) ;
#2982 = CARTESIAN_POINT ( 'NONE',  ( 13.23167036409815722, 8.544977051791642353, 0.6140448015750160637 ) ) ;
#2983 = ORIENTED_EDGE ( 'NONE', *, *, #2387, .T. ) ;
#2984 = DIRECTION ( 'NONE',  ( 0.000000000000000000, 1.000000000000000000, 0.000000000000000000 ) ) ;
#2986 = ORIENTED_EDGE ( 'NONE', *, *, #3620, .T. ) ;
#2985 = DIRECTION ( 'NONE',  ( 0.000000000000000000, 0.000000000000000000, -1.000000000000000000 ) ) ;
#2987 = DIRECTION ( 'NONE',  ( 1.000000000000000000, 0.000000000000000000, 0.000000000000000000 ) ) ;
#2988 = CARTESIAN_POINT ( 'NONE',  ( -9.342874827912321933, 5.761866963945911913, 0.7632846721459598527 ) ) ;
#2989 = CARTESIAN_POINT ( 'NONE',  ( 14.00032365415185609, 6.349191534236497958, 5.093661158153035551 ) ) ;
#2990 = AXIS2_PLACEMENT_3D ( 'NONE', #1401, #1973, #4624 ) ;
#2991 = DIRECTION ( 'NONE',  ( -1.000000000000000000, 0.000000000000000000, 0.000000000000000000 ) ) ;
#2992 = VECTOR ( 'NONE', #4659, 1000.000000000000000 ) ;
#2993 = EDGE_CURVE ( 'NONE', #1105, #7169, #4457, .T. ) ;
#2994 = CC_DESIGN_PERSON_AND_ORGANIZATION_ASSIGNMENT ( #4370, #559, ( #839 ) ) ;
#2996 = ORIENTED_EDGE ( 'NONE', *, *, #2533, .T. ) ;
#2995 = CARTESIAN_POINT ( 'NONE',  ( 13.96932305579819911, 2.657146922658049526, 5.694113922262237892 ) ) ;
#2997 = FACE_OUTER_BOUND ( 'NONE', #5908, .T. ) ;
#2998 = EDGE_CURVE ( 'NONE', #3895, #2279, #6064, .T. ) ;
#2999 = DIRECTION ( 'NONE',  ( 1.000000000000000000, 0.000000000000000000, 0.000000000000000000 ) ) ;
#3000 = CARTESIAN_POINT ( 'NONE',  ( 9.280897945230828228, 2.849269550721202471, 2.983211809898461908 ) ) ;
#3001 = PERSON_AND_ORGANIZATION ( #6958, #2931 ) ;
#3003 = VERTEX_POINT ( 'NONE', #1 ) ;
#3002 = CARTESIAN_POINT ( 'NONE',  ( 10.40869384404794395, 6.349269529859585148, 5.083211862052529284 ) ) ;
#3004 =( BOUNDED_CURVE ( )  B_SPLINE_CURVE ( 3, ( #590, #2816, #1730, #6149 ),
 .UNSPECIFIED., .F., .F. ) 
 B_SPLINE_CURVE_WITH_KNOTS ( ( 4, 4 ),
 ( 5.497787143782135288, 6.283185307179585344 ),
 .UNSPECIFIED. ) 
 CURVE ( )  GEOMETRIC_REPRESENTATION_ITEM ( )  RATIONAL_B_SPLINE_CURVE ( ( 1.000000000000000000, 0.9492530216741907889, 0.9492530216741907889, 1.000000000000000000 ) ) 
 REPRESENTATION_ITEM ( '' )  );
#3005 = AXIS2_PLACEMENT_3D ( 'NONE', #4406, #2784, #5572 ) ;
#3006 = VECTOR ( 'NONE', #2352, 1000.000000000000000 ) ;
#3007 = ORIENTED_EDGE ( 'NONE', *, *, #1779, .F. ) ;
#3008 = CARTESIAN_POINT ( 'NONE',  ( 13.23167036409815722, 5.250002325822681115, -1.980929997409633270 ) ) ;
#3009 = ADVANCED_FACE ( 'NONE', ( #2307 ), #5139, .T. ) ;
#3010 = VERTEX_POINT ( 'NONE', #5518 ) ;
#3011 = AXIS2_PLACEMENT_3D ( 'NONE', #1957, #6309, #5831 ) ;
#3012 = DIRECTION ( 'NONE',  ( 0.000000000000000000, 1.000000000000000000, -0.000000000000000000 ) ) ;
#3013 = DIRECTION ( 'NONE',  ( 0.000000000000000000, 1.239088197126290669E-15, -1.000000000000000000 ) ) ;
#3014 = EDGE_CURVE ( 'NONE', #1294, #4473, #5369, .T. ) ;
#3015 = CARTESIAN_POINT ( 'NONE',  ( -9.342874827912321933, 8.224999706706446645, 0.7632846721459588535 ) ) ;
#3016 = CARTESIAN_POINT ( 'NONE',  ( 14.09350335522789166, 6.549269526019496190, 4.919040866050657712 ) ) ;
#3017 = ORIENTED_EDGE ( 'NONE', *, *, #3014, .T. ) ;
#3018 =( BOUNDED_CURVE ( )  B_SPLINE_CURVE ( 3, ( #3065, #1262, #223, #2417 ),
 .UNSPECIFIED., .F., .F. ) 
 B_SPLINE_CURVE_WITH_KNOTS ( ( 4, 4 ),
 ( 3.926990816987242283, 4.712388980384688786 ),
 .UNSPECIFIED. ) 
 CURVE ( )  GEOMETRIC_REPRESENTATION_ITEM ( )  RATIONAL_B_SPLINE_CURVE ( ( 1.000000000000000000, 0.9492530216741912330, 0.9492530216741912330, 1.000000000000000000 ) ) 
 REPRESENTATION_ITEM ( '' )  );
#3019 = EDGE_LOOP ( 'NONE', ( #4319, #1416, #5228, #1696, #6703, #4303, #5492 ) ) ;
#3020 = DIRECTION ( 'NONE',  ( 1.000000000000000000, 0.000000000000000000, 0.000000000000000000 ) ) ;
#3022 = VERTEX_POINT ( 'NONE', #2882 ) ;
#3021 = FACE_OUTER_BOUND ( 'NONE', #5777, .T. ) ;
#3023 = VECTOR ( 'NONE', #5385, 1000.000000000000000 ) ;
#3024 = DIRECTION ( 'NONE',  ( 0.000000000000000000, 1.000000000000000000, 0.000000000000000000 ) ) ;
#3025 = CARTESIAN_POINT ( 'NONE',  ( 12.51408196731230227, 10.15000231539186970, 0.8014816683893866145 ) ) ;
#3026 = FACE_OUTER_BOUND ( 'NONE', #4681, .T. ) ;
#3027 = EDGE_CURVE ( 'NONE', #3279, #3733, #6222, .T. ) ;
#3028 = ORIENTED_EDGE ( 'NONE', *, *, #6429, .T. ) ;
#3029 = AXIS2_PLACEMENT_3D ( 'NONE', #1832, #6316, #1354 ) ;
#3030 = AXIS2_PLACEMENT_3D ( 'NONE', #3031, #4083, #5721 ) ;
#3031 = CARTESIAN_POINT ( 'NONE',  ( 14.65729122571193699, 7.049269540290389990, 4.033211835975495596 ) ) ;
#3033 = EDGE_LOOP ( 'NONE', ( #4912, #6421, #6907, #5372, #3226, #6679, #2939, #2255, #6669 ) ) ;
#3032 = CARTESIAN_POINT ( 'NONE',  ( 12.51408196731230227, 10.15000231539186970, 1.519070065175245343 ) ) ;
#3034 = AXIS2_PLACEMENT_3D ( 'NONE', #4855, #2042, #6465 ) ;
#3035 = DIRECTION ( 'NONE',  ( -0.000000000000000000, -1.000000000000000000, -0.000000000000000000 ) ) ;
#3036 = EDGE_CURVE ( 'NONE', #4821, #5109, #6065, .T. ) ;
#3037 = DIRECTION ( 'NONE',  ( 1.000000000000000000, 0.000000000000000000, 0.000000000000000000 ) ) ;
#3038 = CC_DESIGN_APPROVAL ( #3396, ( #493 ) ) ;
#3039 = CARTESIAN_POINT ( 'NONE',  ( 11.88970279241824457, 7.749269540290391056, 5.924063709304787650 ) ) ;
#3040 = COORDINATED_UNIVERSAL_TIME_OFFSET ( 1, 0, .AHEAD. ) ;
#3042 = ORIENTED_EDGE ( 'NONE', *, *, #2925, .T. ) ;
#3041 = CYLINDRICAL_SURFACE ( 'NONE', #3483, 0.7000000000000000666 ) ;
#3043 = VERTEX_POINT ( 'NONE', #5121 ) ;
#3044 = CIRCLE ( 'NONE', #3970, 1.050000015646217477 ) ;
#3045 =( REPRESENTATION_RELATIONSHIP ('NONE','NONE', #3533, #2521 ) REPRESENTATION_RELATIONSHIP_WITH_TRANSFORMATION ( #349 )SHAPE_REPRESENTATION_RELATIONSHIP( ) );
#3046 = CC_DESIGN_SECURITY_CLASSIFICATION ( #5013, ( #7186 ) ) ;
#3047 = EDGE_LOOP ( 'NONE', ( #6968, #3549, #16, #6701 ) ) ;
#3048 = CARTESIAN_POINT ( 'NONE',  ( -9.342874827912321933, 8.049999714529571193, 0.7632846721459588535 ) ) ;
#3049 = ADVANCED_FACE ( 'NONE', ( #6617, #1649 ), #1103, .T. ) ;
#3050 = SHAPE_REPRESENTATION_RELATIONSHIP ( 'NONE' , 'NONE' ,  #1313, #2034 ) ;
#3051 = APPROVAL_PERSON_ORGANIZATION ( #3110, #3748, #5863 ) ;
#3052 = ORIENTED_EDGE ( 'NONE', *, *, #5072, .T. ) ;
#3053 = VERTEX_POINT ( 'NONE', #2380 ) ;
#3054 = VECTOR ( 'NONE', #265, 1000.000000000000000 ) ;
#3055 = DIRECTION ( 'NONE',  ( 0.000000000000000000, 1.000000000000000000, 0.000000000000000000 ) ) ;
#3056 = CARTESIAN_POINT ( 'NONE',  ( 8.824008315675170522, 6.570824200559879813, 3.449777473509817671 ) ) ;
#3057 = PRODUCT_DEFINITION_SHAPE ( 'NONE', 'NONE',  #7187 ) ;
#3058 = ADVANCED_FACE ( 'NONE', ( #1290 ), #152, .T. ) ;
#3059 = CIRCLE ( 'NONE', #7105, 0.1999999999999996503 ) ;
#3060 = CARTESIAN_POINT ( 'NONE',  ( 14.65729122571193699, 7.349269540290390701, 6.483211872483341409 ) ) ;
#3061 = ADVANCED_FACE ( 'NONE', ( #5708 ), #1835, .F. ) ;
#3062 = ORIENTED_EDGE ( 'NONE', *, *, #1596, .T. ) ;
#3063 = ORIENTED_EDGE ( 'NONE', *, *, #1974, .T. ) ;
#3064 = CARTESIAN_POINT ( 'NONE',  ( 13.63167036409815758, 7.000002315391870233, 1.119070054744432774 ) ) ;
#3066 = EDGE_LOOP ( 'NONE', ( #1568, #1198, #3137, #395 ) ) ;
#3065 = CARTESIAN_POINT ( 'NONE',  ( 14.05188247428048776, 6.144244276690161932, 2.488237063067879173 ) ) ;
#3067 = VECTOR ( 'NONE', #2366, 1000.000000000000000 ) ;
#3068 = CARTESIAN_POINT ( 'NONE',  ( 14.65729122571193699, 7.249269540290389280, 6.483211872483341409 ) ) ;
#3069 = VERTEX_POINT ( 'NONE', #6257 ) ;
#3070 = EDGE_CURVE ( 'NONE', #6244, #563, #3170, .T. ) ;
#3071 = AXIS2_PLACEMENT_3D ( 'NONE', #3647, #5279, #102 ) ;
#3072 = AXIS2_PLACEMENT_3D ( 'NONE', #4901, #2701, #587 ) ;
#3073 = CARTESIAN_POINT ( 'NONE',  ( 9.702012512246250608, 6.849269540290390701, 1.693769080367658164 ) ) ;
#3075 = ORIENTED_EDGE ( 'NONE', *, *, #1858, .F. ) ;
#3074 = CARTESIAN_POINT ( 'NONE',  ( 13.63309632822446282, 4.599269503782545065, 5.983211862052527863 ) ) ;
#3076 = FACE_OUTER_BOUND ( 'NONE', #4219, .T. ) ;
#3077 = CARTESIAN_POINT ( 'NONE',  ( 10.78167032759031230, 4.550002315391870056, -0.9309299713326002479 ) ) ;
#3078 = DIRECTION ( 'NONE',  ( 0.7071067811865473507, 0.000000000000000000, 0.7071067811865476838 ) ) ;
#3079 = APPROVAL_DATE_TIME ( #925, #5031 ) ;
#3081 = ORIENTED_EDGE ( 'NONE', *, *, #3674, .F. ) ;
#3080 = LINE ( 'NONE', #895, #6447 ) ;
#3082 = EDGE_CURVE ( 'NONE', #4178, #6031, #6125, .T. ) ;
#3083 = ORIENTED_EDGE ( 'NONE', *, *, #5359, .T. ) ;
#3084 = CARTESIAN_POINT ( 'NONE',  ( -10.36800111946578973, 5.235856902761152121, -2.736715390438920092 ) ) ;
#3085 = SHAPE_DEFINITION_REPRESENTATION ( #5830, #3533 ) ;
#3086 = EDGE_LOOP ( 'NONE', ( #4680, #4299, #1207, #5475 ) ) ;
#3087 = EDGE_LOOP ( 'NONE', ( #5029, #1663, #1804, #2728, #3511 ) ) ;
#3088 = DIRECTION ( 'NONE',  ( -0.7071067811865470176, -0.7071067811865480168, 8.659560562354926695E-17 ) ) ;
#3089 = PLANE ( 'NONE',  #2409 ) ;
#3090 = EDGE_CURVE ( 'NONE', #2842, #3010, #4528, .T. ) ;
#3091 = CARTESIAN_POINT ( 'NONE',  ( 14.08757551546012898, 2.649269550721202293, 4.915211859983055653 ) ) ;
#3092 = CARTESIAN_POINT ( 'NONE',  ( 14.33368442796194842, 2.499269545505796053, 1.783211799467650405 ) ) ;
#3093 = VERTEX_POINT ( 'NONE', #5580 ) ;
#3094 = DIRECTION ( 'NONE',  ( -0.000000000000000000, -1.000000000000000000, -0.000000000000000000 ) ) ;
#3095 = DIRECTION ( 'NONE',  ( -1.000000000000000000, 0.000000000000000000, 0.000000000000000000 ) ) ;
#3096 = CARTESIAN_POINT ( 'NONE',  ( 15.00729124135815518, 1.449269540290390568, 4.033211835975495596 ) ) ;
#3097 = AXIS2_PLACEMENT_3D ( 'NONE', #2510, #4197, #6422 ) ;
#3098 = CARTESIAN_POINT ( 'NONE',  ( 13.63167036409815758, 5.250002325822681115, -1.980929997409633270 ) ) ;
#3099 = VERTEX_POINT ( 'NONE', #1668 ) ;
#3100 = EDGE_CURVE ( 'NONE', #4099, #2007, #3947, .T. ) ;
#3101 = DIRECTION ( 'NONE',  ( -1.000000000000000000, 0.000000000000000000, 0.000000000000000000 ) ) ;
#3103 = ORIENTED_EDGE ( 'NONE', *, *, #4321, .T. ) ;
#3102 = CARTESIAN_POINT ( 'NONE',  ( -11.06800111946578902, 8.049999714529571193, 0.06328467214595895340 ) ) ;
#3104 = CIRCLE ( 'NONE', #5650, 0.2000000000000000944 ) ;
#3105 = CARTESIAN_POINT ( 'NONE',  ( -9.668001098604165122, 4.549999724960382963, -0.9867153539310745680 ) ) ;
#3106 = DIRECTION ( 'NONE',  ( 0.000000000000000000, -1.000000000000000000, 0.000000000000000000 ) ) ;
#3107 = EDGE_CURVE ( 'NONE', #2536, #1223, #4413, .T. ) ;
#3108 = AXIS2_PLACEMENT_3D ( 'NONE', #703, #3974, #4980 ) ;
#3109 = CARTESIAN_POINT ( 'NONE',  ( -9.668001098604165122, 9.449999724960381542, -1.336715359146480431 ) ) ;
#3110 = PERSON_AND_ORGANIZATION ( #4357, #4310 ) ;
#3111 = PRODUCT ( 'Female_End_6.3x4.9_ID3.5mm', 'Female_End_6.3x4.9_ID3.5mm', '', ( #4957 ) ) ;
#3113 = VERTEX_POINT ( 'NONE', #1083 ) ;
#3112 = CARTESIAN_POINT ( 'NONE',  ( 9.730897945230827517, 5.649269529859577865, 2.283211809898462175 ) ) ;
#3114 = VERTEX_POINT ( 'NONE', #3911 ) ;
#3115 = VERTEX_POINT ( 'NONE', #642 ) ;
#3116 = CARTESIAN_POINT ( 'NONE',  ( 13.63167036409815758, 5.455027578992097226, 0.6140448015750158417 ) ) ;
#3117 = PERSON_AND_ORGANIZATION ( #6958, #2931 ) ;
#3118 = VERTEX_POINT ( 'NONE', #1782 ) ;
#3119 = EDGE_LOOP ( 'NONE', ( #103, #6711, #6320, #7048, #4541 ) ) ;
#3120 = CARTESIAN_POINT ( 'NONE',  ( -8.968001088173350510, 8.049999714529571193, -2.736715380008108323 ) ) ;
#3121 = AXIS2_PLACEMENT_3D ( 'NONE', #2284, #127, #6632 ) ;
#3122 = CARTESIAN_POINT ( 'NONE',  ( 9.107291137050037122, 6.349269529859586036, 3.330425426260045008 ) ) ;
#3123 = EDGE_CURVE ( 'NONE', #187, #5064, #6778, .T. ) ;
#3124 = CARTESIAN_POINT ( 'NONE',  ( -8.968001088173350510, 5.949999735391195976, -2.736715380008108323 ) ) ;
#3125 = AXIS2_PLACEMENT_3D ( 'NONE', #3831, #4773, #4911 ) ;
#3126 = CARTESIAN_POINT ( 'NONE',  ( 14.08757551546012898, 6.549269529859585326, 4.915211859983055653 ) ) ;
#3127 = ORIENTED_EDGE ( 'NONE', *, *, #990, .F. ) ;
#3128 = CARTESIAN_POINT ( 'NONE',  ( 13.63167036409815758, 7.000002278884024598, 0.8190700547444330626 ) ) ;
#3129 = CARTESIAN_POINT ( 'NONE',  ( 13.96031295468498890, 6.260920007653761665, 2.630678537994235899 ) ) ;
#3130 = DIRECTION ( 'NONE',  ( 1.000000000000000000, -0.000000000000000000, 0.000000000000000000 ) ) ;
#3131 = CARTESIAN_POINT ( 'NONE',  ( 14.33368442796194842, 7.049269540290389990, 1.783211799467650405 ) ) ;
#3132 = CARTESIAN_POINT ( 'NONE',  ( 9.880897950446234645, 6.849269540290390701, 1.583211799467650227 ) ) ;
#3133 = ORIENTED_EDGE ( 'NONE', *, *, #2686, .F. ) ;
#3134 = CARTESIAN_POINT ( 'NONE',  ( 9.107291137050037122, 6.749269529859585504, 5.783211862052528573 ) ) ;
#3135 = EDGE_CURVE ( 'NONE', #2175, #4938, #3987, .T. ) ;
#3137 = ORIENTED_EDGE ( 'NONE', *, *, #6727, .T. ) ;
#3136 = DIRECTION ( 'NONE',  ( -1.000000000000000000, 0.000000000000000000, 0.000000000000000000 ) ) ;
#3138 = DIRECTION ( 'NONE',  ( 0.000000000000000000, 0.7071067811865481278, 0.7071067811865467956 ) ) ;
#3139 = CARTESIAN_POINT ( 'NONE',  ( 13.70346910326066947, 8.159678517834370481, -2.680929997409633447 ) ) ;
#3140 = CARTESIAN_POINT ( 'NONE',  ( 13.91256986094652781, 2.649269550721202293, 3.072654528998452594 ) ) ;
#3141 = EDGE_CURVE ( 'NONE', #2877, #1360, #6880, .T. ) ;
#3142 = AXIS2_PLACEMENT_3D ( 'NONE', #1405, #707, #1372 ) ;
#3143 = VECTOR ( 'NONE', #1831, 1000.000000000000000 ) ;
#3144 = CARTESIAN_POINT ( 'NONE',  ( 10.78167032759031230, 10.15000231539186970, -0.9309299713326002479 ) ) ;
#3145 = EDGE_CURVE ( 'NONE', #3113, #281, #2290, .T. ) ;
#3146 = DATE_TIME_ROLE ( 'classification_date' ) ;
#3147 = TOROIDAL_SURFACE ( 'NONE', #5001, 0.6500000156462177880, 0.4000000000000000222 ) ;
#3149 = EDGE_LOOP ( 'NONE', ( #4596, #1314, #4733, #6251, #3288, #5513, #4498 ) ) ;
#3148 = LINE ( 'NONE', #4262, #3701 ) ;
#3150 = AXIS2_PLACEMENT_3D ( 'NONE', #4610, #4062, #6820 ) ;
#3151 = ORIENTED_EDGE ( 'NONE', *, *, #5720, .F. ) ;
#3152 = CARTESIAN_POINT ( 'NONE',  ( -10.06800111946578902, 5.455024988560611909, -2.531690126838690880 ) ) ;
#3153 = AXIS2_PLACEMENT_3D ( 'NONE', #5127, #1840, #2985 ) ;
#3154 = ORIENTED_EDGE ( 'NONE', *, *, #6389, .T. ) ;
#3155 = ORIENTED_EDGE ( 'NONE', *, *, #1041, .T. ) ;
#3156 = DIRECTION ( 'NONE',  ( 0.000000000000000000, 0.000000000000000000, -1.000000000000000000 ) ) ;
#3157 = SECURITY_CLASSIFICATION ( '', '', #5900 ) ;
#3158 = LINE ( 'NONE', #6386, #5647 ) ;
#3159 = CARTESIAN_POINT ( 'NONE',  ( 13.73368442274654377, 2.649269550721202293, 2.983211809898460576 ) ) ;
#3160 = APPROVAL_PERSON_ORGANIZATION ( #4807, #3614, #2645 ) ;
#3161 = CARTESIAN_POINT ( 'NONE',  ( -9.668001098604165122, 8.749999714529577588, -0.1117153408925595226 ) ) ;
#3162 = VERTEX_POINT ( 'NONE', #1744 ) ;
#3163 = CARTESIAN_POINT ( 'NONE',  ( -10.36800111946578973, 4.949999735391195976, 0.06328467214595895340 ) ) ;
#3164 = DIRECTION ( 'NONE',  ( 0.000000000000000000, 1.000000000000000000, 0.000000000000000000 ) ) ;
#3165 = DIRECTION ( 'NONE',  ( -1.000000000000000000, 0.000000000000000000, 0.000000000000000000 ) ) ;
#3166 = EDGE_CURVE ( 'NONE', #4797, #291, #975, .T. ) ;
#3167 = AXIS2_PLACEMENT_3D ( 'NONE', #2166, #3283, #3719 ) ;
#3168 = ORIENTED_EDGE ( 'NONE', *, *, #2623, .T. ) ;
#3169 = DIRECTION ( 'NONE',  ( -0.000000000000000000, -1.000000000000000000, -0.000000000000000000 ) ) ;
#3170 = CIRCLE ( 'NONE', #3629, 0.6999999999999999556 ) ;
#3172 = VERTEX_POINT ( 'NONE', #7176 ) ;
#3171 = CARTESIAN_POINT ( 'NONE',  ( 13.15229120328568335, 6.699269608090674843, 4.593211844320146398 ) ) ;
#3173 = CARTESIAN_POINT ( 'NONE',  ( 10.59671014368147191, 5.649269529859576089, 6.059748548525546674 ) ) ;
#3174 = DIRECTION ( 'NONE',  ( 1.000000000000000000, 0.000000000000000000, 0.000000000000000000 ) ) ;
#3175 = CARTESIAN_POINT ( 'NONE',  ( 11.88970279241824457, 1.449269540290390568, 5.924063709304787650 ) ) ;
#3176 = EDGE_CURVE ( 'NONE', #2554, #525, #6084, .T. ) ;
#3177 = DIRECTION ( 'NONE',  ( 0.000000000000000000, -1.000000000000000000, 0.000000000000000000 ) ) ;
#3178 = SECURITY_CLASSIFICATION_LEVEL ( 'unclassified' ) ;
#3179 = EDGE_CURVE ( 'NONE', #5536, #1577, #392, .T. ) ;
#3181 = ORIENTED_EDGE ( 'NONE', *, *, #1498, .F. ) ;
#3180 = FACE_OUTER_BOUND ( 'NONE', #1179, .T. ) ;
#3182 = ORIENTED_EDGE ( 'NONE', *, *, #2362, .T. ) ;
#3183 = CARTESIAN_POINT ( 'NONE',  ( -10.06800111946578902, 5.949999735391195976, -2.736715380008108323 ) ) ;
#3184 = DATE_AND_TIME ( #976, #5006 ) ;
#3185 = EDGE_CURVE ( 'NONE', #3380, #4445, #1203, .T. ) ;
#3186 = VERTEX_POINT ( 'NONE', #2864 ) ;
#3187 = DIRECTION ( 'NONE',  ( 0.000000000000000000, 1.000000000000000000, 0.000000000000000000 ) ) ;
#3188 = DIRECTION ( 'NONE',  ( -1.000000000000000000, 0.000000000000000000, 2.774754023183460056E-16 ) ) ;
#3189 = ADVANCED_FACE ( 'NONE', ( #1239 ), #6423, .F. ) ;
#3190 = LINE ( 'NONE', #6538, #2187 ) ;
#3191 = AXIS2_PLACEMENT_3D ( 'NONE', #3064, #4752, #5463 ) ;
#3192 = CARTESIAN_POINT ( 'NONE',  ( 9.731670311944093044, 8.750002304961064681, -0.2309299609017882726 ) ) ;
#3193 = ORIENTED_EDGE ( 'NONE', *, *, #7183, .T. ) ;
#3194 = CARTESIAN_POINT ( 'NONE',  ( 14.36256986094652532, 5.649269529859576977, 2.172654528998454015 ) ) ;
#3195 = CARTESIAN_POINT ( 'NONE',  ( 10.29231001880588892, 7.049269540290833191, 4.938234156723508406 ) ) ;
#3196 = DIRECTION ( 'NONE',  ( 0.000000000000000000, 0.000000000000000000, 1.000000000000000000 ) ) ;
#3197 = CARTESIAN_POINT ( 'NONE',  ( 13.94864037819524683, 5.947260870823222412, 5.744046323037664159 ) ) ;
#3198 = VERTEX_POINT ( 'NONE', #3337 ) ;
#3199 = EDGE_CURVE ( 'NONE', #2536, #1602, #3292, .T. ) ;
#3200 = CARTESIAN_POINT ( 'NONE',  ( 14.65729122571193699, 1.449269540290390568, 4.033211835975495596 ) ) ;
#3202 = ORIENTED_EDGE ( 'NONE', *, *, #4291, .T. ) ;
#3201 = DIRECTION ( 'NONE',  ( 1.000000000000000000, 0.000000000000000000, 0.000000000000000000 ) ) ;
#3203 = AXIS2_PLACEMENT_3D ( 'NONE', #3492, #4640, #2404 ) ;
#3204 = CARTESIAN_POINT ( 'NONE',  ( 10.78148605018372841, 5.649269529859576089, 5.783211862052529462 ) ) ;
#3205 = DIRECTION ( 'NONE',  ( 0.000000000000000000, 0.000000000000000000, -1.000000000000000000 ) ) ;
#3206 =( BOUNDED_CURVE ( )  B_SPLINE_CURVE ( 3, ( #3268, #6683, #2226, #3812 ),
 .UNSPECIFIED., .F., .F. ) 
 B_SPLINE_CURVE_WITH_KNOTS ( ( 4, 4 ),
 ( 4.712388980384687898, 6.283185307179586232 ),
 .UNSPECIFIED. ) 
 CURVE ( )  GEOMETRIC_REPRESENTATION_ITEM ( )  RATIONAL_B_SPLINE_CURVE ( ( 1.000000000000000000, 0.8047378541243646044, 0.8047378541243646044, 1.000000000000000000 ) ) 
 REPRESENTATION_ITEM ( '' )  );
#3207 = CARTESIAN_POINT ( 'NONE',  ( 8.707291137050036767, 2.449269550721202560, 3.730425426260042698 ) ) ;
#3208 = AXIS2_PLACEMENT_3D ( 'NONE', #6288, #4616, #217 ) ;
#3209 = CARTESIAN_POINT ( 'NONE',  ( 9.407291147480847826, 3.549269550721203537, 2.283211809898462619 ) ) ;
#3210 = CALENDAR_DATE ( 2024, 29, 4 ) ;
#3212 = ORIENTED_EDGE ( 'NONE', *, *, #1644, .T. ) ;
#3211 = CARTESIAN_POINT ( 'NONE',  ( 8.707291137050034990, 2.449269550721201671, 3.730425426260044919 ) ) ;
#3213 = EDGE_CURVE ( 'NONE', #4552, #2536, #6198, .T. ) ;
#3214 = VECTOR ( 'NONE', #2040, 1000.000000000000000 ) ;
#3215 = ORIENTED_EDGE ( 'NONE', *, *, #4976, .T. ) ;
#3216 = DIRECTION ( 'NONE',  ( 1.000000000000000000, 0.000000000000000000, 0.000000000000000000 ) ) ;
#3217 = APPROVAL_DATE_TIME ( #1564, #3825 ) ;
#3218 = EDGE_LOOP ( 'NONE', ( #4662, #433 ) ) ;
#3219 = EDGE_CURVE ( 'NONE', #2479, #1444, #681, .T. ) ;
#3220 = CARTESIAN_POINT ( 'NONE',  ( 10.33652811850152098, 7.049269540290389990, 4.908988388699857985 ) ) ;
#3221 = DIRECTION ( 'NONE',  ( -0.000000000000000000, 1.000000000000000000, 0.000000000000000000 ) ) ;
#3222 = EDGE_CURVE ( 'NONE', #1746, #3022, #5103, .T. ) ;
#3223 = ORIENTED_EDGE ( 'NONE', *, *, #4932, .T. ) ;
#3224 = CARTESIAN_POINT ( 'NONE',  ( 14.65729122571193699, 7.349269540290390701, 1.983211799467650360 ) ) ;
#3225 = DIRECTION ( 'NONE',  ( 0.000000000000000000, 0.000000000000000000, -1.000000000000000000 ) ) ;
#3226 = ORIENTED_EDGE ( 'NONE', *, *, #4950, .T. ) ;
#3227 = ADVANCED_FACE ( 'NONE', ( #4154 ), #5728, .F. ) ;
#3228 = CARTESIAN_POINT ( 'NONE',  ( 13.97148533665652970, 6.549269529830725745, 2.954823577578443938 ) ) ;
#3229 = CARTESIAN_POINT ( 'NONE',  ( 11.48970279241824421, 7.349269540290390701, 5.765623475697482903 ) ) ;
#3230 = DIRECTION ( 'NONE',  ( 0.000000000000000000, -1.000000000000000000, 0.000000000000000000 ) ) ;
#3231 = CARTESIAN_POINT ( 'NONE',  ( 14.10316580320042235, 6.323842785805881661, 5.370988946259191543 ) ) ;
#3232 = AXIS2_PLACEMENT_3D ( 'NONE', #1979, #708, #2391 ) ;
#3233 = ORIENTED_EDGE ( 'NONE', *, *, #3313, .F. ) ;
#3234 = CARTESIAN_POINT ( 'NONE',  ( 10.93209969929562853, 7.044128993008073714, 6.483211872483341409 ) ) ;
#3235 = EDGE_CURVE ( 'NONE', #5544, #491, #273, .T. ) ;
#3237 = ORIENTED_EDGE ( 'NONE', *, *, #4520, .T. ) ;
#3236 = DIRECTION ( 'NONE',  ( 1.000000000000000000, 0.000000000000000000, 0.000000000000000000 ) ) ;
#3238 = CARTESIAN_POINT ( 'NONE',  ( 10.30797582726106221, 6.327972243826566867, 5.362682245900764144 ) ) ;
#3239 = VECTOR ( 'NONE', #1226, 1000.000000000000000 ) ;
#3240 = DIRECTION ( 'NONE',  ( 1.000000000000000000, 0.000000000000000000, 0.000000000000000000 ) ) ;
#3241 = CARTESIAN_POINT ( 'NONE',  ( 13.63167036409815758, 5.250002325822681115, 0.1190700547444332319 ) ) ;
#3242 = AXIS2_PLACEMENT_3D ( 'NONE', #571, #4960, #6569 ) ;
#3243 = ORIENTED_EDGE ( 'NONE', *, *, #2389, .T. ) ;
#3244 = CARTESIAN_POINT ( 'NONE',  ( 9.552012507030845256, 3.549269550721202648, 1.993769090798470200 ) ) ;
#3245 = DATE_AND_TIME ( #3793, #956 ) ;
#3247 = EDGE_LOOP ( 'NONE', ( #3327, #6134, #5685, #6527, #1754 ) ) ;
#3246 = CYLINDRICAL_SURFACE ( 'NONE', #3811, 0.1999999999999996503 ) ;
#3248 =( BOUNDED_CURVE ( )  B_SPLINE_CURVE ( 3, ( #6938, #5236, #4177, #1876 ),
 .UNSPECIFIED., .F., .F. ) 
 B_SPLINE_CURVE_WITH_KNOTS ( ( 4, 4 ),
 ( 0.000000000000000000, 0.7853981633974488341 ),
 .UNSPECIFIED. ) 
 CURVE ( )  GEOMETRIC_REPRESENTATION_ITEM ( )  RATIONAL_B_SPLINE_CURVE ( ( 1.000000000000000000, 0.9492530216741910110, 0.9492530216741910110, 1.000000000000000000 ) ) 
 REPRESENTATION_ITEM ( '' )  );
#3249 = CIRCLE ( 'NONE', #125, 1.050000015646217477 ) ;
#3250 = AXIS2_PLACEMENT_3D ( 'NONE', #5862, #5316, #1588 ) ;
#3251 = EDGE_CURVE ( 'NONE', #4577, #7083, #45, .T. ) ;
#3252 = EDGE_LOOP ( 'NONE', ( #2109, #2983, #6592, #2608 ) ) ;
#3253 = CARTESIAN_POINT ( 'NONE',  ( -12.50317791303750070, 9.449999724960381542, 1.463284682576770468 ) ) ;
#3254 = CIRCLE ( 'NONE', #6160, 2.450000036507845369 ) ;
#3255 = AXIS2_PLACEMENT_3D ( 'NONE', #3752, #3169, #989 ) ;
#3256 = APPROVAL_STATUS ( 'not_yet_approved' ) ;
#3258 = ORIENTED_EDGE ( 'NONE', *, *, #1486, .T. ) ;
#3257 = CARTESIAN_POINT ( 'NONE',  ( 13.93167036409815829, 10.15000231539186970, -0.9309299713326002479 ) ) ;
#3259 = DIRECTION ( 'NONE',  ( 1.000000000000000000, 0.000000000000000000, 0.000000000000000000 ) ) ;
#3260 = DIRECTION ( 'NONE',  ( 0.7071067811865470176, 0.7071067811865480168, 0.000000000000000000 ) ) ;
#3261 = AXIS2_PLACEMENT_3D ( 'NONE', #4003, #5183, #3013 ) ;
#3262 = ORIENTED_EDGE ( 'NONE', *, *, #5011, .T. ) ;
#3263 = EDGE_CURVE ( 'NONE', #5109, #4821, #3992, .T. ) ;
#3264 = CARTESIAN_POINT ( 'NONE',  ( 11.47214085549942553, 2.149269540290390523, 1.583211799467650227 ) ) ;
#3265 = CARTESIAN_POINT ( 'NONE',  ( -8.968001088173350510, 8.049999714529571193, -2.736715380008108323 ) ) ;
#3266 = LOCAL_TIME ( 18, 13, 43.00000000000000000, #1204 ) ;
#3267 = EDGE_LOOP ( 'NONE', ( #1390, #6599, #5264, #3488, #5512, #5736, #1304, #778, #4209, #2739, #454, #6011 ) ) ;
#3269 = EDGE_CURVE ( 'NONE', #2298, #768, #4264, .T. ) ;
#3268 = CARTESIAN_POINT ( 'NONE',  ( 8.928405698850053085, 6.549269529859586214, 3.240982707160052545 ) ) ;
#3270 = CARTESIAN_POINT ( 'NONE',  ( 13.91256986094652781, 6.549269529859578221, 3.072654528998452594 ) ) ;
#3271 = DIRECTION ( 'NONE',  ( 0.000000000000000000, 0.000000000000000000, 1.000000000000000000 ) ) ;
#3272 = CARTESIAN_POINT ( 'NONE',  ( 13.85725698445084042, 6.114645992183056933, 5.964665351590904052 ) ) ;
#3273 = CC_DESIGN_APPROVAL ( #3748, ( #5013 ) ) ;
#3274 = B_SPLINE_CURVE_WITH_KNOTS ( 'NONE', 3,
 ( #2643, #1987, #7057, #2098 ),
 .UNSPECIFIED., .F., .F.,
 ( 4, 4 ),
 ( 0.000000000000000000, 2.112940213387180918E-05 ),
 .UNSPECIFIED. ) ;
#3275 = EDGE_CURVE ( 'NONE', #6503, #5813, #170, .T. ) ;
#3276 = ORIENTED_EDGE ( 'NONE', *, *, #153, .T. ) ;
#3277 = CARTESIAN_POINT ( 'NONE',  ( -9.019818692928836867, 5.249999735391195799, -0.01664183033900305114 ) ) ;
#3279 = VERTEX_POINT ( 'NONE', #6842 ) ;
#3278 = CARTESIAN_POINT ( 'NONE',  ( 14.65729122571193699, 7.249269540290389280, 4.033211835975495596 ) ) ;
#3280 = CARTESIAN_POINT ( 'NONE',  ( 14.65729122571193699, 7.049269540290389990, 4.033211835975495596 ) ) ;
#3281 = CARTESIAN_POINT ( 'NONE',  ( 13.93167036409815829, 8.764145137591102142, -2.680930007840445661 ) ) ;
#3282 =( BOUNDED_CURVE ( )  B_SPLINE_CURVE ( 3, ( #332, #6972, #2563, #372 ),
 .UNSPECIFIED., .F., .F. ) 
 B_SPLINE_CURVE_WITH_KNOTS ( ( 4, 4 ),
 ( 1.570796326794896558, 2.356194490192343949 ),
 .UNSPECIFIED. ) 
 CURVE ( )  GEOMETRIC_REPRESENTATION_ITEM ( )  RATIONAL_B_SPLINE_CURVE ( ( 1.000000000000000000, 0.9492530216741912330, 0.9492530216741912330, 1.000000000000000000 ) ) 
 REPRESENTATION_ITEM ( '' )  );
#3283 = DIRECTION ( 'NONE',  ( 0.000000000000000000, 1.000000000000000000, 0.000000000000000000 ) ) ;
#3284 = ADVANCED_FACE ( 'NONE', ( #858 ), #628, .F. ) ;
#3285 = TOROIDAL_SURFACE ( 'NONE', #4206, 2.250000036507845191, 0.2000000000000000111 ) ;
#3286 = ORIENTED_EDGE ( 'NONE', *, *, #4784, .T. ) ;
#3288 = ORIENTED_EDGE ( 'NONE', *, *, #6977, .T. ) ;
#3287 = CARTESIAN_POINT ( 'NONE',  ( 10.32178882311826129, 2.649269550785088079, 5.396029767836322044 ) ) ;
#3289 = APPROVAL_ROLE ( '' ) ;
#3291 = ORIENTED_EDGE ( 'NONE', *, *, #2553, .T. ) ;
#3290 = CARTESIAN_POINT ( 'NONE',  ( 10.77211439563238393, 7.049269540290389990, 6.483211872483341409 ) ) ;
#3292 = CIRCLE ( 'NONE', #5030, 0.2999999999999999334 ) ;
#3293 = ORIENTED_EDGE ( 'NONE', *, *, #3179, .F. ) ;
#3294 = CARTESIAN_POINT ( 'NONE',  ( -8.618001082957942316, 9.449999724960381542, -3.436715390438920270 ) ) ;
#3295 =( BOUNDED_CURVE ( )  B_SPLINE_CURVE ( 3, ( #181, #2484, #2980, #1323 ),
 .UNSPECIFIED., .F., .F. ) 
 B_SPLINE_CURVE_WITH_KNOTS ( ( 4, 4 ),
 ( 4.712388980384691450, 6.283185307179586232 ),
 .UNSPECIFIED. ) 
 CURVE ( )  GEOMETRIC_REPRESENTATION_ITEM ( )  RATIONAL_B_SPLINE_CURVE ( ( 1.000000000000000000, 0.8047378541243654926, 0.8047378541243654926, 1.000000000000000000 ) ) 
 REPRESENTATION_ITEM ( '' )  );
#3296 = CARTESIAN_POINT ( 'NONE',  ( 11.79649357052644199, 3.850002315391870322, 1.519070065175245343 ) ) ;
#3297 = EDGE_CURVE ( 'NONE', #6943, #1038, #6916, .T. ) ;
#3298 = APPROVAL_ROLE ( '' ) ;
#3300 = ORIENTED_EDGE ( 'NONE', *, *, #3854, .F. ) ;
#3299 = LINE ( 'NONE', #3128, #7136 ) ;
#3301 = ORIENTED_EDGE ( 'NONE', *, *, #1815, .T. ) ;
#3302 = DIRECTION ( 'NONE',  ( -1.000000000000000000, -0.000000000000000000, -0.000000000000000000 ) ) ;
#3303 = DIRECTION ( 'NONE',  ( 0.7071067811865470176, -0.7071067811865480168, 0.000000000000000000 ) ) ;
#3304 = VERTEX_POINT ( 'NONE', #2430 ) ;
#3305 = CARTESIAN_POINT ( 'NONE',  ( 8.907291137050036056, 6.749269529859585504, 3.730425426260045363 ) ) ;
#3306 = APPROVAL ( #2709, 'UNKNOWN' ) ;
#3307 = CARTESIAN_POINT ( 'NONE',  ( 9.757291152696254244, 7.049269540290389990, 4.033211835975495596 ) ) ;
#3308 = ORIENTED_EDGE ( 'NONE', *, *, #2, .T. ) ;
#3309 = ORIENTED_EDGE ( 'NONE', *, *, #6012, .T. ) ;
#3310 = CARTESIAN_POINT ( 'NONE',  ( 14.01023045435335668, 2.989502772892873583, 2.553029094065624616 ) ) ;
#3311 = CARTESIAN_POINT ( 'NONE',  ( 9.682400036619053907, 6.014660214694670159, 2.358653001072386957 ) ) ;
#3312 = CARTESIAN_POINT ( 'NONE',  ( 12.55729126743518975, 2.149269540290390523, 6.283211872483342120 ) ) ;
#3313 = EDGE_CURVE ( 'NONE', #4455, #6376, #4089, .T. ) ;
#3314 = CARTESIAN_POINT ( 'NONE',  ( 10.13257397309701879, 6.423758736402731984, 4.844340254618172636 ) ) ;
#3315 = ORIENTED_EDGE ( 'NONE', *, *, #113, .T. ) ;
#3316 = CARTESIAN_POINT ( 'NONE',  ( -11.06800111946578902, 6.999999688452536617, 0.7632846721459588535 ) ) ;
#3318 = VERTEX_POINT ( 'NONE', #1344 ) ;
#3317 = CARTESIAN_POINT ( 'NONE',  ( 9.731670311944094820, 4.550002315391870056, -0.9309299713326003589 ) ) ;
#3319 = AXIS2_PLACEMENT_3D ( 'NONE', #1125, #3339, #569 ) ;
#3320 =( REPRESENTATION_RELATIONSHIP ('NONE','NONE', #3533, #2521 ) REPRESENTATION_RELATIONSHIP_WITH_TRANSFORMATION ( #3686 )SHAPE_REPRESENTATION_RELATIONSHIP( ) );
#3321 = FACE_OUTER_BOUND ( 'NONE', #5996, .T. ) ;
#3322 = CARTESIAN_POINT ( 'NONE',  ( -8.268001067311724128, 10.14999972496038261, -0.9867153539310745680 ) ) ;
#3323 = CARTESIAN_POINT ( 'NONE',  ( 10.00603538972111117, 2.449269550721202560, 4.633733546563052919 ) ) ;
#3324 = ADVANCED_FACE ( 'NONE', ( #5690 ), #5760, .T. ) ;
#3325 = ORIENTED_EDGE ( 'NONE', *, *, #5246, .T. ) ;
#3327 = ORIENTED_EDGE ( 'NONE', *, *, #6083, .F. ) ;
#3326 = CARTESIAN_POINT ( 'NONE',  ( 10.59671014368147191, 3.549269550721202648, 6.059748548525546674 ) ) ;
#3328 = VECTOR ( 'NONE', #245, 1000.000000000000000 ) ;
#3329 = COORDINATED_UNIVERSAL_TIME_OFFSET ( 1, 0, .AHEAD. ) ;
#3331 = VERTEX_POINT ( 'NONE', #3039 ) ;
#3330 = FACE_OUTER_BOUND ( 'NONE', #4514, .T. ) ;
#3332 = VECTOR ( 'NONE', #5271, 1000.000000000000000 ) ;
#3333 = ADVANCED_FACE ( 'NONE', ( #5168 ), #791, .T. ) ;
#3334 = VECTOR ( 'NONE', #1095, 1000.000000000000227 ) ;
#3335 = ORIENTED_EDGE ( 'NONE', *, *, #5670, .T. ) ;
#3336 = FACE_OUTER_BOUND ( 'NONE', #2911, .T. ) ;
#3337 = CARTESIAN_POINT ( 'NONE',  ( 11.48970279241824421, 1.849269540290390479, 6.483211872483341409 ) ) ;
#3338 = CALENDAR_DATE ( 2024, 29, 4 ) ;
#3340 = ORIENTED_EDGE ( 'NONE', *, *, #462, .F. ) ;
#3339 = DIRECTION ( 'NONE',  ( 0.000000000000000000, 1.000000000000000000, 0.000000000000000000 ) ) ;
#3341 = AXIS2_PLACEMENT_3D ( 'NONE', #3294, #1701, #6637 ) ;
#3342 = CARTESIAN_POINT ( 'NONE',  ( 13.63167036409815758, 5.950002325822681293, 0.1190700547444332319 ) ) ;
#3343 = CIRCLE ( 'NONE', #201, 3.149999999999999467 ) ;
#3344 = CARTESIAN_POINT ( 'NONE',  ( 11.68229118138100731, 2.149269540290390523, 1.783211799467650405 ) ) ;
#3345 = EDGE_CURVE ( 'NONE', #2428, #2794, #4806, .T. ) ;
#3346 =( BOUNDED_CURVE ( )  B_SPLINE_CURVE ( 3, ( #3551, #6819, #689, #1826 ),
 .UNSPECIFIED., .F., .F. ) 
 B_SPLINE_CURVE_WITH_KNOTS ( ( 4, 4 ),
 ( 0.7853981633974506105, 1.570796326794897224 ),
 .UNSPECIFIED. ) 
 CURVE ( )  GEOMETRIC_REPRESENTATION_ITEM ( )  RATIONAL_B_SPLINE_CURVE ( ( 1.000000000000000000, 0.9492530216741912330, 0.9492530216741912330, 1.000000000000000000 ) ) 
 REPRESENTATION_ITEM ( '' )  );
#3347 = ORIENTED_EDGE ( 'NONE', *, *, #813, .F. ) ;
#3348 = CARTESIAN_POINT ( 'NONE',  ( 13.67143816358011676, 6.011214318237783516, 5.711216567335491767 ) ) ;
#3349 = AXIS2_PLACEMENT_3D ( 'NONE', #4144, #4046, #5192 ) ;
#3350 = CARTESIAN_POINT ( 'NONE',  ( 9.280897945230828228, 2.849269550721202915, 2.983211809898461908 ) ) ;
#3351 = ORIENTED_EDGE ( 'NONE', *, *, #1377, .F. ) ;
#3352 = CARTESIAN_POINT ( 'NONE',  ( 14.51256986616193423, 6.699269608090674843, 1.872654518567642867 ) ) ;
#3353 = CARTESIAN_POINT ( 'NONE',  ( 11.47214085549942553, 1.849269540290390701, 2.283414511802114522 ) ) ;
#3354 = DIRECTION ( 'NONE',  ( 0.000000000000000000, 1.000000000000000000, 0.000000000000000000 ) ) ;
#3355 = DIRECTION ( 'NONE',  ( 1.000000000000000000, 0.000000000000000000, 0.000000000000000000 ) ) ;
#3356 = EDGE_CURVE ( 'NONE', #359, #2682, #2135, .T. ) ;
#3357 = ORIENTED_EDGE ( 'NONE', *, *, #2741, .T. ) ;
#3358 = CARTESIAN_POINT ( 'NONE',  ( 10.17573670809754738, 5.250002325822681115, -2.169062768854916445 ) ) ;
#3360 = VERTEX_POINT ( 'NONE', #5968 ) ;
#3359 = CARTESIAN_POINT ( 'NONE',  ( 10.78167032759031230, 4.550002315391870056, -3.380930007840445395 ) ) ;
#3361 = DIRECTION ( 'NONE',  ( 0.000000000000000000, 0.000000000000000000, 1.000000000000000000 ) ) ;
#3362 = DIRECTION ( 'NONE',  ( 1.000000000000000000, 0.000000000000000000, 0.000000000000000000 ) ) ;
#3363 = CONICAL_SURFACE ( 'NONE', #1034, 0.5599999999999997202, 0.7853981633974476129 ) ;
#3364 = LINE ( 'NONE', #5133, #4311 ) ;
#3365 = EDGE_CURVE ( 'NONE', #3522, #6276, #2454, .T. ) ;
#3367 = VERTEX_POINT ( 'NONE', #4225 ) ;
#3366 = LINE ( 'NONE', #1659, #1991 ) ;
#3368 = VECTOR ( 'NONE', #1853, 1000.000000000000000 ) ;
#3369 = AXIS2_PLACEMENT_3D ( 'NONE', #3859, #80, #9 ) ;
#3371 = ORIENTED_EDGE ( 'NONE', *, *, #3628, .T. ) ;
#3370 = FACE_OUTER_BOUND ( 'NONE', #2249, .T. ) ;
#3372 = EDGE_CURVE ( 'NONE', #5233, #1785, #6152, .T. ) ;
#3373 = ORIENTED_EDGE ( 'NONE', *, *, #4291, .F. ) ;
#3374 = EDGE_CURVE ( 'NONE', #5137, #5832, #2062, .T. ) ;
#3375 = CARTESIAN_POINT ( 'NONE',  ( 11.48970279241824421, 2.149269540290390523, 6.483211872483341409 ) ) ;
#3376 = CARTESIAN_POINT ( 'NONE',  ( -11.06800111946578902, 5.949999735391195976, -2.736715380008108323 ) ) ;
#3377 = APPROVAL_DATE_TIME ( #1040, #5342 ) ;
#3378 = CIRCLE ( 'NONE', #2677, 0.2000000000000004829 ) ;
#3380 = VERTEX_POINT ( 'NONE', #892 ) ;
#3379 = CARTESIAN_POINT ( 'NONE',  ( -9.202847774427665328, 5.321995030108233493, 0.4252294605241629943 ) ) ;
#3381 = CARTESIAN_POINT ( 'NONE',  ( 8.718472806373116057, 2.182018957610845078, 3.856795617056261172 ) ) ;
#3382 = DIRECTION ( 'NONE',  ( 0.000000000000000000, 0.000000000000000000, 1.000000000000000000 ) ) ;
#3383 = CIRCLE ( 'NONE', #818, 0.3500000156462182987 ) ;
#3384 = AXIS2_PLACEMENT_3D ( 'NONE', #5531, #5608, #2780 ) ;
#3385 = VERTEX_POINT ( 'NONE', #7023 ) ;
#3386 = DIRECTION ( 'NONE',  ( -1.000000000000000000, -0.000000000000000000, -0.000000000000000000 ) ) ;
#3387 = FACE_OUTER_BOUND ( 'NONE', #6397, .T. ) ;
#3388 = ORIENTED_EDGE ( 'NONE', *, *, #4459, .F. ) ;
#3389 = ORIENTED_EDGE ( 'NONE', *, *, #1888, .T. ) ;
#3390 = CARTESIAN_POINT ( 'NONE',  ( 14.36256986094652532, 3.549269550721202648, 2.172654528998454015 ) ) ;
#3391 = DIRECTION ( 'NONE',  ( 0.000000000000000000, 1.000000000000000000, -0.000000000000000000 ) ) ;
#3392 = CARTESIAN_POINT ( 'NONE',  ( 11.78822095068015230, 7.749269540290389280, 5.885533047516684491 ) ) ;
#3393 = CARTESIAN_POINT ( 'NONE',  ( -9.614169025001400470, 5.249999735391195799, 1.418246802151530206 ) ) ;
#3394 = ORIENTED_EDGE ( 'NONE', *, *, #5750, .F. ) ;
#3395 = VECTOR ( 'NONE', #3809, 1000.000000000000000 ) ;
#3396 = APPROVAL ( #3256, 'UNSPECIFIED' ) ;
#3397 = AXIS2_PLACEMENT_3D ( 'NONE', #6797, #6225, #6763 ) ;
#3398 = EDGE_CURVE ( 'NONE', #3957, #618, #6500, .T. ) ;
#3400 = ORIENTED_EDGE ( 'NONE', *, *, #732, .T. ) ;
#3399 = DIRECTION ( 'NONE',  ( 0.000000000000000000, 1.000000000000000000, 0.000000000000000000 ) ) ;
#3401 = DIRECTION ( 'NONE',  ( 0.000000000000000000, -1.000000000000000000, 0.000000000000000000 ) ) ;
#3402 = CARTESIAN_POINT ( 'NONE',  ( -13.51800115597362328, 3.849999724960383674, -3.436715390438920270 ) ) ;
#3403 = LOCAL_TIME ( 18, 13, 43.00000000000000000, #6126 ) ;
#3404 = CARTESIAN_POINT ( 'NONE',  ( 11.36651701906003353, 8.678007010244019881, 0.4810148431226370924 ) ) ;
#3405 = EDGE_LOOP ( 'NONE', ( #3941, #3233, #3212, #1700 ) ) ;
#3407 = EDGE_LOOP ( 'NONE', ( #6425, #2525, #3821, #6695 ) ) ;
#3406 = LINE ( 'NONE', #6593, #5693 ) ;
#3408 = AXIS2_PLACEMENT_3D ( 'NONE', #3977, #4519, #6197 ) ;
#3410 = ORIENTED_EDGE ( 'NONE', *, *, #1299, .F. ) ;
#3409 = FACE_OUTER_BOUND ( 'NONE', #4402, .T. ) ;
#3411 = ADVANCED_FACE ( 'NONE', ( #5899 ), #384, .T. ) ;
#3412 = AXIS2_PLACEMENT_3D ( 'NONE', #2496, #4145, #2564 ) ;
#3413 = EDGE_LOOP ( 'NONE', ( #302, #2548, #2141, #7006, #1026 ) ) ;
#3414 = CARTESIAN_POINT ( 'NONE',  ( 9.757291152696254244, 7.349269540290390701, 4.033211835975495596 ) ) ;
#3415 = CARTESIAN_POINT ( 'NONE',  ( 14.65729122571193699, 2.149269540290390523, 4.033211835975495596 ) ) ;
#3416 = APPROVAL_STATUS ( 'not_yet_approved' ) ;
#3418 = ORIENTED_EDGE ( 'NONE', *, *, #7127, .F. ) ;
#3417 = CARTESIAN_POINT ( 'NONE',  ( 10.77211439563238393, 1.849269540290390257, 6.483211872483341409 ) ) ;
#3419 = DIRECTION ( 'NONE',  ( 1.000000000000000000, 0.000000000000000000, 0.000000000000000000 ) ) ;
#3420 = CARTESIAN_POINT ( 'NONE',  ( 10.95689030213463866, 7.049269540290389990, 6.406675186010324374 ) ) ;
#3421 = ORIENTED_EDGE ( 'NONE', *, *, #1664, .F. ) ;
#3422 = VECTOR ( 'NONE', #3106, 1000.000000000000000 ) ;
#3423 = CARTESIAN_POINT ( 'NONE',  ( -10.06800111946578902, 5.455024988560611909, 0.5582594189765416326 ) ) ;
#3424 = EDGE_CURVE ( 'NONE', #6618, #3093, #3759, .T. ) ;
#3425 = VECTOR ( 'NONE', #2127, 1000.000000000000000 ) ;
#3426 = CARTESIAN_POINT ( 'NONE',  ( -10.13936037197878726, 8.159004589272305097, -2.736715380008108767 ) ) ;
#3427 = ORIENTED_EDGE ( 'NONE', *, *, #6220, .T. ) ;
#3428 = ORIENTED_EDGE ( 'NONE', *, *, #1790, .T. ) ;
#3429 = CARTESIAN_POINT ( 'NONE',  ( 14.18368442274654306, 5.649269529859577865, 2.283211809898462175 ) ) ;
#3430 = CARTESIAN_POINT ( 'NONE',  ( 11.87214085549942411, 7.749269540290391056, 1.983211799467650360 ) ) ;
#3431 = ADVANCED_FACE ( 'NONE', ( #6002 ), #4190, .T. ) ;
#3432 = CARTESIAN_POINT ( 'NONE',  ( 11.68642607842634717, 7.709109914168658761, 5.845527586010846655 ) ) ;
#3433 = DIRECTION ( 'NONE',  ( -0.3826834323650898928, 0.000000000000000000, 0.9238795325112867385 ) ) ;
#3434 = ORIENTED_EDGE ( 'NONE', *, *, #6692, .T. ) ;
#3435 = FACE_OUTER_BOUND ( 'NONE', #1016, .T. ) ;
#3437 = ORIENTED_EDGE ( 'NONE', *, *, #1888, .F. ) ;
#3436 = DIRECTION ( 'NONE',  ( -0.000000000000000000, 1.000000000000000000, 0.000000000000000000 ) ) ;
#3438 = LINE ( 'NONE', #1110, #6151 ) ;
#3439 = DIRECTION ( 'NONE',  ( -0.7071067811865470176, -0.7071067811865480168, 8.659560562354926695E-17 ) ) ;
#3440 = FACE_OUTER_BOUND ( 'NONE', #6156, .T. ) ;
#3441 = AXIS2_PLACEMENT_3D ( 'NONE', #2752, #4958, #2330 ) ;
#3442 = CARTESIAN_POINT ( 'NONE',  ( 10.78148605015011796, 3.365495269034857184, 5.783211862052529462 ) ) ;
#3444 = ORIENTED_EDGE ( 'NONE', *, *, #622, .T. ) ;
#3443 = CARTESIAN_POINT ( 'NONE',  ( 9.757291152696254244, 7.049269540290389990, 4.033211835975495596 ) ) ;
#3445 = ADVANCED_FACE ( 'NONE', ( #4260 ), #347, .F. ) ;
#3446 = VERTEX_POINT ( 'NONE', #1033 ) ;
#3447 = DIRECTION ( 'NONE',  ( 1.000000000000000000, 0.000000000000000000, 0.000000000000000000 ) ) ;
#3448 = CARTESIAN_POINT ( 'NONE',  ( 11.47214085549942553, 6.849269540290390701, 1.583211799467650227 ) ) ;
#3449 = SECURITY_CLASSIFICATION_LEVEL ( 'unclassified' ) ;
#3450 = EDGE_CURVE ( 'NONE', #3666, #1087, #4908, .T. ) ;
#3452 = ORIENTED_EDGE ( 'NONE', *, *, #5171, .T. ) ;
#3451 = CARTESIAN_POINT ( 'NONE',  ( 11.29452172434299762, 5.250002325822681115, 0.3072028261897160051 ) ) ;
#3453 = CARTESIAN_POINT ( 'NONE',  ( 9.730897945230827517, 5.649269529859577865, 2.283211809898462175 ) ) ;
#3454 = CIRCLE ( 'NONE', #307, 2.450000036507846257 ) ;
#3455 = DIRECTION ( 'NONE',  ( 0.8944271909999159664, 0.000000000000000000, 0.4472135954999579832 ) ) ;
#3456 = AXIS2_PLACEMENT_3D ( 'NONE', #3131, #881, #7011 ) ;
#3457 = VERTEX_POINT ( 'NONE', #5934 ) ;
#3458 = DIRECTION ( 'NONE',  ( -1.000000000000000000, 0.000000000000000000, 0.000000000000000000 ) ) ;
#3459 = EDGE_CURVE ( 'NONE', #3624, #5872, #965, .T. ) ;
#3460 = AXIS2_PLACEMENT_3D ( 'NONE', #3414, #3484, #6841 ) ;
#3461 = ORIENTED_EDGE ( 'NONE', *, *, #2592, .F. ) ;
#3462 = ORIENTED_EDGE ( 'NONE', *, *, #5158, .F. ) ;
#3463 = AXIS2_PLACEMENT_3D ( 'NONE', #4961, #7145, #3382 ) ;
#3464 = CARTESIAN_POINT ( 'NONE',  ( 14.36256986094652355, 3.022061756856988968, 2.172654528998454015 ) ) ;
#3465 = CARTESIAN_POINT ( 'NONE',  ( 8.707291137050036767, 7.049269540290389990, 4.033211835975495596 ) ) ;
#3466 = CARTESIAN_POINT ( 'NONE',  ( 11.51948730634172513, 7.564770136667959832, 2.263371085330714294 ) ) ;
#3467 = EDGE_CURVE ( 'NONE', #2007, #6953, #3274, .T. ) ;
#3468 = DIRECTION ( 'NONE',  ( 0.000000000000000000, 0.000000000000000000, -1.000000000000000000 ) ) ;
#3469 = AXIS2_PLACEMENT_3D ( 'NONE', #4136, #2487, #5742 ) ;
#3470 = APPLICATION_CONTEXT ( 'configuration controlled 3d designs of mechanical parts and assemblies' ) ;
#3471 = CIRCLE ( 'NONE', #91, 0.4000000000000001887 ) ;
#3472 = FACE_OUTER_BOUND ( 'NONE', #221, .T. ) ;
#3473 = EDGE_CURVE ( 'NONE', #6660, #4027, #3955, .T. ) ;
#3474 = DIRECTION ( 'NONE',  ( 0.000000000000000000, 0.000000000000000000, -1.000000000000000000 ) ) ;
#3476 = EDGE_LOOP ( 'NONE', ( #7100, #4991, #2508, #5664 ) ) ;
#3475 = CARTESIAN_POINT ( 'NONE',  ( 11.48970279241824599, 1.614954965239628448, 6.483211872483341409 ) ) ;
#3477 = CARTESIAN_POINT ( 'NONE',  ( -12.50300120552000926, 6.999999761468229664, -3.436715390438920270 ) ) ;
#3478 = PLANE ( 'NONE',  #3108 ) ;
#3479 = CARTESIAN_POINT ( 'NONE',  ( 12.20729118920410095, 5.649269529859577865, 5.083211862052529284 ) ) ;
#3480 = CARTESIAN_POINT ( 'NONE',  ( 13.23167036409815722, 5.950002325822681293, 0.8190700547444330626 ) ) ;
#3482 = ORIENTED_EDGE ( 'NONE', *, *, #524, .F. ) ;
#3481 = FACE_OUTER_BOUND ( 'NONE', #2325, .T. ) ;
#3483 = AXIS2_PLACEMENT_3D ( 'NONE', #4603, #1346, #6884 ) ;
#3484 = DIRECTION ( 'NONE',  ( 0.000000000000000000, 1.000000000000000000, 0.000000000000000000 ) ) ;
#3485 = CARTESIAN_POINT ( 'NONE',  ( 9.102012507030844191, 2.849269550721202471, 2.893769090798470334 ) ) ;
#3486 = APPROVAL_ROLE ( '' ) ;
#3488 = ORIENTED_EDGE ( 'NONE', *, *, #4557, .T. ) ;
#3487 = CYLINDRICAL_SURFACE ( 'NONE', #4924, 2.450000036507845369 ) ;
#3489 = EDGE_CURVE ( 'NONE', #6847, #5147, #7097, .T. ) ;
#3490 = CARTESIAN_POINT ( 'NONE',  ( 8.707291137050038543, 6.993481366700841306, 3.791659149766627657 ) ) ;
#3491 = EDGE_LOOP ( 'NONE', ( #2753, #335, #6096, #1121 ) ) ;
#3492 = CARTESIAN_POINT ( 'NONE',  ( 9.757291152696254244, 7.049269540290389990, 4.033211835975495596 ) ) ;
#3493 = VERTEX_POINT ( 'NONE', #675 ) ;
#3494 = CARTESIAN_POINT ( 'NONE',  ( 9.757291152696254244, 7.749269540290391056, 4.033211835975495596 ) ) ;
#3495 =( BOUNDED_CURVE ( )  B_SPLINE_CURVE ( 3, ( #4275, #4750, #2595, #6502 ),
 .UNSPECIFIED., .F., .F. ) 
 B_SPLINE_CURVE_WITH_KNOTS ( ( 4, 4 ),
 ( 1.570796326794896336, 2.748893571891069865 ),
 .UNSPECIFIED. ) 
 CURVE ( )  GEOMETRIC_REPRESENTATION_ITEM ( )  RATIONAL_B_SPLINE_CURVE ( ( 1.000000000000000000, 0.8876464082016966017, 0.8876464082016966017, 1.000000000000000000 ) ) 
 REPRESENTATION_ITEM ( '' )  );
#3496 = CARTESIAN_POINT ( 'NONE',  ( 14.05188247428048776, 6.144244276690161932, 2.488237063067879173 ) ) ;
#3497 = DIRECTION ( 'NONE',  ( 1.000000000000000000, 0.000000000000000000, 0.000000000000000000 ) ) ;
#3498 = VECTOR ( 'NONE', #735, 1000.000000000000000 ) ;
#3499 = AXIS2_PLACEMENT_3D ( 'NONE', #7014, #2017, #886 ) ;
#3500 = DIRECTION ( 'NONE',  ( 1.000000000000000000, 0.000000000000000000, 0.000000000000000000 ) ) ;
#3501 = ADVANCED_FACE ( 'NONE', ( #4403 ), #1116, .T. ) ;
#3502 = CARTESIAN_POINT ( 'NONE',  ( 12.55729126743518975, 1.949269540290390568, 6.483211872483341409 ) ) ;
#3503 = EDGE_CURVE ( 'NONE', #3385, #1849, #3406, .T. ) ;
#3504 = AXIS2_PLACEMENT_3D ( 'NONE', #4859, #2011, #4213 ) ;
#3505 = DIRECTION ( 'NONE',  ( 1.000000000000000000, 0.000000000000000000, 0.000000000000000000 ) ) ;
#3507 = ORIENTED_EDGE ( 'NONE', *, *, #4023, .F. ) ;
#3506 = LINE ( 'NONE', #2923, #6176 ) ;
#3508 = CARTESIAN_POINT ( 'NONE',  ( 13.93167036409815829, 7.000002315391870233, -2.680930007840445661 ) ) ;
#3509 = CARTESIAN_POINT ( 'NONE',  ( 13.74228463742814021, 3.054294803890619026, 5.578186608883112463 ) ) ;
#3510 = DIRECTION ( 'NONE',  ( 1.000000000000000000, 0.000000000000000000, 0.000000000000000000 ) ) ;
#3511 = ORIENTED_EDGE ( 'NONE', *, *, #5541, .F. ) ;
#3512 = CARTESIAN_POINT ( 'NONE',  ( 11.42161983205294007, 5.455027578992097226, 0.6140448015750160637 ) ) ;
#3513 = APPROVAL_PERSON_ORGANIZATION ( #6709, #4058, #6169 ) ;
#3514 = ORIENTED_EDGE ( 'NONE', *, *, #7178, .T. ) ;
#3515 = EDGE_CURVE ( 'NONE', #7174, #6665, #6666, .T. ) ;
#3516 = LOCAL_TIME ( 18, 13, 43.00000000000000000, #275 ) ;
#3517 = DIRECTION ( 'NONE',  ( 0.000000000000000000, 1.000000000000000000, 0.000000000000000000 ) ) ;
#3518 = CARTESIAN_POINT ( 'NONE',  ( 9.392436117765786463, 3.266062078776995392, 2.312921869328700364 ) ) ;
#3519 = CALENDAR_DATE ( 2024, 29, 4 ) ;
#3521 = VERTEX_POINT ( 'NONE', #2895 ) ;
#3520 = CARTESIAN_POINT ( 'NONE',  ( 10.00603538972111117, 6.749269529859585504, 4.633733546563052919 ) ) ;
#3522 = VERTEX_POINT ( 'NONE', #1695 ) ;
#3523 = ADVANCED_FACE ( 'NONE', ( #2857 ), #1023, .T. ) ;
#3524 = VECTOR ( 'NONE', #2848, 1000.000000000000000 ) ;
#3525 = DIRECTION ( 'NONE',  ( -0.7754647649757075989, -0.6313908443121188929, 5.504982060960973188E-15 ) ) ;
#3526 = ORIENTED_EDGE ( 'NONE', *, *, #3166, .T. ) ;
#3527 = ORIENTED_EDGE ( 'NONE', *, *, #6215, .F. ) ;
#3528 = CARTESIAN_POINT ( 'NONE',  ( 13.99320958213301225, 2.849296514151815174, 5.090242884415125957 ) ) ;
#3529 = PLANE ( 'NONE',  #5220 ) ;
#3530 = CC_DESIGN_PERSON_AND_ORGANIZATION_ASSIGNMENT ( #2742, #1661, ( #3976 ) ) ;
#3531 = PLANE ( 'NONE',  #2407 ) ;
#3532 = VERTEX_POINT ( 'NONE', #6629 ) ;
#3533 = SHAPE_REPRESENTATION ( 'CableChainID#3.5mmAseb', ( #2112, #3150, #1196, #597, #476, #1536, #2467, #250 ), #5227 ) ;
#3534 = CYLINDRICAL_SURFACE ( 'NONE', #4811, 0.7000000000000000666 ) ;
#3535 = EDGE_CURVE ( 'NONE', #3113, #6490, #6155, .T. ) ;
#3537 = ORIENTED_EDGE ( 'NONE', *, *, #3591, .F. ) ;
#3536 = CARTESIAN_POINT ( 'NONE',  ( -11.94300120552000877, 6.999999761468229664, -2.736715380008108323 ) ) ;
#3538 = CARTESIAN_POINT ( 'NONE',  ( 8.728405698850053795, 2.449269550721202560, 3.640982707160051124 ) ) ;
#3539 = LINE ( 'NONE', #6937, #2074 ) ;
#3540 = CARTESIAN_POINT ( 'NONE',  ( 13.97905823893396260, 6.349269529859585148, 5.083211862052529284 ) ) ;
#3542 = ORIENTED_EDGE ( 'NONE', *, *, #1986, .F. ) ;
#3541 = DIRECTION ( 'NONE',  ( -0.000000000000000000, 1.000000000000000000, 0.000000000000000000 ) ) ;
#3543 = EDGE_CURVE ( 'NONE', #1632, #667, #3366, .T. ) ;
#3544 = FACE_OUTER_BOUND ( 'NONE', #1795, .T. ) ;
#3545 = DIRECTION ( 'NONE',  ( -0.000000000000000000, 0.000000000000000000, 1.000000000000000000 ) ) ;
#3546 = EDGE_CURVE ( 'NONE', #2070, #1746, #1526, .T. ) ;
#3547 = APPROVAL_DATE_TIME ( #6811, #3975 ) ;
#3549 = ORIENTED_EDGE ( 'NONE', *, *, #2791, .T. ) ;
#3548 = LINE ( 'NONE', #5283, #2556 ) ;
#3550 = VERTEX_POINT ( 'NONE', #4984 ) ;
#3551 = CARTESIAN_POINT ( 'NONE',  ( -9.257950587420571864, 8.544974461360155260, 0.5582594189765417436 ) ) ;
#3552 = ORIENTED_EDGE ( 'NONE', *, *, #1386, .T. ) ;
#3553 = VECTOR ( 'NONE', #1170, 1000.000000000000000 ) ;
#3554 = DIRECTION ( 'NONE',  ( 1.000000000000000000, 0.000000000000000000, 0.000000000000000000 ) ) ;
#3555 = AXIS2_PLACEMENT_3D ( 'NONE', #4930, #4431, #3966 ) ;
#3556 = CARTESIAN_POINT ( 'NONE',  ( -9.668001098604165122, 9.449999724960381542, -0.9867153539310745680 ) ) ;
#3557 = CARTESIAN_POINT ( 'NONE',  ( 11.87214085549942411, 7.749269540290391056, 2.122737826037631059 ) ) ;
#3558 = DIRECTION ( 'NONE',  ( -1.000000000000000000, 0.000000000000000000, 0.000000000000000000 ) ) ;
#3559 = ORIENTED_EDGE ( 'NONE', *, *, #5629, .T. ) ;
#3560 = CARTESIAN_POINT ( 'NONE',  ( 9.731670311944093044, 8.750002304961064681, -0.9309299713326002479 ) ) ;
#3562 = ORIENTED_EDGE ( 'NONE', *, *, #1460, .T. ) ;
#3561 = DIRECTION ( 'NONE',  ( -1.000000000000000000, 0.000000000000000000, 0.000000000000000000 ) ) ;
#3563 = DIRECTION ( 'NONE',  ( 0.3826470364055234441, 0.01379149759726983580, -0.9237916648920874163 ) ) ;
#3564 = CARTESIAN_POINT ( 'NONE',  ( 13.60729121006570885, 6.549269529859585326, 3.683211830760089178 ) ) ;
#3565 = ADVANCED_FACE ( 'NONE', ( #2282 ), #2920, .T. ) ;
#3566 = LINE ( 'NONE', #3640, #4442 ) ;
#3567 = VECTOR ( 'NONE', #6981, 1000.000000000000227 ) ;
#3568 = ORIENTED_EDGE ( 'NONE', *, *, #3728, .F. ) ;
#3569 =( BOUNDED_CURVE ( )  B_SPLINE_CURVE ( 3, ( #413, #2638, #4837, #3717 ),
 .UNSPECIFIED., .F., .F. ) 
 B_SPLINE_CURVE_WITH_KNOTS ( ( 4, 4 ),
 ( 0.000000000000000000, 0.7853981633974492782 ),
 .UNSPECIFIED. ) 
 CURVE ( )  GEOMETRIC_REPRESENTATION_ITEM ( )  RATIONAL_B_SPLINE_CURVE ( ( 1.000000000000000000, 0.9492530216741910110, 0.9492530216741910110, 1.000000000000000000 ) ) 
 REPRESENTATION_ITEM ( '' )  );
#3570 = FACE_OUTER_BOUND ( 'NONE', #2520, .T. ) ;
#3572 = EDGE_LOOP ( 'NONE', ( #619, #3017, #3335, #7066, #4022, #4877, #5076, #1919, #2433, #2206, #3168, #2488 ) ) ;
#3571 = DIRECTION ( 'NONE',  ( 0.4472135954999579277, -0.000000000000000000, -0.8944271909999158554 ) ) ;
#3573 = CARTESIAN_POINT ( 'NONE',  ( 13.81787223472671933, 5.649269529859577865, 6.059748548525545786 ) ) ;
#3574 = ADVANCED_FACE ( 'NONE', ( #1075 ), #2243, .F. ) ;
#3575 = CARTESIAN_POINT ( 'NONE',  ( 8.707291137050036767, 2.259826821190400015, 3.730425426260042698 ) ) ;
#3576 = DIRECTION ( 'NONE',  ( 1.000000000000000000, 0.000000000000000000, 0.000000000000000000 ) ) ;
#3577 = DATE_TIME_ROLE ( 'classification_date' ) ;
#3578 = EDGE_CURVE ( 'NONE', #6303, #6202, #4479, .T. ) ;
#3580 = ORIENTED_EDGE ( 'NONE', *, *, #4547, .F. ) ;
#3579 = DIRECTION ( 'NONE',  ( -0.3826834323650885605, 0.000000000000000000, -0.9238795325112872936 ) ) ;
#3581 = AXIS2_PLACEMENT_3D ( 'NONE', #3942, #5610, #5535 ) ;
#3582 = ADVANCED_FACE ( 'NONE', ( #6734 ), #1772, .T. ) ;
#3583 = ORIENTED_EDGE ( 'NONE', *, *, #6522, .F. ) ;
#3584 = CARTESIAN_POINT ( 'NONE',  ( 11.42161983205294007, 8.544977051791642353, 0.6140448015750160637 ) ) ;
#3585 = DIRECTION ( 'NONE',  ( -0.1053964909653486576, -0.9944302789498070672, 6.992034581566534092E-16 ) ) ;
#3586 = VERTEX_POINT ( 'NONE', #4945 ) ;
#3587 = ORIENTED_EDGE ( 'NONE', *, *, #900, .T. ) ;
#3588 = AXIS2_PLACEMENT_3D ( 'NONE', #3278, #5485, #5522 ) ;
#3589 = DIRECTION ( 'NONE',  ( 0.000000000000000000, 0.000000000000000000, -1.000000000000000000 ) ) ;
#3590 = CARTESIAN_POINT ( 'NONE',  ( 8.731776636058851793, 6.586402086172626014, 3.634240832742321459 ) ) ;
#3591 = EDGE_CURVE ( 'NONE', #1968, #3550, #6738, .T. ) ;
#3592 = ORIENTED_EDGE ( 'NONE', *, *, #338, .T. ) ;
#3593 = CARTESIAN_POINT ( 'NONE',  ( 13.23167036409815722, 8.050002304961058286, 0.8190700547444330626 ) ) ;
#3594 = ORIENTED_EDGE ( 'NONE', *, *, #1922, .F. ) ;
#3595 = CARTESIAN_POINT ( 'NONE',  ( 14.18368442274654306, 5.649269529859577865, 2.283211809898462175 ) ) ;
#3597 = ORIENTED_EDGE ( 'NONE', *, *, #5957, .T. ) ;
#3596 = CARTESIAN_POINT ( 'NONE',  ( 14.65729122571193699, 7.249269540290389280, 1.783211799467650405 ) ) ;
#3598 = CIRCLE ( 'NONE', #5574, 1.050000015646217477 ) ;
#3599 = FACE_OUTER_BOUND ( 'NONE', #323, .T. ) ;
#3600 = CARTESIAN_POINT ( 'NONE',  ( 14.65729122571193699, 7.049269540290389990, 4.033211835975495596 ) ) ;
#3601 = CARTESIAN_POINT ( 'NONE',  ( 11.47214085549942553, 7.349269540290390701, 1.583211799467650227 ) ) ;
#3602 = ORIENTED_EDGE ( 'NONE', *, *, #129, .F. ) ;
#3603 = AXIS2_PLACEMENT_3D ( 'NONE', #6436, #4544, #6684 ) ;
#3604 = AXIS2_PLACEMENT_3D ( 'NONE', #4116, #164, #4048 ) ;
#3605 = CC_DESIGN_PERSON_AND_ORGANIZATION_ASSIGNMENT ( #4232, #1961, ( #585 ) ) ;
#3606 = EDGE_CURVE ( 'NONE', #4674, #2687, #6963, .T. ) ;
#3607 = AXIS2_PLACEMENT_3D ( 'NONE', #4173, #7042, #2660 ) ;
#3608 = CARTESIAN_POINT ( 'NONE',  ( 8.707291137050036767, 2.449269550721202560, 3.683211830760089178 ) ) ;
#3610 = ORIENTED_EDGE ( 'NONE', *, *, #2971, .T. ) ;
#3609 = CYLINDRICAL_SURFACE ( 'NONE', #2899, 1.050000015646217477 ) ;
#3611 = PLANE ( 'NONE',  #2798 ) ;
#3612 = VECTOR ( 'NONE', #2006, 1000.000000000000000 ) ;
#3613 = CARTESIAN_POINT ( 'NONE',  ( 11.87214085549942411, 7.749269540290391056, 2.283414511802114522 ) ) ;
#3614 = APPROVAL ( #1450, 'UNKNOWN' ) ;
#3615 = LOCAL_TIME ( 18, 13, 43.00000000000000000, #2099 ) ;
#3616 = DIRECTION ( 'NONE',  ( 0.000000000000000000, 1.000000000000000000, 0.000000000000000000 ) ) ;
#3617 = SECURITY_CLASSIFICATION_LEVEL ( 'unclassified' ) ;
#3619 = ORIENTED_EDGE ( 'NONE', *, *, #5273, .F. ) ;
#3618 = LINE ( 'NONE', #2432, #4347 ) ;
#3620 = EDGE_CURVE ( 'NONE', #4178, #6855, #6271, .T. ) ;
#3621 = ORIENTED_EDGE ( 'NONE', *, *, #2619, .F. ) ;
#3622 = CARTESIAN_POINT ( 'NONE',  ( 14.65729122571193699, 7.349269540290390701, 6.083211872483341054 ) ) ;
#3623 = APPROVAL_ROLE ( '' ) ;
#3624 = VERTEX_POINT ( 'NONE', #2390 ) ;
#3625 = ORIENTED_EDGE ( 'NONE', *, *, #6784, .F. ) ;
#3626 = DIRECTION ( 'NONE',  ( -1.000000000000000000, 0.000000000000000000, 0.000000000000000000 ) ) ;
#3627 = PLANE ( 'NONE',  #309 ) ;
#3628 = EDGE_CURVE ( 'NONE', #2145, #5614, #229, .T. ) ;
#3629 = AXIS2_PLACEMENT_3D ( 'NONE', #2829, #1702, #567 ) ;
#3630 = DIRECTION ( 'NONE',  ( 1.000000000000000000, 0.000000000000000000, 0.000000000000000000 ) ) ;
#3631 = DIRECTION ( 'NONE',  ( 0.000000000000000000, 0.000000000000000000, 1.000000000000000000 ) ) ;
#3632 = ORIENTED_EDGE ( 'NONE', *, *, #1626, .F. ) ;
#3633 = FACE_OUTER_BOUND ( 'NONE', #3407, .T. ) ;
#3634 = B_SPLINE_CURVE_WITH_KNOTS ( 'NONE', 3,
 ( #4838, #414, #5965, #1518, #6073, #3175 ),
 .UNSPECIFIED., .F., .F.,
 ( 4, 2, 4 ),
 ( 0.000000000000000000, 0.0003242198710703921342, 0.0006484397421407842683 ),
 .UNSPECIFIED. ) ;
#3635 = EDGE_CURVE ( 'NONE', #1136, #3957, #5238, .T. ) ;
#3637 = EDGE_LOOP ( 'NONE', ( #6081, #4210, #5440, #7033 ) ) ;
#3636 = CARTESIAN_POINT ( 'NONE',  ( 14.13518651413476945, 6.014660214694695917, 2.358653001072413602 ) ) ;
#3638 = DIRECTION ( 'NONE',  ( 0.000000000000000000, 0.000000000000000000, 1.000000000000000000 ) ) ;
#3639 = VECTOR ( 'NONE', #820, 1000.000000000000000 ) ;
#3640 = CARTESIAN_POINT ( 'NONE',  ( 12.55729126743518975, 4.599269540290389813, 1.583211799467650227 ) ) ;
#3641 = ORIENTED_EDGE ( 'NONE', *, *, #1316, .T. ) ;
#3642 = AXIS2_PLACEMENT_3D ( 'NONE', #4832, #6441, #5893 ) ;
#3643 = CARTESIAN_POINT ( 'NONE',  ( 14.33368442796194842, 7.049269540290389990, 1.583211799467650227 ) ) ;
#3645 = ORIENTED_EDGE ( 'NONE', *, *, #2893, .F. ) ;
#3644 = LINE ( 'NONE', #443, #3425 ) ;
#3646 = CARTESIAN_POINT ( 'NONE',  ( 9.731670311944093044, 4.550002315391870056, -1.280929976548006222 ) ) ;
#3647 = CARTESIAN_POINT ( 'NONE',  ( -10.06800111946578902, 8.049999714529571193, -2.036715380008108145 ) ) ;
#3648 = DIRECTION ( 'NONE',  ( 1.000000000000000000, 0.000000000000000000, 0.000000000000000000 ) ) ;
#3649 = COORDINATED_UNIVERSAL_TIME_OFFSET ( 1, 0, .AHEAD. ) ;
#3651 = ORIENTED_EDGE ( 'NONE', *, *, #5755, .T. ) ;
#3650 = CARTESIAN_POINT ( 'NONE',  ( 8.928405698850053085, 2.649269550721202737, 3.240982707160053433 ) ) ;
#3652 = ADVANCED_FACE ( 'NONE', ( #4592 ), #6804, .T. ) ;
#3653 = ORIENTED_EDGE ( 'NONE', *, *, #3345, .T. ) ;
#3654 = EDGE_CURVE ( 'NONE', #3586, #4577, #6329, .T. ) ;
#3655 = FACE_OUTER_BOUND ( 'NONE', #1404, .T. ) ;
#3656 = VECTOR ( 'NONE', #2793, 1000.000000000000000 ) ;
#3657 = ORIENTED_EDGE ( 'NONE', *, *, #5844, .F. ) ;
#3658 = ORIENTED_EDGE ( 'NONE', *, *, #3176, .T. ) ;
#3659 = DIRECTION ( 'NONE',  ( -1.000000000000000000, -0.000000000000000000, -0.000000000000000000 ) ) ;
#3660 = CARTESIAN_POINT ( 'NONE',  ( 11.87214085549942411, 1.449269540290390568, 2.122737826037631059 ) ) ;
#3661 = ADVANCED_FACE ( 'NONE', ( #5681, #4626 ), #6365, .F. ) ;
#3662 = SPHERICAL_SURFACE ( 'NONE', #5867, 0.2000000000000000111 ) ;
#3663 = CIRCLE ( 'NONE', #4598, 1.050000015646217477 ) ;
#3664 = DIRECTION ( 'NONE',  ( 0.000000000000000000, 1.000000000000000000, 0.000000000000000000 ) ) ;
#3665 = ORIENTED_EDGE ( 'NONE', *, *, #4188, .T. ) ;
#3666 = VERTEX_POINT ( 'NONE', #6772 ) ;
#3667 = LINE ( 'NONE', #7008, #1693 ) ;
#3669 = EDGE_CURVE ( 'NONE', #3727, #4888, #1302, .T. ) ;
#3668 = LINE ( 'NONE', #2598, #254 ) ;
#3670 = DIRECTION ( 'NONE',  ( -0.000000000000000000, -1.000000000000000000, -0.000000000000000000 ) ) ;
#3671 = CARTESIAN_POINT ( 'NONE',  ( 10.17573670809754738, 8.750002304961059352, -2.169062768854916445 ) ) ;
#3672 = CARTESIAN_POINT ( 'NONE',  ( 14.00032365415185609, 6.349191534236497958, 5.093661158153036439 ) ) ;
#3673 = AXIS2_PLACEMENT_3D ( 'NONE', #3887, #41, #1058 ) ;
#3674 = EDGE_CURVE ( 'NONE', #2794, #1746, #5221, .T. ) ;
#3675 = ORIENTED_EDGE ( 'NONE', *, *, #6322, .T. ) ;
#3676 = DIRECTION ( 'NONE',  ( -1.000000000000000000, 0.000000000000000000, 0.000000000000000000 ) ) ;
#3677 = AXIS2_PLACEMENT_3D ( 'NONE', #5205, #1780, #5759 ) ;
#3679 = ORIENTED_EDGE ( 'NONE', *, *, #2616, .T. ) ;
#3678 = LINE ( 'NONE', #5926, #978 ) ;
#3680 = AXIS2_PLACEMENT_3D ( 'NONE', #6962, #3188, #2076 ) ;
#3681 = DIRECTION ( 'NONE',  ( 0.000000000000000000, -1.000000000000000000, 0.000000000000000000 ) ) ;
#3682 = CARTESIAN_POINT ( 'NONE',  ( 8.707291137050036767, 6.910815106795226370, 3.699235461469315478 ) ) ;
#3683 = FACE_OUTER_BOUND ( 'NONE', #1053, .T. ) ;
#3684 = VECTOR ( 'NONE', #296, 1000.000000000000000 ) ;
#3685 = DIRECTION ( 'NONE',  ( 0.000000000000000000, 0.000000000000000000, 1.000000000000000000 ) ) ;
#3686 = ITEM_DEFINED_TRANSFORMATION ( 'NONE', 'NONE', #597,  #4081 ) ;
#3688 = ORIENTED_EDGE ( 'NONE', *, *, #2336, .T. ) ;
#3687 = CARTESIAN_POINT ( 'NONE',  ( -11.94300120552000877, 6.999999761468229664, -3.436715390438920270 ) ) ;
#3689 = ORIENTED_EDGE ( 'NONE', *, *, #5725, .F. ) ;
#3690 = VERTEX_POINT ( 'NONE', #3512 ) ;
#3691 = CARTESIAN_POINT ( 'NONE',  ( 9.757291152696254244, 7.049269540290389990, 4.033211835975495596 ) ) ;
#3692 = ADVANCED_FACE ( 'NONE', ( #3570 ), #4070, .T. ) ;
#3693 = DATE_TIME_ROLE ( 'creation_date' ) ;
#3694 = ORIENTED_EDGE ( 'NONE', *, *, #4474, .F. ) ;
#3695 = VERTEX_POINT ( 'NONE', #6909 ) ;
#3696 = CARTESIAN_POINT ( 'NONE',  ( 10.13257515744873594, 2.774787767133603200, 4.844330134177596392 ) ) ;
#3697 = VECTOR ( 'NONE', #1697, 1000.000000000000000 ) ;
#3698 = CARTESIAN_POINT ( 'NONE',  ( 10.43167032237490766, 5.950002325822681293, -2.680929997409633447 ) ) ;
#3699 = VECTOR ( 'NONE', #760, 1000.000000000000000 ) ;
#3700 = DIRECTION ( 'NONE',  ( -0.4472135954999579832, -9.697399036122155760E-15, 0.8944271909999159664 ) ) ;
#3701 = VECTOR ( 'NONE', #5387, 1000.000000000000227 ) ;
#3702 = CARTESIAN_POINT ( 'NONE',  ( 10.78167032759031230, 4.550002315391870056, -3.380930007840445395 ) ) ;
#3703 = ORIENTED_EDGE ( 'NONE', *, *, #1342, .F. ) ;
#3704 = PLANE ( 'NONE',  #1581 ) ;
#3705 = CARTESIAN_POINT ( 'NONE',  ( 12.49652003039348180, 9.450002315391870411, -1.805828633419290563 ) ) ;
#3706 = DIRECTION ( 'NONE',  ( 0.000000000000000000, -1.000000000000000000, -0.000000000000000000 ) ) ;
#3707 = DIRECTION ( 'NONE',  ( 1.000000000000000000, 0.000000000000000000, 0.000000000000000000 ) ) ;
#3708 = EDGE_CURVE ( 'NONE', #4674, #6862, #5134, .T. ) ;
#3709 = CARTESIAN_POINT ( 'NONE',  ( 9.599095996764773986, 6.144244276690161932, 2.488237063067879173 ) ) ;
#3710 = AXIS2_PLACEMENT_3D ( 'NONE', #7106, #686, #2905 ) ;
#3711 = ORIENTED_EDGE ( 'NONE', *, *, #5231, .T. ) ;
#3712 = ADVANCED_FACE ( 'NONE', ( #1810 ), #2930, .T. ) ;
#3713 = CYLINDRICAL_SURFACE ( 'NONE', #1414, 0.1999999999999996503 ) ;
#3715 = ORIENTED_EDGE ( 'NONE', *, *, #2401, .F. ) ;
#3714 = CARTESIAN_POINT ( 'NONE',  ( 12.55729126743518975, 7.249269540290389280, 1.783211799467650405 ) ) ;
#3716 = CARTESIAN_POINT ( 'NONE',  ( 10.37662177133990049, 6.220221188575237647, 5.528408215098209233 ) ) ;
#3717 = CARTESIAN_POINT ( 'NONE',  ( 10.67229774098005102, 6.144244276690161932, 5.578186608883112463 ) ) ;
#3718 =( BOUNDED_SURFACE ( )  B_SPLINE_SURFACE ( 3, 2, ( 
 ( #6578, #5008, #3390 ),
 ( #39, #5594, #467 ),
 ( #6182, #4928, #6720 ),
 ( #3310, #5476, #1719 ),
 ( #506, #4388, #2693 ),
 ( #3885, #1607, #3851 ),
 ( #7114, #5045, #5435 ),
 ( #6098, #7151, #2265 ) ),
 .UNSPECIFIED., .F., .F., .F. ) 
 B_SPLINE_SURFACE_WITH_KNOTS ( ( 4, 2, 2, 4 ),
 ( 3, 3 ),
 ( 0.000000000000000000, 0.7853981633974482790, 1.178097245096172418, 1.570796326794896558 ),
 ( 0.000000000000000000, 1.000000000000000000 ),
 .UNSPECIFIED. ) 
 GEOMETRIC_REPRESENTATION_ITEM ( )  RATIONAL_B_SPLINE_SURFACE ( (
 ( 1.000000000000000000, 0.8506508083520399888, 1.000000000000000000),
 ( 1.000000000000000000, 0.8507963260703828023, 1.000000000000000000),
 ( 1.000000000000000000, 0.8367549814870769431, 1.000000000000000000),
 ( 1.000000000000000000, 0.7984857870198052154, 1.000000000000000000),
 ( 1.000000000000000000, 0.7828951580034010371, 1.000000000000000000),
 ( 1.000000000000000000, 0.7475565620624481378, 1.000000000000000000),
 ( 1.000000000000000000, 0.7278170130782773972, 1.000000000000000000),
 ( 1.000000000000000000, 0.7071067811865475727, 1.000000000000000000) ) ) 
 REPRESENTATION_ITEM ( '' )  SURFACE ( )  );
#3719 = DIRECTION ( 'NONE',  ( 0.000000000000000000, 0.000000000000000000, 1.000000000000000000 ) ) ;
#3720 = CIRCLE ( 'NONE', #1758, 1.050000015646217477 ) ;
#3721 = AXIS2_PLACEMENT_3D ( 'NONE', #3200, #442, #5409 ) ;
#3722 = ADVANCED_FACE ( 'NONE', ( #5822 ), #741, .T. ) ;
#3723 = DIRECTION ( 'NONE',  ( 1.000000000000000000, 0.000000000000000000, 0.000000000000000000 ) ) ;
#3724 = CONTEXT_DEPENDENT_SHAPE_REPRESENTATION ( #5775, #4841 ) ;
#3725 = CIRCLE ( 'NONE', #3504, 1.050000015646217477 ) ;
#3727 = VERTEX_POINT ( 'NONE', #4015 ) ;
#3726 = CARTESIAN_POINT ( 'NONE',  ( -11.06800111946578902, 8.544974461360155260, 0.5582594189765417436 ) ) ;
#3728 = EDGE_CURVE ( 'NONE', #674, #5268, #7079, .T. ) ;
#3729 = AXIS2_PLACEMENT_3D ( 'NONE', #6891, #1924, #5662 ) ;
#3730 = ORIENTED_EDGE ( 'NONE', *, *, #2971, .F. ) ;
#3731 = CYLINDRICAL_SURFACE ( 'NONE', #5873, 0.3999999999999993006 ) ;
#3732 = SECURITY_CLASSIFICATION_LEVEL ( 'unclassified' ) ;
#3733 = VERTEX_POINT ( 'NONE', #2425 ) ;
#3734 = CARTESIAN_POINT ( 'NONE',  ( 10.16946102878836378, 2.849269550721202915, 4.609877726506363516 ) ) ;
#3735 = CC_DESIGN_APPROVAL ( #4675, ( #585 ) ) ;
#3736 = DIRECTION ( 'NONE',  ( 0.000000000000000000, 1.000000000000000000, 0.000000000000000000 ) ) ;
#3737 = EDGE_CURVE ( 'NONE', #4147, #3331, #5810, .T. ) ;
#3738 = DIRECTION ( 'NONE',  ( 1.000000000000000000, 0.000000000000000000, 0.000000000000000000 ) ) ;
#3739 = ORIENTED_EDGE ( 'NONE', *, *, #1089, .T. ) ;
#3740 = PLANE ( 'NONE',  #4661 ) ;
#3741 = VERTEX_POINT ( 'NONE', #4762 ) ;
#3742 = CYLINDRICAL_SURFACE ( 'NONE', #7094, 0.7000000000000001776 ) ;
#3743 = CARTESIAN_POINT ( 'NONE',  ( 10.15910876266714880, 6.849269540290390701, 5.003285359567566815 ) ) ;
#3744 = DIRECTION ( 'NONE',  ( 1.000000000000000000, 0.000000000000000000, 0.000000000000000000 ) ) ;
#3745 = FACE_OUTER_BOUND ( 'NONE', #3405, .T. ) ;
#3746 = EDGE_CURVE ( 'NONE', #1440, #6356, #2053, .T. ) ;
#3747 = CIRCLE ( 'NONE', #3408, 1.050000015646217477 ) ;
#3748 = APPROVAL ( #4840, 'UNKNOWN' ) ;
#3749 =( BOUNDED_CURVE ( )  B_SPLINE_CURVE ( 3, ( #446, #995, #1028, #5447 ),
 .UNSPECIFIED., .F., .F. ) 
 B_SPLINE_CURVE_WITH_KNOTS ( ( 4, 4 ),
 ( 5.497787143782137065, 6.283185307179586232 ),
 .UNSPECIFIED. ) 
 CURVE ( )  GEOMETRIC_REPRESENTATION_ITEM ( )  RATIONAL_B_SPLINE_CURVE ( ( 1.000000000000000000, 0.9492530216741910110, 0.9492530216741910110, 1.000000000000000000 ) ) 
 REPRESENTATION_ITEM ( '' )  );
#3750 = ORIENTED_EDGE ( 'NONE', *, *, #3591, .T. ) ;
#3751 = ADVANCED_FACE ( 'NONE', ( #5275 ), #7050, .F. ) ;
#3752 = CARTESIAN_POINT ( 'NONE',  ( 14.65729122571193699, 7.349269540290390701, 4.033211835975495596 ) ) ;
#3753 = AXIS2_PLACEMENT_3D ( 'NONE', #5034, #5500, #61 ) ;
#3755 = ORIENTED_EDGE ( 'NONE', *, *, #970, .F. ) ;
#3754 = CARTESIAN_POINT ( 'NONE',  ( 8.707291137050036767, 2.287723973785555476, 3.699235461469315922 ) ) ;
#3756 = DIRECTION ( 'NONE',  ( 0.000000000000000000, 0.000000000000000000, -1.000000000000000000 ) ) ;
#3757 = CARTESIAN_POINT ( 'NONE',  ( 10.78167032759031230, 3.850002315391870322, -3.380930007840445395 ) ) ;
#3758 = CARTESIAN_POINT ( 'NONE',  ( 13.93167036409815829, 7.000002315391870233, -2.680930007840445661 ) ) ;
#3759 = LINE ( 'NONE', #3791, #3023 ) ;
#3760 = DATE_AND_TIME ( #6373, #485 ) ;
#3762 = ORIENTED_EDGE ( 'NONE', *, *, #6462, .F. ) ;
#3761 = DIRECTION ( 'NONE',  ( 0.000000000000000000, 0.000000000000000000, 1.000000000000000000 ) ) ;
#3763 =( BOUNDED_SURFACE ( )  B_SPLINE_SURFACE ( 3, 2, ( 
 ( #4968, #1054, #2363 ),
 ( #4505, #6060, #1100 ),
 ( #540, #4463, #2764 ),
 ( #4429, #3926, #6651 ),
 ( #1755, #5552, #577 ),
 ( #6137, #620, #2845 ) ),
 .UNSPECIFIED., .F., .F., .F. ) 
 B_SPLINE_SURFACE_WITH_KNOTS ( ( 4, 2, 4 ),
 ( 3, 3 ),
 ( 4.727317100688602558, 5.505251203934093951, 6.283185307179586232 ),
 ( 0.000000000000000000, 1.000000000000000000 ),
 .UNSPECIFIED. ) 
 GEOMETRIC_REPRESENTATION_ITEM ( )  RATIONAL_B_SPLINE_SURFACE ( (
 ( 1.000000000000000000, 0.7050842034326989527, 1.000000000000000000),
 ( 1.000000000000000000, 0.6700196596924613557, 1.000000000000000000),
 ( 1.000000000000000000, 0.6319415209347685192, 1.000000000000000000),
 ( 1.000000000000000000, 0.5742008805492684331, 1.000000000000000000),
 ( 1.000000000000000000, 0.5551500478448598841, 1.000000000000000000),
 ( 1.000000000000000000, 0.5555702330195974037, 1.000000000000000000) ) ) 
 REPRESENTATION_ITEM ( '' )  SURFACE ( )  );
#3764 = ADVANCED_FACE ( 'NONE', ( #2569 ), #6976, .F. ) ;
#3765 = EDGE_LOOP ( 'NONE', ( #6576, #5040, #1435, #6630 ) ) ;
#3766 = EDGE_CURVE ( 'NONE', #1577, #3380, #4217, .T. ) ;
#3767 = DIRECTION ( 'NONE',  ( 0.000000000000000000, 0.000000000000000000, -1.000000000000000000 ) ) ;
#3768 = PERSON_AND_ORGANIZATION ( #6958, #2931 ) ;
#3769 = EDGE_LOOP ( 'NONE', ( #6128, #2270, #6872, #4263 ) ) ;
#3770 = VERTEX_POINT ( 'NONE', #6440 ) ;
#3771 = DIRECTION ( 'NONE',  ( 0.000000000000000000, 1.000000000000000000, 0.000000000000000000 ) ) ;
#3772 = CARTESIAN_POINT ( 'NONE',  ( 12.49652003039348180, 3.850002315391870322, -2.680727295505981100 ) ) ;
#3773 = ORIENTED_EDGE ( 'NONE', *, *, #3473, .F. ) ;
#3774 = LINE ( 'NONE', #1214, #6245 ) ;
#3775 = LINE ( 'NONE', #5298, #6519 ) ;
#3776 = ORIENTED_EDGE ( 'NONE', *, *, #7093, .F. ) ;
#3777 = CARTESIAN_POINT ( 'NONE',  ( 9.731670311944093044, 8.750002304961064681, -1.280929976548006222 ) ) ;
#3778 = LINE ( 'NONE', #5374, #469 ) ;
#3779 = FACE_OUTER_BOUND ( 'NONE', #1786, .T. ) ;
#3780 = AXIS2_PLACEMENT_3D ( 'NONE', #502, #1751, #5004 ) ;
#3781 = VERTEX_POINT ( 'NONE', #6514 ) ;
#3782 = LINE ( 'NONE', #1578, #5456 ) ;
#3783 = EDGE_CURVE ( 'NONE', #6660, #759, #2680, .T. ) ;
#3785 = ORIENTED_EDGE ( 'NONE', *, *, #2929, .T. ) ;
#3784 = DIRECTION ( 'NONE',  ( 0.000000000000000000, 1.000000000000000000, 0.000000000000000000 ) ) ;
#3786 = CARTESIAN_POINT ( 'NONE',  ( 12.20729118920410095, 5.649269529859577865, 5.083211862052529284 ) ) ;
#3787 = CARTESIAN_POINT ( 'NONE',  ( 10.78167032759031230, 9.450002315391870411, -3.380930007840445395 ) ) ;
#3788 = DIRECTION ( 'NONE',  ( 0.000000000000000000, -1.000000000000000000, 0.000000000000000000 ) ) ;
#3789 = VECTOR ( 'NONE', #1834, 1000.000000000000000 ) ;
#3790 = ORIENTED_EDGE ( 'NONE', *, *, #3796, .T. ) ;
#3791 = CARTESIAN_POINT ( 'NONE',  ( 11.47214085549942553, 7.049269540290389990, 3.158313173888804837 ) ) ;
#3792 = VECTOR ( 'NONE', #6645, 1000.000000000000000 ) ;
#3793 = CALENDAR_DATE ( 2024, 29, 4 ) ;
#3795 = VERTEX_POINT ( 'NONE', #1474 ) ;
#3794 = CARTESIAN_POINT ( 'NONE',  ( 10.90575012321624193, 7.049269540290389990, 6.283211872483342120 ) ) ;
#3796 = EDGE_CURVE ( 'NONE', #1385, #4494, #4798, .T. ) ;
#3797 = AXIS2_PLACEMENT_3D ( 'NONE', #7038, #2078, #3738 ) ;
#3798 = ORIENTED_EDGE ( 'NONE', *, *, #954, .T. ) ;
#3799 = FACE_OUTER_BOUND ( 'NONE', #71, .T. ) ;
#3800 = ADVANCED_FACE ( 'NONE', ( #5892 ), #917, .T. ) ;
#3801 = CALENDAR_DATE ( 2024, 29, 4 ) ;
#3802 = EDGE_LOOP ( 'NONE', ( #10, #5532, #1821, #4594, #5584, #3909 ) ) ;
#3803 = ORIENTED_EDGE ( 'NONE', *, *, #622, .F. ) ;
#3804 = DIRECTION ( 'NONE',  ( 0.000000000000000000, -1.000000000000000000, 0.000000000000000000 ) ) ;
#3805 = ADVANCED_FACE ( 'NONE', ( #2604 ), #3713, .T. ) ;
#3806 = DIRECTION ( 'NONE',  ( -0.8944271909999159664, 0.000000000000000000, -0.4472135954999579832 ) ) ;
#3807 = ORIENTED_EDGE ( 'NONE', *, *, #7132, .F. ) ;
#3808 = CARTESIAN_POINT ( 'NONE',  ( -9.632824325894073780, 9.449999724960381542, 1.463284682576770468 ) ) ;
#3809 = DIRECTION ( 'NONE',  ( 1.000000000000000000, 0.000000000000000000, 0.000000000000000000 ) ) ;
#3810 = ORIENTED_EDGE ( 'NONE', *, *, #4776, .T. ) ;
#3811 = AXIS2_PLACEMENT_3D ( 'NONE', #3794, #7060, #4335 ) ;
#3812 = CARTESIAN_POINT ( 'NONE',  ( 8.728405698850053795, 6.749269529859585504, 3.640982707160051124 ) ) ;
#3813 = EDGE_CURVE ( 'NONE', #1131, #144, #6845, .T. ) ;
#3814 = CARTESIAN_POINT ( 'NONE',  ( 9.102012507030844191, 6.549269529859578221, 2.893769090798471666 ) ) ;
#3815 = CYLINDRICAL_SURFACE ( 'NONE', #3456, 0.2000000000000000944 ) ;
#3816 = FACE_OUTER_BOUND ( 'NONE', #4017, .T. ) ;
#3817 = AXIS2_PLACEMENT_3D ( 'NONE', #301, #5276, #269 ) ;
#3818 = ORIENTED_EDGE ( 'NONE', *, *, #6061, .F. ) ;
#3819 = FACE_OUTER_BOUND ( 'NONE', #3033, .T. ) ;
#3821 = ORIENTED_EDGE ( 'NONE', *, *, #1371, .T. ) ;
#3820 = FACE_OUTER_BOUND ( 'NONE', #4918, .T. ) ;
#3822 = DIRECTION ( 'NONE',  ( -1.000000000000000000, 0.000000000000000000, 0.000000000000000000 ) ) ;
#3823 = CARTESIAN_POINT ( 'NONE',  ( 13.90214596339933983, 2.852099755386695801, 5.278011534570855368 ) ) ;
#3824 = CARTESIAN_POINT ( 'NONE',  ( 13.60729121006570885, 6.699269608090674843, 3.683211830760089178 ) ) ;
#3825 = APPROVAL ( #5394, 'UNSPECIFIED' ) ;
#3826 = EDGE_CURVE ( 'NONE', #346, #1976, #4285, .T. ) ;
#3827 = VERTEX_POINT ( 'NONE', #408 ) ;
#3829 = ORIENTED_EDGE ( 'NONE', *, *, #2088, .T. ) ;
#3828 = CARTESIAN_POINT ( 'NONE',  ( 10.22391793754568567, 2.849269550721202471, 5.159748548525545431 ) ) ;
#3830 = COORDINATED_UNIVERSAL_TIME_OFFSET ( 1, 0, .AHEAD. ) ;
#3832 = ORIENTED_EDGE ( 'NONE', *, *, #7045, .F. ) ;
#3831 = CARTESIAN_POINT ( 'NONE',  ( 12.55729126743518975, 2.149269540290390523, 6.483211872483341409 ) ) ;
#3833 = VECTOR ( 'NONE', #2358, 1000.000000000000000 ) ;
#3834 = CC_DESIGN_PERSON_AND_ORGANIZATION_ASSIGNMENT ( #2865, #238, ( #5710 ) ) ;
#3835 = ORIENTED_EDGE ( 'NONE', *, *, #4768, .T. ) ;
#3836 = CARTESIAN_POINT ( 'NONE',  ( -9.070513714758060786, 8.544974461360155260, -2.531690126838690880 ) ) ;
#3837 = AXIS2_PLACEMENT_3D ( 'NONE', #1174, #5631, #4465 ) ;
#3838 = COORDINATED_UNIVERSAL_TIME_OFFSET ( 1, 0, .AHEAD. ) ;
#3839 = EDGE_CURVE ( 'NONE', #4267, #3162, #2633, .T. ) ;
#3840 = VECTOR ( 'NONE', #2804, 1000.000000000000000 ) ;
#3842 = VERTEX_POINT ( 'NONE', #1547 ) ;
#3841 = CARTESIAN_POINT ( 'NONE',  ( 13.74228463742814021, 6.144244276690161932, 5.578186608883112463 ) ) ;
#3843 = DIRECTION ( 'NONE',  ( 0.000000000000000000, 0.000000000000000000, -1.000000000000000000 ) ) ;
#3844 = CYLINDRICAL_SURFACE ( 'NONE', #2756, 1.050000015646217477 ) ;
#3845 = VECTOR ( 'NONE', #5078, 1000.000000000000000 ) ;
#3846 = ORIENTED_EDGE ( 'NONE', *, *, #973, .T. ) ;
#3847 = DIRECTION ( 'NONE',  ( 0.000000000000000000, 0.000000000000000000, -1.000000000000000000 ) ) ;
#3848 = CARTESIAN_POINT ( 'NONE',  ( 13.69360816169421824, 2.499269545505796053, 6.359748558956363595 ) ) ;
#3849 = PRODUCT_DEFINITION_FORMATION_WITH_SPECIFIED_SOURCE ( 'ANY', '', #3111, .NOT_KNOWN. ) ;
#3850 = ORIENTED_EDGE ( 'NONE', *, *, #6851, .T. ) ;
#3851 = CARTESIAN_POINT ( 'NONE',  ( 14.03035641813668200, 2.672694149364842620, 2.837081414618142006 ) ) ;
#3852 = CARTESIAN_POINT ( 'NONE',  ( 9.102012507030845967, 6.349269529859578043, 2.893769090798471666 ) ) ;
#3853 = LINE ( 'NONE', #6685, #6338 ) ;
#3854 = EDGE_CURVE ( 'NONE', #2885, #52, #5108, .T. ) ;
#3855 = CARTESIAN_POINT ( 'NONE',  ( -9.070513714758060786, 5.455024988560611909, -2.531690126838690880 ) ) ;
#3856 = ORIENTED_EDGE ( 'NONE', *, *, #6780, .F. ) ;
#3857 = EDGE_CURVE ( 'NONE', #1849, #3113, #5575, .T. ) ;
#3858 = CARTESIAN_POINT ( 'NONE',  ( 13.64246798277580908, 7.049269540290389990, 6.483211872483341409 ) ) ;
#3860 = ORIENTED_EDGE ( 'NONE', *, *, #4824, .T. ) ;
#3859 = CARTESIAN_POINT ( 'NONE',  ( 14.65729122571193699, 1.449269540290390568, 4.033211835975495596 ) ) ;
#3861 = CARTESIAN_POINT ( 'NONE',  ( 11.79649357052644199, 9.450002315391870411, 1.519070065175245343 ) ) ;
#3862 = AXIS2_PLACEMENT_3D ( 'NONE', #3323, #4477, #2855 ) ;
#3863 = CARTESIAN_POINT ( 'NONE',  ( -10.06800111946578902, 9.049999714529576522, 0.06328467214595895340 ) ) ;
#3864 = DIRECTION ( 'NONE',  ( 0.000000000000000000, 1.000000000000000000, 0.000000000000000000 ) ) ;
#3865 = VECTOR ( 'NONE', #6743, 1000.000000000000000 ) ;
#3866 = ORIENTED_EDGE ( 'NONE', *, *, #4421, .T. ) ;
#3868 = ORIENTED_EDGE ( 'NONE', *, *, #6607, .F. ) ;
#3867 = CARTESIAN_POINT ( 'NONE',  ( 10.48216489769467152, 3.400893526873147277, 5.783211862159205019 ) ) ;
#3870 = ORIENTED_EDGE ( 'NONE', *, *, #6784, .T. ) ;
#3869 = LINE ( 'NONE', #6119, #2776 ) ;
#3871 = VECTOR ( 'NONE', #5311, 1000.000000000000000 ) ;
#3872 = ORIENTED_EDGE ( 'NONE', *, *, #2132, .F. ) ;
#3873 = LINE ( 'NONE', #2828, #2067 ) ;
#3874 = DIRECTION ( 'NONE',  ( 1.000000000000000000, 0.000000000000000000, 0.000000000000000000 ) ) ;
#3875 = COORDINATED_UNIVERSAL_TIME_OFFSET ( 1, 0, .AHEAD. ) ;
#3877 = VERTEX_POINT ( 'NONE', #6551 ) ;
#3876 = CARTESIAN_POINT ( 'NONE',  ( 13.40729121006570779, 6.349269529859585148, 4.033211835975495596 ) ) ;
#3878 = EDGE_CURVE ( 'NONE', #4607, #4486, #3782, .T. ) ;
#3879 = DIRECTION ( 'NONE',  ( 0.000000000000000000, 0.000000000000000000, -1.000000000000000000 ) ) ;
#3880 = LINE ( 'NONE', #1091, #427 ) ;
#3881 = ORIENTED_EDGE ( 'NONE', *, *, #153, .F. ) ;
#3882 = DIRECTION ( 'NONE',  ( 0.000000000000000000, 0.000000000000000000, 1.000000000000000000 ) ) ;
#3883 = EDGE_LOOP ( 'NONE', ( #326, #7088, #6280, #3798 ) ) ;
#3884 = VERTEX_POINT ( 'NONE', #3073 ) ;
#3885 = CARTESIAN_POINT ( 'NONE',  ( 13.85147097993667664, 2.867488682999589589, 2.799988276491548689 ) ) ;
#3886 = CARTESIAN_POINT ( 'NONE',  ( 9.278982951948263391, 6.208686706166653302, 2.539828200963601734 ) ) ;
#3887 = CARTESIAN_POINT ( 'NONE',  ( 13.60729121006570885, 7.049269540290389990, 3.683211830760089178 ) ) ;
#3888 = LINE ( 'NONE', #1682, #1556 ) ;
#3889 = EDGE_CURVE ( 'NONE', #5703, #3770, #2289, .T. ) ;
#3890 = VECTOR ( 'NONE', #584, 1000.000000000000000 ) ;
#3891 = ORIENTED_EDGE ( 'NONE', *, *, #990, .T. ) ;
#3892 = ADVANCED_FACE ( 'NONE', ( #2534 ), #4975, .F. ) ;
#3893 = CARTESIAN_POINT ( 'NONE',  ( 14.65729122571193699, 1.449269540290390568, 4.033211835975495596 ) ) ;
#3895 = VERTEX_POINT ( 'NONE', #3277 ) ;
#3894 = CARTESIAN_POINT ( 'NONE',  ( 12.55729126743518975, 1.949269540290390568, 6.483211872483341409 ) ) ;
#3896 = AXIS2_PLACEMENT_3D ( 'NONE', #6170, #1206, #4567 ) ;
#3897 = B_SPLINE_CURVE_WITH_KNOTS ( 'NONE', 3,
 ( #3084, #4266, #4813, #1454, #5363, #3183 ),
 .UNSPECIFIED., .F., .F.,
 ( 4, 2, 4 ),
 ( 0.000000000000000000, 0.0003932624766489022225, 0.0007865249532978044449 ),
 .UNSPECIFIED. ) ;
#3898 = DIRECTION ( 'NONE',  ( 0.7071067811865470176, 0.000000000000000000, 0.7071067811865480168 ) ) ;
#3899 = DIRECTION ( 'NONE',  ( 1.000000000000000000, 0.000000000000000000, 0.000000000000000000 ) ) ;
#3900 = DIRECTION ( 'NONE',  ( 1.000000000000000000, 0.000000000000000000, 0.000000000000000000 ) ) ;
#3901 = EDGE_CURVE ( 'NONE', #908, #1622, #345, .T. ) ;
#3902 = EDGE_LOOP ( 'NONE', ( #5699, #795, #5551, #206, #2092, #6230, #5101 ) ) ;
#3903 = AXIS2_PLACEMENT_3D ( 'NONE', #1050, #4499, #4889 ) ;
#3904 = PERSON_AND_ORGANIZATION ( #4181, #31 ) ;
#3906 = ORIENTED_EDGE ( 'NONE', *, *, #3424, .F. ) ;
#3905 = CARTESIAN_POINT ( 'NONE',  ( 13.93167036409815829, 10.15000231539186970, -3.380930007840445395 ) ) ;
#3907 = AXIS2_PLACEMENT_3D ( 'NONE', #112, #2343, #6025 ) ;
#3908 = AXIS2_PLACEMENT_3D ( 'NONE', #604, #526, #4375 ) ;
#3909 = ORIENTED_EDGE ( 'NONE', *, *, #4339, .T. ) ;
#3910 = CARTESIAN_POINT ( 'NONE',  ( 10.78167032759031230, 3.850002315391870322, -0.9309299713326002479 ) ) ;
#3911 = CARTESIAN_POINT ( 'NONE',  ( 14.36256986094652710, 5.649269529859577865, 2.172654528998454015 ) ) ;
#3912 = PERSON_AND_ORGANIZATION ( #6958, #2931 ) ;
#3914 = EDGE_LOOP ( 'NONE', ( #1677, #461, #691, #6332 ) ) ;
#3913 = LINE ( 'NONE', #1705, #297 ) ;
#3915 = CARTESIAN_POINT ( 'NONE',  ( -10.36800111946578973, 3.849999724960383674, 1.463284682576770468 ) ) ;
#3916 = CIRCLE ( 'NONE', #6816, 0.2999999999999999334 ) ;
#3917 = CARTESIAN_POINT ( 'NONE',  ( 9.936176590896238281, 6.549269529859585326, 1.672654518567642024 ) ) ;
#3918 = ORIENTED_EDGE ( 'NONE', *, *, #5465, .T. ) ;
#3919 = CC_DESIGN_PERSON_AND_ORGANIZATION_ASSIGNMENT ( #4414, #5462, ( #493 ) ) ;
#3920 = EDGE_CURVE ( 'NONE', #5155, #1562, #1737, .T. ) ;
#3921 = LINE ( 'NONE', #4965, #7027 ) ;
#3922 = VECTOR ( 'NONE', #4588, 1000.000000000000000 ) ;
#3923 = LINE ( 'NONE', #1215, #4766 ) ;
#3924 = EDGE_LOOP ( 'NONE', ( #5285, #5907, #3562, #402 ) ) ;
#3925 = ORIENTED_EDGE ( 'NONE', *, *, #1286, .F. ) ;
#3926 = CARTESIAN_POINT ( 'NONE',  ( 13.94864037819543334, 3.251278209757549664, 5.744046323037411028 ) ) ;
#3927 = DIRECTION ( 'NONE',  ( -1.000000000000000000, 0.000000000000000000, 0.000000000000000000 ) ) ;
#3928 = CARTESIAN_POINT ( 'NONE',  ( 10.82229793957100838, 2.196429401863853492, 6.483211872483341409 ) ) ;
#3929 = CARTESIAN_POINT ( 'NONE',  ( 10.17874369741362806, 6.349269529859585148, 4.528063099378281997 ) ) ;
#3930 = DIRECTION ( 'NONE',  ( -1.000000000000000000, 0.000000000000000000, 0.000000000000000000 ) ) ;
#3931 = CARTESIAN_POINT ( 'NONE',  ( 10.22391793754568745, 2.649269550721202293, 5.159748548525547207 ) ) ;
#3932 = EDGE_CURVE ( 'NONE', #3162, #4789, #4356, .T. ) ;
#3934 = ORIENTED_EDGE ( 'NONE', *, *, #1316, .F. ) ;
#3933 = LINE ( 'NONE', #5017, #5204 ) ;
#3935 = CARTESIAN_POINT ( 'NONE',  ( -10.06800111946578902, 5.249999735391195799, 0.06328467214595895340 ) ) ;
#3936 = FACE_OUTER_BOUND ( 'NONE', #3765, .T. ) ;
#3937 = CARTESIAN_POINT ( 'NONE',  ( 8.707291137050036767, 6.749269529859585504, 3.730425426260042698 ) ) ;
#3938 = ADVANCED_FACE ( 'NONE', ( #7 ), #5600, .T. ) ;
#3939 = CIRCLE ( 'NONE', #5321, 0.6999999999999999556 ) ;
#3941 = ORIENTED_EDGE ( 'NONE', *, *, #664, .T. ) ;
#3940 = CARTESIAN_POINT ( 'NONE',  ( 10.41851050871749251, 2.746265369045353122, 5.629536572985573528 ) ) ;
#3943 = ORIENTED_EDGE ( 'NONE', *, *, #2312, .F. ) ;
#3942 = CARTESIAN_POINT ( 'NONE',  ( 9.880897950446232869, 2.349269540290390701, 1.783211799467650405 ) ) ;
#3944 = EDGE_CURVE ( 'NONE', #1271, #6005, #236, .T. ) ;
#3945 = ORIENTED_EDGE ( 'NONE', *, *, #4525, .T. ) ;
#3946 = DIRECTION ( 'NONE',  ( 0.000000000000000000, 0.000000000000000000, -1.000000000000000000 ) ) ;
#3947 = LINE ( 'NONE', #1161, #5726 ) ;
#3948 = EDGE_CURVE ( 'NONE', #1117, #2554, #2811, .T. ) ;
#3949 = APPROVAL_STATUS ( 'not_yet_approved' ) ;
#3950 = AXIS2_PLACEMENT_3D ( 'NONE', #1689, #3973, #1768 ) ;
#3952 = ORIENTED_EDGE ( 'NONE', *, *, #5866, .F. ) ;
#3951 = FACE_OUTER_BOUND ( 'NONE', #5312, .T. ) ;
#3953 = CARTESIAN_POINT ( 'NONE',  ( 12.20729118920410095, 2.849269550721202915, 5.083211862052529284 ) ) ;
#3954 = CARTESIAN_POINT ( 'NONE',  ( 11.88970279241824457, 1.449269540290390568, 5.924063709304787650 ) ) ;
#3955 =( BOUNDED_CURVE ( )  B_SPLINE_CURVE ( 3, ( #4294, #6524, #997, #3244 ),
 .UNSPECIFIED., .F., .F. ) 
 B_SPLINE_CURVE_WITH_KNOTS ( ( 4, 4 ),
 ( 4.712388980384689674, 6.283185307179586232 ),
 .UNSPECIFIED. ) 
 CURVE ( )  GEOMETRIC_REPRESENTATION_ITEM ( )  RATIONAL_B_SPLINE_CURVE ( ( 1.000000000000000000, 0.8047378541243649375, 0.8047378541243649375, 1.000000000000000000 ) ) 
 REPRESENTATION_ITEM ( '' )  );
#3956 = VECTOR ( 'NONE', #6398, 1000.000000000000000 ) ;
#3957 = VERTEX_POINT ( 'NONE', #627 ) ;
#3958 = CARTESIAN_POINT ( 'NONE',  ( 14.65729122571193699, 1.849269540290390257, 1.583211799467650227 ) ) ;
#3959 = CIRCLE ( 'NONE', #8, 0.2000000000000001499 ) ;
#3960 = CARTESIAN_POINT ( 'NONE',  ( 9.513576737759672497, 2.921264845438240609, 2.621267021520258034 ) ) ;
#3961 = VERTEX_POINT ( 'NONE', #1107 ) ;
#3962 = ORIENTED_EDGE ( 'NONE', *, *, #4224, .F. ) ;
#3963 = CARTESIAN_POINT ( 'NONE',  ( 14.36256986094652710, 3.549269550721202648, 2.172654528998453571 ) ) ;
#3964 = VECTOR ( 'NONE', #5131, 1000.000000000000000 ) ;
#3965 = CARTESIAN_POINT ( 'NONE',  ( 9.151937653237700587, 6.337200764699090882, 2.793918798383610902 ) ) ;
#3966 = DIRECTION ( 'NONE',  ( 0.000000000000000000, 0.000000000000000000, -1.000000000000000000 ) ) ;
#3967 = DIRECTION ( 'NONE',  ( 0.000000000000000000, 0.000000000000000000, -1.000000000000000000 ) ) ;
#3968 = EDGE_LOOP ( 'NONE', ( #6407, #490, #841, #4898, #5503 ) ) ;
#3969 = APPROVAL_PERSON_ORGANIZATION ( #4566, #4268, #1819 ) ;
#3970 = AXIS2_PLACEMENT_3D ( 'NONE', #4791, #5404, #2119 ) ;
#3972 = VERTEX_POINT ( 'NONE', #5484 ) ;
#3971 = DIRECTION ( 'NONE',  ( 0.3826834323650898928, -0.000000000000000000, 0.9238795325112867385 ) ) ;
#3973 = DIRECTION ( 'NONE',  ( 1.000000000000000000, 0.000000000000000000, 0.000000000000000000 ) ) ;
#3974 = DIRECTION ( 'NONE',  ( -0.000000000000000000, 1.000000000000000000, 0.000000000000000000 ) ) ;
#3975 = APPROVAL ( #4090, 'UNSPECIFIED' ) ;
#3976 = SECURITY_CLASSIFICATION ( '', '', #4405 ) ;
#3977 = CARTESIAN_POINT ( 'NONE',  ( -8.618001082957942316, 4.549999724960382963, -0.9867153539310745680 ) ) ;
#3978 = EDGE_CURVE ( 'NONE', #4863, #380, #6620, .T. ) ;
#3979 = CARTESIAN_POINT ( 'NONE',  ( -8.618001082957942316, 9.449999724960381542, -0.9867153539310745680 ) ) ;
#3980 = CONICAL_SURFACE ( 'NONE', #5366, 1.050000015646217477, 0.7853981633974476129 ) ;
#3982 = VERTEX_POINT ( 'NONE', #547 ) ;
#3981 = CARTESIAN_POINT ( 'NONE',  ( 9.107291137050037122, 6.349269529859585148, 4.033211835975495596 ) ) ;
#3983 = EDGE_LOOP ( 'NONE', ( #5659, #4637 ) ) ;
#3984 = EDGE_CURVE ( 'NONE', #1294, #2186, #5159, .T. ) ;
#3985 = ORIENTED_EDGE ( 'NONE', *, *, #386, .T. ) ;
#3986 = DIRECTION ( 'NONE',  ( 1.000000000000000000, 0.000000000000000000, 0.000000000000000000 ) ) ;
#3987 = LINE ( 'NONE', #3296, #2834 ) ;
#3988 = PERSON_AND_ORGANIZATION ( #6958, #2931 ) ;
#3989 = ADVANCED_FACE ( 'NONE', ( #513 ), #757, .F. ) ;
#3991 = ORIENTED_EDGE ( 'NONE', *, *, #5158, .T. ) ;
#3990 = CARTESIAN_POINT ( 'NONE',  ( 12.55729126743518975, 6.699269608090674843, 6.483211872483341409 ) ) ;
#3992 = CIRCLE ( 'NONE', #5955, 0.3500000156462182987 ) ;
#3993 = CARTESIAN_POINT ( 'NONE',  ( 8.707291137050036767, 7.044487120371687894, 4.033211835975495596 ) ) ;
#3994 = FACE_OUTER_BOUND ( 'NONE', #4983, .T. ) ;
#3995 = ADVANCED_FACE ( 'NONE', ( #3819 ), #44, .F. ) ;
#3996 = EDGE_LOOP ( 'NONE', ( #2986, #1194, #6349, #4884 ) ) ;
#3997 = VECTOR ( 'NONE', #5826, 1000.000000000000000 ) ;
#3998 = CARTESIAN_POINT ( 'NONE',  ( 14.65729122571193699, 6.349269529859585148, 4.033211835975495596 ) ) ;
#3999 = CIRCLE ( 'NONE', #280, 0.2000000000000000944 ) ;
#4000 = EDGE_LOOP ( 'NONE', ( #2584, #247, #6537, #4135 ) ) ;
#4001 = ORIENTED_EDGE ( 'NONE', *, *, #4449, .F. ) ;
#4002 = CARTESIAN_POINT ( 'NONE',  ( 10.15910876266714880, 6.749269529859585504, 5.003285359567566815 ) ) ;
#4003 = CARTESIAN_POINT ( 'NONE',  ( -10.06800111946578902, 5.949999735391195976, -2.036715380008108145 ) ) ;
#4004 = DIRECTION ( 'NONE',  ( 0.000000000000000000, -1.000000000000000000, 0.000000000000000000 ) ) ;
#4005 = CARTESIAN_POINT ( 'NONE',  ( 10.15540126079446814, 6.361119488406065337, 4.692618400692825986 ) ) ;
#4006 = CARTESIAN_POINT ( 'NONE',  ( 14.09854523470812282, 6.350927987979579470, 4.922226387642389511 ) ) ;
#4007 = CARTESIAN_POINT ( 'NONE',  ( 13.93167036409815829, 5.235859493192637437, -2.680930007840445661 ) ) ;
#4009 = EDGE_LOOP ( 'NONE', ( #6764, #78, #4458, #4201 ) ) ;
#4008 = CARTESIAN_POINT ( 'NONE',  ( 11.13167034323653048, 3.850002315391870322, -0.9309299713326002479 ) ) ;
#4010 = LINE ( 'NONE', #3861, #4408 ) ;
#4011 = CYLINDRICAL_SURFACE ( 'NONE', #676, 0.7000000000000000666 ) ;
#4012 = DIRECTION ( 'NONE',  ( -0.8944271909999159664, 0.000000000000000000, -0.4472135954999579832 ) ) ;
#4013 = EDGE_CURVE ( 'NONE', #6876, #7013, #5558, .T. ) ;
#4014 = ORIENTED_EDGE ( 'NONE', *, *, #1626, .T. ) ;
#4015 = CARTESIAN_POINT ( 'NONE',  ( 14.65729122571193699, 2.149269540290390523, 1.783211799467650405 ) ) ;
#4017 = EDGE_LOOP ( 'NONE', ( #5190, #173, #4345, #1528 ) ) ;
#4016 = CARTESIAN_POINT ( 'NONE',  ( 10.78167032759031230, 4.550002315391870056, -0.9309299713326002479 ) ) ;
#4018 = FACE_OUTER_BOUND ( 'NONE', #2281, .T. ) ;
#4019 = DIRECTION ( 'NONE',  ( 1.000000000000000000, 0.000000000000000000, 0.000000000000000000 ) ) ;
#4020 = COORDINATED_UNIVERSAL_TIME_OFFSET ( 1, 0, .AHEAD. ) ;
#4022 = ORIENTED_EDGE ( 'NONE', *, *, #1815, .F. ) ;
#4021 = FACE_OUTER_BOUND ( 'NONE', #2781, .T. ) ;
#4023 = EDGE_CURVE ( 'NONE', #6394, #2168, #1182, .T. ) ;
#4024 = PERSON ( 'NAUO-PER4', 'UNSPECIFIED', 'UNSPECIFIED', ('UNSPECIFIED'), ('UNSPECIFIED'), ('UNSPECIFIED') ) ;
#4025 =( BOUNDED_CURVE ( )  B_SPLINE_CURVE ( 3, ( #987, #4757, #5989, #2600 ),
 .UNSPECIFIED., .F., .F. ) 
 B_SPLINE_CURVE_WITH_KNOTS ( ( 4, 4 ),
 ( 1.570796326794897668, 2.356194490192344393 ),
 .UNSPECIFIED. ) 
 CURVE ( )  GEOMETRIC_REPRESENTATION_ITEM ( )  RATIONAL_B_SPLINE_CURVE ( ( 1.000000000000000000, 0.9492530216741912330, 0.9492530216741912330, 1.000000000000000000 ) ) 
 REPRESENTATION_ITEM ( '' )  );
#4026 = ADVANCED_FACE ( 'NONE', ( #6145 ), #79, .T. ) ;
#4027 = VERTEX_POINT ( 'NONE', #5052 ) ;
#4028 = CARTESIAN_POINT ( 'NONE',  ( 13.69360816169422179, 6.699269608090674843, 6.359748558956365372 ) ) ;
#4029 = CIRCLE ( 'NONE', #3677, 0.2000000000000000944 ) ;
#4030 =( NAMED_UNIT ( * ) SI_UNIT ( $, .STERADIAN. ) SOLID_ANGLE_UNIT ( ) );
#4031 = ORIENTED_EDGE ( 'NONE', *, *, #1232, .T. ) ;
#4032 = ORIENTED_EDGE ( 'NONE', *, *, #6470, .F. ) ;
#4033 = ADVANCED_FACE ( 'NONE', ( #5153 ), #665, .F. ) ;
#4034 = FACE_OUTER_BOUND ( 'NONE', #6975, .T. ) ;
#4035 = FACE_OUTER_BOUND ( 'NONE', #3883, .T. ) ;
#4036 = DIRECTION ( 'NONE',  ( 0.000000000000000000, 1.000000000000000000, 0.000000000000000000 ) ) ;
#4037 = CARTESIAN_POINT ( 'NONE',  ( 9.757291152696254244, 2.149269540290390523, 4.033211835975495596 ) ) ;
#4038 = AXIS2_PLACEMENT_3D ( 'NONE', #5812, #2347, #1291 ) ;
#4039 = AXIS2_PLACEMENT_3D ( 'NONE', #5929, #481, #1553 ) ;
#4040 = CARTESIAN_POINT ( 'NONE',  ( 14.10412028909354554, 6.351699322275857540, 4.925682759016989820 ) ) ;
#4041 =( BOUNDED_SURFACE ( )  B_SPLINE_SURFACE ( 3, 2, ( 
 ( #4829, #6581, #6438 ),
 ( #406, #2631, #7046 ),
 ( #4796, #3197, #3272 ),
 ( #4280, #1021, #1471 ),
 ( #5341, #3231, #6510 ),
 ( #3672, #7082, #473 ) ),
 .UNSPECIFIED., .F., .F., .F. ) 
 B_SPLINE_SURFACE_WITH_KNOTS ( ( 4, 2, 4 ),
 ( 3, 3 ),
 ( 3.141592653589793116, 3.919526756835284953, 4.697460860080776790 ),
 ( 0.000000000000000000, 1.000000000000000000 ),
 .UNSPECIFIED. ) 
 GEOMETRIC_REPRESENTATION_ITEM ( )  RATIONAL_B_SPLINE_SURFACE ( (
 ( 1.000000000000000000, 0.5555702330195974037, 1.000000000000000000),
 ( 1.000000000000000000, 0.5551500478447274345, 1.000000000000000000),
 ( 1.000000000000000000, 0.5742008805494432933, 1.000000000000000000),
 ( 1.000000000000000000, 0.6319415209345954354, 1.000000000000000000),
 ( 1.000000000000000000, 0.6700196596925900305, 1.000000000000000000),
 ( 1.000000000000000000, 0.7050842034327005070, 1.000000000000000000) ) ) 
 REPRESENTATION_ITEM ( '' )  SURFACE ( )  );
#4042 = DIRECTION ( 'NONE',  ( 0.000000000000000000, 0.7071067811865483499, 0.7071067811865467956 ) ) ;
#4044 = ORIENTED_EDGE ( 'NONE', *, *, #5141, .T. ) ;
#4043 = CARTESIAN_POINT ( 'NONE',  ( 9.280897945230828228, 6.349269529859585148, 2.983211809898461908 ) ) ;
#4045 = DIRECTION ( 'NONE',  ( -2.774754023183460056E-16, 0.000000000000000000, -1.000000000000000000 ) ) ;
#4046 = DIRECTION ( 'NONE',  ( -0.3826470364055268303, 0.01379149759732409795, 0.9237916648920850848 ) ) ;
#4047 = DIRECTION ( 'NONE',  ( 0.4472135954999579277, 0.000000000000000000, -0.8944271909999158554 ) ) ;
#4048 = DIRECTION ( 'NONE',  ( 0.000000000000000000, 0.000000000000000000, -1.000000000000000000 ) ) ;
#4050 = EDGE_LOOP ( 'NONE', ( #6751, #3462, #2340, #5043 ) ) ;
#4049 = PLANE ( 'NONE',  #4324 ) ;
#4051 = EDGE_CURVE ( 'NONE', #2794, #6835, #4589, .T. ) ;
#4052 = AXIS2_PLACEMENT_3D ( 'NONE', #968, #2579, #4297 ) ;
#4053 = DIRECTION ( 'NONE',  ( 0.000000000000000000, 1.000000000000000000, 0.000000000000000000 ) ) ;
#4054 = DIRECTION ( 'NONE',  ( -1.000000000000000000, 0.000000000000000000, 0.000000000000000000 ) ) ;
#4055 = CALENDAR_DATE ( 2024, 29, 4 ) ;
#4056 = ORIENTED_EDGE ( 'NONE', *, *, #2045, .F. ) ;
#4057 = CIRCLE ( 'NONE', #5561, 0.6999999999999999556 ) ;
#4058 = APPROVAL ( #3949, 'UNSPECIFIED' ) ;
#4059 = ORIENTED_EDGE ( 'NONE', *, *, #1358, .T. ) ;
#4060 = EDGE_CURVE ( 'NONE', #258, #6007, #731, .T. ) ;
#4061 = CARTESIAN_POINT ( 'NONE',  ( 9.201235478273847690, 2.149269540290390523, 3.142536743812421651 ) ) ;
#4062 = DIRECTION ( 'NONE',  ( -0.2210892131480614031, 0.9752535874476808697, 1.609362200607769190E-15 ) ) ;
#4063 = VERTEX_POINT ( 'NONE', #2382 ) ;
#4064 = VERTEX_POINT ( 'NONE', #1260 ) ;
#4065 = EDGE_CURVE ( 'NONE', #4366, #2070, #6897, .T. ) ;
#4066 = DIRECTION ( 'NONE',  ( 0.000000000000000000, -1.000000000000000000, 0.000000000000000000 ) ) ;
#4067 = CARTESIAN_POINT ( 'NONE',  ( 11.27042664816570472, 5.250002325822681115, 0.2490321664960800929 ) ) ;
#4068 = LINE ( 'NONE', #5740, #1942 ) ;
#4069 = VECTOR ( 'NONE', #2129, 1000.000000000000000 ) ;
#4070 = TOROIDAL_SURFACE ( 'NONE', #934, 2.050000036507845014, 0.4000000000000000222 ) ;
#4071 = DIRECTION ( 'NONE',  ( 0.000000000000000000, 0.000000000000000000, 1.000000000000000000 ) ) ;
#4072 = CONICAL_SURFACE ( 'NONE', #941, 1.050000015646217477, 0.7853981633974476129 ) ;
#4073 = VERTEX_POINT ( 'NONE', #5635 ) ;
#4074 = CARTESIAN_POINT ( 'NONE',  ( 13.63309632822446282, 3.549269550721202648, 5.783211862052528573 ) ) ;
#4077 = EDGE_CURVE ( 'NONE', #2933, #2522, #699, .T. ) ;
#4076 = ORIENTED_EDGE ( 'NONE', *, *, #5623, .F. ) ;
#4075 = CARTESIAN_POINT ( 'NONE',  ( 11.65538821736748254, 1.449269540290390124, 6.317526447534103085 ) ) ;
#4078 = DIRECTION ( 'NONE',  ( -0.4472135954999579277, 0.000000000000000000, 0.8944271909999158554 ) ) ;
#4079 = DIRECTION ( 'NONE',  ( 0.000000000000000000, 1.000000000000000000, 0.000000000000000000 ) ) ;
#4080 = CARTESIAN_POINT ( 'NONE',  ( 9.731670311944093044, 5.250002325822681115, -1.280929976548006222 ) ) ;
#4081 = AXIS2_PLACEMENT_3D ( 'NONE', #1388, #6347, #6313 ) ;
#4082 = EDGE_CURVE ( 'NONE', #5061, #6782, #5125, .T. ) ;
#4083 = DIRECTION ( 'NONE',  ( 0.000000000000000000, -1.000000000000000000, 0.000000000000000000 ) ) ;
#4084 = ORIENTED_EDGE ( 'NONE', *, *, #4119, .F. ) ;
#4085 = APPROVAL_PERSON_ORGANIZATION ( #1163, #812, #3298 ) ;
#4087 = VERTEX_POINT ( 'NONE', #4655 ) ;
#4086 = DIRECTION ( 'NONE',  ( 0.000000000000000000, 0.000000000000000000, -1.000000000000000000 ) ) ;
#4088 = DIRECTION ( 'NONE',  ( 0.000000000000000000, -1.000000000000000000, 0.000000000000000000 ) ) ;
#4089 = LINE ( 'NONE', #1275, #501 ) ;
#4090 = APPROVAL_STATUS ( 'not_yet_approved' ) ;
#4092 = VERTEX_POINT ( 'NONE', #6863 ) ;
#4091 = CARTESIAN_POINT ( 'NONE',  ( 10.60145126713202934, 6.277274235142540348, 5.445156650430732270 ) ) ;
#4093 = CIRCLE ( 'NONE', #5828, 1.050000015646217477 ) ;
#4094 = VERTEX_POINT ( 'NONE', #4583 ) ;
#4095 = DIRECTION ( 'NONE',  ( -1.000000000000000000, 0.000000000000000000, 0.000000000000000000 ) ) ;
#4096 = AXIS2_PLACEMENT_3D ( 'NONE', #1368, #4625, #2013 ) ;
#4097 = EDGE_CURVE ( 'NONE', #244, #5388, #518, .T. ) ;
#4098 =( NAMED_UNIT ( * ) SI_UNIT ( $, .STERADIAN. ) SOLID_ANGLE_UNIT ( ) );
#4099 = VERTEX_POINT ( 'NONE', #1362 ) ;
#4100 = CARTESIAN_POINT ( 'NONE',  ( -9.137028693984246885, 5.321995030108233493, -2.398660168386311575 ) ) ;
#4101 = DIRECTION ( 'NONE',  ( -0.3826834323650898928, 0.000000000000000000, -0.9238795325112867385 ) ) ;
#4102 = DIRECTION ( 'NONE',  ( -0.4472135954999579277, 0.000000000000000000, 0.8944271909999158554 ) ) ;
#4103 = CIRCLE ( 'NONE', #2836, 0.2000000000000000944 ) ;
#4104 = VERTEX_POINT ( 'NONE', #3560 ) ;
#4105 = CARTESIAN_POINT ( 'NONE',  ( 13.97905823893396260, 6.349269529859578043, 5.083211862052530172 ) ) ;
#4106 = ORIENTED_EDGE ( 'NONE', *, *, #4082, .T. ) ;
#4107 = CARTESIAN_POINT ( 'NONE',  ( 13.77508436424348304, 5.731244747192849154, -2.680929997409633891 ) ) ;
#4109 = ORIENTED_EDGE ( 'NONE', *, *, #825, .T. ) ;
#4108 = DIRECTION ( 'NONE',  ( 0.000000000000000000, 0.000000000000000000, 1.000000000000000000 ) ) ;
#4110 = ADVANCED_FACE ( 'NONE', ( #222 ), #5778, .F. ) ;
#4111 = DIRECTION ( 'NONE',  ( -1.000000000000000000, 0.000000000000000000, 0.000000000000000000 ) ) ;
#4112 = DIRECTION ( 'NONE',  ( 0.000000000000000000, 1.000000000000000000, -0.000000000000000000 ) ) ;
#4113 = PLANE ( 'NONE',  #5833 ) ;
#4114 = ORIENTED_EDGE ( 'NONE', *, *, #5607, .F. ) ;
#4115 = EDGE_CURVE ( 'NONE', #4196, #3586, #6443, .T. ) ;
#4116 = CARTESIAN_POINT ( 'NONE',  ( 14.65729122571193699, 2.649269550721202737, 4.033211835975495596 ) ) ;
#4118 = VERTEX_POINT ( 'NONE', #6762 ) ;
#4117 = CARTESIAN_POINT ( 'NONE',  ( 9.757291152696254244, 7.049269540290389990, 4.033211835975495596 ) ) ;
#4119 = EDGE_CURVE ( 'NONE', #2428, #4386, #2490, .T. ) ;
#4120 = PLANE ( 'NONE',  #959 ) ;
#4121 = CARTESIAN_POINT ( 'NONE',  ( 13.96932305579819911, 6.541392157922730988, 5.694113922262237892 ) ) ;
#4122 = CARTESIAN_POINT ( 'NONE',  ( 9.730897945190452702, 3.365495268391998529, 2.283211809898461730 ) ) ;
#4123 = DATE_AND_TIME ( #4055, #1656 ) ;
#4125 = ORIENTED_EDGE ( 'NONE', *, *, #2833, .F. ) ;
#4124 = CARTESIAN_POINT ( 'NONE',  ( 10.67229774098005102, 6.144244276690161932, 5.578186608883112463 ) ) ;
#4126 = ORIENTED_EDGE ( 'NONE', *, *, #790, .F. ) ;
#4127 = FACE_OUTER_BOUND ( 'NONE', #5187, .T. ) ;
#4128 = DIRECTION ( 'NONE',  ( -0.9944302789498070672, 0.1053964909653486576, 7.108567738557337361E-15 ) ) ;
#4129 = ORIENTED_EDGE ( 'NONE', *, *, #4115, .T. ) ;
#4130 = ORIENTED_EDGE ( 'NONE', *, *, #5176, .F. ) ;
#4131 = CARTESIAN_POINT ( 'NONE',  ( 9.757291152696254244, 6.749269529859585504, 4.033211835975495596 ) ) ;
#4132 = AXIS2_PLACEMENT_3D ( 'NONE', #5596, #4466, #2194 ) ;
#4133 = CARTESIAN_POINT ( 'NONE',  ( 8.728405700490897701, 6.696762625643011724, 3.640982703878362425 ) ) ;
#4134 = EDGE_CURVE ( 'NONE', #6007, #1385, #1072, .T. ) ;
#4135 = ORIENTED_EDGE ( 'NONE', *, *, #5714, .T. ) ;
#4136 = CARTESIAN_POINT ( 'NONE',  ( 11.87214085549942411, 1.849269540290390479, 4.033211835975496484 ) ) ;
#4137 = CIRCLE ( 'NONE', #1011, 0.1999999999999996503 ) ;
#4138 = VERTEX_POINT ( 'NONE', #6900 ) ;
#4139 = DIRECTION ( 'NONE',  ( 0.000000000000000000, 0.000000000000000000, 1.000000000000000000 ) ) ;
#4141 = ORIENTED_EDGE ( 'NONE', *, *, #253, .T. ) ;
#4140 = DIRECTION ( 'NONE',  ( -0.000000000000000000, 1.000000000000000000, 0.000000000000000000 ) ) ;
#4142 = VECTOR ( 'NONE', #838, 1000.000000000000227 ) ;
#4143 = LINE ( 'NONE', #263, #3498 ) ;
#4144 = CARTESIAN_POINT ( 'NONE',  ( 14.00032365415185609, 2.649369830808020687, 5.096646671324609024 ) ) ;
#4145 = DIRECTION ( 'NONE',  ( 0.000000000000000000, 1.000000000000000000, 0.000000000000000000 ) ) ;
#4146 = AXIS2_PLACEMENT_3D ( 'NONE', #2900, #5727, #4633 ) ;
#4147 = VERTEX_POINT ( 'NONE', #4620 ) ;
#4148 = EDGE_CURVE ( 'NONE', #759, #7013, #6293, .T. ) ;
#4149 = CARTESIAN_POINT ( 'NONE',  ( 14.94323200852253919, 7.000002315391870233, -3.380930007840445395 ) ) ;
#4151 = ORIENTED_EDGE ( 'NONE', *, *, #3313, .T. ) ;
#4150 = CYLINDRICAL_SURFACE ( 'NONE', #1966, 0.1999999999999996503 ) ;
#4152 = CARTESIAN_POINT ( 'NONE',  ( 10.22397678650724373, 2.149269540290390523, 4.637265436536121221 ) ) ;
#4153 = DIRECTION ( 'NONE',  ( 1.000000000000000000, 0.000000000000000000, 0.000000000000000000 ) ) ;
#4154 = FACE_OUTER_BOUND ( 'NONE', #845, .T. ) ;
#4155 = PERSON_AND_ORGANIZATION_ROLE ( 'classification_officer' ) ;
#4157 = ORIENTED_EDGE ( 'NONE', *, *, #1827, .T. ) ;
#4156 = DIRECTION ( 'NONE',  ( 0.000000000000000000, 1.000000000000000000, 0.000000000000000000 ) ) ;
#4158 = ADVANCED_FACE ( 'NONE', ( #5088 ), #3534, .F. ) ;
#4159 = EDGE_LOOP ( 'NONE', ( #1043, #3537, #5834, #4644 ) ) ;
#4160 = ADVANCED_FACE ( 'NONE', ( #3435 ), #117, .F. ) ;
#4161 = DIRECTION ( 'NONE',  ( 0.4472135954999579277, -0.000000000000000000, -0.8944271909999158554 ) ) ;
#4162 =( LENGTH_UNIT ( ) NAMED_UNIT ( * ) SI_UNIT ( .MILLI., .METRE. ) );
#4163 = VERTEX_POINT ( 'NONE', #1433 ) ;
#4164 = ORIENTED_EDGE ( 'NONE', *, *, #2451, .T. ) ;
#4165 = CARTESIAN_POINT ( 'NONE',  ( 13.60729121006570885, 2.149269540290390523, 4.033211835975495596 ) ) ;
#4166 = CARTESIAN_POINT ( 'NONE',  ( 9.757291152696254244, 7.749269540290391056, 4.033211835975495596 ) ) ;
#4167 = VECTOR ( 'NONE', #6013, 1000.000000000000000 ) ;
#4168 = EDGE_CURVE ( 'NONE', #534, #2522, #2964, .T. ) ;
#4169 = CARTESIAN_POINT ( 'NONE',  ( 14.09944679447836791, 2.649304043968331968, 4.922795572791775598 ) ) ;
#4170 = ORIENTED_EDGE ( 'NONE', *, *, #5741, .F. ) ;
#4171 = ORIENTED_EDGE ( 'NONE', *, *, #3535, .F. ) ;
#4172 = DIRECTION ( 'NONE',  ( 0.000000000000000000, 0.000000000000000000, 1.000000000000000000 ) ) ;
#4174 = ORIENTED_EDGE ( 'NONE', *, *, #1473, .T. ) ;
#4173 = CARTESIAN_POINT ( 'NONE',  ( 14.00032365415185609, 2.149269540290390523, 5.096646671324609024 ) ) ;
#4175 = TOROIDAL_SURFACE ( 'NONE', #3950, 1.000000000000000000, 0.2999999999999999889 ) ;
#4176 = CARTESIAN_POINT ( 'NONE',  ( 14.65729122571193699, 7.249269540290389280, 4.033211835975495596 ) ) ;
#4177 = CARTESIAN_POINT ( 'NONE',  ( 9.684615255769873698, 3.187324762342997442, 2.355207104615499869 ) ) ;
#4178 = VERTEX_POINT ( 'NONE', #3595 ) ;
#4179 = AXIS2_PLACEMENT_3D ( 'NONE', #5477, #3391, #1549 ) ;
#4180 = VECTOR ( 'NONE', #6268, 1000.000000000000000 ) ;
#4181 = PERSON ( 'NAUO-PER5', 'UNSPECIFIED', 'UNSPECIFIED', ('UNSPECIFIED'), ('UNSPECIFIED'), ('UNSPECIFIED') ) ;
#4182 = DIRECTION ( 'NONE',  ( 0.000000000000000000, -1.000000000000000000, 0.000000000000000000 ) ) ;
#4183 = EDGE_CURVE ( 'NONE', #3172, #4822, #3667, .T. ) ;
#4185 = VERTEX_POINT ( 'NONE', #2597 ) ;
#4184 = DIRECTION ( 'NONE',  ( 0.000000000000000000, 1.000000000000000000, 0.000000000000000000 ) ) ;
#4186 = DIRECTION ( 'NONE',  ( 0.000000000000000000, -1.000000000000000000, 0.000000000000000000 ) ) ;
#4187 = CYLINDRICAL_SURFACE ( 'NONE', #5261, 2.450000036507846257 ) ;
#4188 = EDGE_CURVE ( 'NONE', #5638, #5274, #2788, .T. ) ;
#4189 = LOCAL_TIME ( 18, 13, 43.00000000000000000, #1422 ) ;
#4190 = PLANE ( 'NONE',  #1984 ) ;
#4192 = VERTEX_POINT ( 'NONE', #4378 ) ;
#4191 = DIRECTION ( 'NONE',  ( -0.4472135954999579277, 0.000000000000000000, 0.8944271909999158554 ) ) ;
#4193 = ORIENTED_EDGE ( 'NONE', *, *, #73, .F. ) ;
#4194 = ADVANCED_FACE ( 'NONE', ( #1085 ), #4240, .T. ) ;
#4195 = ORIENTED_EDGE ( 'NONE', *, *, #4236, .T. ) ;
#4196 = VERTEX_POINT ( 'NONE', #5266 ) ;
#4197 = DIRECTION ( 'NONE',  ( 1.000000000000000000, 0.000000000000000000, 0.000000000000000000 ) ) ;
#4198 = EDGE_CURVE ( 'NONE', #6276, #3522, #2280, .T. ) ;
#4199 = PERSON_AND_ORGANIZATION ( #6958, #2931 ) ;
#4200 = ORIENTED_EDGE ( 'NONE', *, *, #1144, .T. ) ;
#4201 = ORIENTED_EDGE ( 'NONE', *, *, #453, .F. ) ;
#4202 = VECTOR ( 'NONE', #1071, 1000.000000000000000 ) ;
#4203 = CARTESIAN_POINT ( 'NONE',  ( -10.06800111946578902, 8.049999714529571193, 0.06328467214595895340 ) ) ;
#4204 = ADVANCED_FACE ( 'NONE', ( #3633 ), #3704, .F. ) ;
#4205 = DIRECTION ( 'NONE',  ( 0.7071067811865470176, 0.7071067811865480168, 0.000000000000000000 ) ) ;
#4206 = AXIS2_PLACEMENT_3D ( 'NONE', #1543, #4317, #1610 ) ;
#4207 = LINE ( 'NONE', #5399, #656 ) ;
#4208 = LINE ( 'NONE', #3161, #4875 ) ;
#4209 = ORIENTED_EDGE ( 'NONE', *, *, #3356, .T. ) ;
#4210 = ORIENTED_EDGE ( 'NONE', *, *, #954, .F. ) ;
#4211 = CARTESIAN_POINT ( 'NONE',  ( 10.43167032237490766, 8.050002304961058286, -2.680929997409633447 ) ) ;
#4212 = CARTESIAN_POINT ( 'NONE',  ( 14.03035641813666956, 6.525844931215938338, 2.837081414618163766 ) ) ;
#4213 = DIRECTION ( 'NONE',  ( 1.000000000000000000, 0.000000000000000000, 0.000000000000000000 ) ) ;
#4214 = CARTESIAN_POINT ( 'NONE',  ( 13.93167036409815829, 9.050002304961065391, -1.980929997409633270 ) ) ;
#4215 = FACE_OUTER_BOUND ( 'NONE', #2803, .T. ) ;
#4216 = ORIENTED_EDGE ( 'NONE', *, *, #884, .F. ) ;
#4217 = LINE ( 'NONE', #3643, #1763 ) ;
#4219 = EDGE_LOOP ( 'NONE', ( #4927, #810, #5054, #854 ) ) ;
#4218 = FACE_OUTER_BOUND ( 'NONE', #2181, .T. ) ;
#4220 = CARTESIAN_POINT ( 'NONE',  ( 10.74130906674047381, 6.014660215550554412, 5.707770670022721760 ) ) ;
#4221 = CARTESIAN_POINT ( 'NONE',  ( -11.06800111946578902, 5.249999735391195799, -2.036715380008108145 ) ) ;
#4222 = CARTESIAN_POINT ( 'NONE',  ( 9.880897950446234645, 7.049269540290389990, 1.583211799467650227 ) ) ;
#4223 = CC_DESIGN_PERSON_AND_ORGANIZATION_ASSIGNMENT ( #3768, #1527, ( #2590 ) ) ;
#4224 = EDGE_CURVE ( 'NONE', #1423, #4586, #1823, .T. ) ;
#4225 = CARTESIAN_POINT ( 'NONE',  ( 11.50654407254469014, 8.050002304961058286, 0.8190700547444330626 ) ) ;
#4226 = APPROVAL_STATUS ( 'not_yet_approved' ) ;
#4228 = ORIENTED_EDGE ( 'NONE', *, *, #4328, .T. ) ;
#4227 = DIRECTION ( 'NONE',  ( 0.000000000000000000, 1.000000000000000000, 0.000000000000000000 ) ) ;
#4229 = AXIS2_PLACEMENT_3D ( 'NONE', #804, #260, #6261 ) ;
#4230 = VERTEX_POINT ( 'NONE', #5915 ) ;
#4231 = FACE_OUTER_BOUND ( 'NONE', #5868, .T. ) ;
#4232 = PERSON_AND_ORGANIZATION ( #6958, #2931 ) ;
#4233 = ORIENTED_EDGE ( 'NONE', *, *, #3459, .F. ) ;
#4234 = DIRECTION ( 'NONE',  ( 1.000000000000000000, 0.000000000000000000, 0.000000000000000000 ) ) ;
#4235 = CARTESIAN_POINT ( 'NONE',  ( 10.32915769579019916, 5.455027578992097226, -2.475904744240216449 ) ) ;
#4236 = EDGE_CURVE ( 'NONE', #4789, #3781, #5847, .T. ) ;
#4237 = CARTESIAN_POINT ( 'NONE',  ( 10.17953167494976796, 2.244263366565480755, 4.995289823297530241 ) ) ;
#4238 = DIRECTION ( 'NONE',  ( -0.000000000000000000, -0.000000000000000000, 1.000000000000000000 ) ) ;
#4239 = ORIENTED_EDGE ( 'NONE', *, *, #6990, .T. ) ;
#4240 = CYLINDRICAL_SURFACE ( 'NONE', #3191, 0.2999999999999999334 ) ;
#4241 = AXIS2_PLACEMENT_3D ( 'NONE', #4684, #5184, #5120 ) ;
#4242 = CARTESIAN_POINT ( 'NONE',  ( 14.30729122045262791, 5.849429594555184408, 2.283211809985990826 ) ) ;
#4243 = DIRECTION ( 'NONE',  ( 0.000000000000000000, 0.000000000000000000, 1.000000000000000000 ) ) ;
#4244 = DIRECTION ( 'NONE',  ( 0.000000000000000000, 0.000000000000000000, -1.000000000000000000 ) ) ;
#4245 = ADVANCED_FACE ( 'NONE', ( #6433 ), #6468, .T. ) ;
#4246 = AXIS2_PLACEMENT_3D ( 'NONE', #3253, #3767, #492 ) ;
#4247 = CARTESIAN_POINT ( 'NONE',  ( 8.728405698850053795, 7.049269540290389990, 3.640982707160051124 ) ) ;
#4248 =( BOUNDED_CURVE ( )  B_SPLINE_CURVE ( 3, ( #5793, #1915, #4121, #819 ),
 .UNSPECIFIED., .F., .F. ) 
 B_SPLINE_CURVE_WITH_KNOTS ( ( 4, 4 ),
 ( 3.141592653589793116, 4.697460860080776790 ),
 .UNSPECIFIED. ) 
 CURVE ( )  GEOMETRIC_REPRESENTATION_ITEM ( )  RATIONAL_B_SPLINE_CURVE ( ( 1.000000000000000000, 0.8082432817230530420, 0.8082432817230530420, 1.000000000000000000 ) ) 
 REPRESENTATION_ITEM ( '' )  );
#4249 = ORIENTED_EDGE ( 'NONE', *, *, #120, .F. ) ;
#4250 = EDGE_CURVE ( 'NONE', #1081, #2405, #496, .T. ) ;
#4251 = CARTESIAN_POINT ( 'NONE',  ( 9.280897945230828228, 2.649269550721203181, 2.983211809898461908 ) ) ;
#4252 = AXIS2_PLACEMENT_3D ( 'NONE', #3910, #6124, #5499 ) ;
#4254 = VERTEX_POINT ( 'NONE', #876 ) ;
#4253 = CARTESIAN_POINT ( 'NONE',  ( 10.78167032759031230, 9.450002315391870411, -0.9309299713326002479 ) ) ;
#4255 = CIRCLE ( 'NONE', #2990, 0.7000000000000000666 ) ;
#4256 = CARTESIAN_POINT ( 'NONE',  ( 10.48216489769466975, 5.797645553707616806, 5.783211862159205019 ) ) ;
#4257 = CARTESIAN_POINT ( 'NONE',  ( -11.06800111946578902, 5.949999735391195976, -2.036715380008108145 ) ) ;
#4258 = CARTESIAN_POINT ( 'NONE',  ( 14.65729122571193699, 2.149269540290390523, 6.483211872483341409 ) ) ;
#4259 = CIRCLE ( 'NONE', #2426, 0.3500000156462182987 ) ;
#4260 = FACE_OUTER_BOUND ( 'NONE', #6217, .T. ) ;
#4261 = PRODUCT_DEFINITION_SHAPE ( 'NONE', 'NONE',  #7189 ) ;
#4263 = ORIENTED_EDGE ( 'NONE', *, *, #4491, .T. ) ;
#4262 = CARTESIAN_POINT ( 'NONE',  ( 9.757291152696254244, 2.349269540290390701, 1.583211799467650227 ) ) ;
#4264 =( BOUNDED_CURVE ( )  B_SPLINE_CURVE ( 3, ( #5281, #5829, #1381, #6240 ),
 .UNSPECIFIED., .F., .F. ) 
 B_SPLINE_CURVE_WITH_KNOTS ( ( 4, 4 ),
 ( 1.570796326794896558, 3.141592653589793116 ),
 .UNSPECIFIED. ) 
 CURVE ( )  GEOMETRIC_REPRESENTATION_ITEM ( )  RATIONAL_B_SPLINE_CURVE ( ( 1.000000000000000000, 0.8047378541243649375, 0.8047378541243649375, 1.000000000000000000 ) ) 
 REPRESENTATION_ITEM ( '' )  );
#4265 = EDGE_LOOP ( 'NONE', ( #5433, #2962, #2462, #1395, #3610 ) ) ;
#4266 = CARTESIAN_POINT ( 'NONE',  ( -10.36800111946578795, 5.368822642907925768, -2.736715390438919648 ) ) ;
#4267 = VERTEX_POINT ( 'NONE', #2715 ) ;
#4268 = APPROVAL ( #2937, 'UNSPECIFIED' ) ;
#4269 = CARTESIAN_POINT ( 'NONE',  ( 12.20729118920410095, 6.349269529859585148, 5.083211862052529284 ) ) ;
#4270 = AXIS2_PLACEMENT_3D ( 'NONE', #1197, #4523, #56 ) ;
#4271 = FACE_OUTER_BOUND ( 'NONE', #5391, .T. ) ;
#4272 = EDGE_CURVE ( 'NONE', #4974, #3957, #3299, .T. ) ;
#4273 = CARTESIAN_POINT ( 'NONE',  ( 14.00032365415185609, 2.649369830808020687, 5.096646671324609024 ) ) ;
#4274 = AXIS2_PLACEMENT_3D ( 'NONE', #1451, #6275, #4741 ) ;
#4275 = CARTESIAN_POINT ( 'NONE',  ( 10.72097421671398543, 6.849269540290390701, 6.359748558956360043 ) ) ;
#4276 = ORIENTED_EDGE ( 'NONE', *, *, #884, .T. ) ;
#4277 = CARTESIAN_POINT ( 'NONE',  ( 14.01023045435334780, 6.209036307687894052, 2.553029094065611293 ) ) ;
#4278 = CARTESIAN_POINT ( 'NONE',  ( 9.102012507030844191, 2.649269550721203181, 2.893769090798470334 ) ) ;
#4279 = DIRECTION ( 'NONE',  ( 0.000000000000000000, 1.000000000000000000, 0.000000000000000000 ) ) ;
#4280 = CARTESIAN_POINT ( 'NONE',  ( 13.80816780864373960, 6.269843002865271409, 5.454476351286793978 ) ) ;
#4281 = ORIENTED_EDGE ( 'NONE', *, *, #3813, .T. ) ;
#4282 = EDGE_CURVE ( 'NONE', #3624, #6714, #4775, .T. ) ;
#4283 = CIRCLE ( 'NONE', #5802, 1.050000015646217477 ) ;
#4284 = AXIS2_PLACEMENT_3D ( 'NONE', #4873, #3648, #4332 ) ;
#4285 = LINE ( 'NONE', #5378, #5338 ) ;
#4287 = ORIENTED_EDGE ( 'NONE', *, *, #1151, .T. ) ;
#4286 = DIRECTION ( 'NONE',  ( 0.000000000000000000, 0.000000000000000000, 1.000000000000000000 ) ) ;
#4288 = CARTESIAN_POINT ( 'NONE',  ( 10.50656472962061549, 6.349269529859578931, 5.266986143739181614 ) ) ;
#4289 = CARTESIAN_POINT ( 'NONE',  ( 13.63167036409815758, 8.750002304961064681, 0.1190700547444332319 ) ) ;
#4290 = CARTESIAN_POINT ( 'NONE',  ( 8.872976561999275091, 2.849269550721202915, 3.564740001310807038 ) ) ;
#4291 = EDGE_CURVE ( 'NONE', #3795, #3895, #6794, .T. ) ;
#4292 = AXIS2_PLACEMENT_3D ( 'NONE', #3508, #4587, #3024 ) ;
#4293 = VECTOR ( 'NONE', #1193, 1000.000000000000000 ) ;
#4294 = CARTESIAN_POINT ( 'NONE',  ( 9.102012507030844191, 2.649269550721203181, 2.893769090798470334 ) ) ;
#4295 = DATE_AND_TIME ( #2613, #1318 ) ;
#4296 = AXIS2_PLACEMENT_3D ( 'NONE', #4646, #2378, #6254 ) ;
#4298 = VERTEX_POINT ( 'NONE', #2180 ) ;
#4297 = DIRECTION ( 'NONE',  ( 0.000000000000000000, 0.000000000000000000, 1.000000000000000000 ) ) ;
#4299 = ORIENTED_EDGE ( 'NONE', *, *, #6041, .F. ) ;
#4300 = ADVANCED_FACE ( 'NONE', ( #1631 ), #6047, .T. ) ;
#4301 = DIRECTION ( 'NONE',  ( 1.000000000000000000, 0.000000000000000000, 0.000000000000000000 ) ) ;
#4302 = APPROVAL_STATUS ( 'not_yet_approved' ) ;
#4303 = ORIENTED_EDGE ( 'NONE', *, *, #7154, .F. ) ;
#4304 = CARTESIAN_POINT ( 'NONE',  ( 14.09303007090896998, 2.848420469146132561, 4.918735156147653775 ) ) ;
#4305 = CC_DESIGN_APPROVAL ( #6404, ( #3849 ) ) ;
#4306 = CARTESIAN_POINT ( 'NONE',  ( 8.928405698850053085, 6.549269529859586214, 3.240982707160053433 ) ) ;
#4307 = ORIENTED_EDGE ( 'NONE', *, *, #4740, .F. ) ;
#4308 = EDGE_CURVE ( 'NONE', #6252, #3069, #3913, .T. ) ;
#4309 = FACE_OUTER_BOUND ( 'NONE', #6452, .T. ) ;
#4310 = ORGANIZATION ( 'NAUO-ORG2', 'UNSPECIFIED', 'UNSPECIFIED' ) ;
#4311 = VECTOR ( 'NONE', #670, 1000.000000000000000 ) ;
#4312 = FACE_OUTER_BOUND ( 'NONE', #4503, .T. ) ;
#4313 = ORIENTED_EDGE ( 'NONE', *, *, #4955, .F. ) ;
#4314 = CARTESIAN_POINT ( 'NONE',  ( 14.65729122571193699, 7.049269540290389990, 4.033211835975495596 ) ) ;
#4315 = CARTESIAN_POINT ( 'NONE',  ( 9.107291137050037122, 2.449269550721202560, 3.683211830760089178 ) ) ;
#4316 = CARTESIAN_POINT ( 'NONE',  ( 15.50323200852253969, 7.000002315391870233, -2.680929997409633447 ) ) ;
#4317 = DIRECTION ( 'NONE',  ( 0.000000000000000000, 1.000000000000000000, 0.000000000000000000 ) ) ;
#4318 = CIRCLE ( 'NONE', #4785, 1.000000000000000000 ) ;
#4319 = ORIENTED_EDGE ( 'NONE', *, *, #4236, .F. ) ;
#4320 = DIRECTION ( 'NONE',  ( 0.000000000000000000, -1.000000000000000000, 0.000000000000000000 ) ) ;
#4321 = EDGE_CURVE ( 'NONE', #2711, #538, #6746, .T. ) ;
#4323 = VERTEX_POINT ( 'NONE', #2903 ) ;
#4322 = FACE_OUTER_BOUND ( 'NONE', #3491, .T. ) ;
#4324 = AXIS2_PLACEMENT_3D ( 'NONE', #5823, #3541, #6366 ) ;
#4325 = CARTESIAN_POINT ( 'NONE',  ( -8.618001082957942316, 4.549999724960382963, -3.436715390438920270 ) ) ;
#4326 = FACE_OUTER_BOUND ( 'NONE', #6741, .T. ) ;
#4327 = LINE ( 'NONE', #4905, #4202 ) ;
#4328 = EDGE_CURVE ( 'NONE', #5614, #465, #4454, .T. ) ;
#4329 = AXIS2_PLACEMENT_3D ( 'NONE', #232, #5384, #2097 ) ;
#4330 = VECTOR ( 'NONE', #2199, 1000.000000000000000 ) ;
#4331 = ORIENTED_EDGE ( 'NONE', *, *, #4844, .T. ) ;
#4332 = DIRECTION ( 'NONE',  ( 0.000000000000000000, 0.000000000000000000, -1.000000000000000000 ) ) ;
#4333 = EDGE_CURVE ( 'NONE', #3198, #534, #27, .T. ) ;
#4334 = CALENDAR_DATE ( 2024, 29, 4 ) ;
#4336 = EDGE_LOOP ( 'NONE', ( #4130, #3651, #5486, #2418, #3527 ) ) ;
#4335 = DIRECTION ( 'NONE',  ( 0.000000000000000000, 0.000000000000000000, -1.000000000000000000 ) ) ;
#4337 = EDGE_LOOP ( 'NONE', ( #3807, #6892, #6379, #3688 ) ) ;
#4338 = CARTESIAN_POINT ( 'NONE',  ( 11.47214085549942553, 1.849269540290390479, 1.583211799467650227 ) ) ;
#4339 = EDGE_CURVE ( 'NONE', #6503, #5090, #1784, .T. ) ;
#4340 = DATE_TIME_ROLE ( 'classification_date' ) ;
#4341 = ORIENTED_EDGE ( 'NONE', *, *, #6016, .T. ) ;
#4342 = DIRECTION ( 'NONE',  ( 0.000000000000000000, 0.000000000000000000, 1.000000000000000000 ) ) ;
#4343 = AXIS2_PLACEMENT_3D ( 'NONE', #3316, #1612, #4435 ) ;
#4344 = LINE ( 'NONE', #6570, #4606 ) ;
#4345 = ORIENTED_EDGE ( 'NONE', *, *, #3027, .T. ) ;
#4346 = CARTESIAN_POINT ( 'NONE',  ( 9.286176575250019383, 6.349269529859585148, 2.972654549860079154 ) ) ;
#4347 = VECTOR ( 'NONE', #4156, 1000.000000000000000 ) ;
#4348 = DIRECTION ( 'NONE',  ( 0.000000000000000000, 0.000000000000000000, -1.000000000000000000 ) ) ;
#4349 = ORIENTED_EDGE ( 'NONE', *, *, #4308, .T. ) ;
#4350 = DIRECTION ( 'NONE',  ( -0.3826834323650898928, 0.000000000000000000, -0.9238795325112867385 ) ) ;
#4351 = CYLINDRICAL_SURFACE ( 'NONE', #1305, 0.3999999999999993006 ) ;
#4352 = LINE ( 'NONE', #1508, #2640 ) ;
#4353 = EDGE_CURVE ( 'NONE', #6876, #1597, #2482, .T. ) ;
#4354 = VECTOR ( 'NONE', #5015, 1000.000000000000000 ) ;
#4355 = PLANE ( 'NONE',  #532 ) ;
#4356 = LINE ( 'NONE', #6106, #290 ) ;
#4357 = PERSON ( 'NAUO-PER2', 'UNSPECIFIED', 'UNSPECIFIED', ('UNSPECIFIED'), ('UNSPECIFIED'), ('UNSPECIFIED') ) ;
#4359 = ORIENTED_EDGE ( 'NONE', *, *, #5047, .F. ) ;
#4358 = DIRECTION ( 'NONE',  ( 0.000000000000000000, 0.000000000000000000, -1.000000000000000000 ) ) ;
#4360 = VECTOR ( 'NONE', #2262, 1000.000000000000000 ) ;
#4361 = DIRECTION ( 'NONE',  ( 1.000000000000000000, 0.000000000000000000, 0.000000000000000000 ) ) ;
#4362 = APPROVAL ( #4226, 'UNKNOWN' ) ;
#4363 = LINE ( 'NONE', #2611, #36 ) ;
#4364 = VECTOR ( 'NONE', #3736, 1000.000000000000000 ) ;
#4365 = EDGE_CURVE ( 'NONE', #4073, #2279, #984, .T. ) ;
#4366 = VERTEX_POINT ( 'NONE', #4531 ) ;
#4368 = ORIENTED_EDGE ( 'NONE', *, *, #2553, .F. ) ;
#4367 = CARTESIAN_POINT ( 'NONE',  ( -10.06800111946578902, 5.949999735391195976, -2.036715380008108145 ) ) ;
#4369 = VECTOR ( 'NONE', #4419, 1000.000000000000000 ) ;
#4370 = PERSON_AND_ORGANIZATION ( #6279, #4669 ) ;
#4372 = VERTEX_POINT ( 'NONE', #6127 ) ;
#4371 = DIRECTION ( 'NONE',  ( -0.000000000000000000, 0.000000000000000000, 1.000000000000000000 ) ) ;
#4373 = AXIS2_PLACEMENT_3D ( 'NONE', #4257, #3240, #1517 ) ;
#4374 = ORIENTED_EDGE ( 'NONE', *, *, #3222, .F. ) ;
#4375 = DIRECTION ( 'NONE',  ( 0.000000000000000000, 0.000000000000000000, -1.000000000000000000 ) ) ;
#4376 = APPROVAL_STATUS ( 'not_yet_approved' ) ;
#4377 = ADVANCED_FACE ( 'NONE', ( #6641 ), #3487, .T. ) ;
#4379 = ORIENTED_EDGE ( 'NONE', *, *, #2435, .T. ) ;
#4378 = CARTESIAN_POINT ( 'NONE',  ( 14.65729122571193699, 1.949269540290390568, 6.483211872483341409 ) ) ;
#4380 = DIRECTION ( 'NONE',  ( 1.000000000000000000, 0.000000000000000000, 0.000000000000000000 ) ) ;
#4381 = DIRECTION ( 'NONE',  ( 1.000000000000000000, 0.000000000000000000, 0.000000000000000000 ) ) ;
#4382 = EDGE_CURVE ( 'NONE', #4366, #5872, #99, .T. ) ;
#4383 = VERTEX_POINT ( 'NONE', #6674 ) ;
#4384 = CARTESIAN_POINT ( 'NONE',  ( 14.65729122571193699, 6.549269529859585326, 4.033211835975495596 ) ) ;
#4385 = DIRECTION ( 'NONE',  ( 0.000000000000000000, 1.000000000000000000, 0.000000000000000000 ) ) ;
#4386 = VERTEX_POINT ( 'NONE', #6209 ) ;
#4387 = AXIS2_PLACEMENT_3D ( 'NONE', #6079, #5496, #4447 ) ;
#4388 = CARTESIAN_POINT ( 'NONE',  ( 14.10493462727596281, 2.904135335880891677, 2.687924996339724260 ) ) ;
#4389 = VECTOR ( 'NONE', #1863, 1000.000000000000000 ) ;
#4390 = DIRECTION ( 'NONE',  ( 0.000000000000000000, 0.000000000000000000, 1.000000000000000000 ) ) ;
#4391 = CYLINDRICAL_SURFACE ( 'NONE', #2531, 1.050000015646217477 ) ;
#4392 = DIRECTION ( 'NONE',  ( 0.000000000000000000, 1.000000000000000000, 0.000000000000000000 ) ) ;
#4393 = CIRCLE ( 'NONE', #6266, 0.6999999999999999556 ) ;
#4394 = ORIENTED_EDGE ( 'NONE', *, *, #1427, .F. ) ;
#4395 = CARTESIAN_POINT ( 'NONE',  ( 10.26264271656400773, 5.321997620539719698, -2.342874785787837144 ) ) ;
#4397 = ORIENTED_EDGE ( 'NONE', *, *, #1827, .F. ) ;
#4396 = CARTESIAN_POINT ( 'NONE',  ( 10.17874369741362806, 2.849269550721202915, 4.528063099378281997 ) ) ;
#4398 = CARTESIAN_POINT ( 'NONE',  ( 12.51408196731230227, 4.550002315391870056, 0.2940700469213206047 ) ) ;
#4399 = DIRECTION ( 'NONE',  ( 1.000000000000000000, -0.000000000000000000, 0.000000000000000000 ) ) ;
#4400 = CARTESIAN_POINT ( 'NONE',  ( 12.51408196731230227, 9.450002315391870411, 0.8014816683893866145 ) ) ;
#4401 = EDGE_CURVE ( 'NONE', #4386, #3690, #512, .T. ) ;
#4402 = EDGE_LOOP ( 'NONE', ( #4059, #4751, #558, #148, #3645 ) ) ;
#4404 = EDGE_LOOP ( 'NONE', ( #81, #388, #2502, #6729, #799, #5687, #3991, #3400, #4712, #2158, #4416, #1860 ) ) ;
#4403 = FACE_OUTER_BOUND ( 'NONE', #1093, .T. ) ;
#4405 = SECURITY_CLASSIFICATION_LEVEL ( 'unclassified' ) ;
#4407 = VERTEX_POINT ( 'NONE', #5543 ) ;
#4406 = CARTESIAN_POINT ( 'NONE',  ( 13.23167036409815722, 8.050002304961058286, 0.1190700547444332319 ) ) ;
#4408 = VECTOR ( 'NONE', #11, 1000.000000000000000 ) ;
#4409 = AXIS2_PLACEMENT_3D ( 'NONE', #1529, #5806, #2110 ) ;
#4410 = ORIENTED_EDGE ( 'NONE', *, *, #6237, .T. ) ;
#4411 = DIRECTION ( 'NONE',  ( -1.000000000000000000, 0.000000000000000000, 0.000000000000000000 ) ) ;
#4412 = CIRCLE ( 'NONE', #1180, 0.1999999999999997058 ) ;
#4413 = LINE ( 'NONE', #527, #3865 ) ;
#4414 = PERSON_AND_ORGANIZATION ( #6958, #2931 ) ;
#4416 = ORIENTED_EDGE ( 'NONE', *, *, #6770, .T. ) ;
#4415 = CARTESIAN_POINT ( 'NONE',  ( 13.52444849759108791, 2.849269550721203359, 3.663655319175609826 ) ) ;
#4417 = ADVANCED_FACE ( 'NONE', ( #3951 ), #2866, .T. ) ;
#4418 = DIRECTION ( 'NONE',  ( 0.000000000000000000, 0.000000000000000000, 1.000000000000000000 ) ) ;
#4419 = DIRECTION ( 'NONE',  ( 0.000000000000000000, 1.000000000000000000, 0.000000000000000000 ) ) ;
#4420 = AXIS2_PLACEMENT_3D ( 'NONE', #1570, #4891, #2151 ) ;
#4421 = EDGE_CURVE ( 'NONE', #3385, #2285, #882, .T. ) ;
#4422 = ORIENTED_EDGE ( 'NONE', *, *, #6528, .T. ) ;
#4423 = DIRECTION ( 'NONE',  ( -0.000000000000000000, 0.000000000000000000, 1.000000000000000000 ) ) ;
#4424 = CARTESIAN_POINT ( 'NONE',  ( -10.36800111946578973, 8.764142547159615049, -2.736715390438920092 ) ) ;
#4425 = SECURITY_CLASSIFICATION ( '', '', #750 ) ;
#4426 = EDGE_LOOP ( 'NONE', ( #6384, #3308, #1062, #6330 ) ) ;
#4427 = ADVANCED_FACE ( 'NONE', ( #4021 ), #5510, .T. ) ;
#4428 = ADVANCED_FACE ( 'NONE', ( #715 ), #4814, .T. ) ;
#4429 = CARTESIAN_POINT ( 'NONE',  ( 13.67248107794862122, 3.187310080025087089, 5.709258264436649633 ) ) ;
#4430 = CARTESIAN_POINT ( 'NONE',  ( 9.552012506990367413, 5.885550749996625974, 1.993769090879422334 ) ) ;
#4431 = DIRECTION ( 'NONE',  ( 1.000000000000000000, 0.000000000000000000, 0.000000000000000000 ) ) ;
#4432 = DIRECTION ( 'NONE',  ( 0.000000000000000000, 0.000000000000000000, -1.000000000000000000 ) ) ;
#4433 = CC_DESIGN_SECURITY_CLASSIFICATION ( #1430, ( #7188 ) ) ;
#4434 = ORIENTED_EDGE ( 'NONE', *, *, #2592, .T. ) ;
#4435 = DIRECTION ( 'NONE',  ( 0.000000000000000000, -1.000000000000000000, 0.000000000000000000 ) ) ;
#4437 = EDGE_LOOP ( 'NONE', ( #588, #4031, #2647, #5577, #6439, #166, #5733, #2331 ) ) ;
#4436 = DIRECTION ( 'NONE',  ( -0.8400000103473665991, -9.638932028089350734E-15, -0.5425863826308436888 ) ) ;
#4438 = DIRECTION ( 'NONE',  ( 0.000000000000000000, -1.000000000000000000, 0.000000000000000000 ) ) ;
#4439 = VECTOR ( 'NONE', #3864, 1000.000000000000000 ) ;
#4440 = CARTESIAN_POINT ( 'NONE',  ( 9.341176582030049858, 6.849269540290390701, 2.862654536300017316 ) ) ;
#4441 = DIRECTION ( 'NONE',  ( 0.000000000000000000, 0.000000000000000000, 1.000000000000000000 ) ) ;
#4442 = VECTOR ( 'NONE', #6870, 1000.000000000000000 ) ;
#4443 = VERTEX_POINT ( 'NONE', #1670 ) ;
#4445 = VERTEX_POINT ( 'NONE', #4997 ) ;
#4444 = DIRECTION ( 'NONE',  ( 1.000000000000000000, 0.000000000000000000, 0.000000000000000000 ) ) ;
#4446 = APPROVAL_ROLE ( '' ) ;
#4448 = EDGE_LOOP ( 'NONE', ( #2906, #2209, #6605, #2707, #3258, #4788, #3421 ) ) ;
#4447 = DIRECTION ( 'NONE',  ( 0.5255740506694687175, 2.168404344971005713E-15, -0.8507478576305006479 ) ) ;
#4449 = EDGE_CURVE ( 'NONE', #4298, #1131, #3080, .T. ) ;
#4450 = ORIENTED_EDGE ( 'NONE', *, *, #2838, .F. ) ;
#4451 = PLANE ( 'NONE',  #3341 ) ;
#4452 = DIRECTION ( 'NONE',  ( 1.000000000000000000, 0.000000000000000000, 0.000000000000000000 ) ) ;
#4453 = APPROVAL_STATUS ( 'not_yet_approved' ) ;
#4455 = VERTEX_POINT ( 'NONE', #860 ) ;
#4454 = LINE ( 'NONE', #3876, #6092 ) ;
#4456 = DIRECTION ( 'NONE',  ( 0.000000000000000000, 1.000000000000000000, 0.000000000000000000 ) ) ;
#4457 =( BOUNDED_CURVE ( )  B_SPLINE_CURVE ( 3, ( #4971, #1799, #6141, #114 ),
 .UNSPECIFIED., .F., .F. ) 
 B_SPLINE_CURVE_WITH_KNOTS ( ( 4, 4 ),
 ( 3.605240262590594824, 4.493263399666107993 ),
 .UNSPECIFIED. ) 
 CURVE ( )  GEOMETRIC_REPRESENTATION_ITEM ( )  RATIONAL_B_SPLINE_CURVE ( ( 1.000000000000000000, 0.9353571350100668980, 0.9353571350100668980, 1.000000000000000000 ) ) 
 REPRESENTATION_ITEM ( '' )  );
#4458 = ORIENTED_EDGE ( 'NONE', *, *, #4525, .F. ) ;
#4459 = EDGE_CURVE ( 'NONE', #3093, #5805, #3618, .T. ) ;
#4460 = CARTESIAN_POINT ( 'NONE',  ( 10.15910876266714880, 6.849269540290390701, 5.003285359567566815 ) ) ;
#4461 = VERTEX_POINT ( 'NONE', #2470 ) ;
#4462 = ORIENTED_EDGE ( 'NONE', *, *, #4491, .F. ) ;
#4464 = ADVANCED_FACE ( 'NONE', ( #4673 ), #3041, .F. ) ;
#4463 = CARTESIAN_POINT ( 'NONE',  ( 14.03588396621518797, 2.982790332003154354, 5.533421669609297489 ) ) ;
#4465 = DIRECTION ( 'NONE',  ( 1.000000000000000000, 0.000000000000000000, 0.000000000000000000 ) ) ;
#4466 = DIRECTION ( 'NONE',  ( 0.000000000000000000, -1.000000000000000000, 0.000000000000000000 ) ) ;
#4467 = CARTESIAN_POINT ( 'NONE',  ( 9.757291152696254244, 2.649269550721203181, 1.583211799467650227 ) ) ;
#4468 = VECTOR ( 'NONE', #156, 1000.000000000000000 ) ;
#4469 = B_SPLINE_CURVE_WITH_KNOTS ( 'NONE', 3,
 ( #1166, #65, #3381, #2295, #2147, #5978, #2683, #4885 ),
 .UNSPECIFIED., .F., .F.,
 ( 4, 2, 2, 4 ),
 ( 0.000000000000000000, 0.0002674015625478719021, 0.0005348031250957438042, 0.001069606250191486091 ),
 .UNSPECIFIED. ) ;
#4470 = CARTESIAN_POINT ( 'NONE',  ( 14.00032365415185609, 6.549169249772760715, 5.096646671324609024 ) ) ;
#4471 = CARTESIAN_POINT ( 'NONE',  ( 11.88970279241824457, 1.449269540290390568, 5.765623475697482903 ) ) ;
#4474 = EDGE_CURVE ( 'NONE', #7104, #674, #1781, .T. ) ;
#4473 = VERTEX_POINT ( 'NONE', #172 ) ;
#4472 = DIRECTION ( 'NONE',  ( 0.000000000000000000, 0.000000000000000000, 1.000000000000000000 ) ) ;
#4475 = LINE ( 'NONE', #2201, #1300 ) ;
#4476 = DIRECTION ( 'NONE',  ( 1.000000000000000000, 0.000000000000000000, 0.000000000000000000 ) ) ;
#4477 = DIRECTION ( 'NONE',  ( 0.9238795325112867385, 0.000000000000000000, -0.3826834323650898928 ) ) ;
#4478 = EDGE_CURVE ( 'NONE', #1893, #5090, #5249, .T. ) ;
#4480 = VERTEX_POINT ( 'NONE', #6375 ) ;
#4479 = LINE ( 'NONE', #2321, #822 ) ;
#4481 = VECTOR ( 'NONE', #4423, 1000.000000000000000 ) ;
#4483 = ORIENTED_EDGE ( 'NONE', *, *, #3515, .T. ) ;
#4482 = DIRECTION ( 'NONE',  ( 0.000000000000000000, 1.000000000000000000, 0.000000000000000000 ) ) ;
#4484 = AXIS2_PLACEMENT_3D ( 'NONE', #4545, #6759, #4970 ) ;
#4485 = DESIGN_CONTEXT ( 'detailed design', #1097, 'design' ) ;
#4486 = VERTEX_POINT ( 'NONE', #2398 ) ;
#4487 =( BOUNDED_CURVE ( )  B_SPLINE_CURVE ( 3, ( #6360, #2988, #6905, #4726 ),
 .UNSPECIFIED., .F., .F. ) 
 B_SPLINE_CURVE_WITH_KNOTS ( ( 4, 4 ),
 ( 6.938893903907239224E-16, 0.7853981633974506105 ),
 .UNSPECIFIED. ) 
 CURVE ( )  GEOMETRIC_REPRESENTATION_ITEM ( )  RATIONAL_B_SPLINE_CURVE ( ( 1.000000000000000000, 0.9492530216741910110, 0.9492530216741910110, 1.000000000000000000 ) ) 
 REPRESENTATION_ITEM ( '' )  );
#4488 = CIRCLE ( 'NONE', #671, 1.050000015646217477 ) ;
#4489 = FACE_OUTER_BOUND ( 'NONE', #119, .T. ) ;
#4490 = DIRECTION ( 'NONE',  ( 0.000000000000000000, -1.000000000000000000, 0.000000000000000000 ) ) ;
#4491 = EDGE_CURVE ( 'NONE', #7169, #4674, #3548, .T. ) ;
#4492 = DATE_TIME_ROLE ( 'creation_date' ) ;
#4494 = VERTEX_POINT ( 'NONE', #5762 ) ;
#4493 = DIRECTION ( 'NONE',  ( -0.3826834323650898928, 0.000000000000000000, 0.9238795325112867385 ) ) ;
#4495 = CARTESIAN_POINT ( 'NONE',  ( 9.047463118339477361, 7.049269540290388214, 3.238538073661190619 ) ) ;
#4496 = VECTOR ( 'NONE', #7090, 1000.000000000000000 ) ;
#4497 = CYLINDRICAL_SURFACE ( 'NONE', #2414, 0.2000000000000002331 ) ;
#4498 = ORIENTED_EDGE ( 'NONE', *, *, #3543, .T. ) ;
#4499 = DIRECTION ( 'NONE',  ( 0.000000000000000000, -1.000000000000000000, 0.000000000000000000 ) ) ;
#4500 = EDGE_CURVE ( 'NONE', #1789, #5322, #4707, .T. ) ;
#4501 = APPROVAL ( #5356, 'UNKNOWN' ) ;
#4502 = CARTESIAN_POINT ( 'NONE',  ( -9.070513714758060786, 8.544974461360155260, -2.531690126838690880 ) ) ;
#4503 = EDGE_LOOP ( 'NONE', ( #3679, #4483, #5422, #1285 ) ) ;
#4504 = ORIENTED_EDGE ( 'NONE', *, *, #644, .F. ) ;
#4505 = CARTESIAN_POINT ( 'NONE',  ( 13.90340152966596143, 2.852064558176373499, 5.275653930598286578 ) ) ;
#4506 =( BOUNDED_SURFACE ( )  B_SPLINE_SURFACE ( 3, 2, ( 
 ( #2550, #360, #6961 ),
 ( #396, #4304, #6427 ),
 ( #6496, #1458, #2622 ),
 ( #2516, #2589, #4782 ) ),
 .UNSPECIFIED., .F., .F., .F. ) 
 B_SPLINE_SURFACE_WITH_KNOTS ( ( 4, 4 ),
 ( 3, 3 ),
 ( 0.000000000000000000, 2.476040640176153425E-05 ),
 ( 0.000000000000000000, 1.000000000000000000 ),
 .UNSPECIFIED. ) 
 GEOMETRIC_REPRESENTATION_ITEM ( )  RATIONAL_B_SPLINE_SURFACE ( (
 ( 1.000000000000000000, 0.7071067811865475727, 1.000000000000000000),
 ( 1.000000000000000000, 0.7086109587190569936, 1.000000000000000000),
 ( 1.000000000000000000, 0.7101033832284397995, 1.000000000000000000),
 ( 1.000000000000000000, 0.7115826005011960387, 1.000000000000000000) ) ) 
 REPRESENTATION_ITEM ( '' )  SURFACE ( )  );
#4507 = CARTESIAN_POINT ( 'NONE',  ( 9.557443976837634025, 6.209036307687908263, 2.553029094065625504 ) ) ;
#4508 = CARTESIAN_POINT ( 'NONE',  ( 10.78167032759031230, 9.450002315391870411, -0.9309299713326002479 ) ) ;
#4509 = EDGE_CURVE ( 'NONE', #3069, #3053, #4393, .T. ) ;
#4510 = CARTESIAN_POINT ( 'NONE',  ( 10.78167032759031230, 9.450002315391870411, -0.9309299713326002479 ) ) ;
#4511 = FACE_OUTER_BOUND ( 'NONE', #1351, .T. ) ;
#4512 = DIRECTION ( 'NONE',  ( 1.000000000000000000, 0.000000000000000000, 0.000000000000000000 ) ) ;
#4514 = EDGE_LOOP ( 'NONE', ( #6115, #6529, #2958, #4331, #6467 ) ) ;
#4513 = FACE_OUTER_BOUND ( 'NONE', #4000, .T. ) ;
#4515 = EDGE_CURVE ( 'NONE', #4092, #4443, #1415, .T. ) ;
#4516 = CARTESIAN_POINT ( 'NONE',  ( 11.42161983205294007, 8.544977051791642353, 0.6140448015750160637 ) ) ;
#4517 = DIRECTION ( 'NONE',  ( -0.8944271909999159664, 0.000000000000000000, -0.4472135954999579832 ) ) ;
#4518 = PRODUCT ( 'CableChainID#3.5mmAseb', 'CableChainID#3.5mmAseb', '', ( #5364 ) ) ;
#4519 = DIRECTION ( 'NONE',  ( 0.000000000000000000, -1.000000000000000000, 0.000000000000000000 ) ) ;
#4520 = EDGE_CURVE ( 'NONE', #4323, #3172, #1274, .T. ) ;
#4521 = DIRECTION ( 'NONE',  ( -1.000000000000000000, 0.000000000000000000, 0.000000000000000000 ) ) ;
#4522 = CIRCLE ( 'NONE', #3369, 0.3500000156462182987 ) ;
#4524 = ORIENTED_EDGE ( 'NONE', *, *, #837, .T. ) ;
#4523 = DIRECTION ( 'NONE',  ( 1.000000000000000000, 0.000000000000000000, -2.774754023183460056E-16 ) ) ;
#4525 = EDGE_CURVE ( 'NONE', #37, #465, #4972, .T. ) ;
#4526 = ORIENTED_EDGE ( 'NONE', *, *, #398, .F. ) ;
#4527 = CARTESIAN_POINT ( 'NONE',  ( 14.65729122571193699, 7.249269540290389280, 1.583211799467650227 ) ) ;
#4528 = LINE ( 'NONE', #3448, #6991 ) ;
#4529 = COORDINATED_UNIVERSAL_TIME_OFFSET ( 1, 0, .AHEAD. ) ;
#4530 = AXIS2_PLACEMENT_3D ( 'NONE', #4939, #1229, #5603 ) ;
#4532 = ORIENTED_EDGE ( 'NONE', *, *, #6838, .F. ) ;
#4531 = CARTESIAN_POINT ( 'NONE',  ( 13.63167036409815758, 5.950002325822681293, -2.680929997409633447 ) ) ;
#4533 = CARTESIAN_POINT ( 'NONE',  ( 13.63309632822446282, 3.549269550721202648, 5.783211862052528573 ) ) ;
#4534 = CARTESIAN_POINT ( 'NONE',  ( 13.93167036409815829, 3.850002315391870322, -3.380930007840445395 ) ) ;
#4535 = VECTOR ( 'NONE', #4045, 1000.000000000000000 ) ;
#4536 = AXIS2_PLACEMENT_3D ( 'NONE', #4367, #4444, #5643 ) ;
#4537 = ORIENTED_EDGE ( 'NONE', *, *, #5904, .F. ) ;
#4538 = CARTESIAN_POINT ( 'NONE',  ( -8.618001082957942316, 3.849999724960383674, -3.436715390438920270 ) ) ;
#4539 = DIRECTION ( 'NONE',  ( 0.5584690657778383915, -0.8295253477557082977, -4.027878367039090054E-15 ) ) ;
#4540 = EDGE_LOOP ( 'NONE', ( #34, #242, #43, #1268, #5237 ) ) ;
#4541 = ORIENTED_EDGE ( 'NONE', *, *, #1548, .T. ) ;
#4542 = CARTESIAN_POINT ( 'NONE',  ( 10.78148605018372841, 5.649269529859577865, 5.783211862052528573 ) ) ;
#4543 = VECTOR ( 'NONE', #3664, 1000.000000000000000 ) ;
#4544 = DIRECTION ( 'NONE',  ( 0.000000000000000000, 1.000000000000000000, 0.000000000000000000 ) ) ;
#4545 = CARTESIAN_POINT ( 'NONE',  ( 13.63167036409815758, 8.050002304961058286, 0.1190700547444332319 ) ) ;
#4546 = CYLINDRICAL_SURFACE ( 'NONE', #1088, 0.7000000000000003997 ) ;
#4547 = EDGE_CURVE ( 'NONE', #3982, #5216, #7064, .T. ) ;
#4548 = FACE_OUTER_BOUND ( 'NONE', #7007, .T. ) ;
#4549 = APPROVAL_PERSON_ORGANIZATION ( #1007, #3825, #2108 ) ;
#4550 = CARTESIAN_POINT ( 'NONE',  ( -11.06800111946578902, 5.949999735391195976, 0.06328467214595895340 ) ) ;
#4552 = VERTEX_POINT ( 'NONE', #788 ) ;
#4551 = CARTESIAN_POINT ( 'NONE',  ( 9.757291152696254244, 7.049269540290389990, 4.033211835975495596 ) ) ;
#4553 = DIRECTION ( 'NONE',  ( 0.000000000000000000, -1.000000000000000000, 0.000000000000000000 ) ) ;
#4554 = CYLINDRICAL_SURFACE ( 'NONE', #4951, 0.7000000000000003997 ) ;
#4555 = ORGANIZATION ( 'NAUO-ORG6', 'UNSPECIFIED', 'UNSPECIFIED' ) ;
#4556 = DIRECTION ( 'NONE',  ( 0.8944271909999159664, 0.000000000000000000, 0.4472135954999579832 ) ) ;
#4557 = EDGE_CURVE ( 'NONE', #1907, #1087, #1992, .T. ) ;
#4558 = CARTESIAN_POINT ( 'NONE',  ( 9.730897945230827517, 6.349269529859585148, 2.083211809898462441 ) ) ;
#4560 = ORIENTED_EDGE ( 'NONE', *, *, #745, .T. ) ;
#4559 = LINE ( 'NONE', #20, #1394 ) ;
#4561 = EDGE_CURVE ( 'NONE', #2852, #6031, #1503, .T. ) ;
#4562 = AXIS2_PLACEMENT_3D ( 'NONE', #727, #4581, #6793 ) ;
#4563 = EDGE_CURVE ( 'NONE', #5713, #2822, #2093, .T. ) ;
#4564 = CARTESIAN_POINT ( 'NONE',  ( 12.51408196731230227, 9.450002315391870411, 0.2940700469213206047 ) ) ;
#4565 = CARTESIAN_POINT ( 'NONE',  ( 13.93167036409815829, 4.950002325822681293, 0.1190700547444332597 ) ) ;
#4566 = PERSON_AND_ORGANIZATION ( #6958, #2931 ) ;
#4568 = ORIENTED_EDGE ( 'NONE', *, *, #6389, .F. ) ;
#4567 = DIRECTION ( 'NONE',  ( 0.000000000000000000, 0.000000000000000000, -1.000000000000000000 ) ) ;
#4569 = ORIENTED_EDGE ( 'NONE', *, *, #1558, .T. ) ;
#4570 = AXIS2_PLACEMENT_3D ( 'NONE', #2505, #2543, #4054 ) ;
#4571 = DIRECTION ( 'NONE',  ( -0.000000000000000000, -1.000000000000000000, -0.000000000000000000 ) ) ;
#4572 = ORIENTED_EDGE ( 'NONE', *, *, #5111, .F. ) ;
#4573 = ADVANCED_FACE ( 'NONE', ( #5730 ), #2248, .T. ) ;
#4574 = LINE ( 'NONE', #6786, #6688 ) ;
#4575 =( LENGTH_UNIT ( ) NAMED_UNIT ( * ) SI_UNIT ( .MILLI., .METRE. ) );
#4576 = ORIENTED_EDGE ( 'NONE', *, *, #1909, .F. ) ;
#4577 = VERTEX_POINT ( 'NONE', #2065 ) ;
#4578 = CARTESIAN_POINT ( 'NONE',  ( -9.318001088173351931, 5.249999735391195799, -2.036715380008108145 ) ) ;
#4579 = CARTESIAN_POINT ( 'NONE',  ( -8.618001082957942316, 9.449999724960381542, -0.9867153539310745680 ) ) ;
#4580 = DIRECTION ( 'NONE',  ( 0.000000000000000000, -1.000000000000000000, 0.000000000000000000 ) ) ;
#4581 = DIRECTION ( 'NONE',  ( -1.000000000000000000, 0.000000000000000000, 0.000000000000000000 ) ) ;
#4582 = CARTESIAN_POINT ( 'NONE',  ( 14.65729122571193699, 1.449269540290390568, 6.083211872483341054 ) ) ;
#4583 = CARTESIAN_POINT ( 'NONE',  ( 12.55729126743518975, 1.949269540290390568, 1.583211799467650227 ) ) ;
#4584 = EDGE_CURVE ( 'NONE', #3279, #5813, #341, .T. ) ;
#4586 = VERTEX_POINT ( 'NONE', #451 ) ;
#4585 = DIRECTION ( 'NONE',  ( 1.000000000000000000, 0.000000000000000000, 0.000000000000000000 ) ) ;
#4587 = DIRECTION ( 'NONE',  ( 0.000000000000000000, 0.000000000000000000, 1.000000000000000000 ) ) ;
#4588 = DIRECTION ( 'NONE',  ( 1.000000000000000000, 0.000000000000000000, 0.000000000000000000 ) ) ;
#4589 = CIRCLE ( 'NONE', #4704, 0.7000000000000000666 ) ;
#4590 = PLANE ( 'NONE',  #5722 ) ;
#4591 = VECTOR ( 'NONE', #608, 1000.000000000000000 ) ;
#4592 = FACE_OUTER_BOUND ( 'NONE', #2218, .T. ) ;
#4593 = CC_DESIGN_PERSON_AND_ORGANIZATION_ASSIGNMENT ( #3904, #5969, ( #1892 ) ) ;
#4594 = ORIENTED_EDGE ( 'NONE', *, *, #4584, .T. ) ;
#4596 = ORIENTED_EDGE ( 'NONE', *, *, #4858, .T. ) ;
#4595 = DIRECTION ( 'NONE',  ( 0.000000000000000000, 0.000000000000000000, 1.000000000000000000 ) ) ;
#4597 = EDGE_CURVE ( 'NONE', #1643, #1789, #3148, .T. ) ;
#4598 = AXIS2_PLACEMENT_3D ( 'NONE', #5671, #1898, #800 ) ;
#4599 = FACE_OUTER_BOUND ( 'NONE', #262, .T. ) ;
#4600 = CARTESIAN_POINT ( 'NONE',  ( 9.757291152696254244, 2.149269540290390523, 4.033211835975495596 ) ) ;
#4601 = AXIS2_PLACEMENT_3D ( 'NONE', #7071, #397, #2111 ) ;
#4602 = APPROVAL_ROLE ( '' ) ;
#4604 = ORIENTED_EDGE ( 'NONE', *, *, #6727, .F. ) ;
#4603 = CARTESIAN_POINT ( 'NONE',  ( 12.20729118920410095, 3.549269550721202648, 5.083211862052529284 ) ) ;
#4605 = CIRCLE ( 'NONE', #2412, 2.450000036507846701 ) ;
#4606 = VECTOR ( 'NONE', #3260, 1000.000000000000000 ) ;
#4607 = VERTEX_POINT ( 'NONE', #6487 ) ;
#4608 = CARTESIAN_POINT ( 'NONE',  ( 9.107291137050037122, 6.349269529859585148, 3.330425426260044564 ) ) ;
#4609 = EDGE_CURVE ( 'NONE', #3053, #6367, #350, .T. ) ;
#4610 = CARTESIAN_POINT ( 'NONE',  ( -1.532966793088080149, 1.757164708510784212, 7.078821013517537786 ) ) ;
#4611 = EDGE_LOOP ( 'NONE', ( #4276, #5277, #4126, #5257 ) ) ;
#4612 = EDGE_LOOP ( 'NONE', ( #2769, #6681, #2196, #3632 ) ) ;
#4613 = CARTESIAN_POINT ( 'NONE',  ( 13.23167036409815722, 5.950002325822681293, 0.1190700547444332319 ) ) ;
#4614 = DIRECTION ( 'NONE',  ( 1.000000000000000000, 0.000000000000000000, 0.000000000000000000 ) ) ;
#4615 = ADVANCED_FACE ( 'NONE', ( #5937 ), #2710, .T. ) ;
#4616 = DIRECTION ( 'NONE',  ( 0.000000000000000000, 1.000000000000000000, 0.000000000000000000 ) ) ;
#4617 = VECTOR ( 'NONE', #3439, 1000.000000000000000 ) ;
#4618 = LINE ( 'NONE', #3593, #672 ) ;
#4619 = ORIENTED_EDGE ( 'NONE', *, *, #7002, .T. ) ;
#4620 = CARTESIAN_POINT ( 'NONE',  ( 11.87214085549942411, 7.749269540290391056, 2.122737826037631059 ) ) ;
#4622 = EDGE_LOOP ( 'NONE', ( #2364, #2080, #1921, #6628 ) ) ;
#4621 = DIRECTION ( 'NONE',  ( 0.000000000000000000, 0.000000000000000000, -1.000000000000000000 ) ) ;
#4623 = DIRECTION ( 'NONE',  ( -1.000000000000000000, 0.000000000000000000, 0.000000000000000000 ) ) ;
#4624 = DIRECTION ( 'NONE',  ( 0.000000000000000000, 0.000000000000000000, -1.000000000000000000 ) ) ;
#4625 = DIRECTION ( 'NONE',  ( -0.4472135954999579277, 0.000000000000000000, 0.8944271909999158554 ) ) ;
#4626 = FACE_OUTER_BOUND ( 'NONE', #2274, .T. ) ;
#4628 = EDGE_LOOP ( 'NONE', ( #6899, #6774, #277, #5557, #5044 ) ) ;
#4627 = CARTESIAN_POINT ( 'NONE',  ( 11.47214085549942553, 6.849269540290390701, 1.783211799467650405 ) ) ;
#4629 = AXIS2_PLACEMENT_3D ( 'NONE', #5901, #4371, #6450 ) ;
#4630 = UNCERTAINTY_MEASURE_WITH_UNIT (LENGTH_MEASURE( 1.000000000000000082E-05 ), #2945, 'distance_accuracy_value', 'NONE');
#4631 = ADVANCED_FACE ( 'NONE', ( #3180 ), #6596, .F. ) ;
#4632 = VECTOR ( 'NONE', #6812, 1000.000000000000000 ) ;
#4633 = DIRECTION ( 'NONE',  ( 1.000000000000000000, 0.000000000000000000, 0.000000000000000000 ) ) ;
#4634 = DIRECTION ( 'NONE',  ( 0.8944271909999159664, 0.000000000000000000, 0.4472135954999579832 ) ) ;
#4635 = PERSON_AND_ORGANIZATION ( #6958, #2931 ) ;
#4637 = ORIENTED_EDGE ( 'NONE', *, *, #3036, .T. ) ;
#4636 = CARTESIAN_POINT ( 'NONE',  ( 9.365616403962951253, 6.549269529859578221, 2.366561296934255765 ) ) ;
#4638 = AXIS2_PLACEMENT_3D ( 'NONE', #5278, #6211, #6172 ) ;
#4639 = ORIENTED_EDGE ( 'NONE', *, *, #162, .T. ) ;
#4640 = DIRECTION ( 'NONE',  ( 0.9238795325112867385, 0.000000000000000000, -0.3826834323650899483 ) ) ;
#4641 = ADVANCED_FACE ( 'NONE', ( #2100 ), #1035, .T. ) ;
#4642 = DIRECTION ( 'NONE',  ( 1.110223024625154815E-16, 0.9999999999999997780, -1.163048684669441323E-16 ) ) ;
#4643 = ORIENTED_EDGE ( 'NONE', *, *, #6434, .T. ) ;
#4644 = ORIENTED_EDGE ( 'NONE', *, *, #5911, .F. ) ;
#4645 = PLANE ( 'NONE',  #5452 ) ;
#4646 = CARTESIAN_POINT ( 'NONE',  ( 14.28971605885961615, 1.849269540290390479, 1.983211799467650360 ) ) ;
#4647 = FACE_OUTER_BOUND ( 'NONE', #803, .T. ) ;
#4648 = EDGE_CURVE ( 'NONE', #5611, #3493, #1861, .T. ) ;
#4649 = VECTOR ( 'NONE', #101, 1000.000000000000000 ) ;
#4650 = AXIS2_PLACEMENT_3D ( 'NONE', #4558, #5752, #851 ) ;
#4651 = DIRECTION ( 'NONE',  ( 0.000000000000000000, 1.000000000000000000, 0.000000000000000000 ) ) ;
#4652 = ADVANCED_FACE ( 'NONE', ( #4842 ), #3246, .T. ) ;
#4653 = VECTOR ( 'NONE', #7152, 1000.000000000000000 ) ;
#4654 = VERTEX_POINT ( 'NONE', #4876 ) ;
#4655 = CARTESIAN_POINT ( 'NONE',  ( 13.81787223472671933, 3.549269550721202648, 6.059748548525546674 ) ) ;
#4657 = ORIENTED_EDGE ( 'NONE', *, *, #167, .F. ) ;
#4656 = DIRECTION ( 'NONE',  ( -0.000000000000000000, 1.000000000000000000, 0.000000000000000000 ) ) ;
#4658 = DIRECTION ( 'NONE',  ( 0.000000000000000000, 0.000000000000000000, 1.000000000000000000 ) ) ;
#4659 = DIRECTION ( 'NONE',  ( -1.000000000000000000, 0.000000000000000000, -0.000000000000000000 ) ) ;
#4660 = FACE_OUTER_BOUND ( 'NONE', #1154, .T. ) ;
#4661 = AXIS2_PLACEMENT_3D ( 'NONE', #5950, #464, #2689 ) ;
#4662 = ORIENTED_EDGE ( 'NONE', *, *, #3365, .T. ) ;
#4663 = AXIS2_PLACEMENT_3D ( 'NONE', #330, #4753, #6504 ) ;
#4664 = CARTESIAN_POINT ( 'NONE',  ( 14.13740173328558747, 6.011214318237783516, 2.355207104615499869 ) ) ;
#4665 = LOCAL_TIME ( 18, 13, 43.00000000000000000, #3838 ) ;
#4667 = EDGE_LOOP ( 'NONE', ( #3711, #690, #4450, #5333 ) ) ;
#4666 = DIRECTION ( 'NONE',  ( 0.000000000000000000, -1.000000000000000000, 0.000000000000000000 ) ) ;
#4668 = DIRECTION ( 'NONE',  ( 0.000000000000000000, 1.000000000000000000, 0.000000000000000000 ) ) ;
#4669 = ORGANIZATION ( 'NAUO-ORG7', 'UNSPECIFIED', 'UNSPECIFIED' ) ;
#4670 = DIRECTION ( 'NONE',  ( -1.000000000000000000, 0.000000000000000000, 0.000000000000000000 ) ) ;
#4671 = DIRECTION ( 'NONE',  ( 0.000000000000000000, 1.000000000000000000, 0.000000000000000000 ) ) ;
#4672 = PERSON_AND_ORGANIZATION ( #6958, #2931 ) ;
#4674 = VERTEX_POINT ( 'NONE', #6526 ) ;
#4673 = FACE_OUTER_BOUND ( 'NONE', #3119, .T. ) ;
#4675 = APPROVAL ( #2512, 'UNSPECIFIED' ) ;
#4676 = ADVANCED_FACE ( 'NONE', ( #6561 ), #3363, .F. ) ;
#4677 = VECTOR ( 'NONE', #6769, 1000.000000000000000 ) ;
#4678 = ORIENTED_EDGE ( 'NONE', *, *, #659, .T. ) ;
#4679 = VECTOR ( 'NONE', #4490, 1000.000000000000000 ) ;
#4680 = ORIENTED_EDGE ( 'NONE', *, *, #2228, .F. ) ;
#4681 = EDGE_LOOP ( 'NONE', ( #5663, #6992, #1419, #93 ) ) ;
#4682 = CYLINDRICAL_SURFACE ( 'NONE', #5113, 0.7000000000000001776 ) ;
#4683 = CARTESIAN_POINT ( 'NONE',  ( -8.618001082957942316, 9.449999724960381542, -0.9867153539310745680 ) ) ;
#4684 = CARTESIAN_POINT ( 'NONE',  ( 9.757291152696254244, 2.149269540290390523, 4.033211835975495596 ) ) ;
#4685 = ADVANCED_FACE ( 'NONE', ( #5971 ), #2172, .T. ) ;
#4686 = B_SPLINE_CURVE_WITH_KNOTS ( 'NONE', 3,
 ( #3281, #5488, #515, #921, #3139, #5350 ),
 .UNSPECIFIED., .F., .F.,
 ( 4, 2, 4 ),
 ( 0.000000000000000000, 0.0003932624766489022767, 0.0007865249532978045533 ),
 .UNSPECIFIED. ) ;
#4687 = CARTESIAN_POINT ( 'NONE',  ( 14.10543846428575065, 6.549169249772760715, 4.926497099798508472 ) ) ;
#4688 = ORIENTED_EDGE ( 'NONE', *, *, #1703, .T. ) ;
#4689 = CARTESIAN_POINT ( 'NONE',  ( 13.23167036409815722, 5.250002325822681115, 0.1190700547444332319 ) ) ;
#4691 = ORIENTED_EDGE ( 'NONE', *, *, #3235, .F. ) ;
#4690 = DIRECTION ( 'NONE',  ( 1.000000000000000000, 0.000000000000000000, 0.000000000000000000 ) ) ;
#4692 = CARTESIAN_POINT ( 'NONE',  ( 14.00032365415185609, 6.549169249772760715, 5.096646671324609912 ) ) ;
#4693 = LINE ( 'NONE', #6833, #6122 ) ;
#4694 = CARTESIAN_POINT ( 'NONE',  ( 10.67229774098005102, 3.054294803890619026, 5.578186608883112463 ) ) ;
#4695 =( BOUNDED_CURVE ( )  B_SPLINE_CURVE ( 3, ( #4866, #3754, #2019, #5961 ),
 .UNSPECIFIED., .F., .F. ) 
 B_SPLINE_CURVE_WITH_KNOTS ( ( 4, 4 ),
 ( 1.107148717794092407, 1.570796326794896558 ),
 .UNSPECIFIED. ) 
 CURVE ( )  GEOMETRIC_REPRESENTATION_ITEM ( )  RATIONAL_B_SPLINE_CURVE ( ( 1.000000000000000000, 0.9821659929784868348, 0.9821659929784868348, 1.000000000000000000 ) ) 
 REPRESENTATION_ITEM ( '' )  );
#4696 = ORIENTED_EDGE ( 'NONE', *, *, #3297, .T. ) ;
#4697 = ADVANCED_FACE ( 'NONE', ( #1484 ), #926, .T. ) ;
#4698 = DIRECTION ( 'NONE',  ( 1.000000000000000000, 0.000000000000000000, 0.000000000000000000 ) ) ;
#4700 = ORIENTED_EDGE ( 'NONE', *, *, #5767, .T. ) ;
#4699 = CARTESIAN_POINT ( 'NONE',  ( 10.72097421671398543, 6.849269540290390701, 6.359748558956360043 ) ) ;
#4701 = CARTESIAN_POINT ( 'NONE',  ( -9.668001098604159793, 4.549999724960382963, -0.9867153539310747901 ) ) ;
#4702 = DIRECTION ( 'NONE',  ( 0.7071067811865474617, 0.000000000000000000, 0.7071067811865476838 ) ) ;
#4703 = ADVANCED_FACE ( 'NONE', ( #3409 ), #219, .T. ) ;
#4704 = AXIS2_PLACEMENT_3D ( 'NONE', #5711, #1801, #3474 ) ;
#4705 = CARTESIAN_POINT ( 'NONE',  ( 9.160927982740838971, 2.649269550750140034, 2.775938139378478553 ) ) ;
#4706 = DATE_AND_TIME ( #6486, #6644 ) ;
#4708 = ORIENTED_EDGE ( 'NONE', *, *, #2139, .F. ) ;
#4707 = LINE ( 'NONE', #1918, #4632 ) ;
#4709 = AXIS2_PLACEMENT_3D ( 'NONE', #1965, #2004, #2593 ) ;
#4710 = ORIENTED_EDGE ( 'NONE', *, *, #4478, .T. ) ;
#4711 = DIRECTION ( 'NONE',  ( -1.000000000000000000, 0.000000000000000000, 0.000000000000000000 ) ) ;
#4712 = ORIENTED_EDGE ( 'NONE', *, *, #6912, .T. ) ;
#4713 = EDGE_LOOP ( 'NONE', ( #3945, #7143, #1156, #3625 ) ) ;
#4714 = CIRCLE ( 'NONE', #2529, 0.4000000000000001887 ) ;
#4715 = CARTESIAN_POINT ( 'NONE',  ( 10.13860081933534651, 2.649269550721203625, 4.953774804639559548 ) ) ;
#4716 = VECTOR ( 'NONE', #3497, 1000.000000000000000 ) ;
#4717 = CARTESIAN_POINT ( 'NONE',  ( 11.66902285011983409, 7.709197461773605653, 2.202310830333262359 ) ) ;
#4718 = CARTESIAN_POINT ( 'NONE',  ( 10.24649199913458375, 2.170528851624942579, 4.963030981920859119 ) ) ;
#4719 = AXIS2_PLACEMENT_3D ( 'NONE', #6914, #2540, #2572 ) ;
#4720 = ORIENTED_EDGE ( 'NONE', *, *, #2401, .T. ) ;
#4721 = DIRECTION ( 'NONE',  ( 1.000000000000000000, 0.000000000000000000, 0.000000000000000000 ) ) ;
#4722 = EDGE_CURVE ( 'NONE', #2786, #6005, #1662, .T. ) ;
#4724 = ORIENTED_EDGE ( 'NONE', *, *, #6700, .F. ) ;
#4723 = LINE ( 'NONE', #6934, #826 ) ;
#4725 = DIRECTION ( 'NONE',  ( -0.000000000000000000, -0.000000000000000000, 1.000000000000000000 ) ) ;
#4726 = CARTESIAN_POINT ( 'NONE',  ( -9.257950587420571864, 5.455024988560611909, 0.5582594189765417436 ) ) ;
#4727 = CARTESIAN_POINT ( 'NONE',  ( 8.872976561999275091, 6.349269529859585148, 3.564740001310806594 ) ) ;
#4728 = AXIS2_PLACEMENT_3D ( 'NONE', #1817, #169, #3447 ) ;
#4729 = ORIENTED_EDGE ( 'NONE', *, *, #2271, .T. ) ;
#4730 = CARTESIAN_POINT ( 'NONE',  ( 10.98859283569086109, 7.049269540290389990, 6.483211872483341409 ) ) ;
#4731 = ADVANCED_FACE ( 'NONE', ( #3330 ), #2322, .F. ) ;
#4733 = ORIENTED_EDGE ( 'NONE', *, *, #7021, .T. ) ;
#4732 = CARTESIAN_POINT ( 'NONE',  ( 13.52444849759108969, 6.349269529859585148, 3.663655319175610270 ) ) ;
#4734 = PLANE ( 'NONE',  #7073 ) ;
#4735 = DIRECTION ( 'NONE',  ( -1.000000000000000000, 0.000000000000000000, 0.000000000000000000 ) ) ;
#4736 = ADVANCED_FACE ( 'NONE', ( #5645 ), #2208, .F. ) ;
#4737 = CARTESIAN_POINT ( 'NONE',  ( 9.198220210656822715, 2.894665294769365183, 2.701353683546293460 ) ) ;
#4738 = EDGE_CURVE ( 'NONE', #4372, #6943, #6157, .T. ) ;
#4739 = DATE_AND_TIME ( #966, #6750 ) ;
#4740 = EDGE_CURVE ( 'NONE', #5903, #3741, #334, .T. ) ;
#4742 = ORIENTED_EDGE ( 'NONE', *, *, #4950, .F. ) ;
#4741 = DIRECTION ( 'NONE',  ( 1.000000000000000000, 0.000000000000000000, 0.000000000000000000 ) ) ;
#4743 = ORIENTED_EDGE ( 'NONE', *, *, #6278, .F. ) ;
#4744 = LINE ( 'NONE', #423, #1708 ) ;
#4745 = DIRECTION ( 'NONE',  ( 0.000000000000000000, 0.000000000000000000, 1.000000000000000000 ) ) ;
#4746 = ORIENTED_EDGE ( 'NONE', *, *, #6563, .T. ) ;
#4747 = FACE_OUTER_BOUND ( 'NONE', #6893, .T. ) ;
#4748 = DIRECTION ( 'NONE',  ( 1.000000000000000000, 0.000000000000000000, 0.000000000000000000 ) ) ;
#4749 = CARTESIAN_POINT ( 'NONE',  ( 11.79649357052644199, 4.550002315391870056, 1.519070065175245343 ) ) ;
#4750 = CARTESIAN_POINT ( 'NONE',  ( 10.75290998478970472, 6.932721723935624247, 6.436848323369565250 ) ) ;
#4751 = ORIENTED_EDGE ( 'NONE', *, *, #5767, .F. ) ;
#4752 = DIRECTION ( 'NONE',  ( -0.000000000000000000, 1.000000000000000000, 0.000000000000000000 ) ) ;
#4753 = DIRECTION ( 'NONE',  ( 0.000000000000000000, 1.000000000000000000, 0.000000000000000000 ) ) ;
#4754 = VECTOR ( 'NONE', #4078, 1000.000000000000000 ) ;
#4755 = VECTOR ( 'NONE', #5197, 1000.000000000000227 ) ;
#4756 = FACE_OUTER_BOUND ( 'NONE', #57, .T. ) ;
#4757 = CARTESIAN_POINT ( 'NONE',  ( 10.50888588821012348, 2.849269550721201583, 5.271344633497812460 ) ) ;
#4758 = ADVANCED_FACE ( 'NONE', ( #5028 ), #1735, .T. ) ;
#4759 =( BOUNDED_CURVE ( )  B_SPLINE_CURVE ( 3, ( #5478, #75, #3928, #2306 ),
 .UNSPECIFIED., .F., .F. ) 
 B_SPLINE_CURVE_WITH_KNOTS ( ( 4, 4 ),
 ( 4.712388980384689674, 5.890486225480861648 ),
 .UNSPECIFIED. ) 
 CURVE ( )  GEOMETRIC_REPRESENTATION_ITEM ( )  RATIONAL_B_SPLINE_CURVE ( ( 1.000000000000000000, 0.8876464082016968238, 0.8876464082016968238, 1.000000000000000000 ) ) 
 REPRESENTATION_ITEM ( '' )  );
#4760 = ORIENTED_EDGE ( 'NONE', *, *, #3826, .F. ) ;
#4761 = AXIS2_PLACEMENT_3D ( 'NONE', #331, #1573, #1541 ) ;
#4762 = CARTESIAN_POINT ( 'NONE',  ( 10.80729116834247172, 7.049269540290389990, 4.033211835975495596 ) ) ;
#4764 = ORIENTED_EDGE ( 'NONE', *, *, #38, .T. ) ;
#4763 = CARTESIAN_POINT ( 'NONE',  ( 14.65729122571193699, 7.749269540290391056, 1.983211799467650360 ) ) ;
#4765 = DIRECTION ( 'NONE',  ( 1.000000000000000000, 0.000000000000000000, 0.000000000000000000 ) ) ;
#4766 = VECTOR ( 'NONE', #5042, 1000.000000000000000 ) ;
#4767 = FACE_OUTER_BOUND ( 'NONE', #2635, .T. ) ;
#4768 = EDGE_CURVE ( 'NONE', #5148, #5155, #3869, .T. ) ;
#4769 = APPROVAL_PERSON_ORGANIZATION ( #2469, #1280, #4602 ) ;
#4770 = DIRECTION ( 'NONE',  ( 1.000000000000000000, 0.000000000000000000, 0.000000000000000000 ) ) ;
#4771 = APPROVAL_DATE_TIME ( #310, #4362 ) ;
#4772 = ADVANCED_FACE ( 'NONE', ( #1774 ), #560, .F. ) ;
#4774 = VERTEX_POINT ( 'NONE', #2743 ) ;
#4773 = DIRECTION ( 'NONE',  ( -1.000000000000000000, 0.000000000000000000, 0.000000000000000000 ) ) ;
#4775 =( BOUNDED_CURVE ( )  B_SPLINE_CURVE ( 3, ( #4211, #7141, #1467, #5335 ),
 .UNSPECIFIED., .F., .F. ) 
 B_SPLINE_CURVE_WITH_KNOTS ( ( 4, 4 ),
 ( 0.000000000000000000, 0.7853981633974495002 ),
 .UNSPECIFIED. ) 
 CURVE ( )  GEOMETRIC_REPRESENTATION_ITEM ( )  RATIONAL_B_SPLINE_CURVE ( ( 1.000000000000000000, 0.9492530216741910110, 0.9492530216741910110, 1.000000000000000000 ) ) 
 REPRESENTATION_ITEM ( '' )  );
#4776 = EDGE_CURVE ( 'NONE', #3827, #4607, #5093, .T. ) ;
#4777 = ORIENTED_EDGE ( 'NONE', *, *, #6462, .T. ) ;
#4778 = CARTESIAN_POINT ( 'NONE',  ( -8.618001082957942316, 10.14999972496038261, 1.463284682576770468 ) ) ;
#4779 = APPLICATION_PROTOCOL_DEFINITION ( 'international standard', 'config_control_design', 1994, #2211 ) ;
#4780 = ORIENTED_EDGE ( 'NONE', *, *, #3251, .T. ) ;
#4781 = VERTEX_POINT ( 'NONE', #3981 ) ;
#4782 = CARTESIAN_POINT ( 'NONE',  ( 14.10543846428415193, 2.649369830808002924, 4.926497099797521706 ) ) ;
#4783 = CARTESIAN_POINT ( 'NONE',  ( 13.60729121006570885, 2.649269550721202737, 4.033211835975495596 ) ) ;
#4784 = EDGE_CURVE ( 'NONE', #2479, #7137, #4559, .T. ) ;
#4785 = AXIS2_PLACEMENT_3D ( 'NONE', #7012, #5921, #4897 ) ;
#4786 = CARTESIAN_POINT ( 'NONE',  ( 10.33652811850152098, 2.149269540290390523, 4.908988388699856209 ) ) ;
#4787 = CARTESIAN_POINT ( 'NONE',  ( -11.06800111946578902, 8.749999714529577588, -2.036715380008108145 ) ) ;
#4788 = ORIENTED_EDGE ( 'NONE', *, *, #6687, .T. ) ;
#4789 = VERTEX_POINT ( 'NONE', #3905 ) ;
#4790 = DIRECTION ( 'NONE',  ( 1.000000000000000000, 0.000000000000000000, 0.000000000000000000 ) ) ;
#4791 = CARTESIAN_POINT ( 'NONE',  ( 10.78167032759031230, 9.450002315391870411, -0.9309299713326002479 ) ) ;
#4792 = FACE_OUTER_BOUND ( 'NONE', #2376, .T. ) ;
#4793 = AXIS2_PLACEMENT_3D ( 'NONE', #2215, #6168, #6638 ) ;
#4794 = CARTESIAN_POINT ( 'NONE',  ( 9.880897950446232869, 2.349269540290390701, 1.783211799467650405 ) ) ;
#4795 = AXIS2_PLACEMENT_3D ( 'NONE', #918, #2054, #2161 ) ;
#4796 = CARTESIAN_POINT ( 'NONE',  ( 13.67248107794864964, 6.011229000555668556, 5.709258264436674501 ) ) ;
#4797 = VERTEX_POINT ( 'NONE', #2360 ) ;
#4798 = LINE ( 'NONE', #6478, #6388 ) ;
#4799 = ORIENTED_EDGE ( 'NONE', *, *, #4896, .T. ) ;
#4801 = ORIENTED_EDGE ( 'NONE', *, *, #6278, .T. ) ;
#4800 = FACE_OUTER_BOUND ( 'NONE', #2813, .T. ) ;
#4802 = DIRECTION ( 'NONE',  ( 0.000000000000000000, 1.000000000000000000, 0.000000000000000000 ) ) ;
#4803 = FACE_OUTER_BOUND ( 'NONE', #1461, .T. ) ;
#4804 = LINE ( 'NONE', #1657, #6984 ) ;
#4805 = CC_DESIGN_DATE_AND_TIME_ASSIGNMENT ( #4295, #5419, ( #1430 ) ) ;
#4806 = LINE ( 'NONE', #6448, #2499 ) ;
#4807 = PERSON_AND_ORGANIZATION ( #4964, #6754 ) ;
#4809 = ORIENTED_EDGE ( 'NONE', *, *, #3185, .F. ) ;
#4808 = CARTESIAN_POINT ( 'NONE',  ( 8.824008315675154535, 2.627714880020926902, 3.449777473509850978 ) ) ;
#4810 = ADVANCED_FACE ( 'NONE', ( #6773 ), #522, .F. ) ;
#4811 = AXIS2_PLACEMENT_3D ( 'NONE', #5744, #6189, #2349 ) ;
#4812 = ORIENTED_EDGE ( 'NONE', *, *, #3398, .F. ) ;
#4813 = CARTESIAN_POINT ( 'NONE',  ( -10.32490424664072748, 5.496424284723743448, -2.736715380008108323 ) ) ;
#4814 = TOROIDAL_SURFACE ( 'NONE', #3319, 2.050000036507845014, 0.4000000000000000222 ) ;
#4815 = ORIENTED_EDGE ( 'NONE', *, *, #5330, .T. ) ;
#4816 = CARTESIAN_POINT ( 'NONE',  ( 13.60729121006570885, 2.499269545505796053, 5.258211854229417170 ) ) ;
#4817 = CARTESIAN_POINT ( 'NONE',  ( 12.55729126743518975, 4.599269540290389813, 6.483211872483341409 ) ) ;
#4818 = ADVANCED_FACE ( 'NONE', ( #3370 ), #636, .T. ) ;
#4819 = CARTESIAN_POINT ( 'NONE',  ( 10.15910876266714702, 2.296253068025776667, 5.003285359567566815 ) ) ;
#4820 = DIRECTION ( 'NONE',  ( 0.000000000000000000, 0.000000000000000000, 1.000000000000000000 ) ) ;
#4821 = VERTEX_POINT ( 'NONE', #92 ) ;
#4822 = VERTEX_POINT ( 'NONE', #1234 ) ;
#4823 = AXIS2_PLACEMENT_3D ( 'NONE', #7117, #3354, #508 ) ;
#4824 = EDGE_CURVE ( 'NONE', #2186, #6244, #6233, .T. ) ;
#4825 = CARTESIAN_POINT ( 'NONE',  ( 14.26026652642223880, 6.050516250021106934, 2.377261198047134538 ) ) ;
#4826 = FACE_OUTER_BOUND ( 'NONE', #4611, .T. ) ;
#4827 = CYLINDRICAL_SURFACE ( 'NONE', #5520, 0.1999999999999996503 ) ;
#4828 = CIRCLE ( 'NONE', #194, 1.050000015646217477 ) ;
#4829 = CARTESIAN_POINT ( 'NONE',  ( 13.63309632822446282, 5.649269529859577865, 5.783211862052529462 ) ) ;
#4830 = ORIENTED_EDGE ( 'NONE', *, *, #1703, .F. ) ;
#4831 = DIRECTION ( 'NONE',  ( 0.000000000000000000, 1.000000000000000000, 0.000000000000000000 ) ) ;
#4833 = ORIENTED_EDGE ( 'NONE', *, *, #3489, .T. ) ;
#4832 = CARTESIAN_POINT ( 'NONE',  ( 9.936176590896238281, 2.649269550721203181, 1.672654518567642024 ) ) ;
#4834 = AXIS2_PLACEMENT_3D ( 'NONE', #5697, #3419, #6368 ) ;
#4835 = VECTOR ( 'NONE', #1616, 1000.000000000000000 ) ;
#4836 = DIRECTION ( 'NONE',  ( -0.5425863826308434668, 0.000000000000000000, 0.8400000103473663771 ) ) ;
#4837 = CARTESIAN_POINT ( 'NONE',  ( 10.74314421482807091, 6.011214318237783516, 5.711216567335491767 ) ) ;
#4838 = CARTESIAN_POINT ( 'NONE',  ( 11.48970279241824421, 1.849269540290390479, 5.765623475697482903 ) ) ;
#4839 = DIRECTION ( 'NONE',  ( -0.000000000000000000, 1.000000000000000000, 0.000000000000000000 ) ) ;
#4840 = APPROVAL_STATUS ( 'not_yet_approved' ) ;
#4841 = PRODUCT_DEFINITION_SHAPE ( 'NONE', 'NONE',  #7185 ) ;
#4843 = ORIENTED_EDGE ( 'NONE', *, *, #6700, .T. ) ;
#4842 = FACE_OUTER_BOUND ( 'NONE', #5785, .T. ) ;
#4844 = EDGE_CURVE ( 'NONE', #3010, #6618, #4850, .T. ) ;
#4845 = EDGE_LOOP ( 'NONE', ( #6426, #3891 ) ) ;
#4846 = CYLINDRICAL_SURFACE ( 'NONE', #1481, 0.1999999999999993727 ) ;
#4847 = APPROVAL_DATE_TIME ( #2072, #5507 ) ;
#4848 = EDGE_LOOP ( 'NONE', ( #5319, #6939, #6270, #1592, #7028, #6109, #6789, #421, #5128, #3 ) ) ;
#4849 = CARTESIAN_POINT ( 'NONE',  ( -9.313053400413474847, 8.411944502907775956, 0.6912893774289212701 ) ) ;
#4850 = CIRCLE ( 'NONE', #2326, 0.2000000000000000944 ) ;
#4851 = LINE ( 'NONE', #5294, #1130 ) ;
#4852 = VECTOR ( 'NONE', #979, 1000.000000000000000 ) ;
#4853 = ADVANCED_FACE ( 'NONE', ( #165 ), #5240, .F. ) ;
#4854 = CYLINDRICAL_SURFACE ( 'NONE', #5993, 0.4000000000000001887 ) ;
#4855 = CARTESIAN_POINT ( 'NONE',  ( -11.06800111946578902, 8.049999714529571193, -2.036715380008108145 ) ) ;
#4856 = ORIENTED_EDGE ( 'NONE', *, *, #5111, .T. ) ;
#4858 = EDGE_CURVE ( 'NONE', #667, #4163, #1879, .T. ) ;
#4857 = FACE_OUTER_BOUND ( 'NONE', #5209, .T. ) ;
#4859 = CARTESIAN_POINT ( 'NONE',  ( 14.65729122571193699, 2.149269540290390523, 4.033211835975495596 ) ) ;
#4860 = CARTESIAN_POINT ( 'NONE',  ( 9.880897950446232869, 7.049269540290389990, 1.783211799467650405 ) ) ;
#4861 = FACE_OUTER_BOUND ( 'NONE', #7123, .T. ) ;
#4862 = ADVANCED_FACE ( 'NONE', ( #6269 ), #4150, .T. ) ;
#4863 = VERTEX_POINT ( 'NONE', #4699 ) ;
#4864 = VECTOR ( 'NONE', #1729, 1000.000000000000000 ) ;
#4865 = CARTESIAN_POINT ( 'NONE',  ( 9.757291152696254244, 7.049269540290389990, 4.033211835975495596 ) ) ;
#4867 = ORIENTED_EDGE ( 'NONE', *, *, #4943, .F. ) ;
#4866 = CARTESIAN_POINT ( 'NONE',  ( 8.707291137050036767, 2.259826821190400015, 3.730425426260042698 ) ) ;
#4868 = CARTESIAN_POINT ( 'NONE',  ( 10.48216489765063564, 5.649269529859578753, 5.783211862052531238 ) ) ;
#4869 = LINE ( 'NONE', #4221, #4496 ) ;
#4870 = LINE ( 'NONE', #7092, #1080 ) ;
#4871 = AXIS2_PLACEMENT_3D ( 'NONE', #4894, #7115, #3638 ) ;
#4872 = AXIS2_PLACEMENT_3D ( 'NONE', #6231, #2960, #5162 ) ;
#4873 = CARTESIAN_POINT ( 'NONE',  ( 13.63167036409815758, 5.950002325822681293, 0.1190700547444332319 ) ) ;
#4874 = DATE_AND_TIME ( #2823, #5247 ) ;
#4875 = VECTOR ( 'NONE', #4820, 1000.000000000000000 ) ;
#4877 = ORIENTED_EDGE ( 'NONE', *, *, #4250, .F. ) ;
#4876 = CARTESIAN_POINT ( 'NONE',  ( -10.36800111946578973, 3.849999724960383674, -2.736715390438920092 ) ) ;
#4878 = LOCAL_TIME ( 18, 13, 43.00000000000000000, #1240 ) ;
#4879 = ORIENTED_EDGE ( 'NONE', *, *, #2953, .F. ) ;
#4880 = PLANE ( 'NONE',  #4246 ) ;
#4881 = PRODUCT_RELATED_PRODUCT_CATEGORY ( 'detail', '', ( #4518 ) ) ;
#4882 = ADVANCED_FACE ( 'NONE', ( #2961 ), #3609, .T. ) ;
#4883 = DATE_AND_TIME ( #568, #4665 ) ;
#4884 = ORIENTED_EDGE ( 'NONE', *, *, #3082, .F. ) ;
#4885 = CARTESIAN_POINT ( 'NONE',  ( 9.201235478273847690, 2.149269540290390523, 3.142536743812421651 ) ) ;
#4886 = LOCAL_TIME ( 18, 13, 43.00000000000000000, #3649 ) ;
#4887 = LINE ( 'NONE', #4817, #4364 ) ;
#4888 = VERTEX_POINT ( 'NONE', #5723 ) ;
#4889 = DIRECTION ( 'NONE',  ( 0.000000000000000000, 0.000000000000000000, -1.000000000000000000 ) ) ;
#4890 = PRODUCT_RELATED_PRODUCT_CATEGORY ( 'detail', '', ( #2014 ) ) ;
#4891 = DIRECTION ( 'NONE',  ( 1.000000000000000000, 0.000000000000000000, 0.000000000000000000 ) ) ;
#4892 = ORIENTED_EDGE ( 'NONE', *, *, #7127, .T. ) ;
#4893 = LINE ( 'NONE', #1137, #3840 ) ;
#4894 = CARTESIAN_POINT ( 'NONE',  ( 12.55729126743518975, 1.949269540290390568, 1.783211799467650405 ) ) ;
#4895 = DIRECTION ( 'NONE',  ( 0.4472135954999588714, 0.000000000000000000, -0.8944271909999156334 ) ) ;
#4896 = EDGE_CURVE ( 'NONE', #2339, #1472, #6014, .T. ) ;
#4897 = DIRECTION ( 'NONE',  ( 0.000000000000000000, 0.000000000000000000, -1.000000000000000000 ) ) ;
#4898 = ORIENTED_EDGE ( 'NONE', *, *, #3213, .F. ) ;
#4899 = CARTESIAN_POINT ( 'NONE',  ( 10.08167032237490801, 5.250002325822681115, -1.980929997409633270 ) ) ;
#4900 = VECTOR ( 'NONE', #1482, 1000.000000000000000 ) ;
#4902 = ORIENTED_EDGE ( 'NONE', *, *, #4119, .T. ) ;
#4901 = CARTESIAN_POINT ( 'NONE',  ( -10.06800111946578902, 6.999999688452536617, 1.063284672145958787 ) ) ;
#4903 = CARTESIAN_POINT ( 'NONE',  ( 13.97905823893396082, 2.649269550721202293, 5.083211862052529284 ) ) ;
#4904 = CARTESIAN_POINT ( 'NONE',  ( 14.18368442274654306, 5.649269529859577865, 2.083211809898461997 ) ) ;
#4905 = CARTESIAN_POINT ( 'NONE',  ( -8.618001082957942316, 9.449999724960381542, -0.9867153539310745680 ) ) ;
#4906 = ADVANCED_FACE ( 'NONE', ( #3481 ), #6877, .T. ) ;
#4907 = ORIENTED_EDGE ( 'NONE', *, *, #1219, .F. ) ;
#4909 = EDGE_LOOP ( 'NONE', ( #6656, #266, #5325, #6541 ) ) ;
#4908 = LINE ( 'NONE', #5418, #6034 ) ;
#4910 = CONTEXT_DEPENDENT_SHAPE_REPRESENTATION ( #3045, #1956 ) ;
#4912 = ORIENTED_EDGE ( 'NONE', *, *, #2271, .F. ) ;
#4911 = DIRECTION ( 'NONE',  ( 0.000000000000000000, 0.000000000000000000, 1.000000000000000000 ) ) ;
#4913 = EDGE_CURVE ( 'NONE', #3877, #4087, #5719, .T. ) ;
#4914 = EDGE_LOOP ( 'NONE', ( #868, #850, #411, #857 ) ) ;
#4915 = CARTESIAN_POINT ( 'NONE',  ( 14.65729122571193699, 1.849269540290390479, 1.983211799467650360 ) ) ;
#4916 = PERSON_AND_ORGANIZATION_ROLE ( 'classification_officer' ) ;
#4917 = VERTEX_POINT ( 'NONE', #3032 ) ;
#4918 = EDGE_LOOP ( 'NONE', ( #1687, #3762, #514, #466 ) ) ;
#4919 = LINE ( 'NONE', #5585, #4167 ) ;
#4920 = AXIS2_PLACEMENT_3D ( 'NONE', #2313, #4512, #6726 ) ;
#4921 = CARTESIAN_POINT ( 'NONE',  ( -8.618001082957942316, 9.449999724960381542, -0.9867153539310745680 ) ) ;
#4922 = ORIENTED_EDGE ( 'NONE', *, *, #4060, .T. ) ;
#4923 = LINE ( 'NONE', #2150, #3334 ) ;
#4924 = AXIS2_PLACEMENT_3D ( 'NONE', #645, #63, #2254 ) ;
#4925 = DIRECTION ( 'NONE',  ( 1.000000000000000000, 0.000000000000000000, 0.000000000000000000 ) ) ;
#4926 = ORIENTED_EDGE ( 'NONE', *, *, #970, .T. ) ;
#4927 = ORIENTED_EDGE ( 'NONE', *, *, #129, .T. ) ;
#4928 = CARTESIAN_POINT ( 'NONE',  ( 14.26026652642203807, 3.148022830559795260, 2.377261198047272206 ) ) ;
#4929 = CARTESIAN_POINT ( 'NONE',  ( 9.160927982740824760, 6.549269529830725745, 2.775938139378509639 ) ) ;
#4930 = CARTESIAN_POINT ( 'NONE',  ( 13.63167036409815758, 5.950002325822681293, -1.980929997409633270 ) ) ;
#4931 = CARTESIAN_POINT ( 'NONE',  ( -10.36800111946578973, 3.849999724960383674, -3.436715390438920270 ) ) ;
#4932 = EDGE_CURVE ( 'NONE', #1444, #5614, #2052, .T. ) ;
#4933 = CLOSED_SHELL ( 'NONE', ( #1272, #3061, #4427, #6627, #6829, #2568, #5262, #3989, #5309, #2736, #4772, #6054, #3712, #7063, #3751, #4731, #6165, #1936, #562, #586, #4882, #3892, #2606, #749, #1018, #6204, #1899, #6815, #3995, #6493, #1989, #1252, #4906, #755, #3227, #2030, #3189, #3445, #950, #3058, #4464, #2174, #4158, #5470, #2350, #1692, #2908, #124, #5210, #6371, #216, #6259, #4631, #5389, #2819, #6657, #6903, #3800, #68, #6866, #2915, #4428, #4641, #4615, #4697, #200, #930, #3692, #720, #2889, #3805, #82, #2167, #1586, #1247, #5466, #5393, #5798, #415, #1261, #5508, #3324, #2750, #4573, #1031, #5036, #1162, #3411, #3333, #4758, #3722, #4990, #33, #6776, #4026, #2077, #1243, #1914, #322, #3501, #2861, #5898, #5345, #5195, #4862, #1575, #5932, #329, #4652, #738, #5490, #3523, #1636, #6121, #3652, #168, #5537, #4953, #2844, #6114 ) ) ;
#4934 = ORIENTED_EDGE ( 'NONE', *, *, #1498, .T. ) ;
#4935 = ADVANCED_FACE ( 'NONE', ( #196 ), #4049, .F. ) ;
#4936 = CARTESIAN_POINT ( 'NONE',  ( 10.90575012321624193, 7.034045446792648093, 6.483211872483341409 ) ) ;
#4938 = VERTEX_POINT ( 'NONE', #1303 ) ;
#4937 = CARTESIAN_POINT ( 'NONE',  ( -11.06800111946578902, 5.455024988560611909, 0.5582594189765417436 ) ) ;
#4939 = CARTESIAN_POINT ( 'NONE',  ( -9.668001098604165122, 9.449999724960381542, -1.336715359146480431 ) ) ;
#4940 = CARTESIAN_POINT ( 'NONE',  ( 13.23167036409815722, 8.050002304961058286, -1.980929997409633270 ) ) ;
#4941 = CARTESIAN_POINT ( 'NONE',  ( 11.47214085549942553, 7.349269540290390701, 1.583211799467650449 ) ) ;
#4942 = AXIS2_PLACEMENT_3D ( 'NONE', #2662, #4244, #3165 ) ;
#4943 = EDGE_CURVE ( 'NONE', #6862, #5322, #4103, .T. ) ;
#4944 = EDGE_LOOP ( 'NONE', ( #2384, #3434, #6926, #497 ) ) ;
#4946 = EDGE_LOOP ( 'NONE', ( #1389, #5804, #158, #6902 ) ) ;
#4945 = CARTESIAN_POINT ( 'NONE',  ( 14.94323200852253919, 7.000002315391870233, -3.380930007840445395 ) ) ;
#4947 = COORDINATED_UNIVERSAL_TIME_OFFSET ( 1, 0, .AHEAD. ) ;
#4949 = EDGE_LOOP ( 'NONE', ( #3243, #3507, #1067, #4032 ) ) ;
#4948 = DIRECTION ( 'NONE',  ( 0.4472135954999579277, 0.000000000000000000, -0.8944271909999158554 ) ) ;
#4950 = EDGE_CURVE ( 'NONE', #486, #603, #1406, .T. ) ;
#4951 = AXIS2_PLACEMENT_3D ( 'NONE', #6767, #1807, #5677 ) ;
#4952 = ORIENTED_EDGE ( 'NONE', *, *, #2424, .F. ) ;
#4953 = ADVANCED_FACE ( 'NONE', ( #853 ), #5136, .T. ) ;
#4954 = LINE ( 'NONE', #1160, #5769 ) ;
#4955 = EDGE_CURVE ( 'NONE', #4027, #7104, #1270, .T. ) ;
#4956 = CARTESIAN_POINT ( 'NONE',  ( 9.757291152696254244, 1.449269540290390568, 4.033211835975495596 ) ) ;
#4957 = MECHANICAL_CONTEXT ( 'NONE', #7022, 'mechanical' ) ;
#4959 = EDGE_LOOP ( 'NONE', ( #299, #3418, #6295, #3181, #3773 ) ) ;
#4958 = DIRECTION ( 'NONE',  ( -0.000000000000000000, 0.000000000000000000, 1.000000000000000000 ) ) ;
#4960 = DIRECTION ( 'NONE',  ( 0.000000000000000000, -1.000000000000000000, 0.000000000000000000 ) ) ;
#4961 = CARTESIAN_POINT ( 'NONE',  ( 14.65729122571193699, 1.949269540290390568, 4.033211835975495596 ) ) ;
#4962 =( BOUNDED_CURVE ( )  B_SPLINE_CURVE ( 3, ( #5641, #2928, #3404, #6113 ),
 .UNSPECIFIED., .F., .F. ) 
 B_SPLINE_CURVE_WITH_KNOTS ( ( 4, 4 ),
 ( 4.712388980384688786, 5.497787143782135288 ),
 .UNSPECIFIED. ) 
 CURVE ( )  GEOMETRIC_REPRESENTATION_ITEM ( )  RATIONAL_B_SPLINE_CURVE ( ( 1.000000000000000000, 0.9492530216741912330, 0.9492530216741912330, 1.000000000000000000 ) ) 
 REPRESENTATION_ITEM ( '' )  );
#4963 = ORIENTED_EDGE ( 'NONE', *, *, #2652, .T. ) ;
#4964 = PERSON ( 'NAUO-PER3', 'UNSPECIFIED', 'UNSPECIFIED', ('UNSPECIFIED'), ('UNSPECIFIED'), ('UNSPECIFIED') ) ;
#4965 = CARTESIAN_POINT ( 'NONE',  ( 12.51408196731230227, 3.850002315391870322, 0.8014816683893866145 ) ) ;
#4966 = LINE ( 'NONE', #2190, #3964 ) ;
#4967 = ORIENTED_EDGE ( 'NONE', *, *, #420, .T. ) ;
#4968 = CARTESIAN_POINT ( 'NONE',  ( 14.00032365415185609, 2.849347546344283000, 5.093661158153036439 ) ) ;
#4969 = CARTESIAN_POINT ( 'NONE',  ( 14.65729122571193699, 7.049269540290389990, 4.033211835975495596 ) ) ;
#4970 = DIRECTION ( 'NONE',  ( 0.000000000000000000, 0.000000000000000000, -1.000000000000000000 ) ) ;
#4971 = CARTESIAN_POINT ( 'NONE',  ( 8.707291137050036767, 2.259826821190400015, 3.730425426260042698 ) ) ;
#4972 = CIRCLE ( 'NONE', #3011, 0.2000000000000005107 ) ;
#4973 = AXIS2_PLACEMENT_3D ( 'NONE', #2314, #3436, #4472 ) ;
#4974 = VERTEX_POINT ( 'NONE', #6552 ) ;
#4975 = PLANE ( 'NONE',  #952 ) ;
#4976 = EDGE_CURVE ( 'NONE', #3972, #4552, #1096, .T. ) ;
#4978 = ORIENTED_EDGE ( 'NONE', *, *, #973, .F. ) ;
#4977 = CARTESIAN_POINT ( 'NONE',  ( -8.268001067311724128, 3.849999724960383674, -0.9867153539310745680 ) ) ;
#4979 = FACE_OUTER_BOUND ( 'NONE', #937, .T. ) ;
#4980 = DIRECTION ( 'NONE',  ( 1.000000000000000000, 0.000000000000000000, 0.000000000000000000 ) ) ;
#4981 = DIRECTION ( 'NONE',  ( -0.000000000000000000, 1.000000000000000000, -0.000000000000000000 ) ) ;
#4982 = AXIS2_PLACEMENT_3D ( 'NONE', #5427, #4456, #4418 ) ;
#4983 = EDGE_LOOP ( 'NONE', ( #4422, #3870, #5680, #3286 ) ) ;
#4985 = ORIENTED_EDGE ( 'NONE', *, *, #453, .T. ) ;
#4984 = CARTESIAN_POINT ( 'NONE',  ( 14.08757551546012898, 2.649269550721202293, 4.915211859983055653 ) ) ;
#4987 = ORIENTED_EDGE ( 'NONE', *, *, #4051, .F. ) ;
#4986 = DIRECTION ( 'NONE',  ( 0.000000000000000000, 0.000000000000000000, -1.000000000000000000 ) ) ;
#4988 = AXIS2_PLACEMENT_3D ( 'NONE', #5487, #4802, #4765 ) ;
#4989 = VECTOR ( 'NONE', #6199, 1000.000000000000000 ) ;
#4990 = ADVANCED_FACE ( 'NONE', ( #957 ), #6479, .T. ) ;
#4991 = ORIENTED_EDGE ( 'NONE', *, *, #4115, .F. ) ;
#4992 = FACE_OUTER_BOUND ( 'NONE', #2878, .T. ) ;
#4993 = ADVANCED_FACE ( 'NONE', ( #410 ), #2607, .F. ) ;
#4994 = CIRCLE ( 'NONE', #2348, 0.1999999999999996503 ) ;
#4995 = CARTESIAN_POINT ( 'NONE',  ( 8.707291137050036767, 6.749269529859585504, 4.033211835975495596 ) ) ;
#4996 = DATE_AND_TIME ( #6639, #6974 ) ;
#4998 = VERTEX_POINT ( 'NONE', #1475 ) ;
#4997 = CARTESIAN_POINT ( 'NONE',  ( 12.55729126743518975, 2.499269545505796053, 1.583211799467650227 ) ) ;
#4999 = DIRECTION ( 'NONE',  ( 1.000000000000000000, 0.000000000000000000, 0.000000000000000000 ) ) ;
#5000 = CYLINDRICAL_SURFACE ( 'NONE', #539, 0.2999999999999999334 ) ;
#5001 = AXIS2_PLACEMENT_3D ( 'NONE', #5773, #5218, #6857 ) ;
#5002 = ORIENTED_EDGE ( 'NONE', *, *, #5441, .F. ) ;
#5003 = AXIS2_PLACEMENT_3D ( 'NONE', #3536, #4621, #4585 ) ;
#5004 = DIRECTION ( 'NONE',  ( 0.9238795325112861834, 0.000000000000000000, -0.3826834323650911696 ) ) ;
#5005 = EDGE_CURVE ( 'NONE', #6618, #1614, #2570, .T. ) ;
#5006 = LOCAL_TIME ( 18, 13, 43.00000000000000000, #5943 ) ;
#5007 = ORIENTED_EDGE ( 'NONE', *, *, #705, .F. ) ;
#5008 = CARTESIAN_POINT ( 'NONE',  ( 14.30729122049651991, 3.549269550721202648, 2.283211809898462619 ) ) ;
#5009 =( BOUNDED_SURFACE ( )  B_SPLINE_SURFACE ( 3, 2, ( 
 ( #1929, #2517, #1355 ),
 ( #4133, #1255, #6352 ),
 ( #1392, #3590, #835 ),
 ( #3056, #6428, #5979 ),
 ( #2684, #428, #1428 ),
 ( #4306, #1964, #3122 ) ),
 .UNSPECIFIED., .F., .F., .F. ) 
 B_SPLINE_SURFACE_WITH_KNOTS ( ( 4, 2, 4 ),
 ( 3, 3 ),
 ( 0.000000000000000000, 0.7853981633974482790, 1.570796326794896558 ),
 ( 0.000000000000000000, 1.000000000000000000 ),
 .UNSPECIFIED. ) 
 GEOMETRIC_REPRESENTATION_ITEM ( )  RATIONAL_B_SPLINE_SURFACE ( (
 ( 1.000000000000000000, 0.9732489894677301967, 1.000000000000000000),
 ( 1.000000000000000000, 0.9733837824212661083, 1.000000000000000000),
 ( 1.000000000000000000, 0.9492708901844564284, 1.000000000000000000),
 ( 1.000000000000000000, 0.8576355999437272892, 1.000000000000000000),
 ( 1.000000000000000000, 0.7900730586710686953, 1.000000000000000000),
 ( 1.000000000000000000, 0.7071067811865471286, 1.000000000000000000) ) ) 
 REPRESENTATION_ITEM ( '' )  SURFACE ( )  );
#5010 = CARTESIAN_POINT ( 'NONE',  ( 9.328641038969246679, 6.435677287023525039, 2.440512026921664024 ) ) ;
#5011 = EDGE_CURVE ( 'NONE', #6252, #2897, #3678, .T. ) ;
#5012 = CARTESIAN_POINT ( 'NONE',  ( 11.88970279241824457, 7.749269540290391056, 5.924063709304787650 ) ) ;
#5013 = SECURITY_CLASSIFICATION ( '', '', #5282 ) ;
#5014 = VECTOR ( 'NONE', #5202, 1000.000000000000000 ) ;
#5015 = DIRECTION ( 'NONE',  ( 0.000000000000000000, -1.000000000000000000, 0.000000000000000000 ) ) ;
#5016 = CARTESIAN_POINT ( 'NONE',  ( 8.707291137050036767, 7.049269540290389990, 3.730425426260042698 ) ) ;
#5018 = ORIENTED_EDGE ( 'NONE', *, *, #3708, .F. ) ;
#5017 = CARTESIAN_POINT ( 'NONE',  ( 9.731670311944094820, 9.450002315391870411, -0.9309299713326001369 ) ) ;
#5019 = DIRECTION ( 'NONE',  ( 1.000000000000000000, 0.000000000000000000, 0.000000000000000000 ) ) ;
#5020 = DIRECTION ( 'NONE',  ( 0.4472135954999579277, 0.000000000000000000, -0.8944271909999158554 ) ) ;
#5021 = LINE ( 'NONE', #50, #4677 ) ;
#5022 = ADVANCED_FACE ( 'NONE', ( #2634 ), #5856, .T. ) ;
#5023 = AXIS2_PLACEMENT_3D ( 'NONE', #5852, #1402, #5160 ) ;
#5024 = ORIENTED_EDGE ( 'NONE', *, *, #3620, .F. ) ;
#5026 = ORIENTED_EDGE ( 'NONE', *, *, #4776, .F. ) ;
#5025 = CARTESIAN_POINT ( 'NONE',  ( 10.37662177133989694, 2.978317892005528211, 5.528408215098401080 ) ) ;
#5027 = ITEM_DEFINED_TRANSFORMATION ( 'NONE', 'NONE', #250,  #4081 ) ;
#5029 = ORIENTED_EDGE ( 'NONE', *, *, #2253, .T. ) ;
#5028 = FACE_OUTER_BOUND ( 'NONE', #811, .T. ) ;
#5030 = AXIS2_PLACEMENT_3D ( 'NONE', #5540, #2251, #4452 ) ;
#5031 = APPROVAL ( #3416, 'UNSPECIFIED' ) ;
#5032 = ORIENTED_EDGE ( 'NONE', *, *, #4597, .T. ) ;
#5033 = DIRECTION ( 'NONE',  ( 0.000000000000000000, 1.000000000000000000, 0.000000000000000000 ) ) ;
#5034 = CARTESIAN_POINT ( 'NONE',  ( -8.618001082957942316, 10.14999972496038261, -0.9867153539310745680 ) ) ;
#5035 = PERSON_AND_ORGANIZATION_ROLE ( 'creator' ) ;
#5036 = ADVANCED_FACE ( 'NONE', ( #4218 ), #1513, .T. ) ;
#5037 = VERTEX_POINT ( 'NONE', #2091 ) ;
#5038 = LINE ( 'NONE', #2258, #1985 ) ;
#5039 = CARTESIAN_POINT ( 'NONE',  ( -9.668001098604165122, 4.549999724960382963, -0.9867153539310745680 ) ) ;
#5040 = ORIENTED_EDGE ( 'NONE', *, *, #3213, .T. ) ;
#5041 = DIRECTION ( 'NONE',  ( 0.000000000000000000, -1.000000000000000000, 0.000000000000000000 ) ) ;
#5042 = DIRECTION ( 'NONE',  ( -1.000000000000000000, 0.000000000000000000, 0.000000000000000000 ) ) ;
#5043 = ORIENTED_EDGE ( 'NONE', *, *, #3107, .F. ) ;
#5044 = ORIENTED_EDGE ( 'NONE', *, *, #1176, .F. ) ;
#5045 = CARTESIAN_POINT ( 'NONE',  ( 13.95963667166041589, 2.837891751669487483, 2.978520907570916698 ) ) ;
#5046 = CARTESIAN_POINT ( 'NONE',  ( 9.730897945230825741, 5.649269529859577865, 2.283211809898462175 ) ) ;
#5047 = EDGE_CURVE ( 'NONE', #1893, #3733, #3999, .T. ) ;
#5048 = DIRECTION ( 'NONE',  ( 0.9238795325112854062, 0.000000000000000000, -0.3826834323650931124 ) ) ;
#5049 = AXIS2_PLACEMENT_3D ( 'NONE', #1765, #477, #7159 ) ;
#5050 = ORIENTED_EDGE ( 'NONE', *, *, #6334, .T. ) ;
#5051 = EDGE_CURVE ( 'NONE', #5536, #2479, #5347, .T. ) ;
#5052 = CARTESIAN_POINT ( 'NONE',  ( 9.552012507030845256, 3.549269550721202648, 1.993769090798470200 ) ) ;
#5054 = ORIENTED_EDGE ( 'NONE', *, *, #3635, .F. ) ;
#5053 = LINE ( 'NONE', #3359, #3239 ) ;
#5055 = PLANE ( 'NONE',  #4530 ) ;
#5056 = DIRECTION ( 'NONE',  ( 0.000000000000000000, 1.000000000000000000, 0.000000000000000000 ) ) ;
#5057 = DIRECTION ( 'NONE',  ( -0.000000000000000000, -1.000000000000000000, 0.000000000000000000 ) ) ;
#5059 = ORIENTED_EDGE ( 'NONE', *, *, #825, .F. ) ;
#5058 = CARTESIAN_POINT ( 'NONE',  ( 10.22391793754568567, 2.649269550721202293, 5.159748548525544543 ) ) ;
#5061 = VERTEX_POINT ( 'NONE', #4763 ) ;
#5060 = DIRECTION ( 'NONE',  ( 1.000000000000000000, 0.000000000000000000, 0.000000000000000000 ) ) ;
#5062 = ADVANCED_FACE ( 'NONE', ( #4800 ), #1805, .F. ) ;
#5063 = CIRCLE ( 'NONE', #4241, 1.050000015646217477 ) ;
#5064 = VERTEX_POINT ( 'NONE', #6515 ) ;
#5065 = CONICAL_SURFACE ( 'NONE', #1487, 1.050000015646217477, 0.7853981633974476129 ) ;
#5066 = ORIENTED_EDGE ( 'NONE', *, *, #1397, .T. ) ;
#5067 = DIRECTION ( 'NONE',  ( 0.000000000000000000, 0.000000000000000000, 1.000000000000000000 ) ) ;
#5068 = CARTESIAN_POINT ( 'NONE',  ( 13.60729124657357936, 2.499269545505796053, 1.583211799467650227 ) ) ;
#5069 = PERSON_AND_ORGANIZATION ( #6958, #2931 ) ;
#5071 = ORIENTED_EDGE ( 'NONE', *, *, #517, .F. ) ;
#5070 = CARTESIAN_POINT ( 'NONE',  ( -9.130852479710627634, 5.249999735391196687, 0.2514174435912421846 ) ) ;
#5072 = EDGE_CURVE ( 'NONE', #1105, #1789, #4695, .T. ) ;
#5073 = LINE ( 'NONE', #4701, #5692 ) ;
#5074 = AXIS2_PLACEMENT_3D ( 'NONE', #784, #4053, #2999 ) ;
#5075 = CARTESIAN_POINT ( 'NONE',  ( -10.06800111946578902, 8.749999714529577588, -2.036715380008108145 ) ) ;
#5076 = ORIENTED_EDGE ( 'NONE', *, *, #6921, .T. ) ;
#5077 = DIRECTION ( 'NONE',  ( 1.000000000000000000, 0.000000000000000000, 0.000000000000000000 ) ) ;
#5078 = DIRECTION ( 'NONE',  ( -0.000000000000000000, -1.000000000000000000, -0.000000000000000000 ) ) ;
#5079 = ORIENTED_EDGE ( 'NONE', *, *, #2320, .F. ) ;
#5080 = VERTEX_POINT ( 'NONE', #1025 ) ;
#5081 = CARTESIAN_POINT ( 'NONE',  ( 11.18348793756120507, 4.550002315391870056, 0.03914355225947121347 ) ) ;
#5082 = CARTESIAN_POINT ( 'NONE',  ( 9.398684502421060571, 6.331050397581184264, 2.799988276491531813 ) ) ;
#5083 = CARTESIAN_POINT ( 'NONE',  ( 8.728405698850053795, 2.349269540290390701, 3.640982707160051124 ) ) ;
#5084 = FACE_OUTER_BOUND ( 'NONE', #5453, .T. ) ;
#5085 = EDGE_CURVE ( 'NONE', #3003, #2536, #1443, .T. ) ;
#5086 = EDGE_LOOP ( 'NONE', ( #5959, #2716, #1625, #3351 ) ) ;
#5087 = EDGE_CURVE ( 'NONE', #4094, #2933, #379, .T. ) ;
#5088 = FACE_OUTER_BOUND ( 'NONE', #1666, .T. ) ;
#5090 = VERTEX_POINT ( 'NONE', #5411 ) ;
#5089 = CARTESIAN_POINT ( 'NONE',  ( 12.51408196731230227, 9.450002315391870411, 0.8014816683893866145 ) ) ;
#5091 = DIRECTION ( 'NONE',  ( 0.000000000000000000, 1.000000000000000000, 0.000000000000000000 ) ) ;
#5092 = DIRECTION ( 'NONE',  ( 0.000000000000000000, 0.000000000000000000, -1.000000000000000000 ) ) ;
#5093 = CIRCLE ( 'NONE', #4387, 0.2000000000000002887 ) ;
#5094 = CARTESIAN_POINT ( 'NONE',  ( 14.51256986616193245, 7.049269540290389990, 1.872654518567642645 ) ) ;
#5095 = EDGE_CURVE ( 'NONE', #3781, #6553, #3644, .T. ) ;
#5096 = ORIENTED_EDGE ( 'NONE', *, *, #4648, .T. ) ;
#5097 = CARTESIAN_POINT ( 'NONE',  ( 10.91957970034929382, 6.549269529859585326, 6.316599425159840742 ) ) ;
#5099 = EDGE_LOOP ( 'NONE', ( #530, #2242, #1716, #6988 ) ) ;
#5098 = DIRECTION ( 'NONE',  ( 0.000000000000000000, -1.000000000000000000, 0.000000000000000000 ) ) ;
#5100 = ADVANCED_FACE ( 'NONE', ( #4322 ), #478, .T. ) ;
#5101 = ORIENTED_EDGE ( 'NONE', *, *, #338, .F. ) ;
#5102 = CARTESIAN_POINT ( 'NONE',  ( 14.65729122571193699, 1.849269540290390479, 6.083211872483341054 ) ) ;
#5103 = LINE ( 'NONE', #4565, #163 ) ;
#5104 = PERSON_AND_ORGANIZATION_ROLE ( 'creator' ) ;
#5105 = CIRCLE ( 'NONE', #5214, 0.6500000156462177880 ) ;
#5106 = ORIENTED_EDGE ( 'NONE', *, *, #2656, .T. ) ;
#5107 = CARTESIAN_POINT ( 'NONE',  ( 8.751279197332575421, 6.968526368062994969, 3.682464398145455231 ) ) ;
#5108 = CIRCLE ( 'NONE', #3721, 2.050000036507845014 ) ;
#5109 = VERTEX_POINT ( 'NONE', #4977 ) ;
#5110 = CC_DESIGN_DATE_AND_TIME_ASSIGNMENT ( #1669, #4340, ( #6635 ) ) ;
#5111 = EDGE_CURVE ( 'NONE', #4586, #2786, #6069, .T. ) ;
#5112 = DIRECTION ( 'NONE',  ( 0.000000000000000000, 0.000000000000000000, 1.000000000000000000 ) ) ;
#5113 = AXIS2_PLACEMENT_3D ( 'NONE', #4613, #1287, #692 ) ;
#5114 = DIRECTION ( 'NONE',  ( 0.8295253477557082977, 0.5584690657778383915, -5.934535465819731811E-15 ) ) ;
#5115 = ORIENTED_EDGE ( 'NONE', *, *, #5660, .T. ) ;
#5116 = ORIENTED_EDGE ( 'NONE', *, *, #6215, .T. ) ;
#5117 = DIRECTION ( 'NONE',  ( 1.000000000000000000, 0.000000000000000000, 0.000000000000000000 ) ) ;
#5118 = VECTOR ( 'NONE', #693, 1000.000000000000000 ) ;
#5119 = LINE ( 'NONE', #2444, #2578 ) ;
#5120 = DIRECTION ( 'NONE',  ( 1.000000000000000000, 0.000000000000000000, 0.000000000000000000 ) ) ;
#5121 = CARTESIAN_POINT ( 'NONE',  ( 14.18509956065411259, 6.549169249772760715, 5.173183357797627835 ) ) ;
#5122 = APPROVAL ( #488, 'UNKNOWN' ) ;
#5123 = DIRECTION ( 'NONE',  ( 1.000000000000000000, 0.000000000000000000, 0.000000000000000000 ) ) ;
#5124 = LOCAL_TIME ( 18, 13, 43.00000000000000000, #4020 ) ;
#5125 = LINE ( 'NONE', #5188, #4468 ) ;
#5126 = EDGE_CURVE ( 'NONE', #1622, #908, #4522, .T. ) ;
#5128 = ORIENTED_EDGE ( 'NONE', *, *, #6803, .T. ) ;
#5127 = CARTESIAN_POINT ( 'NONE',  ( -11.06800111946578902, 8.749999714529577588, 0.7632846721459588535 ) ) ;
#5129 = CARTESIAN_POINT ( 'NONE',  ( 12.55729126743518975, 2.499269545505796053, 6.483211872483341409 ) ) ;
#5130 = DIRECTION ( 'NONE',  ( 8.673617379884051249E-15, 0.000000000000000000, -1.000000000000000000 ) ) ;
#5131 = DIRECTION ( 'NONE',  ( 0.000000000000000000, 0.000000000000000000, -1.000000000000000000 ) ) ;
#5132 = EDGE_CURVE ( 'NONE', #6953, #2659, #1627, .T. ) ;
#5133 = CARTESIAN_POINT ( 'NONE',  ( 10.77211439563238393, 7.249269540290389280, 6.483211872483341409 ) ) ;
#5134 = LINE ( 'NONE', #3608, #6161 ) ;
#5135 = VECTOR ( 'NONE', #2735, 1000.000000000000000 ) ;
#5137 = VERTEX_POINT ( 'NONE', #4396 ) ;
#5136 = CYLINDRICAL_SURFACE ( 'NONE', #6661, 0.1999999999999996503 ) ;
#5138 = EDGE_CURVE ( 'NONE', #174, #6854, #1145, .T. ) ;
#5139 = CONICAL_SURFACE ( 'NONE', #2133, 1.050000015646217477, 0.7853981633974476129 ) ;
#5140 = LINE ( 'NONE', #4564, #6588 ) ;
#5141 = EDGE_CURVE ( 'NONE', #4974, #972, #5683, .T. ) ;
#5142 = CALENDAR_DATE ( 2024, 29, 4 ) ;
#5143 = VERTEX_POINT ( 'NONE', #2771 ) ;
#5144 = VECTOR ( 'NONE', #3571, 1000.000000000000227 ) ;
#5145 = ORIENTED_EDGE ( 'NONE', *, *, #6687, .F. ) ;
#5146 = CARTESIAN_POINT ( 'NONE',  ( 13.93167036409815829, 7.000002315391870233, -3.380930007840445395 ) ) ;
#5147 = VERTEX_POINT ( 'NONE', #1108 ) ;
#5148 = VERTEX_POINT ( 'NONE', #6586 ) ;
#5149 = CARTESIAN_POINT ( 'NONE',  ( 12.49652003039348180, 10.15000231539186970, -2.680727295505981100 ) ) ;
#5150 = CARTESIAN_POINT ( 'NONE',  ( 13.63167036409815758, 5.455027578992097226, -2.475904744240216449 ) ) ;
#5151 = CARTESIAN_POINT ( 'NONE',  ( 9.880897950446232869, 2.349269540290390701, 1.783211799467649961 ) ) ;
#5152 = CARTESIAN_POINT ( 'NONE',  ( 14.00032365415185609, 6.349191534236497958, 5.093661158153035551 ) ) ;
#5153 = FACE_OUTER_BOUND ( 'NONE', #3572, .T. ) ;
#5155 = VERTEX_POINT ( 'NONE', #1066 ) ;
#5154 = FACE_OUTER_BOUND ( 'NONE', #3149, .T. ) ;
#5156 = DIRECTION ( 'NONE',  ( 0.000000000000000000, -1.000000000000000000, 0.000000000000000000 ) ) ;
#5157 = CARTESIAN_POINT ( 'NONE',  ( -8.618001082957942316, 4.549999724960382963, -3.436715390438920270 ) ) ;
#5158 = EDGE_CURVE ( 'NONE', #7061, #1602, #5559, .T. ) ;
#5159 = CIRCLE ( 'NONE', #648, 0.2999999999999999334 ) ;
#5160 = DIRECTION ( 'NONE',  ( 0.000000000000000000, 0.000000000000000000, -1.000000000000000000 ) ) ;
#5161 = VECTOR ( 'NONE', #4172, 1000.000000000000000 ) ;
#5162 = DIRECTION ( 'NONE',  ( 0.8944271909999159664, 0.000000000000000000, 0.4472135954999579832 ) ) ;
#5164 = ORIENTED_EDGE ( 'NONE', *, *, #3372, .T. ) ;
#5163 = CARTESIAN_POINT ( 'NONE',  ( 13.40729121006570779, 6.349269529859585148, 3.635998235260132105 ) ) ;
#5165 = EDGE_CURVE ( 'NONE', #2514, #6613, #6108, .T. ) ;
#5166 = AXIS2_PLACEMENT_3D ( 'NONE', #210, #2438, #104 ) ;
#5167 = FACE_OUTER_BOUND ( 'NONE', #3968, .T. ) ;
#5168 = FACE_OUTER_BOUND ( 'NONE', #4959, .T. ) ;
#5169 = CIRCLE ( 'NONE', #4132, 2.450000036507845369 ) ;
#5170 = PERSON_AND_ORGANIZATION_ROLE ( 'creator' ) ;
#5171 = EDGE_CURVE ( 'NONE', #4118, #4138, #3933, .T. ) ;
#5173 = ORIENTED_EDGE ( 'NONE', *, *, #2585, .T. ) ;
#5172 = DIRECTION ( 'NONE',  ( 0.000000000000000000, -1.000000000000000000, 0.000000000000000000 ) ) ;
#5174 = VECTOR ( 'NONE', #2288, 1000.000000000000227 ) ;
#5175 = AXIS2_PLACEMENT_3D ( 'NONE', #649, #2870, #7107 ) ;
#5176 = EDGE_CURVE ( 'NONE', #3118, #5985, #1613, .T. ) ;
#5177 = ORIENTED_EDGE ( 'NONE', *, *, #2389, .F. ) ;
#5178 = DIRECTION ( 'NONE',  ( 0.9238795325112867385, 0.000000000000000000, -0.3826834323650899483 ) ) ;
#5179 = SHAPE_REPRESENTATION_RELATIONSHIP ( 'NONE' , 'NONE' ,  #2521, #7128 ) ;
#5180 = ORIENTED_EDGE ( 'NONE', *, *, #1191, .F. ) ;
#5181 = ORIENTED_EDGE ( 'NONE', *, *, #6153, .T. ) ;
#5182 = DIRECTION ( 'NONE',  ( -0.000000000000000000, 1.000000000000000000, -0.000000000000000000 ) ) ;
#5183 = DIRECTION ( 'NONE',  ( -1.000000000000000000, -0.000000000000000000, -0.000000000000000000 ) ) ;
#5184 = DIRECTION ( 'NONE',  ( 0.000000000000000000, 1.000000000000000000, 0.000000000000000000 ) ) ;
#5185 = AXIS2_PLACEMENT_3D ( 'NONE', #1297, #5851, #5748 ) ;
#5186 = CARTESIAN_POINT ( 'NONE',  ( 14.08757551546012543, 6.349269529859577155, 4.915211859983055653 ) ) ;
#5187 = EDGE_LOOP ( 'NONE', ( #1902, #7146, #593, #3835, #2621, #5115, #3291, #6548, #3325, #3559, #1452, #248 ) ) ;
#5188 = CARTESIAN_POINT ( 'NONE',  ( 11.47214085549942553, 7.749269540290391056, 1.983211799467650360 ) ) ;
#5190 = ORIENTED_EDGE ( 'NONE', *, *, #1448, .T. ) ;
#5189 = CARTESIAN_POINT ( 'NONE',  ( -8.968001088173350510, 9.099999719744962690, -2.736715380008108323 ) ) ;
#5191 = LINE ( 'NONE', #2926, #6274 ) ;
#5192 = DIRECTION ( 'NONE',  ( 0.9238795325112854062, 0.000000000000000000, 0.3826834323650931124 ) ) ;
#5193 = DIRECTION ( 'NONE',  ( 0.000000000000000000, 0.000000000000000000, -1.000000000000000000 ) ) ;
#5194 =( BOUNDED_CURVE ( )  B_SPLINE_CURVE ( 3, ( #3698, #6497, #6536, #4235 ),
 .UNSPECIFIED., .F., .F. ) 
 B_SPLINE_CURVE_WITH_KNOTS ( ( 4, 4 ),
 ( 0.000000000000000000, 0.7853981633974495002 ),
 .UNSPECIFIED. ) 
 CURVE ( )  GEOMETRIC_REPRESENTATION_ITEM ( )  RATIONAL_B_SPLINE_CURVE ( ( 1.000000000000000000, 0.9492530216741910110, 0.9492530216741910110, 1.000000000000000000 ) ) 
 REPRESENTATION_ITEM ( '' )  );
#5195 = ADVANCED_FACE ( 'NONE', ( #3820 ), #1403, .T. ) ;
#5196 = ORIENTED_EDGE ( 'NONE', *, *, #2791, .F. ) ;
#5197 = DIRECTION ( 'NONE',  ( -0.4472135954999579277, 0.000000000000000000, 0.8944271909999158554 ) ) ;
#5199 = ORIENTED_EDGE ( 'NONE', *, *, #1555, .T. ) ;
#5198 = DIRECTION ( 'NONE',  ( 1.000000000000000000, -0.000000000000000000, 0.000000000000000000 ) ) ;
#5200 = AXIS2_PLACEMENT_3D ( 'NONE', #3290, #4986, #5098 ) ;
#5201 = VECTOR ( 'NONE', #2377, 1000.000000000000000 ) ;
#5202 = DIRECTION ( 'NONE',  ( 1.000000000000000000, -0.000000000000000000, 0.000000000000000000 ) ) ;
#5203 = AXIS2_PLACEMENT_3D ( 'NONE', #3520, #5208, #3579 ) ;
#5204 = VECTOR ( 'NONE', #2273, 1000.000000000000000 ) ;
#5205 = CARTESIAN_POINT ( 'NONE',  ( 9.880897950446232869, 6.849269540290390701, 1.783211799467650405 ) ) ;
#5206 = CARTESIAN_POINT ( 'NONE',  ( 15.50323200852253969, 7.000002315391870233, -2.680929997409633447 ) ) ;
#5207 = DATE_AND_TIME ( #6745, #602 ) ;
#5209 = EDGE_LOOP ( 'NONE', ( #6837, #1560, #5811, #4985, #353 ) ) ;
#5208 = DIRECTION ( 'NONE',  ( 0.9238795325112867385, 0.000000000000000000, -0.3826834323650898928 ) ) ;
#5210 = ADVANCED_FACE ( 'NONE', ( #4513 ), #2234, .T. ) ;
#5211 = EDGE_CURVE ( 'NONE', #4073, #563, #2731, .T. ) ;
#5212 = ORIENTED_EDGE ( 'NONE', *, *, #1511, .T. ) ;
#5213 = CARTESIAN_POINT ( 'NONE',  ( 13.23167036409815722, 8.050002304961058286, -2.680929997409633447 ) ) ;
#5214 = AXIS2_PLACEMENT_3D ( 'NONE', #6730, #4553, #1654 ) ;
#5215 = VERTEX_POINT ( 'NONE', #5601 ) ;
#5216 = VERTEX_POINT ( 'NONE', #7160 ) ;
#5217 = LINE ( 'NONE', #5772, #6827 ) ;
#5218 = DIRECTION ( 'NONE',  ( 0.000000000000000000, -1.000000000000000000, 0.000000000000000000 ) ) ;
#5219 = DIRECTION ( 'NONE',  ( 0.000000000000000000, -1.000000000000000000, 0.000000000000000000 ) ) ;
#5220 = AXIS2_PLACEMENT_3D ( 'NONE', #2913, #1288, #1254 ) ;
#5221 = CIRCLE ( 'NONE', #3142, 0.2999999999999999334 ) ;
#5222 = CIRCLE ( 'NONE', #6162, 0.5600000000000014966 ) ;
#5223 = EDGE_CURVE ( 'NONE', #6303, #3532, #5053, .T. ) ;
#5224 = ORIENTED_EDGE ( 'NONE', *, *, #3473, .T. ) ;
#5225 = CARTESIAN_POINT ( 'NONE',  ( 13.99320375020629470, 6.349242608251269182, 5.090240083044576203 ) ) ;
#5226 =( BOUNDED_CURVE ( )  B_SPLINE_CURVE ( 3, ( #6265, #405, #3671, #5340 ),
 .UNSPECIFIED., .F., .F. ) 
 B_SPLINE_CURVE_WITH_KNOTS ( ( 4, 4 ),
 ( 0.7853981633974495002, 1.570796326794896558 ),
 .UNSPECIFIED. ) 
 CURVE ( )  GEOMETRIC_REPRESENTATION_ITEM ( )  RATIONAL_B_SPLINE_CURVE ( ( 1.000000000000000000, 0.9492530216741912330, 0.9492530216741912330, 1.000000000000000000 ) ) 
 REPRESENTATION_ITEM ( '' )  );
#5227 =( GEOMETRIC_REPRESENTATION_CONTEXT ( 3 ) GLOBAL_UNCERTAINTY_ASSIGNED_CONTEXT ( ( #130 ) ) GLOBAL_UNIT_ASSIGNED_CONTEXT ( ( #4162, #6996, #5870 ) ) REPRESENTATION_CONTEXT ( 'NONE', 'WORKASPACE' ) );
#5228 = ORIENTED_EDGE ( 'NONE', *, *, #2451, .F. ) ;
#5229 = ORIENTED_EDGE ( 'NONE', *, *, #1858, .T. ) ;
#5230 = CARTESIAN_POINT ( 'NONE',  ( -10.36800111946578973, 6.999999724960383141, -0.9867153539310745680 ) ) ;
#5231 = EDGE_CURVE ( 'NONE', #4087, #6007, #115, .T. ) ;
#5233 = VERTEX_POINT ( 'NONE', #3894 ) ;
#5232 = DIRECTION ( 'NONE',  ( 1.000000000000000000, 0.000000000000000000, 0.000000000000000000 ) ) ;
#5234 = DIRECTION ( 'NONE',  ( 1.000000000000000000, 0.000000000000000000, 0.000000000000000000 ) ) ;
#5235 = CARTESIAN_POINT ( 'NONE',  ( 10.77211439563238393, 7.049269540290389990, 6.483211872483341409 ) ) ;
#5236 = CARTESIAN_POINT ( 'NONE',  ( 9.730897945230823964, 3.361136779275918585, 2.283211809898461286 ) ) ;
#5237 = ORIENTED_EDGE ( 'NONE', *, *, #1283, .F. ) ;
#5238 = LINE ( 'NONE', #3480, #6957 ) ;
#5239 = CC_DESIGN_APPROVAL ( #812, ( #6635 ) ) ;
#5241 = VERTEX_POINT ( 'NONE', #6694 ) ;
#5240 = PLANE ( 'NONE',  #3232 ) ;
#5242 = ORIENTED_EDGE ( 'NONE', *, *, #771, .T. ) ;
#5243 = CARTESIAN_POINT ( 'NONE',  ( 8.707291137050036767, 6.938712259390380055, 3.730425426260042698 ) ) ;
#5244 =( BOUNDED_CURVE ( )  B_SPLINE_CURVE ( 3, ( #3538, #5715, #6359, #1400 ),
 .UNSPECIFIED., .F., .F. ) 
 B_SPLINE_CURVE_WITH_KNOTS ( ( 4, 4 ),
 ( 0.000000000000000000, 1.570796326794897446 ),
 .UNSPECIFIED. ) 
 CURVE ( )  GEOMETRIC_REPRESENTATION_ITEM ( )  RATIONAL_B_SPLINE_CURVE ( ( 1.000000000000000000, 0.8047378541243648264, 0.8047378541243648264, 1.000000000000000000 ) ) 
 REPRESENTATION_ITEM ( '' )  );
#5245 = LINE ( 'NONE', #3573, #86 ) ;
#5246 = EDGE_CURVE ( 'NONE', #5781, #6311, #1727, .T. ) ;
#5247 = LOCAL_TIME ( 18, 13, 43.00000000000000000, #1590 ) ;
#5248 = CARTESIAN_POINT ( 'NONE',  ( 9.398684502420948661, 2.867488682999582483, 2.799988276491568229 ) ) ;
#5250 = VERTEX_POINT ( 'NONE', #5637 ) ;
#5249 = LINE ( 'NONE', #6846, #2442 ) ;
#5251 = EDGE_CURVE ( 'NONE', #4480, #3069, #220, .T. ) ;
#5252 = CC_DESIGN_PERSON_AND_ORGANIZATION_ASSIGNMENT ( #4635, #714, ( #5710 ) ) ;
#5253 = VERTEX_POINT ( 'NONE', #2957 ) ;
#5254 = EDGE_CURVE ( 'NONE', #187, #5763, #5815, .T. ) ;
#5255 = LINE ( 'NONE', #6955, #6915 ) ;
#5256 = ORIENTED_EDGE ( 'NONE', *, *, #5483, .T. ) ;
#5257 = ORIENTED_EDGE ( 'NONE', *, *, #5854, .F. ) ;
#5258 = AXIS2_PLACEMENT_3D ( 'NONE', #6910, #4666, #4595 ) ;
#5259 = CARTESIAN_POINT ( 'NONE',  ( -8.618001082957942316, 4.549999724960382963, -0.9867153539310745680 ) ) ;
#5260 = CARTESIAN_POINT ( 'NONE',  ( 10.10729116834247243, 7.749269540290391056, 4.033211835975495596 ) ) ;
#5261 = AXIS2_PLACEMENT_3D ( 'NONE', #3077, #6411, #4702 ) ;
#5262 = ADVANCED_FACE ( 'NONE', ( #1328 ), #1741, .T. ) ;
#5263 = CARTESIAN_POINT ( 'NONE',  ( 13.93167036409815829, 7.000002315391870233, -3.380930007840445395 ) ) ;
#5264 = ORIENTED_EDGE ( 'NONE', *, *, #5648, .F. ) ;
#5265 = VERTEX_POINT ( 'NONE', #4008 ) ;
#5266 = CARTESIAN_POINT ( 'NONE',  ( 16.06323200852254018, 7.000002315391870233, -3.380930007840445395 ) ) ;
#5269 = EDGE_CURVE ( 'NONE', #6854, #4938, #6864, .T. ) ;
#5268 = VERTEX_POINT ( 'NONE', #4043 ) ;
#5267 = FACE_OUTER_BOUND ( 'NONE', #546, .T. ) ;
#5270 = LINE ( 'NONE', #1842, #3956 ) ;
#5271 = DIRECTION ( 'NONE',  ( 0.000000000000000000, 1.000000000000000000, 0.000000000000000000 ) ) ;
#5272 = CARTESIAN_POINT ( 'NONE',  ( -10.06800111946578902, 5.949999735391195976, 1.063284672145958787 ) ) ;
#5273 = EDGE_CURVE ( 'NONE', #6855, #2145, #3018, .T. ) ;
#5274 = VERTEX_POINT ( 'NONE', #1803 ) ;
#5275 = FACE_OUTER_BOUND ( 'NONE', #5902, .T. ) ;
#5277 = ORIENTED_EDGE ( 'NONE', *, *, #5176, .T. ) ;
#5276 = DIRECTION ( 'NONE',  ( -1.000000000000000000, 0.000000000000000000, 0.000000000000000000 ) ) ;
#5278 = CARTESIAN_POINT ( 'NONE',  ( 14.65729122571193699, 7.749269540290391056, 4.033211835975495596 ) ) ;
#5279 = DIRECTION ( 'NONE',  ( -1.000000000000000000, -0.000000000000000000, -0.000000000000000000 ) ) ;
#5280 = VECTOR ( 'NONE', #1505, 1000.000000000000000 ) ;
#5281 = CARTESIAN_POINT ( 'NONE',  ( 11.87214085549942411, 1.449269540290390568, 1.983211799467650360 ) ) ;
#5282 = SECURITY_CLASSIFICATION_LEVEL ( 'unclassified' ) ;
#5284 = ORIENTED_EDGE ( 'NONE', *, *, #6153, .F. ) ;
#5283 = CARTESIAN_POINT ( 'NONE',  ( 8.707291137050036767, 2.149269540290390523, 4.033211835975495596 ) ) ;
#5285 = ORIENTED_EDGE ( 'NONE', *, *, #6107, .T. ) ;
#5286 = ORIENTED_EDGE ( 'NONE', *, *, #6066, .F. ) ;
#5287 = EDGE_CURVE ( 'NONE', #972, #7061, #109, .T. ) ;
#5288 = APPLICATION_PROTOCOL_DEFINITION ( 'international standard', 'config_control_design', 1994, #7022 ) ;
#5289 = ORIENTED_EDGE ( 'NONE', *, *, #4051, .T. ) ;
#5290 = ORIENTED_EDGE ( 'NONE', *, *, #38, .F. ) ;
#5291 = VECTOR ( 'NONE', #5661, 1000.000000000000000 ) ;
#5292 = DIRECTION ( 'NONE',  ( 0.000000000000000000, 0.000000000000000000, -1.000000000000000000 ) ) ;
#5293 = VECTOR ( 'NONE', #5328, 1000.000000000000000 ) ;
#5294 = CARTESIAN_POINT ( 'NONE',  ( 13.95729122049652737, 6.549269529859585326, 2.983211809898451250 ) ) ;
#5295 = CONICAL_SURFACE ( 'NONE', #2182, 1.050000015646217477, 0.7853981633974476129 ) ;
#5296 = ORIENTED_EDGE ( 'NONE', *, *, #3728, .T. ) ;
#5297 = DIRECTION ( 'NONE',  ( -0.000000000000000000, -0.000000000000000000, -1.000000000000000000 ) ) ;
#5298 = CARTESIAN_POINT ( 'NONE',  ( -10.36800111946578973, 3.849999724960383674, -0.9867153539310745680 ) ) ;
#5299 = ORIENTED_EDGE ( 'NONE', *, *, #685, .F. ) ;
#5300 = DIRECTION ( 'NONE',  ( 0.000000000000000000, -0.7071067811865483499, 0.7071067811865467956 ) ) ;
#5301 = CARTESIAN_POINT ( 'NONE',  ( 14.18911589255334249, 6.368969672781696900, 2.519562465784818794 ) ) ;
#5302 = EDGE_CURVE ( 'NONE', #3198, #6394, #1546, .T. ) ;
#5303 = VECTOR ( 'NONE', #1258, 1000.000000000000000 ) ;
#5304 = DIRECTION ( 'NONE',  ( 0.000000000000000000, 1.000000000000000000, 0.000000000000000000 ) ) ;
#5305 = LINE ( 'NONE', #5437, #6105 ) ;
#5306 = DIRECTION ( 'NONE',  ( -0.000000000000000000, -1.000000000000000000, -0.000000000000000000 ) ) ;
#5307 = CIRCLE ( 'NONE', #783, 1.050000015646217477 ) ;
#5308 = ORIENTED_EDGE ( 'NONE', *, *, #6676, .F. ) ;
#5309 = ADVANCED_FACE ( 'NONE', ( #767 ), #5673, .T. ) ;
#5310 = CARTESIAN_POINT ( 'NONE',  ( 11.79649357052644199, 9.450002315391870411, 1.519070065175245343 ) ) ;
#5312 = EDGE_LOOP ( 'NONE', ( #523, #2549, #3846, #2036, #4379, #6035, #5173 ) ) ;
#5311 = DIRECTION ( 'NONE',  ( -1.000000000000000000, 0.000000000000000000, -0.000000000000000000 ) ) ;
#5313 = ADVANCED_FACE ( 'NONE', ( #5154 ), #1872, .T. ) ;
#5314 = LINE ( 'NONE', #304, #5880 ) ;
#5315 = DIRECTION ( 'NONE',  ( 0.000000000000000000, -1.000000000000000000, 0.000000000000000000 ) ) ;
#5316 = DIRECTION ( 'NONE',  ( 1.000000000000000000, 0.000000000000000000, 0.000000000000000000 ) ) ;
#5317 = APPROVAL_DATE_TIME ( #417, #3614 ) ;
#5319 = ORIENTED_EDGE ( 'NONE', *, *, #1006, .F. ) ;
#5318 = CARTESIAN_POINT ( 'NONE',  ( 8.875898794576787765, 2.649269550574457011, 3.345996515706582297 ) ) ;
#5320 = ORIENTED_EDGE ( 'NONE', *, *, #4023, .T. ) ;
#5321 = AXIS2_PLACEMENT_3D ( 'NONE', #4203, #2075, #5292 ) ;
#5322 = VERTEX_POINT ( 'NONE', #186 ) ;
#5323 = CARTESIAN_POINT ( 'NONE',  ( 13.93167036409815829, 8.050002304961058286, -1.980929997409633270 ) ) ;
#5324 = COORDINATED_UNIVERSAL_TIME_OFFSET ( 1, 0, .AHEAD. ) ;
#5325 = ORIENTED_EDGE ( 'NONE', *, *, #2367, .F. ) ;
#5326 = EDGE_LOOP ( 'NONE', ( #4170, #4239, #183, #5550 ) ) ;
#5327 = DIRECTION ( 'NONE',  ( 0.000000000000000000, 1.000000000000000000, 0.000000000000000000 ) ) ;
#5328 = DIRECTION ( 'NONE',  ( 0.000000000000000000, 1.000000000000000000, 0.000000000000000000 ) ) ;
#5329 = VECTOR ( 'NONE', #4380, 1000.000000000000000 ) ;
#5330 = EDGE_CURVE ( 'NONE', #3304, #3695, #836, .T. ) ;
#5331 = LINE ( 'NONE', #872, #2883 ) ;
#5332 = LINE ( 'NONE', #4787, #2685 ) ;
#5333 = ORIENTED_EDGE ( 'NONE', *, *, #2214, .F. ) ;
#5334 = ORIENTED_EDGE ( 'NONE', *, *, #1945, .F. ) ;
#5335 = CARTESIAN_POINT ( 'NONE',  ( 10.32915769579019916, 8.544977051791642353, -2.475904744240216449 ) ) ;
#5336 = CARTESIAN_POINT ( 'NONE',  ( 14.36256986090604748, 5.885550749996625086, 2.172654529079405705 ) ) ;
#5337 = CIRCLE ( 'NONE', #2221, 2.450000036507845369 ) ;
#5338 = VECTOR ( 'NONE', #2090, 1000.000000000000000 ) ;
#5339 = CARTESIAN_POINT ( 'NONE',  ( 9.757291152696254244, 1.849269540290390479, 4.033211835975495596 ) ) ;
#5340 = CARTESIAN_POINT ( 'NONE',  ( 10.08167032237490801, 8.750002304961064681, -1.980929997409633270 ) ) ;
#5341 = CARTESIAN_POINT ( 'NONE',  ( 13.90340152966591347, 6.346474522404407459, 5.275653930598270591 ) ) ;
#5342 = APPROVAL ( #4453, 'UNSPECIFIED' ) ;
#5343 = ORIENTED_EDGE ( 'NONE', *, *, #4609, .F. ) ;
#5344 = VECTOR ( 'NONE', #3130, 1000.000000000000000 ) ;
#5345 = ADVANCED_FACE ( 'NONE', ( #6262 ), #1398, .T. ) ;
#5346 = CARTESIAN_POINT ( 'NONE',  ( -11.06800111946578902, 5.949999735391195976, 0.06328467214595895340 ) ) ;
#5348 = ORIENTED_EDGE ( 'NONE', *, *, #1041, .F. ) ;
#5347 = LINE ( 'NONE', #3171, #1228 ) ;
#5349 = CARTESIAN_POINT ( 'NONE',  ( 10.78148605015011796, 5.833043811546024138, 5.783211862052529462 ) ) ;
#5350 = CARTESIAN_POINT ( 'NONE',  ( 13.63167036409815758, 8.050002304961058286, -2.680929997409633447 ) ) ;
#5351 = VECTOR ( 'NONE', #5549, 1000.000000000000000 ) ;
#5352 = CARTESIAN_POINT ( 'NONE',  ( 8.707291137050036767, 2.683584125771965034, 3.730425426260045363 ) ) ;
#5353 = AXIS2_PLACEMENT_3D ( 'NONE', #3646, #1445, #1408 ) ;
#5354 = CC_DESIGN_APPROVAL ( #5507, ( #2590 ) ) ;
#5355 = CARTESIAN_POINT ( 'NONE',  ( 10.91957970034929204, 2.849269550721202915, 6.316599425159840742 ) ) ;
#5356 = APPROVAL_STATUS ( 'not_yet_approved' ) ;
#5358 = ORIENTED_EDGE ( 'NONE', *, *, #1106, .F. ) ;
#5357 = CARTESIAN_POINT ( 'NONE',  ( 8.749960369550333183, 2.553666933896098445, 3.597873365759492348 ) ) ;
#5359 = EDGE_CURVE ( 'NONE', #4064, #6665, #3506, .T. ) ;
#5360 = CC_DESIGN_SECURITY_CLASSIFICATION ( #3976, ( #7190 ) ) ;
#5361 = EDGE_LOOP ( 'NONE', ( #6850, #861, #1628, #1008 ) ) ;
#5362 = EDGE_CURVE ( 'NONE', #1038, #1440, #1937, .T. ) ;
#5363 = CARTESIAN_POINT ( 'NONE',  ( -10.13979985862829558, 5.840323522517877564, -2.736715380008108767 ) ) ;
#5364 = MECHANICAL_CONTEXT ( 'NONE', #2814, 'mechanical' ) ;
#5365 = ORIENTED_EDGE ( 'NONE', *, *, #524, .T. ) ;
#5366 = AXIS2_PLACEMENT_3D ( 'NONE', #553, #6698, #85 ) ;
#5367 = CARTESIAN_POINT ( 'NONE',  ( 11.47214085549942553, 1.849269540290390701, 2.283414511802114522 ) ) ;
#5368 = PRODUCT_DEFINITION_SHAPE ( 'NONE', 'NONE',  #7186 ) ;
#5369 = CIRCLE ( 'NONE', #2257, 1.000000000000000000 ) ;
#5370 = DIRECTION ( 'NONE',  ( 0.8944271909999159664, 0.000000000000000000, 0.4472135954999579832 ) ) ;
#5371 = FACE_OUTER_BOUND ( 'NONE', #6324, .T. ) ;
#5372 = ORIENTED_EDGE ( 'NONE', *, *, #2045, .T. ) ;
#5373 = FACE_OUTER_BOUND ( 'NONE', #6920, .T. ) ;
#5374 = CARTESIAN_POINT ( 'NONE',  ( 10.78167032759031230, 9.450002315391870411, -3.380930007840445395 ) ) ;
#5375 = CARTESIAN_POINT ( 'NONE',  ( 12.49652003039348180, 4.550002315391870056, -1.805828633419290563 ) ) ;
#5376 = DIRECTION ( 'NONE',  ( 0.000000000000000000, 0.000000000000000000, -1.000000000000000000 ) ) ;
#5377 = EDGE_LOOP ( 'NONE', ( #134, #6533, #2758, #1115, #6705, #6087, #3042 ) ) ;
#5378 = CARTESIAN_POINT ( 'NONE',  ( -12.50317791303750070, 9.449999724960381542, 1.463284682576770468 ) ) ;
#5379 = ADVANCED_FACE ( 'NONE', ( #733 ), #6294, .T. ) ;
#5381 = ORIENTED_EDGE ( 'NONE', *, *, #5844, .T. ) ;
#5380 = CARTESIAN_POINT ( 'NONE',  ( 13.63167036409815758, 8.050002304961058286, -1.980929997409633270 ) ) ;
#5382 = CARTESIAN_POINT ( 'NONE',  ( 10.22391793754568567, 6.349269529859578931, 5.159748548525547207 ) ) ;
#5383 = DIRECTION ( 'NONE',  ( 0.000000000000000000, 0.000000000000000000, -1.000000000000000000 ) ) ;
#5384 = DIRECTION ( 'NONE',  ( -1.000000000000000000, 8.673617379884032317E-15, 0.000000000000000000 ) ) ;
#5385 = DIRECTION ( 'NONE',  ( 2.774754023183460056E-16, 0.000000000000000000, 1.000000000000000000 ) ) ;
#5386 = CALENDAR_DATE ( 2024, 29, 4 ) ;
#5388 = VERTEX_POINT ( 'NONE', #805 ) ;
#5387 = DIRECTION ( 'NONE',  ( -0.4472135954999579277, 0.000000000000000000, 0.8944271909999158554 ) ) ;
#5389 = ADVANCED_FACE ( 'NONE', ( #3021 ), #261, .F. ) ;
#5390 = AXIS2_PLACEMENT_3D ( 'NONE', #7120, #1651, #2160 ) ;
#5391 = EDGE_LOOP ( 'NONE', ( #2375, #7096, #5242, #2334, #4532 ) ) ;
#5392 = FACE_OUTER_BOUND ( 'NONE', #4946, .T. ) ;
#5393 = ADVANCED_FACE ( 'NONE', ( #5267 ), #6690, .T. ) ;
#5394 = APPROVAL_STATUS ( 'not_yet_approved' ) ;
#5395 = EDGE_LOOP ( 'NONE', ( #3127, #1158, #6932, #1120, #897 ) ) ;
#5396 = CARTESIAN_POINT ( 'NONE',  ( 10.40869384404794395, 2.849269550721202915, 5.083211862052529284 ) ) ;
#5397 = EDGE_CURVE ( 'NONE', #1976, #2873, #600, .T. ) ;
#5398 = DIRECTION ( 'NONE',  ( 0.4472135954999579277, -0.000000000000000000, -0.8944271909999158554 ) ) ;
#5399 = CARTESIAN_POINT ( 'NONE',  ( -12.50317791303750070, 3.849999724960383674, 1.463284682576770468 ) ) ;
#5400 = AXIS2_PLACEMENT_3D ( 'NONE', #4384, #5041, #3847 ) ;
#5401 = CARTESIAN_POINT ( 'NONE',  ( 13.40729121006571845, 2.849269550721202915, 4.033211835975495596 ) ) ;
#5402 = ORIENTED_EDGE ( 'NONE', *, *, #1377, .T. ) ;
#5403 = VECTOR ( 'NONE', #5219, 1000.000000000000000 ) ;
#5404 = DIRECTION ( 'NONE',  ( 0.000000000000000000, 1.000000000000000000, 0.000000000000000000 ) ) ;
#5405 = PLANE ( 'NONE',  #239 ) ;
#5406 = CARTESIAN_POINT ( 'NONE',  ( 9.702012512246250608, 2.349269540290390701, 1.693769080367658386 ) ) ;
#5407 = DIRECTION ( 'NONE',  ( 0.000000000000000000, 0.000000000000000000, -1.000000000000000000 ) ) ;
#5408 = EDGE_LOOP ( 'NONE', ( #5460, #4780 ) ) ;
#5409 = DIRECTION ( 'NONE',  ( 0.000000000000000000, 0.000000000000000000, 1.000000000000000000 ) ) ;
#5410 = CIRCLE ( 'NONE', #7144, 3.149999999999999911 ) ;
#5412 = ORIENTED_EDGE ( 'NONE', *, *, #3345, .F. ) ;
#5411 = CARTESIAN_POINT ( 'NONE',  ( 12.55729126743518975, 6.699269608090674843, 1.583211799467650227 ) ) ;
#5413 = AXIS2_PLACEMENT_3D ( 'NONE', #552, #5020, #4517 ) ;
#5414 = FACE_OUTER_BOUND ( 'NONE', #5326, .T. ) ;
#5415 = DIRECTION ( 'NONE',  ( 1.000000000000000000, 0.000000000000000000, 0.000000000000000000 ) ) ;
#5416 = LINE ( 'NONE', #383, #5473 ) ;
#5417 = EDGE_CURVE ( 'NONE', #2842, #3884, #1540, .T. ) ;
#5418 = CARTESIAN_POINT ( 'NONE',  ( -9.668001098604165122, 4.549999724960382963, -1.336715359146480431 ) ) ;
#5419 = DATE_TIME_ROLE ( 'classification_date' ) ;
#5421 = ORIENTED_EDGE ( 'NONE', *, *, #2652, .F. ) ;
#5420 = DIRECTION ( 'NONE',  ( 0.000000000000000000, 0.000000000000000000, 1.000000000000000000 ) ) ;
#5422 = ORIENTED_EDGE ( 'NONE', *, *, #5359, .F. ) ;
#5423 = DIRECTION ( 'NONE',  ( 0.000000000000000000, 0.000000000000000000, 1.000000000000000000 ) ) ;
#5424 = PERSON_AND_ORGANIZATION ( #6958, #2931 ) ;
#5425 = EDGE_CURVE ( 'NONE', #2449, #212, #3668, .T. ) ;
#5426 = ORIENTED_EDGE ( 'NONE', *, *, #3901, .F. ) ;
#5427 = CARTESIAN_POINT ( 'NONE',  ( 13.50883225519194930, 7.049269540290389990, 6.283211872483342120 ) ) ;
#5428 = CARTESIAN_POINT ( 'NONE',  ( 11.66903424601722428, 1.489334259246896774, 2.202306227294514862 ) ) ;
#5429 = ORIENTED_EDGE ( 'NONE', *, *, #5878, .F. ) ;
#5430 = CARTESIAN_POINT ( 'NONE',  ( -10.06800111946578902, 8.049999714529571193, -2.736715380008108323 ) ) ;
#5431 = AXIS2_PLACEMENT_3D ( 'NONE', #6659, #2851, #3399 ) ;
#5432 = CARTESIAN_POINT ( 'NONE',  ( 16.06323200852254018, 7.000002315391870233, -3.380930007840445395 ) ) ;
#5433 = ORIENTED_EDGE ( 'NONE', *, *, #4563, .F. ) ;
#5434 = ORIENTED_EDGE ( 'NONE', *, *, #2228, .T. ) ;
#5435 = CARTESIAN_POINT ( 'NONE',  ( 13.97148533665652081, 2.649269550750140034, 2.954823577578463034 ) ) ;
#5436 = CARTESIAN_POINT ( 'NONE',  ( 12.51408196731230227, 10.15000231539186970, 0.8014816683893866145 ) ) ;
#5437 = CARTESIAN_POINT ( 'NONE',  ( 9.107291137050037122, 6.349269529859585148, 3.683211830760089178 ) ) ;
#5438 = ADVANCED_FACE ( 'NONE', ( #1539 ), #3742, .F. ) ;
#5439 = CARTESIAN_POINT ( 'NONE',  ( -8.618001082957942316, 9.449999724960381542, -3.436715390438920270 ) ) ;
#5440 = ORIENTED_EDGE ( 'NONE', *, *, #6838, .T. ) ;
#5441 = EDGE_CURVE ( 'NONE', #4138, #1038, #3044, .T. ) ;
#5442 = AXIS2_PLACEMENT_3D ( 'NONE', #3280, #2703, #445 ) ;
#5443 = DIRECTION ( 'NONE',  ( 0.000000000000000000, 1.000000000000000000, 0.000000000000000000 ) ) ;
#5445 = VERTEX_POINT ( 'NONE', #3163 ) ;
#5444 = DIRECTION ( 'NONE',  ( 1.000000000000000000, -0.000000000000000000, 0.000000000000000000 ) ) ;
#5446 = DIRECTION ( 'NONE',  ( -1.000000000000000000, 0.000000000000000000, 0.000000000000000000 ) ) ;
#5447 = CARTESIAN_POINT ( 'NONE',  ( 14.18368442274654306, 3.549269550721202648, 2.283211809898462175 ) ) ;
#5448 = CARTESIAN_POINT ( 'NONE',  ( -8.985576249810282690, 9.449999724960381542, -0.9867153539310745680 ) ) ;
#5449 = CIRCLE ( 'NONE', #4871, 0.2000000000000000944 ) ;
#5450 = VECTOR ( 'NONE', #6413, 1000.000000000000000 ) ;
#5451 = B_SPLINE_CURVE_WITH_KNOTS ( 'NONE', 3,
 ( #5012, #3392, #3432, #1139, #6616, #2267 ),
 .UNSPECIFIED., .F., .F.,
 ( 4, 2, 4 ),
 ( -4.910886827960785695E-06, 0.0003207354431892388866, 0.0006463817732064385630 ),
 .UNSPECIFIED. ) ;
#5452 = AXIS2_PLACEMENT_3D ( 'NONE', #1353, #5705, #2948 ) ;
#5453 = EDGE_LOOP ( 'NONE', ( #7101, #6123, #5177, #3868 ) ) ;
#5454 = CARTESIAN_POINT ( 'NONE',  ( 9.552012506990367413, 3.312988330584125674, 1.993769090879422334 ) ) ;
#5455 = CIRCLE ( 'NONE', #136, 0.2000000000000000944 ) ;
#5456 = VECTOR ( 'NONE', #5992, 1000.000000000000000 ) ;
#5458 = ORIENTED_EDGE ( 'NONE', *, *, #3141, .F. ) ;
#5457 = CARTESIAN_POINT ( 'NONE',  ( 9.002277328503078380, 2.849269550721202915, 3.435439234806952680 ) ) ;
#5459 = CC_DESIGN_SECURITY_CLASSIFICATION ( #6635, ( #3849 ) ) ;
#5460 = ORIENTED_EDGE ( 'NONE', *, *, #1533, .T. ) ;
#5461 = CARTESIAN_POINT ( 'NONE',  ( 13.93167036409815829, 7.000002315391870233, -0.9309299713326002479 ) ) ;
#5462 = PERSON_AND_ORGANIZATION_ROLE ( 'creator' ) ;
#5464 = VERTEX_POINT ( 'NONE', #6469 ) ;
#5463 = DIRECTION ( 'NONE',  ( 0.000000000000000000, 0.000000000000000000, 1.000000000000000000 ) ) ;
#5465 = EDGE_CURVE ( 'NONE', #4267, #3318, #7009, .T. ) ;
#5466 = ADVANCED_FACE ( 'NONE', ( #5373 ), #6396, .T. ) ;
#5467 = CARTESIAN_POINT ( 'NONE',  ( 15.50323200852253969, 7.000002315391870233, -3.380930007840445395 ) ) ;
#5468 = CC_DESIGN_APPROVAL ( #6200, ( #839 ) ) ;
#5469 = CARTESIAN_POINT ( 'NONE',  ( -10.06800111946578902, 5.249999735391195799, -2.036715380008108145 ) ) ;
#5470 = ADVANCED_FACE ( 'NONE', ( #4857 ), #7077, .F. ) ;
#5471 = VERTEX_POINT ( 'NONE', #3777 ) ;
#5472 = LINE ( 'NONE', #3264, #2636 ) ;
#5473 = VECTOR ( 'NONE', #2059, 1000.000000000000000 ) ;
#5474 = FACE_OUTER_BOUND ( 'NONE', #5377, .T. ) ;
#5475 = ORIENTED_EDGE ( 'NONE', *, *, #6074, .F. ) ;
#5476 = CARTESIAN_POINT ( 'NONE',  ( 14.14981514553318043, 2.953405146677818838, 2.598163959825233071 ) ) ;
#5477 = CARTESIAN_POINT ( 'NONE',  ( 9.730897945230827517, 5.649269529859577865, 2.083211809898462441 ) ) ;
#5478 = CARTESIAN_POINT ( 'NONE',  ( 10.72097421671398543, 2.349269540290390701, 6.359748558956360043 ) ) ;
#5479 = CARTESIAN_POINT ( 'NONE',  ( -10.36800111946578973, 8.764142547159615049, -2.736715390438920092 ) ) ;
#5480 = EDGE_CURVE ( 'NONE', #1614, #3884, #3959, .T. ) ;
#5481 = VECTOR ( 'NONE', #3433, 1000.000000000000000 ) ;
#5482 = ORIENTED_EDGE ( 'NONE', *, *, #2435, .F. ) ;
#5483 = EDGE_CURVE ( 'NONE', #6488, #2043, #4723, .T. ) ;
#5484 = CARTESIAN_POINT ( 'NONE',  ( 13.63167036409815758, 8.050002304961058286, -2.680929997409633447 ) ) ;
#5486 = ORIENTED_EDGE ( 'NONE', *, *, #5854, .T. ) ;
#5485 = DIRECTION ( 'NONE',  ( 0.000000000000000000, 1.000000000000000000, 0.000000000000000000 ) ) ;
#5487 = CARTESIAN_POINT ( 'NONE',  ( 14.00032365415185609, 6.549169249772760715, 5.096646671324609024 ) ) ;
#5488 = CARTESIAN_POINT ( 'NONE',  ( 13.93167036409815829, 8.631179397444327606, -2.680930007840446549 ) ) ;
#5489 = CARTESIAN_POINT ( 'NONE',  ( -9.019818692928836867, 4.549999724960382963, -0.01664183033900305114 ) ) ;
#5490 = ADVANCED_FACE ( 'NONE', ( #1218 ), #5514, .T. ) ;
#5491 = AXIS2_PLACEMENT_3D ( 'NONE', #7122, #4286, #3236 ) ;
#5492 = ORIENTED_EDGE ( 'NONE', *, *, #5095, .F. ) ;
#5494 = VERTEX_POINT ( 'NONE', #6614 ) ;
#5493 = DIRECTION ( 'NONE',  ( -0.3826834323650898928, 0.000000000000000000, 0.9238795325112867385 ) ) ;
#5495 = DATE_AND_TIME ( #6525, #2820 ) ;
#5497 = ORIENTED_EDGE ( 'NONE', *, *, #6041, .T. ) ;
#5496 = DIRECTION ( 'NONE',  ( -0.8507216701677831061, -0.007846173994380596650, -0.5255578726083243168 ) ) ;
#5498 = ORIENTED_EDGE ( 'NONE', *, *, #4333, .F. ) ;
#5499 = DIRECTION ( 'NONE',  ( 1.000000000000000000, 0.000000000000000000, 0.000000000000000000 ) ) ;
#5500 = DIRECTION ( 'NONE',  ( 0.000000000000000000, 1.000000000000000000, 0.000000000000000000 ) ) ;
#5501 = APPROVAL_DATE_TIME ( #4883, #812 ) ;
#5503 = ORIENTED_EDGE ( 'NONE', *, *, #4976, .F. ) ;
#5502 = CARTESIAN_POINT ( 'NONE',  ( -11.94300120552000877, 6.999999761468229664, -3.436715390438920270 ) ) ;
#5504 = LINE ( 'NONE', #6129, #5682 ) ;
#5505 = DIRECTION ( 'NONE',  ( 0.3826834323650898928, -0.000000000000000000, 0.9238795325112867385 ) ) ;
#5506 = ORIENTED_EDGE ( 'NONE', *, *, #1006, .T. ) ;
#5507 = APPROVAL ( #4302, 'UNSPECIFIED' ) ;
#5508 = ADVANCED_FACE ( 'NONE', ( #2724 ), #3718, .T. ) ;
#5509 = FACE_OUTER_BOUND ( 'NONE', #7167, .T. ) ;
#5510 = CONICAL_SURFACE ( 'NONE', #2400, 1.050000015646217477, 0.7853981633974476129 ) ;
#5511 = LINE ( 'NONE', #6133, #5351 ) ;
#5512 = ORIENTED_EDGE ( 'NONE', *, *, #3450, .F. ) ;
#5513 = ORIENTED_EDGE ( 'NONE', *, *, #6585, .T. ) ;
#5514 = CYLINDRICAL_SURFACE ( 'NONE', #2351, 0.1999999999999993727 ) ;
#5515 =( BOUNDED_SURFACE ( )  B_SPLINE_SURFACE ( 3, 2, ( 
 ( #960, #5382, #6482 ),
 ( #4288, #3238, #7018 ),
 ( #2021, #3716, #1027 ),
 ( #4220, #6444, #5928 ),
 ( #5349, #4256, #994 ),
 ( #3204, #4868, #3173 ) ),
 .UNSPECIFIED., .F., .F., .F. ) 
 B_SPLINE_SURFACE_WITH_KNOTS ( ( 4, 2, 4 ),
 ( 3, 3 ),
 ( 4.712388980384689674, 5.497787143782137953, 6.283185307179586232 ),
 ( 0.000000000000000000, 1.000000000000000000 ),
 .UNSPECIFIED. ) 
 GEOMETRIC_REPRESENTATION_ITEM ( )  RATIONAL_B_SPLINE_SURFACE ( (
 ( 1.000000000000000000, 0.7071067811865475727, 1.000000000000000000),
 ( 1.000000000000000000, 0.6718098167795898412, 1.000000000000000000),
 ( 1.000000000000000000, 0.6332315757169285630, 1.000000000000000000),
 ( 1.000000000000000000, 0.5745779704673136257, 1.000000000000000000),
 ( 1.000000000000000000, 0.5551370482991074828, 1.000000000000000000),
 ( 1.000000000000000000, 0.5555702330196073957, 1.000000000000000000) ) ) 
 REPRESENTATION_ITEM ( '' )  SURFACE ( )  );
#5516 = DIRECTION ( 'NONE',  ( 0.000000000000000000, 0.000000000000000000, -1.000000000000000000 ) ) ;
#5517 = CARTESIAN_POINT ( 'NONE',  ( 11.48970279241824599, 7.583584115341151843, 6.483211872483341409 ) ) ;
#5518 = CARTESIAN_POINT ( 'NONE',  ( 11.47214085549942553, 6.849269540290390701, 1.583211799467650227 ) ) ;
#5519 = ORIENTED_EDGE ( 'NONE', *, *, #2929, .F. ) ;
#5520 = AXIS2_PLACEMENT_3D ( 'NONE', #7044, #4279, #3196 ) ;
#5521 = EDGE_CURVE ( 'NONE', #3532, #5985, #4893, .T. ) ;
#5523 = EDGE_LOOP ( 'NONE', ( #1620, #6950, #1841, #1213, #6077 ) ) ;
#5522 = DIRECTION ( 'NONE',  ( 0.000000000000000000, 0.000000000000000000, 1.000000000000000000 ) ) ;
#5524 = AXIS2_PLACEMENT_3D ( 'NONE', #6924, #391, #2071 ) ;
#5525 = CARTESIAN_POINT ( 'NONE',  ( 10.72097421671398543, 2.349269540290390701, 6.359748558956360043 ) ) ;
#5526 = DIRECTION ( 'NONE',  ( 0.000000000000000000, 0.000000000000000000, -1.000000000000000000 ) ) ;
#5527 = LINE ( 'NONE', #2388, #1665 ) ;
#5528 = EDGE_CURVE ( 'NONE', #5544, #2134, #3206, .T. ) ;
#5529 = CIRCLE ( 'NONE', #4146, 0.3500000156462182987 ) ;
#5530 = ORIENTED_EDGE ( 'NONE', *, *, #4561, .F. ) ;
#5532 = ORIENTED_EDGE ( 'NONE', *, *, #5047, .T. ) ;
#5531 = CARTESIAN_POINT ( 'NONE',  ( 13.93167036409815829, 5.950002325822681293, -1.980929997409633270 ) ) ;
#5533 = AXIS2_PLACEMENT_3D ( 'NONE', #6112, #1187, #12 ) ;
#5534 = DATE_TIME_ROLE ( 'classification_date' ) ;
#5536 = VERTEX_POINT ( 'NONE', #3352 ) ;
#5535 = DIRECTION ( 'NONE',  ( 0.000000000000000000, 0.000000000000000000, -1.000000000000000000 ) ) ;
#5537 = ADVANCED_FACE ( 'NONE', ( #2192 ), #3763, .T. ) ;
#5538 = ORIENTED_EDGE ( 'NONE', *, *, #6260, .T. ) ;
#5539 = CARTESIAN_POINT ( 'NONE',  ( 10.78167032759031230, 4.550002315391870056, -0.9309299713326002479 ) ) ;
#5540 = CARTESIAN_POINT ( 'NONE',  ( 13.63167036409815758, 9.050002304961058286, -1.980929997409633270 ) ) ;
#5541 = EDGE_CURVE ( 'NONE', #3360, #2475, #5940, .T. ) ;
#5542 = CALENDAR_DATE ( 2024, 29, 4 ) ;
#5544 = VERTEX_POINT ( 'NONE', #2304 ) ;
#5543 = CARTESIAN_POINT ( 'NONE',  ( -9.019818692928836867, 9.449999724960381542, -0.01664183033900305114 ) ) ;
#5545 = CARTESIAN_POINT ( 'NONE',  ( 10.77211439563238393, 1.949269540290390568, 6.283211872483342120 ) ) ;
#5546 = CARTESIAN_POINT ( 'NONE',  ( 8.728405698850053795, 6.749269529859585504, 3.640982707160051124 ) ) ;
#5547 = ORIENTED_EDGE ( 'NONE', *, *, #1533, .F. ) ;
#5548 = DIRECTION ( 'NONE',  ( 0.000000000000000000, 1.000000000000000000, 0.000000000000000000 ) ) ;
#5549 = DIRECTION ( 'NONE',  ( -1.000000000000000000, 0.000000000000000000, 0.000000000000000000 ) ) ;
#5550 = ORIENTED_EDGE ( 'NONE', *, *, #6249, .T. ) ;
#5551 = ORIENTED_EDGE ( 'NONE', *, *, #344, .T. ) ;
#5552 = CARTESIAN_POINT ( 'NONE',  ( 13.93241748071312713, 3.402239971814366548, 5.783211862159427064 ) ) ;
#5553 = CARTESIAN_POINT ( 'NONE',  ( 9.280897945230828228, 6.349269529859578043, 2.983211809898462796 ) ) ;
#5554 = PLANE ( 'NONE',  #1710 ) ;
#5555 = CARTESIAN_POINT ( 'NONE',  ( 10.12249966241970611, 6.476394616863815124, 4.914903173243921231 ) ) ;
#5556 = AXIS2_PLACEMENT_3D ( 'NONE', #6192, #666, #4358 ) ;
#5557 = ORIENTED_EDGE ( 'NONE', *, *, #4520, .F. ) ;
#5558 = LINE ( 'NONE', #2272, #2157 ) ;
#5560 = ORIENTED_EDGE ( 'NONE', *, *, #2156, .F. ) ;
#5559 = LINE ( 'NONE', #1652, #1037 ) ;
#5561 = AXIS2_PLACEMENT_3D ( 'NONE', #1673, #3302, #3879 ) ;
#5562 = CARTESIAN_POINT ( 'NONE',  ( 14.65729122571193699, 7.049269540290389990, 4.033211835975495596 ) ) ;
#5563 = CARTESIAN_POINT ( 'NONE',  ( 14.65729122571193699, 6.699269608090674843, 4.033211835975495596 ) ) ;
#5564 = CC_DESIGN_DATE_AND_TIME_ASSIGNMENT ( #6779, #1345, ( #2123 ) ) ;
#5565 = CARTESIAN_POINT ( 'NONE',  ( 9.757291152696254244, 7.049269540290389990, 1.583211799467650227 ) ) ;
#5566 = ADVANCED_FACE ( 'NONE', ( #249 ), #4645, .T. ) ;
#5567 = AXIS2_PLACEMENT_3D ( 'NONE', #2708, #448, #1449 ) ;
#5568 = ORIENTED_EDGE ( 'NONE', *, *, #3932, .T. ) ;
#5570 = VERTEX_POINT ( 'NONE', #5149 ) ;
#5569 = DIRECTION ( 'NONE',  ( 0.000000000000000000, -1.000000000000000000, 0.000000000000000000 ) ) ;
#5571 = ITEM_DEFINED_TRANSFORMATION ( 'NONE', 'NONE', #1536,  #4081 ) ;
#5573 = ORIENTED_EDGE ( 'NONE', *, *, #5480, .F. ) ;
#5572 = DIRECTION ( 'NONE',  ( 0.000000000000000000, 0.7071067811865483499, 0.7071067811865467956 ) ) ;
#5574 = AXIS2_PLACEMENT_3D ( 'NONE', #668, #6111, #1148 ) ;
#5575 = CIRCLE ( 'NONE', #2113, 2.450000036507846701 ) ;
#5576 = CIRCLE ( 'NONE', #4409, 0.6500000156462177880 ) ;
#5577 = ORIENTED_EDGE ( 'NONE', *, *, #3459, .T. ) ;
#5578 = DIRECTION ( 'NONE',  ( 0.000000000000000000, -1.000000000000000000, 0.000000000000000000 ) ) ;
#5579 = AXIS2_PLACEMENT_3D ( 'NONE', #2410, #6219, #251 ) ;
#5580 = CARTESIAN_POINT ( 'NONE',  ( 11.47214085549942553, 7.049269540290389990, 2.283414511802114522 ) ) ;
#5581 = PERSON_AND_ORGANIZATION_ROLE ( 'design_owner' ) ;
#5582 = EDGE_CURVE ( 'NONE', #3043, #2007, #6390, .T. ) ;
#5584 = ORIENTED_EDGE ( 'NONE', *, *, #3275, .F. ) ;
#5583 = CARTESIAN_POINT ( 'NONE',  ( 13.23167036409815722, 5.950002325822681293, -2.680929997409633447 ) ) ;
#5585 = CARTESIAN_POINT ( 'NONE',  ( 9.731670311944093044, 4.550002315391870056, -1.280929976548006222 ) ) ;
#5586 = LINE ( 'NONE', #3420, #2184 ) ;
#5587 = ADVANCED_FACE ( 'NONE', ( #4034 ), #4682, .F. ) ;
#5588 = EDGE_LOOP ( 'NONE', ( #5181, #3394, #1890, #1794, #4812 ) ) ;
#5589 = AXIS2_PLACEMENT_3D ( 'NONE', #5745, #4656, #5780 ) ;
#5590 = CARTESIAN_POINT ( 'NONE',  ( -10.36800111946578973, 9.049999714529576522, 0.06328467214595893953 ) ) ;
#5591 = DIRECTION ( 'NONE',  ( 1.000000000000000000, 0.000000000000000000, 0.000000000000000000 ) ) ;
#5592 = LOCAL_TIME ( 18, 13, 43.00000000000000000, #2329 ) ;
#5593 = VERTEX_POINT ( 'NONE', #1253 ) ;
#5594 = CARTESIAN_POINT ( 'NONE',  ( 14.30729122045262791, 3.349109486025589888, 2.283211809985991270 ) ) ;
#5595 = PLANE ( 'NONE',  #3837 ) ;
#5596 = CARTESIAN_POINT ( 'NONE',  ( -8.618001082957942316, 3.849999724960383674, -0.9867153539310745680 ) ) ;
#5597 = DIRECTION ( 'NONE',  ( 1.000000000000000000, 0.000000000000000000, 0.000000000000000000 ) ) ;
#5598 = AXIS2_PLACEMENT_3D ( 'NONE', #1231, #6732, #2892 ) ;
#5599 = ORIENTED_EDGE ( 'NONE', *, *, #3984, .F. ) ;
#5600 = PLANE ( 'NONE',  #4343 ) ;
#5602 = EDGE_LOOP ( 'NONE', ( #6480, #3860, #6226, #828, #3373, #2825, #6017 ) ) ;
#5601 = CARTESIAN_POINT ( 'NONE',  ( 13.97905823893396082, 2.849269550721202915, 5.083211862052529284 ) ) ;
#5603 = DIRECTION ( 'NONE',  ( -0.4472135954999579277, 0.000000000000000000, 0.8944271909999158554 ) ) ;
#5604 = AXIS2_PLACEMENT_3D ( 'NONE', #6102, #580, #5048 ) ;
#5605 = DIRECTION ( 'NONE',  ( 1.000000000000000000, 0.000000000000000000, 0.000000000000000000 ) ) ;
#5606 = LINE ( 'NONE', #1189, #963 ) ;
#5607 = EDGE_CURVE ( 'NONE', #2225, #4178, #2481, .T. ) ;
#5609 = ORIENTED_EDGE ( 'NONE', *, *, #4272, .F. ) ;
#5608 = DIRECTION ( 'NONE',  ( -1.000000000000000000, -0.000000000000000000, -0.000000000000000000 ) ) ;
#5611 = VERTEX_POINT ( 'NONE', #5081 ) ;
#5610 = DIRECTION ( 'NONE',  ( 1.000000000000000000, 0.000000000000000000, 0.000000000000000000 ) ) ;
#5612 = ORIENTED_EDGE ( 'NONE', *, *, #199, .T. ) ;
#5613 = ORIENTED_EDGE ( 'NONE', *, *, #5670, .F. ) ;
#5614 = VERTEX_POINT ( 'NONE', #214 ) ;
#5615 = CARTESIAN_POINT ( 'NONE',  ( -9.668001098604165122, 9.449999724960381542, -0.9867153539310745680 ) ) ;
#5616 = DIRECTION ( 'NONE',  ( 0.000000000000000000, 1.000000000000000000, 0.000000000000000000 ) ) ;
#5617 = PERSON_AND_ORGANIZATION ( #6958, #2931 ) ;
#5619 = ORIENTED_EDGE ( 'NONE', *, *, #3145, .T. ) ;
#5618 = CARTESIAN_POINT ( 'NONE',  ( 13.60729121006570885, 2.649269550721202737, 3.683211830760089178 ) ) ;
#5620 = EDGE_CURVE ( 'NONE', #646, #2970, #6790, .T. ) ;
#5621 = CARTESIAN_POINT ( 'NONE',  ( 13.63167036409815758, 5.950002325822681293, -1.980929997409633270 ) ) ;
#5622 = LINE ( 'NONE', #5039, #4369 ) ;
#5623 = EDGE_CURVE ( 'NONE', #1873, #7069, #2922, .T. ) ;
#5624 = EDGE_LOOP ( 'NONE', ( #1127, #3237, #3151, #6989, #3665 ) ) ;
#5625 = B_SPLINE_CURVE_WITH_KNOTS ( 'NONE', 3,
 ( #3091, #5982, #4169, #1534 ),
 .UNSPECIFIED., .F., .F.,
 ( 4, 4 ),
 ( 0.000000000000000000, 2.112940213387181257E-05 ),
 .UNSPECIFIED. ) ;
#5626 = CARTESIAN_POINT ( 'NONE',  ( 10.93209969929563208, 2.154410087572707244, 6.483211872483341409 ) ) ;
#5627 = DIRECTION ( 'NONE',  ( 0.000000000000000000, 1.000000000000000000, 0.000000000000000000 ) ) ;
#5628 = ORIENTED_EDGE ( 'NONE', *, *, #3813, .F. ) ;
#5629 = EDGE_CURVE ( 'NONE', #6311, #4863, #179, .T. ) ;
#5630 = CARTESIAN_POINT ( 'NONE',  ( 13.60729121006570885, 2.649269550721202737, 4.033211835975495596 ) ) ;
#5631 = DIRECTION ( 'NONE',  ( -0.000000000000000000, 1.000000000000000000, 0.000000000000000000 ) ) ;
#5632 = DIRECTION ( 'NONE',  ( 0.000000000000000000, 1.000000000000000000, 0.000000000000000000 ) ) ;
#5633 = DIRECTION ( 'NONE',  ( 0.000000000000000000, 0.000000000000000000, 1.000000000000000000 ) ) ;
#5634 = CYLINDRICAL_SURFACE ( 'NONE', #4038, 0.2000000000000000944 ) ;
#5635 = CARTESIAN_POINT ( 'NONE',  ( -9.257950587420571864, 5.455024988560611909, 0.5582594189765417436 ) ) ;
#5636 = EDGE_CURVE ( 'NONE', #1597, #1968, #6894, .T. ) ;
#5638 = VERTEX_POINT ( 'NONE', #149 ) ;
#5637 = CARTESIAN_POINT ( 'NONE',  ( 10.80729116834247172, 2.149269540290390523, 4.033211835975495596 ) ) ;
#5639 = CARTESIAN_POINT ( 'NONE',  ( 10.78148605018372841, 3.549269550721202648, 5.783211862052528573 ) ) ;
#5640 = FACE_OUTER_BOUND ( 'NONE', #100, .T. ) ;
#5641 = CARTESIAN_POINT ( 'NONE',  ( 11.21659457888352307, 8.750002304961064681, 0.1190700547444332319 ) ) ;
#5642 = ORIENTED_EDGE ( 'NONE', *, *, #1417, .F. ) ;
#5643 = DIRECTION ( 'NONE',  ( 0.000000000000000000, 0.000000000000000000, -1.000000000000000000 ) ) ;
#5644 = CIRCLE ( 'NONE', #6454, 0.1999999999999996503 ) ;
#5646 = ORIENTED_EDGE ( 'NONE', *, *, #4609, .T. ) ;
#5645 = FACE_OUTER_BOUND ( 'NONE', #6036, .T. ) ;
#5647 = VECTOR ( 'NONE', #4205, 1000.000000000000000 ) ;
#5648 = EDGE_CURVE ( 'NONE', #1907, #2970, #2567, .T. ) ;
#5649 = ORIENTED_EDGE ( 'NONE', *, *, #1601, .T. ) ;
#5650 = AXIS2_PLACEMENT_3D ( 'NONE', #6879, #5791, #1949 ) ;
#5651 = DIRECTION ( 'NONE',  ( 0.000000000000000000, 0.000000000000000000, -1.000000000000000000 ) ) ;
#5652 = DIRECTION ( 'NONE',  ( 0.000000000000000000, 0.000000000000000000, -1.000000000000000000 ) ) ;
#5653 = CALENDAR_DATE ( 2024, 29, 4 ) ;
#5655 = ORIENTED_EDGE ( 'NONE', *, *, #2177, .F. ) ;
#5654 = DIRECTION ( 'NONE',  ( -0.000000000000000000, 1.000000000000000000, 0.000000000000000000 ) ) ;
#5656 = CLOSED_SHELL ( 'NONE', ( #4676, #4160, #916, #615, #2697, #7032, #6475, #787, #1802, #3049, #2511, #3582, #2039, #4853, #6890, #6339, #288, #1619, #2083, #7170, #4377, #1064, #87, #2767, #1113, #879, #3661, #5313, #4993, #3938, #3764, #4033, #4245, #6242, #6291, #4300, #4703, #5100, #5764, #4685, #3565 ) ) ;
#5657 = CARTESIAN_POINT ( 'NONE',  ( 9.201235478273847690, 7.049269540290389990, 3.142536743812421651 ) ) ;
#5658 = CIRCLE ( 'NONE', #5997, 1.050000015646217477 ) ;
#5659 = ORIENTED_EDGE ( 'NONE', *, *, #3263, .T. ) ;
#5660 = EDGE_CURVE ( 'NONE', #1562, #4063, #5217, .T. ) ;
#5661 = DIRECTION ( 'NONE',  ( 1.000000000000000000, 0.000000000000000000, 0.000000000000000000 ) ) ;
#5662 = DIRECTION ( 'NONE',  ( 1.000000000000000000, 0.000000000000000000, 0.000000000000000000 ) ) ;
#5663 = ORIENTED_EDGE ( 'NONE', *, *, #185, .T. ) ;
#5664 = ORIENTED_EDGE ( 'NONE', *, *, #3251, .F. ) ;
#5665 = DIRECTION ( 'NONE',  ( 0.000000000000000000, 0.000000000000000000, 1.000000000000000000 ) ) ;
#5666 = CARTESIAN_POINT ( 'NONE',  ( 13.93167036409815829, 7.000002315391870233, -2.680930007840445661 ) ) ;
#5667 = LINE ( 'NONE', #2411, #5403 ) ;
#5668 = CARTESIAN_POINT ( 'NONE',  ( -8.618001082957942316, 3.849999724960383674, -0.9867153539310745680 ) ) ;
#5669 = B_SPLINE_CURVE_WITH_KNOTS ( 'NONE', 3,
 ( #1171, #3426, #6057, #70, #2841, #4424 ),
 .UNSPECIFIED., .F., .F.,
 ( 4, 2, 4 ),
 ( -5.291502626699718742E-06, 0.0003855637784327215021, 0.0007764190594921427466 ),
 .UNSPECIFIED. ) ;
#5670 = EDGE_CURVE ( 'NONE', #4473, #4654, #2912, .T. ) ;
#5671 = CARTESIAN_POINT ( 'NONE',  ( -8.618001082957942316, 4.549999724960382963, -0.9867153539310745680 ) ) ;
#5672 = CARTESIAN_POINT ( 'NONE',  ( 13.70302961661114338, 5.840997451079940284, -2.680929997409633447 ) ) ;
#5675 = EDGE_CURVE ( 'NONE', #4064, #3457, #796, .T. ) ;
#5674 = EDGE_LOOP ( 'NONE', ( #5871, #1000, #2222 ) ) ;
#5673 = PLANE ( 'NONE',  #1199 ) ;
#5676 = DIRECTION ( 'NONE',  ( 0.000000000000000000, 1.000000000000000000, 0.000000000000000000 ) ) ;
#5677 = DIRECTION ( 'NONE',  ( 0.000000000000000000, -0.7071067811865481278, -0.7071067811865467956 ) ) ;
#5678 = CARTESIAN_POINT ( 'NONE',  ( 14.65729122571193699, 1.849269540290390479, 1.583211799467650227 ) ) ;
#5679 = EDGE_CURVE ( 'NONE', #3827, #5215, #1195, .T. ) ;
#5680 = ORIENTED_EDGE ( 'NONE', *, *, #3219, .F. ) ;
#5681 = FACE_BOUND ( 'NONE', #3983, .T. ) ;
#5682 = VECTOR ( 'NONE', #3771, 1000.000000000000000 ) ;
#5683 = CIRCLE ( 'NONE', #7065, 0.2999999999999999334 ) ;
#5685 = ORIENTED_EDGE ( 'NONE', *, *, #1722, .F. ) ;
#5684 = DIRECTION ( 'NONE',  ( 0.000000000000000000, 1.000000000000000000, 0.000000000000000000 ) ) ;
#5686 = AXIS2_PLACEMENT_3D ( 'NONE', #5545, #2183, #6677 ) ;
#5687 = ORIENTED_EDGE ( 'NONE', *, *, #5287, .T. ) ;
#5688 = PLANE ( 'NONE',  #319 ) ;
#5689 = EDGE_CURVE ( 'NONE', #525, #5713, #1618, .T. ) ;
#5690 = FACE_OUTER_BOUND ( 'NONE', #5099, .T. ) ;
#5691 = CALENDAR_DATE ( 2024, 29, 4 ) ;
#5692 = VECTOR ( 'NONE', #6913, 1000.000000000000000 ) ;
#5693 = VECTOR ( 'NONE', #2821, 1000.000000000000000 ) ;
#5695 = ORIENTED_EDGE ( 'NONE', *, *, #3606, .F. ) ;
#5694 = DIRECTION ( 'NONE',  ( 1.000000000000000000, 0.000000000000000000, 0.000000000000000000 ) ) ;
#5696 = VECTOR ( 'NONE', #2037, 1000.000000000000000 ) ;
#5697 = CARTESIAN_POINT ( 'NONE',  ( 13.63167036409815758, 8.050002304961058286, 0.1190700547444332319 ) ) ;
#5698 = AXIS2_PLACEMENT_3D ( 'NONE', #4683, #6895, #6791 ) ;
#5699 = ORIENTED_EDGE ( 'NONE', *, *, #5925, .F. ) ;
#5700 = CARTESIAN_POINT ( 'NONE',  ( -10.06800111946578902, 4.949999735391195976, 0.06328467214595895340 ) ) ;
#5701 = EDGE_CURVE ( 'NONE', #2873, #1370, #110, .T. ) ;
#5702 =( NAMED_UNIT ( * ) PLANE_ANGLE_UNIT ( ) SI_UNIT ( $, .RADIAN. ) );
#5703 = VERTEX_POINT ( 'NONE', #6757 ) ;
#5704 = VERTEX_POINT ( 'NONE', #4542 ) ;
#5705 = DIRECTION ( 'NONE',  ( -0.000000000000000000, 1.000000000000000000, 0.000000000000000000 ) ) ;
#5706 = CARTESIAN_POINT ( 'NONE',  ( 8.707291137050036767, 2.449269550721202560, 3.730425426260042698 ) ) ;
#5707 = CARTESIAN_POINT ( 'NONE',  ( -9.668001098604165122, 5.249999735391195799, -0.1117153408925595226 ) ) ;
#5708 = FACE_OUTER_BOUND ( 'NONE', #595, .T. ) ;
#5709 = FACE_OUTER_BOUND ( 'NONE', #1640, .T. ) ;
#5710 = PRODUCT_DEFINITION_FORMATION_WITH_SPECIFIED_SOURCE ( 'ANY', '', #2014, .NOT_KNOWN. ) ;
#5711 = CARTESIAN_POINT ( 'NONE',  ( 13.63167036409815758, 5.950002325822681293, -1.980929997409633270 ) ) ;
#5713 = VERTEX_POINT ( 'NONE', #4002 ) ;
#5712 = CARTESIAN_POINT ( 'NONE',  ( 10.78167032759031230, 9.450002315391870411, -0.9309299713326002479 ) ) ;
#5714 = EDGE_CURVE ( 'NONE', #1263, #6847, #6218, .T. ) ;
#5715 = CARTESIAN_POINT ( 'NONE',  ( 8.728405698850052019, 2.566426838246584019, 3.640982707160053344 ) ) ;
#5716 = LINE ( 'NONE', #1366, #1493 ) ;
#5717 = LOCAL_TIME ( 18, 13, 43.00000000000000000, #7024 ) ;
#5718 = FACE_OUTER_BOUND ( 'NONE', #5602, .T. ) ;
#5719 =( BOUNDED_CURVE ( )  B_SPLINE_CURVE ( 3, ( #1848, #2995, #5753, #230 ),
 .UNSPECIFIED., .F., .F. ) 
 B_SPLINE_CURVE_WITH_KNOTS ( ( 4, 4 ),
 ( 4.727317100688602558, 6.283185307179586232 ),
 .UNSPECIFIED. ) 
 CURVE ( )  GEOMETRIC_REPRESENTATION_ITEM ( )  RATIONAL_B_SPLINE_CURVE ( ( 1.000000000000000000, 0.8082432817230530420, 0.8082432817230530420, 1.000000000000000000 ) ) 
 REPRESENTATION_ITEM ( '' )  );
#5720 = EDGE_CURVE ( 'NONE', #2659, #3172, #869, .T. ) ;
#5721 = DIRECTION ( 'NONE',  ( 0.000000000000000000, 0.000000000000000000, 1.000000000000000000 ) ) ;
#5722 = AXIS2_PLACEMENT_3D ( 'NONE', #5565, #4556, #2818 ) ;
#5724 = EDGE_LOOP ( 'NONE', ( #3202, #5642, #4743, #3829 ) ) ;
#5723 = CARTESIAN_POINT ( 'NONE',  ( 12.55729126743518975, 2.149269540290390523, 1.783211799467649961 ) ) ;
#5725 = EDGE_CURVE ( 'NONE', #626, #6367, #51, .T. ) ;
#5726 = VECTOR ( 'NONE', #6045, 1000.000000000000000 ) ;
#5727 = DIRECTION ( 'NONE',  ( 0.000000000000000000, 1.000000000000000000, 0.000000000000000000 ) ) ;
#5728 = CYLINDRICAL_SURFACE ( 'NONE', #740, 2.450000036507846701 ) ;
#5729 = PERSON_AND_ORGANIZATION_ROLE ( 'design_supplier' ) ;
#5731 = ORIENTED_EDGE ( 'NONE', *, *, #5660, .F. ) ;
#5730 = FACE_OUTER_BOUND ( 'NONE', #7119, .T. ) ;
#5732 = AXIS2_PLACEMENT_3D ( 'NONE', #97, #2328, #5652 ) ;
#5733 = ORIENTED_EDGE ( 'NONE', *, *, #2465, .F. ) ;
#5734 = CARTESIAN_POINT ( 'NONE',  ( 10.90575012321624193, 2.164493633788133753, 6.483211872483341409 ) ) ;
#5735 = DIRECTION ( 'NONE',  ( -0.7776949671374809858, -0.6286418201878021250, 5.521087337478711043E-15 ) ) ;
#5736 = ORIENTED_EDGE ( 'NONE', *, *, #6159, .F. ) ;
#5737 = EDGE_LOOP ( 'NONE', ( #3803, #2498, #7149, #570, #5938 ) ) ;
#5738 = CARTESIAN_POINT ( 'NONE',  ( 13.98612098675487836, 2.849269550721202471, 5.086760149778807083 ) ) ;
#5739 = CYLINDRICAL_SURFACE ( 'NONE', #5579, 0.7000000000000003997 ) ;
#5740 = CARTESIAN_POINT ( 'NONE',  ( -10.36800111946578973, 8.224999724960383674, 1.463284682576770468 ) ) ;
#5741 = EDGE_CURVE ( 'NONE', #4461, #4774, #904, .T. ) ;
#5742 = DIRECTION ( 'NONE',  ( 1.000000000000000000, 0.000000000000000000, 0.000000000000000000 ) ) ;
#5743 = ORIENTED_EDGE ( 'NONE', *, *, #257, .F. ) ;
#5744 = CARTESIAN_POINT ( 'NONE',  ( 12.20729118920410095, 3.549269550721202648, 2.983211809898461908 ) ) ;
#5746 = ORIENTED_EDGE ( 'NONE', *, *, #5480, .T. ) ;
#5745 = CARTESIAN_POINT ( 'NONE',  ( 15.31409523375367421, 10.15000231539186970, -0.9309299713326002479 ) ) ;
#5747 = LINE ( 'NONE', #1874, #1411 ) ;
#5748 = DIRECTION ( 'NONE',  ( 0.7071067811865474617, 0.000000000000000000, 0.7071067811865476838 ) ) ;
#5749 = LINE ( 'NONE', #6299, #3054 ) ;
#5750 = EDGE_CURVE ( 'NONE', #3022, #1694, #6602, .T. ) ;
#5751 = VECTOR ( 'NONE', #6748, 1000.000000000000000 ) ;
#5752 = DIRECTION ( 'NONE',  ( 0.000000000000000000, 1.000000000000000000, 0.000000000000000000 ) ) ;
#5754 = ORIENTED_EDGE ( 'NONE', *, *, #373, .T. ) ;
#5753 = CARTESIAN_POINT ( 'NONE',  ( 13.81787223472671755, 3.028280936497186993, 6.059748548525546674 ) ) ;
#5755 = EDGE_CURVE ( 'NONE', #3118, #5265, #7062, .T. ) ;
#5756 =( BOUNDED_CURVE ( )  B_SPLINE_CURVE ( 3, ( #7056, #4290, #5352, #3207 ),
 .UNSPECIFIED., .F., .F. ) 
 B_SPLINE_CURVE_WITH_KNOTS ( ( 4, 4 ),
 ( 4.712388980384689674, 6.283185307179586232 ),
 .UNSPECIFIED. ) 
 CURVE ( )  GEOMETRIC_REPRESENTATION_ITEM ( )  RATIONAL_B_SPLINE_CURVE ( ( 1.000000000000000000, 0.8047378541243649375, 0.8047378541243649375, 1.000000000000000000 ) ) 
 REPRESENTATION_ITEM ( '' )  );
#5757 = DIRECTION ( 'NONE',  ( -0.000000000000000000, 1.000000000000000000, -0.000000000000000000 ) ) ;
#5758 = VECTOR ( 'NONE', #1676, 1000.000000000000227 ) ;
#5759 = DIRECTION ( 'NONE',  ( -8.673617379884030739E-15, 0.000000000000000000, 1.000000000000000000 ) ) ;
#5760 = CYLINDRICAL_SURFACE ( 'NONE', #4570, 0.2000000000000005107 ) ;
#5761 = PERSON_AND_ORGANIZATION ( #6958, #2931 ) ;
#5763 = VERTEX_POINT ( 'NONE', #3120 ) ;
#5762 = CARTESIAN_POINT ( 'NONE',  ( 10.67229774098005102, 3.054294803890619026, 5.578186608883112463 ) ) ;
#5764 = ADVANCED_FACE ( 'NONE', ( #6385 ), #1282, .T. ) ;
#5765 = ORIENTED_EDGE ( 'NONE', *, *, #3826, .T. ) ;
#5766 = ORIENTED_EDGE ( 'NONE', *, *, #6557, .F. ) ;
#5767 = EDGE_CURVE ( 'NONE', #3053, #4163, #3939, .T. ) ;
#5768 = CARTESIAN_POINT ( 'NONE',  ( 10.78167032759031230, 4.550002315391870056, -0.9309299713326002479 ) ) ;
#5769 = VECTOR ( 'NONE', #5578, 1000.000000000000000 ) ;
#5770 = ORIENTED_EDGE ( 'NONE', *, *, #5904, .T. ) ;
#5771 = ORIENTED_EDGE ( 'NONE', *, *, #3515, .F. ) ;
#5772 = CARTESIAN_POINT ( 'NONE',  ( 9.757291152696254244, 2.649269550721203181, 4.033211835975495596 ) ) ;
#5773 = CARTESIAN_POINT ( 'NONE',  ( 9.757291152696254244, 6.749269529859585504, 4.033211835975495596 ) ) ;
#5774 = DIRECTION ( 'NONE',  ( 0.000000000000000000, 0.000000000000000000, -1.000000000000000000 ) ) ;
#5775 =( REPRESENTATION_RELATIONSHIP ('NONE','NONE', #3533, #2521 ) REPRESENTATION_RELATIONSHIP_WITH_TRANSFORMATION ( #1955 )SHAPE_REPRESENTATION_RELATIONSHIP( ) );
#5776 = CYLINDRICAL_SURFACE ( 'NONE', #3469, 0.3999999999999993006 ) ;
#5777 = EDGE_LOOP ( 'NONE', ( #4809, #6636, #2974, #5994, #1049, #2101, #4568, #5434, #6886, #3193 ) ) ;
#5778 = CYLINDRICAL_SURFACE ( 'NONE', #177, 0.7000000000000001776 ) ;
#5779 = EDGE_CURVE ( 'NONE', #5914, #1370, #1639, .T. ) ;
#5781 = VERTEX_POINT ( 'NONE', #320 ) ;
#5780 = DIRECTION ( 'NONE',  ( 1.000000000000000000, 0.000000000000000000, 0.000000000000000000 ) ) ;
#5782 = CARTESIAN_POINT ( 'NONE',  ( 14.05188247428048776, 3.054294803890619026, 2.488237063067879173 ) ) ;
#5783 = DIRECTION ( 'NONE',  ( 0.000000000000000000, 0.000000000000000000, 1.000000000000000000 ) ) ;
#5784 = CARTESIAN_POINT ( 'NONE',  ( 14.18509956065412858, 6.699269608090674843, 5.173183357797633164 ) ) ;
#5785 = EDGE_LOOP ( 'NONE', ( #2286, #5952, #5853, #1880 ) ) ;
#5786 = DIRECTION ( 'NONE',  ( 0.000000000000000000, 1.000000000000000000, 0.000000000000000000 ) ) ;
#5787 = CC_DESIGN_DATE_AND_TIME_ASSIGNMENT ( #6918, #2577, ( #378 ) ) ;
#5789 = ORIENTED_EDGE ( 'NONE', *, *, #6994, .F. ) ;
#5788 = DIRECTION ( 'NONE',  ( -0.000000000000000000, 1.000000000000000000, -0.000000000000000000 ) ) ;
#5790 = VECTOR ( 'NONE', #3626, 1000.000000000000000 ) ;
#5791 = DIRECTION ( 'NONE',  ( 0.000000000000000000, -1.000000000000000000, 0.000000000000000000 ) ) ;
#5792 = EDGE_CURVE ( 'NONE', #2687, #5137, #5576, .T. ) ;
#5793 = CARTESIAN_POINT ( 'NONE',  ( 13.81787223472671933, 5.649269529859577865, 6.059748548525545786 ) ) ;
#5794 = CARTESIAN_POINT ( 'NONE',  ( 12.55729126743518975, 6.874269574190515542, 6.483211872483341409 ) ) ;
#5795 = CALENDAR_DATE ( 2024, 29, 4 ) ;
#5796 = ORIENTED_EDGE ( 'NONE', *, *, #2214, .T. ) ;
#5797 = AXIS2_PLACEMENT_3D ( 'NONE', #3342, #3259, #3843 ) ;
#5798 = ADVANCED_FACE ( 'NONE', ( #4747 ), #4506, .T. ) ;
#5799 = EDGE_LOOP ( 'NONE', ( #3918, #2459, #4164, #2800 ) ) ;
#5800 = CARTESIAN_POINT ( 'NONE',  ( 9.102012507030844191, 6.549269529859578221, 2.893769090798470334 ) ) ;
#5801 = EDGE_CURVE ( 'NONE', #5445, #1294, #6999, .T. ) ;
#5802 = AXIS2_PLACEMENT_3D ( 'NONE', #6662, #6194, #2354 ) ;
#5803 = CARTESIAN_POINT ( 'NONE',  ( -5.937571946914178334, 3.380930007840442730, 4.678088238416099109 ) ) ;
#5804 = ORIENTED_EDGE ( 'NONE', *, *, #5607, .T. ) ;
#5805 = VERTEX_POINT ( 'NONE', #1495 ) ;
#5806 = DIRECTION ( 'NONE',  ( -0.000000000000000000, 1.000000000000000000, -0.000000000000000000 ) ) ;
#5807 = EDGE_CURVE ( 'NONE', #4063, #5137, #6466, .T. ) ;
#5808 = CARTESIAN_POINT ( 'NONE',  ( -9.318001088173351931, 5.249999735391195799, -2.036715380008108145 ) ) ;
#5809 = CIRCLE ( 'NONE', #710, 1.050000015646217477 ) ;
#5810 = CIRCLE ( 'NONE', #3499, 2.850000036507845280 ) ;
#5811 = ORIENTED_EDGE ( 'NONE', *, *, #3467, .T. ) ;
#5812 = CARTESIAN_POINT ( 'NONE',  ( 14.65729122571193699, 6.849269540290390701, 1.783211799467650405 ) ) ;
#5813 = VERTEX_POINT ( 'NONE', #833 ) ;
#5814 = CARTESIAN_POINT ( 'NONE',  ( 13.81171448435500970, 6.274614204089091096, 5.447816681484183299 ) ) ;
#5816 = EDGE_LOOP ( 'NONE', ( #1650, #5196, #3340, #2471 ) ) ;
#5815 = LINE ( 'NONE', #5189, #3006 ) ;
#5817 = CARTESIAN_POINT ( 'NONE',  ( -8.618001082957942316, 9.449999724960381542, -0.9867153539310745680 ) ) ;
#5818 = DIRECTION ( 'NONE',  ( 0.000000000000000000, 1.000000000000000000, 0.000000000000000000 ) ) ;
#5819 = CARTESIAN_POINT ( 'NONE',  ( 11.47214085549942553, 7.583584115341151843, 1.583211799467650227 ) ) ;
#5820 = CC_DESIGN_SECURITY_CLASSIFICATION ( #4425, ( #6042 ) ) ;
#5821 = ORIENTED_EDGE ( 'NONE', *, *, #7036, .T. ) ;
#5822 = FACE_OUTER_BOUND ( 'NONE', #6831, .T. ) ;
#5824 = ORIENTED_EDGE ( 'NONE', *, *, #2397, .F. ) ;
#5823 = CARTESIAN_POINT ( 'NONE',  ( 10.78167032759031230, 3.850002315391870322, -0.9309299713326002479 ) ) ;
#5825 = DIRECTION ( 'NONE',  ( -0.3826834323650898928, 0.000000000000000000, -0.9238795325112867385 ) ) ;
#5826 = DIRECTION ( 'NONE',  ( 0.000000000000000000, 0.000000000000000000, -1.000000000000000000 ) ) ;
#5827 = EDGE_CURVE ( 'NONE', #1263, #1968, #5946, .T. ) ;
#5828 = AXIS2_PLACEMENT_3D ( 'NONE', #1585, #6520, #1554 ) ;
#5829 = CARTESIAN_POINT ( 'NONE',  ( 11.63782628044866030, 1.449269540290390124, 1.748897224416888330 ) ) ;
#5830 = PRODUCT_DEFINITION_SHAPE ( 'NONE', 'NONE',  #585 ) ;
#5832 = VERTEX_POINT ( 'NONE', #5396 ) ;
#5831 = DIRECTION ( 'NONE',  ( -1.000000000000000000, 0.000000000000000000, 0.000000000000000000 ) ) ;
#5833 = AXIS2_PLACEMENT_3D ( 'NONE', #6363, #3510, #809 ) ;
#5834 = ORIENTED_EDGE ( 'NONE', *, *, #2210, .F. ) ;
#5835 = CARTESIAN_POINT ( 'NONE',  ( 11.50654407254469014, 8.050002304961058286, 0.8190700547444330626 ) ) ;
#5836 = EDGE_CURVE ( 'NONE', #6364, #5155, #2799, .T. ) ;
#5837 = PERSON_AND_ORGANIZATION_ROLE ( 'classification_officer' ) ;
#5838 = ORIENTED_EDGE ( 'NONE', *, *, #2068, .T. ) ;
#5839 = ORIENTED_EDGE ( 'NONE', *, *, #6066, .T. ) ;
#5840 = CARTESIAN_POINT ( 'NONE',  ( -9.342874827912321933, 8.238132485974855257, 0.7632846721459598527 ) ) ;
#5841 = FACE_OUTER_BOUND ( 'NONE', #2603, .T. ) ;
#5842 = EDGE_CURVE ( 'NONE', #3586, #4196, #5222, .T. ) ;
#5843 = CARTESIAN_POINT ( 'NONE',  ( 13.40729121006570779, 2.849269550721202915, 3.683211830760089178 ) ) ;
#5844 = EDGE_CURVE ( 'NONE', #4797, #1711, #498, .T. ) ;
#5845 = DIRECTION ( 'NONE',  ( 0.000000000000000000, 0.000000000000000000, -1.000000000000000000 ) ) ;
#5846 = ORIENTED_EDGE ( 'NONE', *, *, #3269, .F. ) ;
#5847 = LINE ( 'NONE', #3257, #5161 ) ;
#5849 = ORIENTED_EDGE ( 'NONE', *, *, #2720, .T. ) ;
#5848 = CARTESIAN_POINT ( 'NONE',  ( 14.10493462727596281, 6.294403744699970105, 2.687924996339745576 ) ) ;
#5850 = CARTESIAN_POINT ( 'NONE',  ( -10.06800111946578902, 8.544974461360155260, -2.531690126838690880 ) ) ;
#5851 = DIRECTION ( 'NONE',  ( 0.000000000000000000, 1.000000000000000000, 0.000000000000000000 ) ) ;
#5852 = CARTESIAN_POINT ( 'NONE',  ( -11.06800111946578902, 5.249999735391195799, 0.7632846721459588535 ) ) ;
#5853 = ORIENTED_EDGE ( 'NONE', *, *, #7002, .F. ) ;
#5854 = EDGE_CURVE ( 'NONE', #5265, #3493, #531, .T. ) ;
#5855 = DIRECTION ( 'NONE',  ( -0.8944271909999159664, 0.000000000000000000, -0.4472135954999579832 ) ) ;
#5857 = ORIENTED_EDGE ( 'NONE', *, *, #664, .F. ) ;
#5856 = CYLINDRICAL_SURFACE ( 'NONE', #6775, 1.050000015646217477 ) ;
#5858 = FACE_OUTER_BOUND ( 'NONE', #5976, .T. ) ;
#5859 = B_SPLINE_CURVE_WITH_KNOTS ( 'NONE', 3,
 ( #5657, #4495, #2940, #5107, #6712, #3993 ),
 .UNSPECIFIED., .F., .F.,
 ( 4, 2, 4 ),
 ( 0.000000000000000000, 0.0005356649825019560267, 0.001071329965003912053 ),
 .UNSPECIFIED. ) ;
#5860 = CARTESIAN_POINT ( 'NONE',  ( 12.49652003039348180, 4.550002315391870056, -3.380930007840445395 ) ) ;
#5861 = AXIS2_PLACEMENT_3D ( 'NONE', #367, #2009, #4790 ) ;
#5862 = CARTESIAN_POINT ( 'NONE',  ( 11.68229118138100731, 2.349269540290390701, 1.783211799467650405 ) ) ;
#5863 = APPROVAL_ROLE ( '' ) ;
#5865 = EDGE_LOOP ( 'NONE', ( #4044, #6532, #5284, #5609 ) ) ;
#5864 = CARTESIAN_POINT ( 'NONE',  ( 9.730897945230823964, 5.837402301304861041, 2.283211809898461286 ) ) ;
#5866 = EDGE_CURVE ( 'NONE', #5494, #5781, #5038, .T. ) ;
#5867 = AXIS2_PLACEMENT_3D ( 'NONE', #4273, #430, #3630 ) ;
#5868 = EDGE_LOOP ( 'NONE', ( #5145, #59, #4619, #2712, #3872 ) ) ;
#5869 = DIRECTION ( 'NONE',  ( -1.000000000000000000, -0.000000000000000000, -0.000000000000000000 ) ) ;
#5870 =( NAMED_UNIT ( * ) SI_UNIT ( $, .STERADIAN. ) SOLID_ANGLE_UNIT ( ) );
#5871 = ORIENTED_EDGE ( 'NONE', *, *, #15, .F. ) ;
#5872 = VERTEX_POINT ( 'NONE', #2755 ) ;
#5873 = AXIS2_PLACEMENT_3D ( 'NONE', #1387, #5942, #4301 ) ;
#5874 = CC_DESIGN_PERSON_AND_ORGANIZATION_ASSIGNMENT ( #5761, #5104, ( #1811 ) ) ;
#5875 = CARTESIAN_POINT ( 'NONE',  ( 10.78167032759031230, 3.850002315391870322, -0.9309299713326002479 ) ) ;
#5876 = VECTOR ( 'NONE', #264, 1000.000000000000000 ) ;
#5877 = DIRECTION ( 'NONE',  ( -0.000000000000000000, 1.000000000000000000, 0.000000000000000000 ) ) ;
#5878 = EDGE_CURVE ( 'NONE', #3532, #2786, #4919, .T. ) ;
#5879 = FACE_OUTER_BOUND ( 'NONE', #3802, .T. ) ;
#5880 = VECTOR ( 'NONE', #4571, 1000.000000000000000 ) ;
#5881 = CARTESIAN_POINT ( 'NONE',  ( 12.71470281067218089, 6.699269608090674843, 6.483211872483341409 ) ) ;
#5882 = ORIENTED_EDGE ( 'NONE', *, *, #2402, .F. ) ;
#5883 = DIRECTION ( 'NONE',  ( 0.000000000000000000, -1.000000000000000000, 0.000000000000000000 ) ) ;
#5884 = DIRECTION ( 'NONE',  ( 0.000000000000000000, -0.7071067811865483499, 0.7071067811865467956 ) ) ;
#5885 = AXIS2_PLACEMENT_3D ( 'NONE', #2721, #6716, #6647 ) ;
#5886 = FACE_OUTER_BOUND ( 'NONE', #6670, .T. ) ;
#5887 = CARTESIAN_POINT ( 'NONE',  ( -11.06800111946578902, 8.049999714529571193, -2.036715380008108145 ) ) ;
#5888 = CARTESIAN_POINT ( 'NONE',  ( 10.13860081933534651, 6.549269529859585326, 4.953774804639559548 ) ) ;
#5889 = CIRCLE ( 'NONE', #2761, 0.2000000000000000944 ) ;
#5890 = ORIENTED_EDGE ( 'NONE', *, *, #2402, .T. ) ;
#5891 = ADVANCED_FACE ( 'NONE', ( #1634 ), #1750, .T. ) ;
#5892 = FACE_OUTER_BOUND ( 'NONE', #3047, .T. ) ;
#5894 = ORIENTED_EDGE ( 'NONE', *, *, #545, .T. ) ;
#5893 = DIRECTION ( 'NONE',  ( -0.8944271909999159664, 0.000000000000000000, -0.4472135954999579832 ) ) ;
#5895 = CARTESIAN_POINT ( 'NONE',  ( 10.78167032759031230, 9.450002315391870411, -0.9309299713326002479 ) ) ;
#5896 = CARTESIAN_POINT ( 'NONE',  ( 10.98859283569086287, 2.149269540290390523, 6.483211872483341409 ) ) ;
#5897 = CARTESIAN_POINT ( 'NONE',  ( 11.87214085549942411, 1.449269540290390568, 1.983211799467650360 ) ) ;
#5898 = ADVANCED_FACE ( 'NONE', ( #6606 ), #2835, .T. ) ;
#5899 = FACE_OUTER_BOUND ( 'NONE', #4909, .T. ) ;
#5900 = SECURITY_CLASSIFICATION_LEVEL ( 'unclassified' ) ;
#5902 = EDGE_LOOP ( 'NONE', ( #3083, #2947, #3388, #4560 ) ) ;
#5901 = CARTESIAN_POINT ( 'NONE',  ( -10.06800111946578902, 4.949999735391195976, 0.7632846721459588535 ) ) ;
#5903 = VERTEX_POINT ( 'NONE', #3220 ) ;
#5904 = EDGE_CURVE ( 'NONE', #5090, #1577, #1566, .T. ) ;
#5905 = ORIENTED_EDGE ( 'NONE', *, *, #6256, .T. ) ;
#5906 = DIRECTION ( 'NONE',  ( 0.7071067811865473507, 0.000000000000000000, 0.7071067811865476838 ) ) ;
#5907 = ORIENTED_EDGE ( 'NONE', *, *, #5165, .T. ) ;
#5908 = EDGE_LOOP ( 'NONE', ( #2044, #4504, #902, #231, #885, #2691, #1407, #6756, #6564, #4233, #6477, #5212 ) ) ;
#5909 = CARTESIAN_POINT ( 'NONE',  ( 10.17874369741362806, 2.849269550721202915, 4.528063099378281997 ) ) ;
#5910 = LINE ( 'NONE', #905, #5293 ) ;
#5911 = EDGE_CURVE ( 'NONE', #5215, #6980, #1292, .T. ) ;
#5912 = CARTESIAN_POINT ( 'NONE',  ( 12.49652003039348180, 4.550002315391870056, -2.680727295505981100 ) ) ;
#5913 = CARTESIAN_POINT ( 'NONE',  ( -10.36800111946578973, 6.999999724960383141, -3.436715390438920270 ) ) ;
#5914 = VERTEX_POINT ( 'NONE', #1598 ) ;
#5915 = CARTESIAN_POINT ( 'NONE',  ( 14.05188247428048776, 3.054294803890619026, 2.488237063067879173 ) ) ;
#5916 = DIRECTION ( 'NONE',  ( 2.774754023183460056E-16, 0.000000000000000000, 1.000000000000000000 ) ) ;
#5917 = AXIS2_PLACEMENT_3D ( 'NONE', #2385, #4111, #4658 ) ;
#5918 = AXIS2_PLACEMENT_3D ( 'NONE', #4865, #4182, #337 ) ;
#5919 = CARTESIAN_POINT ( 'NONE',  ( 14.65729122571193699, 2.149269540290390523, 4.033211835975495596 ) ) ;
#5920 = FACE_OUTER_BOUND ( 'NONE', #5086, .T. ) ;
#5921 = DIRECTION ( 'NONE',  ( 1.000000000000000000, 0.000000000000000000, 0.000000000000000000 ) ) ;
#5922 = ORIENTED_EDGE ( 'NONE', *, *, #6006, .F. ) ;
#5923 = CONICAL_SURFACE ( 'NONE', #6626, 1.050000015646217477, 0.7853981633974476129 ) ;
#5924 = CARTESIAN_POINT ( 'NONE',  ( 14.00032365415185609, 7.049269540290389990, 5.096646671324609024 ) ) ;
#5925 = EDGE_CURVE ( 'NONE', #2175, #549, #7181, .T. ) ;
#5927 = EDGE_LOOP ( 'NONE', ( #5746, #314, #5180, #3818, #6583, #5358 ) ) ;
#5926 = CARTESIAN_POINT ( 'NONE',  ( -11.06800111946578902, 5.949999735391195976, 0.7632846721459588535 ) ) ;
#5928 = CARTESIAN_POINT ( 'NONE',  ( 10.55653316023816046, 6.119057554319463854, 5.962752730201470008 ) ) ;
#5929 = CARTESIAN_POINT ( 'NONE',  ( 9.936176590896238281, 2.349269540290390701, 1.672654518567642024 ) ) ;
#5930 = AXIS2_PLACEMENT_3D ( 'NONE', #6612, #4348, #1642 ) ;
#5931 = DIRECTION ( 'NONE',  ( -0.7071067811865470176, -0.7071067811865480168, 8.659560562354926695E-17 ) ) ;
#5932 = ADVANCED_FACE ( 'NONE', ( #610 ), #6643, .T. ) ;
#5933 = LOCAL_TIME ( 18, 13, 43.00000000000000000, #1595 ) ;
#5934 = CARTESIAN_POINT ( 'NONE',  ( 11.48970279241824421, 7.049269540290389990, 6.483211872483341409 ) ) ;
#5935 = EDGE_CURVE ( 'NONE', #6364, #6007, #1707, .T. ) ;
#5936 = PERSON_AND_ORGANIZATION_ROLE ( 'classification_officer' ) ;
#5938 = ORIENTED_EDGE ( 'NONE', *, *, #1410, .F. ) ;
#5937 = FACE_OUTER_BOUND ( 'NONE', #794, .T. ) ;
#5939 = CC_DESIGN_APPROVAL ( #4501, ( #1430 ) ) ;
#5940 =( BOUNDED_CURVE ( )  B_SPLINE_CURVE ( 3, ( #3963, #3464, #6856, #2443 ),
 .UNSPECIFIED., .F., .F. ) 
 B_SPLINE_CURVE_WITH_KNOTS ( ( 4, 4 ),
 ( 0.000000000000000000, 1.570796326794894782 ),
 .UNSPECIFIED. ) 
 CURVE ( )  GEOMETRIC_REPRESENTATION_ITEM ( )  RATIONAL_B_SPLINE_CURVE ( ( 1.000000000000000000, 0.8047378541243654926, 0.8047378541243654926, 1.000000000000000000 ) ) 
 REPRESENTATION_ITEM ( '' )  );
#5941 = EDGE_LOOP ( 'NONE', ( #6193, #5458 ) ) ;
#5942 = DIRECTION ( 'NONE',  ( 0.000000000000000000, 0.000000000000000000, 1.000000000000000000 ) ) ;
#5943 = COORDINATED_UNIVERSAL_TIME_OFFSET ( 1, 0, .AHEAD. ) ;
#5944 = EDGE_LOOP ( 'NONE', ( #444, #2162, #2287, #5299, #1887 ) ) ;
#5945 = AXIS2_PLACEMENT_3D ( 'NONE', #13, #2239, #4441 ) ;
#5946 = LINE ( 'NONE', #4165, #6277 ) ;
#5947 = CARTESIAN_POINT ( 'NONE',  ( -8.618001082957942316, 9.449999724960381542, 1.463284682576770468 ) ) ;
#5948 = VECTOR ( 'NONE', #137, 1000.000000000000000 ) ;
#5949 = CARTESIAN_POINT ( 'NONE',  ( -8.618001082957942316, 4.549999724960382963, -3.436715390438920270 ) ) ;
#5950 = CARTESIAN_POINT ( 'NONE',  ( 11.79649357052644199, 9.450002315391870411, 1.519070065175245343 ) ) ;
#5951 = ORIENTED_EDGE ( 'NONE', *, *, #6921, .F. ) ;
#5952 = ORIENTED_EDGE ( 'NONE', *, *, #6889, .F. ) ;
#5953 = DIRECTION ( 'NONE',  ( 0.000000000000000000, 1.000000000000000000, 0.000000000000000000 ) ) ;
#5954 = CARTESIAN_POINT ( 'NONE',  ( 10.15910876266714702, 6.902287469909900608, 5.003285359567566815 ) ) ;
#5955 = AXIS2_PLACEMENT_3D ( 'NONE', #6810, #3616, #748 ) ;
#5956 = DIRECTION ( 'NONE',  ( -0.8944271909999159664, 0.000000000000000000, -0.4472135954999579832 ) ) ;
#5957 = EDGE_CURVE ( 'NONE', #563, #6252, #4057, .T. ) ;
#5958 = DIRECTION ( 'NONE',  ( 0.000000000000000000, 0.000000000000000000, 1.000000000000000000 ) ) ;
#5959 = ORIENTED_EDGE ( 'NONE', *, *, #5836, .T. ) ;
#5960 = DIRECTION ( 'NONE',  ( 0.000000000000000000, 1.000000000000000000, 0.000000000000000000 ) ) ;
#5962 = VERTEX_POINT ( 'NONE', #3915 ) ;
#5961 = CARTESIAN_POINT ( 'NONE',  ( 8.728405698850053795, 2.349269540290390701, 3.640982707160051124 ) ) ;
#5963 = FACE_OUTER_BOUND ( 'NONE', #4628, .T. ) ;
#5964 = CARTESIAN_POINT ( 'NONE',  ( 8.728405698850053795, 6.849269540290390701, 3.640982707160051124 ) ) ;
#5965 = CARTESIAN_POINT ( 'NONE',  ( 11.53694926068014404, 1.633927594691978458, 5.785342772366113273 ) ) ;
#5966 = B_SPLINE_CURVE_WITH_KNOTS ( 'NONE', 3,
 ( #4786, #1499, #4718, #4237, #4819, #7074 ),
 .UNSPECIFIED., .F., .F.,
 ( 4, 2, 4 ),
 ( 0.000000000000000000, 0.0001568051734606302865, 0.0003136103469212605729 ),
 .UNSPECIFIED. ) ;
#5967 = EDGE_CURVE ( 'NONE', #2873, #67, #5504, .T. ) ;
#5968 = CARTESIAN_POINT ( 'NONE',  ( 14.36256986094652710, 3.549269550721202648, 2.172654528998453571 ) ) ;
#5969 = PERSON_AND_ORGANIZATION_ROLE ( 'classification_officer' ) ;
#5970 = EDGE_CURVE ( 'NONE', #7169, #486, #4469, .T. ) ;
#5972 = ORIENTED_EDGE ( 'NONE', *, *, #257, .T. ) ;
#5971 = FACE_OUTER_BOUND ( 'NONE', #758, .T. ) ;
#5973 = ORIENTED_EDGE ( 'NONE', *, *, #6549, .F. ) ;
#5974 = FACE_OUTER_BOUND ( 'NONE', #6935, .T. ) ;
#5975 = EDGE_CURVE ( 'NONE', #4607, #3877, #923, .T. ) ;
#5976 = EDGE_LOOP ( 'NONE', ( #2403, #4151, #3309, #4106, #1767, #6348 ) ) ;
#5977 = ORIENTED_EDGE ( 'NONE', *, *, #6839, .T. ) ;
#5978 = CARTESIAN_POINT ( 'NONE',  ( 8.925470783203728331, 2.211916918816005495, 3.367934049900525029 ) ) ;
#5979 = CARTESIAN_POINT ( 'NONE',  ( 8.898496370700307523, 6.392378871260076423, 3.539220192609832782 ) ) ;
#5980 = EDGE_CURVE ( 'NONE', #5253, #878, #5859, .T. ) ;
#5981 = VERTEX_POINT ( 'NONE', #3105 ) ;
#5982 = CARTESIAN_POINT ( 'NONE',  ( 14.09349174813049110, 2.649269550721202293, 4.919033368606712031 ) ) ;
#5983 = AXIS2_PLACEMENT_3D ( 'NONE', #6888, #651, #6380 ) ;
#5984 = CARTESIAN_POINT ( 'NONE',  ( 14.65729122571193699, 7.749269540290391056, 4.033211835975495596 ) ) ;
#5985 = VERTEX_POINT ( 'NONE', #6783 ) ;
#5986 = TOROIDAL_SURFACE ( 'NONE', #3555, 1.000000000000000000, 0.2999999999999999889 ) ;
#5987 = CARTESIAN_POINT ( 'NONE',  ( 9.880897950446232869, 6.849269540290390701, 1.783211799467649961 ) ) ;
#5988 = LINE ( 'NONE', #2599, #2805 ) ;
#5989 = CARTESIAN_POINT ( 'NONE',  ( 10.60145126713202934, 2.921264845438240609, 5.445156650430732270 ) ) ;
#5990 = DIRECTION ( 'NONE',  ( 2.774754023183460056E-16, -0.000000000000000000, 1.000000000000000000 ) ) ;
#5991 = ORIENTED_EDGE ( 'NONE', *, *, #1601, .F. ) ;
#5992 = DIRECTION ( 'NONE',  ( -0.000000000000000000, -1.000000000000000000, -0.000000000000000000 ) ) ;
#5993 = AXIS2_PLACEMENT_3D ( 'NONE', #3224, #6965, #2555 ) ;
#5994 = ORIENTED_EDGE ( 'NONE', *, *, #5714, .F. ) ;
#5996 = EDGE_LOOP ( 'NONE', ( #5972, #928, #3675, #1320, #3750 ) ) ;
#5995 = DIRECTION ( 'NONE',  ( 0.000000000000000000, 0.7071067811865483499, 0.7071067811865467956 ) ) ;
#5997 = AXIS2_PLACEMENT_3D ( 'NONE', #2058, #2130, #2096 ) ;
#5998 = CARTESIAN_POINT ( 'NONE',  ( 10.78167032759031230, 4.550002315391870056, -0.9309299713326002479 ) ) ;
#5999 = FACE_OUTER_BOUND ( 'NONE', #259, .T. ) ;
#6000 = CC_DESIGN_PERSON_AND_ORGANIZATION_ASSIGNMENT ( #4672, #5170, ( #6042 ) ) ;
#6001 = ORIENTED_EDGE ( 'NONE', *, *, #4824, .F. ) ;
#6002 = FACE_OUTER_BOUND ( 'NONE', #213, .T. ) ;
#6003 = APPROVAL_DATE_TIME ( #2171, #6200 ) ;
#6005 = VERTEX_POINT ( 'NONE', #1747 ) ;
#6004 = DIRECTION ( 'NONE',  ( 1.000000000000000000, 0.000000000000000000, 0.000000000000000000 ) ) ;
#6006 = EDGE_CURVE ( 'NONE', #6835, #4366, #2447, .T. ) ;
#6007 = VERTEX_POINT ( 'NONE', #4533 ) ;
#6008 = PLANE ( 'NONE',  #2981 ) ;
#6009 = APPROVAL_DATE_TIME ( #6603, #6404 ) ;
#6010 = ORIENTED_EDGE ( 'NONE', *, *, #2582, .F. ) ;
#6011 = ORIENTED_EDGE ( 'NONE', *, *, #7166, .T. ) ;
#6012 = EDGE_CURVE ( 'NONE', #6376, #5061, #575, .T. ) ;
#6013 = DIRECTION ( 'NONE',  ( 0.000000000000000000, 1.000000000000000000, 0.000000000000000000 ) ) ;
#6014 = CIRCLE ( 'NONE', #3817, 0.1999999999999996503 ) ;
#6015 = FACE_OUTER_BOUND ( 'NONE', #4050, .T. ) ;
#6016 = EDGE_CURVE ( 'NONE', #2279, #6244, #2868, .T. ) ;
#6017 = ORIENTED_EDGE ( 'NONE', *, *, #4557, .F. ) ;
#6018 = CARTESIAN_POINT ( 'NONE',  ( 12.49652003039348180, 9.450002315391870411, -2.680727295505981100 ) ) ;
#6019 = CARTESIAN_POINT ( 'NONE',  ( -13.51800115597362328, 10.14999972496038261, -3.436715390438920270 ) ) ;
#6020 = EDGE_LOOP ( 'NONE', ( #6736, #5922, #4987, #2114, #1859 ) ) ;
#6021 = VERTEX_POINT ( 'NONE', #1244 ) ;
#6022 = ADVANCED_FACE ( 'NONE', ( #855 ), #1208, .T. ) ;
#6023 = ADVANCED_FACE ( 'NONE', ( #271 ), #6370, .T. ) ;
#6024 = DIRECTION ( 'NONE',  ( -0.000000000000000000, 0.000000000000000000, -1.000000000000000000 ) ) ;
#6025 = DIRECTION ( 'NONE',  ( 0.000000000000000000, 0.000000000000000000, 1.000000000000000000 ) ) ;
#6026 = PLANE ( 'NONE',  #1442 ) ;
#6027 = EDGE_LOOP ( 'NONE', ( #3357, #1740, #2118, #5754, #864, #4141, #1432, #6158, #5849, #7161, #4001, #1870, #4710, #5770, #1523, #6383 ) ) ;
#6028 = CIRCLE ( 'NONE', #706, 0.1999999999999993727 ) ;
#6029 = CARTESIAN_POINT ( 'NONE',  ( 10.59671014368147191, 3.549269550721202648, 6.059748548525545786 ) ) ;
#6031 = VERTEX_POINT ( 'NONE', #3453 ) ;
#6030 = CARTESIAN_POINT ( 'NONE',  ( 9.731670311944093044, 5.250002325822681115, -0.2309299609017882726 ) ) ;
#6032 = CARTESIAN_POINT ( 'NONE',  ( 13.63167036409815758, 5.950002325822681293, 1.119070054744432996 ) ) ;
#6033 = CARTESIAN_POINT ( 'NONE',  ( 14.00032365415184010, 2.849347546344283444, 5.093661158153028445 ) ) ;
#6034 = VECTOR ( 'NONE', #2027, 1000.000000000000000 ) ;
#6035 = ORIENTED_EDGE ( 'NONE', *, *, #6930, .T. ) ;
#6036 = EDGE_LOOP ( 'NONE', ( #6571, #3276, #4200, #3602 ) ) ;
#6037 = CONTEXT_DEPENDENT_SHAPE_REPRESENTATION ( #1699, #440 ) ;
#6038 = AXIS2_PLACEMENT_3D ( 'NONE', #5913, #943, #400 ) ;
#6040 = ORIENTED_EDGE ( 'NONE', *, *, #7178, .F. ) ;
#6039 = DIRECTION ( 'NONE',  ( 1.000000000000000000, 0.000000000000000000, 0.000000000000000000 ) ) ;
#6041 = EDGE_CURVE ( 'NONE', #538, #7131, #5314, .T. ) ;
#6042 = PRODUCT_DEFINITION_FORMATION_WITH_SPECIFIED_SOURCE ( 'ANY', '', #6476, .NOT_KNOWN. ) ;
#6043 = EDGE_LOOP ( 'NONE', ( #1079, #1938, #4341, #1352 ) ) ;
#6044 = CARTESIAN_POINT ( 'NONE',  ( -9.223934702450710788, 8.749999714529572259, -2.224848151453390876 ) ) ;
#6045 = DIRECTION ( 'NONE',  ( -0.000000000000000000, -1.000000000000000000, -0.000000000000000000 ) ) ;
#6046 = APPROVAL_ROLE ( '' ) ;
#6048 = EDGE_LOOP ( 'NONE', ( #6075, #4349, #1593, #365 ) ) ;
#6047 = CYLINDRICAL_SURFACE ( 'NONE', #3441, 0.2999999999999999334 ) ;
#6049 = ORIENTED_EDGE ( 'NONE', *, *, #429, .T. ) ;
#6050 = CARTESIAN_POINT ( 'NONE',  ( 14.65729122571193699, 6.699269608090674843, 1.583211799467650227 ) ) ;
#6051 = CC_DESIGN_SECURITY_CLASSIFICATION ( #839, ( #7191 ) ) ;
#6052 = DIRECTION ( 'NONE',  ( 0.000000000000000000, 1.000000000000000000, 0.000000000000000000 ) ) ;
#6053 = ORIENTED_EDGE ( 'NONE', *, *, #1417, .T. ) ;
#6054 = ADVANCED_FACE ( 'NONE', ( #5858, #647 ), #3611, .T. ) ;
#6055 = CARTESIAN_POINT ( 'NONE',  ( 13.93167036409815829, 3.850002315391870322, -0.9309299713326002479 ) ) ;
#6056 = VECTOR ( 'NONE', #996, 1000.000000000000000 ) ;
#6057 = CARTESIAN_POINT ( 'NONE',  ( -10.21141511961111270, 8.268757293159408661, -2.736715380008108323 ) ) ;
#6058 = VERTEX_POINT ( 'NONE', #717 ) ;
#6059 = ORIENTED_EDGE ( 'NONE', *, *, #2497, .F. ) ;
#6061 = EDGE_CURVE ( 'NONE', #878, #1117, #1824, .T. ) ;
#6060 = CARTESIAN_POINT ( 'NONE',  ( 14.10316580320053781, 2.874696294774633287, 5.370988946259033447 ) ) ;
#6062 = CARTESIAN_POINT ( 'NONE',  ( 9.407291147575785217, 5.786200559914779440, 2.283211809709533746 ) ) ;
#6063 = FACE_BOUND ( 'NONE', #5408, .T. ) ;
#6064 = LINE ( 'NONE', #3393, #5481 ) ;
#6065 = CIRCLE ( 'NONE', #6195, 0.3500000156462182987 ) ;
#6066 = EDGE_CURVE ( 'NONE', #4821, #5981, #5073, .T. ) ;
#6067 = ORIENTED_EDGE ( 'NONE', *, *, #5842, .F. ) ;
#6068 = DIRECTION ( 'NONE',  ( 0.4472135954999579277, -0.000000000000000000, -0.8944271909999158554 ) ) ;
#6070 = ORIENTED_EDGE ( 'NONE', *, *, #1776, .T. ) ;
#6069 = LINE ( 'NONE', #6030, #4330 ) ;
#6071 = CARTESIAN_POINT ( 'NONE',  ( 10.78167032759031230, 4.550002315391870056, -3.380930007840445395 ) ) ;
#6072 = DIRECTION ( 'NONE',  ( 0.000000000000000000, 0.000000000000000000, 1.000000000000000000 ) ) ;
#6073 = CARTESIAN_POINT ( 'NONE',  ( 11.78866548104251599, 1.449269540290390568, 5.885701826962868033 ) ) ;
#6074 = EDGE_CURVE ( 'NONE', #2043, #5593, #1948, .T. ) ;
#6075 = ORIENTED_EDGE ( 'NONE', *, *, #5011, .F. ) ;
#6077 = ORIENTED_EDGE ( 'NONE', *, *, #1548, .F. ) ;
#6076 = CARTESIAN_POINT ( 'NONE',  ( 10.59671014364792896, 3.312988331410640086, 6.059748548444567007 ) ) ;
#6078 = APPROVAL_DATE_TIME ( #4874, #5122 ) ;
#6080 = ORIENTED_EDGE ( 'NONE', *, *, #2778, .F. ) ;
#6079 = CARTESIAN_POINT ( 'NONE',  ( 14.00032365414988611, 2.649369830805032855, 5.096646671323892264 ) ) ;
#6081 = ORIENTED_EDGE ( 'NONE', *, *, #6585, .F. ) ;
#6082 = LINE ( 'NONE', #2713, #5174 ) ;
#6083 = EDGE_CURVE ( 'NONE', #1227, #2264, #889, .T. ) ;
#6084 = LINE ( 'NONE', #4995, #2261 ) ;
#6085 = DATE_TIME_ROLE ( 'creation_date' ) ;
#6087 = ORIENTED_EDGE ( 'NONE', *, *, #6159, .T. ) ;
#6086 = CARTESIAN_POINT ( 'NONE',  ( -9.052925334251154865, 5.249999735391195799, 0.06328467214595895340 ) ) ;
#6088 = DIRECTION ( 'NONE',  ( 0.7071067811865470176, 0.7071067811865480168, 0.000000000000000000 ) ) ;
#6089 = AXIS2_PLACEMENT_3D ( 'NONE', #4550, #1396, #5300 ) ;
#6090 = CARTESIAN_POINT ( 'NONE',  ( 13.73368442274654377, 6.349269529859585148, 2.983211809898461908 ) ) ;
#6091 = ORIENTED_EDGE ( 'NONE', *, *, #7000, .F. ) ;
#6092 = VECTOR ( 'NONE', #2292, 1000.000000000000000 ) ;
#6093 = ADVANCED_FACE ( 'NONE', ( #3076 ), #4734, .T. ) ;
#6094 = CC_DESIGN_PERSON_AND_ORGANIZATION_ASSIGNMENT ( #3110, #5936, ( #5013 ) ) ;
#6095 =( LENGTH_UNIT ( ) NAMED_UNIT ( * ) SI_UNIT ( .MILLI., .METRE. ) );
#6096 = ORIENTED_EDGE ( 'NONE', *, *, #2797, .F. ) ;
#6097 = ORIENTED_EDGE ( 'NONE', *, *, #6851, .F. ) ;
#6098 = CARTESIAN_POINT ( 'NONE',  ( 13.73368442274654200, 2.849269550721202471, 2.983211809898461908 ) ) ;
#6099 = DIRECTION ( 'NONE',  ( -0.9238795325112854062, 0.000000000000000000, 0.3826834323650931124 ) ) ;
#6100 = CARTESIAN_POINT ( 'NONE',  ( -10.36800111946578973, 10.14999972496038261, -0.9867153539310745680 ) ) ;
#6101 = EDGE_CURVE ( 'NONE', #5215, #5832, #6410, .T. ) ;
#6102 = CARTESIAN_POINT ( 'NONE',  ( 10.40869384404794218, 2.649269550721202737, 5.083211862052530172 ) ) ;
#6103 = CIRCLE ( 'NONE', #5400, 1.050000015646217477 ) ;
#6104 = ORIENTED_EDGE ( 'NONE', *, *, #4077, .F. ) ;
#6105 = VECTOR ( 'NONE', #472, 1000.000000000000000 ) ;
#6106 = CARTESIAN_POINT ( 'NONE',  ( 10.78167032759031230, 10.15000231539186970, -3.380930007840445395 ) ) ;
#6107 = EDGE_CURVE ( 'NONE', #3318, #2514, #6956, .T. ) ;
#6109 = ORIENTED_EDGE ( 'NONE', *, *, #5465, .F. ) ;
#6108 = LINE ( 'NONE', #5089, #1167 ) ;
#6110 = CIRCLE ( 'NONE', #1713, 0.3999999999999999667 ) ;
#6111 = DIRECTION ( 'NONE',  ( 0.000000000000000000, -1.000000000000000000, 0.000000000000000000 ) ) ;
#6112 = CARTESIAN_POINT ( 'NONE',  ( 14.65729122571193699, 2.649269550721202737, 4.033211835975495596 ) ) ;
#6113 = CARTESIAN_POINT ( 'NONE',  ( 11.42161983205294007, 8.544977051791642353, 0.6140448015750160637 ) ) ;
#6114 = ADVANCED_FACE ( 'NONE', ( #1516 ), #2057, .T. ) ;
#6115 = ORIENTED_EDGE ( 'NONE', *, *, #4459, .T. ) ;
#6117 = ORIENTED_EDGE ( 'NONE', *, *, #1397, .F. ) ;
#6116 = CARTESIAN_POINT ( 'NONE',  ( 10.30797582726073891, 2.870566836753485784, 5.362682245900800559 ) ) ;
#6118 = DATE_AND_TIME ( #521, #6298 ) ;
#6120 = ORIENTED_EDGE ( 'NONE', *, *, #5441, .T. ) ;
#6119 = CARTESIAN_POINT ( 'NONE',  ( 10.59671014368147191, 3.549269550721202648, 6.059748548525545786 ) ) ;
#6121 = ADVANCED_FACE ( 'NONE', ( #5963 ), #5515, .T. ) ;
#6122 = VECTOR ( 'NONE', #6399, 1000.000000000000000 ) ;
#6123 = ORIENTED_EDGE ( 'NONE', *, *, #2393, .F. ) ;
#6124 = DIRECTION ( 'NONE',  ( 0.000000000000000000, 1.000000000000000000, 0.000000000000000000 ) ) ;
#6125 = LINE ( 'NONE', #2789, #42 ) ;
#6126 = COORDINATED_UNIVERSAL_TIME_OFFSET ( 1, 0, .AHEAD. ) ;
#6128 = ORIENTED_EDGE ( 'NONE', *, *, #3708, .T. ) ;
#6127 = CARTESIAN_POINT ( 'NONE',  ( 11.21659457888352307, 8.750002304961064681, 0.1190700547444332319 ) ) ;
#6129 = CARTESIAN_POINT ( 'NONE',  ( -8.618001082957942316, 9.449999724960381542, -3.436715390438920270 ) ) ;
#6130 = DIRECTION ( 'NONE',  ( 0.4472135954999579277, 0.000000000000000000, -0.8944271909999158554 ) ) ;
#6131 = EDGE_LOOP ( 'NONE', ( #6562, #2244, #5059, #6785 ) ) ;
#6132 = CYLINDRICAL_SURFACE ( 'NONE', #3780, 0.1999999999999995393 ) ;
#6133 = CARTESIAN_POINT ( 'NONE',  ( 11.79649357052644199, 10.15000231539186970, 1.519070065175245343 ) ) ;
#6134 = ORIENTED_EDGE ( 'NONE', *, *, #605, .F. ) ;
#6135 = ORIENTED_EDGE ( 'NONE', *, *, #1104, .F. ) ;
#6136 = VECTOR ( 'NONE', #2461, 1000.000000000000000 ) ;
#6137 = CARTESIAN_POINT ( 'NONE',  ( 13.63309632822446282, 3.549269550721203093, 5.783211862052529462 ) ) ;
#6138 = AXIS2_PLACEMENT_3D ( 'NONE', #2001, #4234, #3156 ) ;
#6139 = DIRECTION ( 'NONE',  ( 0.000000000000000000, 0.7071067811865481278, -0.7071067811865467956 ) ) ;
#6140 = DIRECTION ( 'NONE',  ( 0.000000000000000000, 0.000000000000000000, 1.000000000000000000 ) ) ;
#6141 = CARTESIAN_POINT ( 'NONE',  ( 8.707291137050036767, 2.167362714104918098, 3.899563178570982114 ) ) ;
#6142 = EDGE_CURVE ( 'NONE', #6855, #2852, #412, .T. ) ;
#6143 = VECTOR ( 'NONE', #6039, 1000.000000000000000 ) ;
#6144 = FACE_OUTER_BOUND ( 'NONE', #1958, .T. ) ;
#6145 = FACE_OUTER_BOUND ( 'NONE', #1237, .T. ) ;
#6147 = ORIENTED_EDGE ( 'NONE', *, *, #4013, .T. ) ;
#6146 = DIRECTION ( 'NONE',  ( 0.000000000000000000, 0.000000000000000000, -1.000000000000000000 ) ) ;
#6148 = DIRECTION ( 'NONE',  ( 0.000000000000000000, 1.000000000000000000, 0.000000000000000000 ) ) ;
#6149 = CARTESIAN_POINT ( 'NONE',  ( 11.50654407254469014, 5.950002325822681293, 0.8190700547444330626 ) ) ;
#6150 = CARTESIAN_POINT ( 'NONE',  ( -9.019818692928836867, 9.449999724960381542, -0.01664183033900305114 ) ) ;
#6151 = VECTOR ( 'NONE', #6148, 1000.000000000000000 ) ;
#6152 = CIRCLE ( 'NONE', #5567, 0.1999999999999996503 ) ;
#6153 = EDGE_CURVE ( 'NONE', #3957, #1694, #2573, .T. ) ;
#6154 = ORIENTED_EDGE ( 'NONE', *, *, #911, .T. ) ;
#6156 = EDGE_LOOP ( 'NONE', ( #475, #4764, #640, #1845, #2509, #983, #5032, #1736, #3028, #3785, #5224, #6609 ) ) ;
#6155 = LINE ( 'NONE', #17, #4293 ) ;
#6158 = ORIENTED_EDGE ( 'NONE', *, *, #3090, .T. ) ;
#6157 = LINE ( 'NONE', #6668, #3697 ) ;
#6159 = EDGE_CURVE ( 'NONE', #1370, #3666, #6517, .T. ) ;
#6160 = AXIS2_PLACEMENT_3D ( 'NONE', #5339, #2120, #4243 ) ;
#6161 = VECTOR ( 'NONE', #1878, 1000.000000000000000 ) ;
#6162 = AXIS2_PLACEMENT_3D ( 'NONE', #5467, #4342, #4999 ) ;
#6163 = VERTEX_POINT ( 'NONE', #6554 ) ;
#6164 = ORIENTED_EDGE ( 'NONE', *, *, #5171, .F. ) ;
#6165 = ADVANCED_FACE ( 'NONE', ( #5414 ), #6844, .F. ) ;
#6166 = CARTESIAN_POINT ( 'NONE',  ( 11.18348793756120507, 9.450002315391870411, 0.03914355225947121347 ) ) ;
#6167 = VECTOR ( 'NONE', #3225, 1000.000000000000000 ) ;
#6168 = DIRECTION ( 'NONE',  ( -0.000000000000000000, 1.000000000000000000, -0.000000000000000000 ) ) ;
#6169 = APPROVAL_ROLE ( '' ) ;
#6171 = EDGE_LOOP ( 'NONE', ( #6451, #4967, #1675, #4833, #4963, #1099, #1341, #6960, #2323, #7180 ) ) ;
#6170 = CARTESIAN_POINT ( 'NONE',  ( 13.23167036409815722, 8.750002304961064681, 0.8190700547444330626 ) ) ;
#6172 = DIRECTION ( 'NONE',  ( 0.000000000000000000, 0.000000000000000000, 1.000000000000000000 ) ) ;
#6173 = FACE_OUTER_BOUND ( 'NONE', #2247, .T. ) ;
#6174 = CC_DESIGN_APPROVAL ( #3825, ( #718 ) ) ;
#6175 = ORIENTED_EDGE ( 'NONE', *, *, #5397, .F. ) ;
#6176 = VECTOR ( 'NONE', #6830, 1000.000000000000000 ) ;
#6177 = CYLINDRICAL_SURFACE ( 'NONE', #5885, 0.2000000000000000944 ) ;
#6178 = CARTESIAN_POINT ( 'NONE',  ( 9.552012507030845256, 5.649269529859577865, 1.993769090798470645 ) ) ;
#6179 = APPROVAL_PERSON_ORGANIZATION ( #5069, #3975, #3486 ) ;
#6180 = ORIENTED_EDGE ( 'NONE', *, *, #2367, .T. ) ;
#6181 = ORIENTED_EDGE ( 'NONE', *, *, #300, .F. ) ;
#6182 = CARTESIAN_POINT ( 'NONE',  ( 14.13518651413474991, 3.183878865886111242, 2.358653001072386957 ) ) ;
#6183 = CARTESIAN_POINT ( 'NONE',  ( 9.339813420940584976, 6.349269529859578043, 2.891565514349454524 ) ) ;
#6184 = LINE ( 'NONE', #6100, #774 ) ;
#6185 = LINE ( 'NONE', #4467, #625 ) ;
#6186 = APPROVAL_PERSON_ORGANIZATION ( #4370, #6200, #4446 ) ;
#6187 = CIRCLE ( 'NONE', #2941, 0.2000000000000002331 ) ;
#6188 = ORIENTED_EDGE ( 'NONE', *, *, #1760, .T. ) ;
#6189 = DIRECTION ( 'NONE',  ( 1.000000000000000000, 0.000000000000000000, 0.000000000000000000 ) ) ;
#6190 = CC_DESIGN_PERSON_AND_ORGANIZATION_ASSIGNMENT ( #6494, #6382, ( #2590 ) ) ;
#6191 = EDGE_CURVE ( 'NONE', #5215, #3550, #3378, .T. ) ;
#6193 = ORIENTED_EDGE ( 'NONE', *, *, #1868, .F. ) ;
#6192 = CARTESIAN_POINT ( 'NONE',  ( -10.06800111946578902, 8.049999714529571193, 1.063284672145959009 ) ) ;
#6194 = DIRECTION ( 'NONE',  ( 0.000000000000000000, 1.000000000000000000, 0.000000000000000000 ) ) ;
#6195 = AXIS2_PLACEMENT_3D ( 'NONE', #5668, #695, #2917 ) ;
#6196 = CARTESIAN_POINT ( 'NONE',  ( -10.36800111946578973, 4.949999735391195976, -2.036715380008108145 ) ) ;
#6197 = DIRECTION ( 'NONE',  ( 1.000000000000000000, 0.000000000000000000, 0.000000000000000000 ) ) ;
#6198 = CIRCLE ( 'NONE', #5732, 0.7000000000000000666 ) ;
#6199 = DIRECTION ( 'NONE',  ( 0.000000000000000000, 0.000000000000000000, -1.000000000000000000 ) ) ;
#6200 = APPROVAL ( #2136, 'UNKNOWN' ) ;
#6202 = VERTEX_POINT ( 'NONE', #2164 ) ;
#6201 = DIRECTION ( 'NONE',  ( 0.000000000000000000, -1.000000000000000000, 0.000000000000000000 ) ) ;
#6203 = CIRCLE ( 'NONE', #3071, 0.7000000000000000666 ) ;
#6204 = ADVANCED_FACE ( 'NONE', ( #1582 ), #7054, .F. ) ;
#6205 = EDGE_LOOP ( 'NONE', ( #2653, #2204, #5026 ) ) ;
#6206 = DIRECTION ( 'NONE',  ( -0.7071067811865470176, 0.7071067811865480168, -8.659560562354926695E-17 ) ) ;
#6207 = DIRECTION ( 'NONE',  ( 1.000000000000000000, 0.000000000000000000, 0.000000000000000000 ) ) ;
#6208 = APPROVAL_ROLE ( '' ) ;
#6210 = ORIENTED_EDGE ( 'NONE', *, *, #7132, .T. ) ;
#6209 = CARTESIAN_POINT ( 'NONE',  ( 11.21659457888352307, 5.250002325822681115, 0.1190700547444332319 ) ) ;
#6211 = DIRECTION ( 'NONE',  ( 0.000000000000000000, 1.000000000000000000, 0.000000000000000000 ) ) ;
#6212 = PLANE ( 'NONE',  #7116 ) ;
#6213 = ORIENTED_EDGE ( 'NONE', *, *, #2493, .T. ) ;
#6214 = LINE ( 'NONE', #5768, #3328 ) ;
#6215 = EDGE_CURVE ( 'NONE', #5985, #5611, #3720, .T. ) ;
#6216 = AXIS2_PLACEMENT_3D ( 'NONE', #3893, #5443, #2197 ) ;
#6217 = EDGE_LOOP ( 'NONE', ( #3542, #1671 ) ) ;
#6218 = LINE ( 'NONE', #4816, #4852 ) ;
#6219 = DIRECTION ( 'NONE',  ( -1.000000000000000000, 0.000000000000000000, 0.000000000000000000 ) ) ;
#6220 = EDGE_CURVE ( 'NONE', #1423, #5611, #381, .T. ) ;
#6221 = CARTESIAN_POINT ( 'NONE',  ( 10.78167032759031230, 9.450002315391870411, -3.380930007840445395 ) ) ;
#6222 = LINE ( 'NONE', #1256, #2018 ) ;
#6223 = LINE ( 'NONE', #6258, #5303 ) ;
#6224 = CARTESIAN_POINT ( 'NONE',  ( 13.93167036409816006, 5.368830780253667889, -2.680930007840446105 ) ) ;
#6226 = ORIENTED_EDGE ( 'NONE', *, *, #6016, .F. ) ;
#6225 = DIRECTION ( 'NONE',  ( -1.000000000000000000, -0.000000000000000000, -0.000000000000000000 ) ) ;
#6227 = DIRECTION ( 'NONE',  ( 0.000000000000000000, 1.000000000000000000, 0.000000000000000000 ) ) ;
#6228 = FACE_OUTER_BOUND ( 'NONE', #4159, .T. ) ;
#6229 = FACE_OUTER_BOUND ( 'NONE', #4612, .T. ) ;
#6230 = ORIENTED_EDGE ( 'NONE', *, *, #1190, .T. ) ;
#6231 = CARTESIAN_POINT ( 'NONE',  ( 9.280897945230828228, 6.549269529859578221, 2.983211809898461908 ) ) ;
#6232 = CIRCLE ( 'NONE', #77, 1.250000015646218099 ) ;
#6234 = EDGE_LOOP ( 'NONE', ( #479, #1185, #4678, #2575 ) ) ;
#6233 = LINE ( 'NONE', #777, #6136 ) ;
#6235 = CIRCLE ( 'NONE', #6456, 0.2000000000000000944 ) ;
#6236 = EDGE_LOOP ( 'NONE', ( #4856, #5429, #1778, #5905 ) ) ;
#6237 = EDGE_CURVE ( 'NONE', #2428, #3022, #2344, .T. ) ;
#6238 = TOROIDAL_SURFACE ( 'NONE', #1376, 1.250000015646217877, 0.2000000000000000111 ) ;
#6239 = CARTESIAN_POINT ( 'NONE',  ( -11.06800111946578902, 8.049999714529571193, 0.06328467214595895340 ) ) ;
#6240 = CARTESIAN_POINT ( 'NONE',  ( 11.47214085549942553, 1.849269540290390479, 1.583211799467650227 ) ) ;
#6241 = CALENDAR_DATE ( 2024, 29, 4 ) ;
#6242 = ADVANCED_FACE ( 'NONE', ( #2609 ), #6733, .F. ) ;
#6244 = VERTEX_POINT ( 'NONE', #3935 ) ;
#6243 = CARTESIAN_POINT ( 'NONE',  ( 9.757291152696254244, 2.149269540290390523, 4.033211835975495596 ) ) ;
#6245 = VECTOR ( 'NONE', #35, 1000.000000000000000 ) ;
#6246 = CARTESIAN_POINT ( 'NONE',  ( 8.707291137050036767, 7.044487120371687894, 4.033211835975495596 ) ) ;
#6247 = ORIENTED_EDGE ( 'NONE', *, *, #5967, .F. ) ;
#6248 = CYLINDRICAL_SURFACE ( 'NONE', #1002, 3.149999999999999911 ) ;
#6249 = EDGE_CURVE ( 'NONE', #4443, #4774, #3249, .T. ) ;
#6250 =( NAMED_UNIT ( * ) SI_UNIT ( $, .STERADIAN. ) SOLID_ANGLE_UNIT ( ) );
#6251 = ORIENTED_EDGE ( 'NONE', *, *, #6418, .T. ) ;
#6252 = VERTEX_POINT ( 'NONE', #589 ) ;
#6253 = CARTESIAN_POINT ( 'NONE',  ( -11.06800111946578902, 5.455024988560611909, -2.531690126838690880 ) ) ;
#6254 = DIRECTION ( 'NONE',  ( 0.000000000000000000, 0.000000000000000000, -1.000000000000000000 ) ) ;
#6255 = LINE ( 'NONE', #6792, #3789 ) ;
#6256 = EDGE_CURVE ( 'NONE', #5985, #4586, #2773, .T. ) ;
#6257 = CARTESIAN_POINT ( 'NONE',  ( -10.06800111946578902, 8.049999714529571193, 0.7632846721459588535 ) ) ;
#6258 = CARTESIAN_POINT ( 'NONE',  ( 11.83167034323652977, 9.450002315391870411, -0.9309299713326002479 ) ) ;
#6259 = ADVANCED_FACE ( 'NONE', ( #4979 ), #1264, .F. ) ;
#6260 = EDGE_CURVE ( 'NONE', #1440, #174, #4010, .T. ) ;
#6261 = DIRECTION ( 'NONE',  ( 1.000000000000000000, 0.000000000000000000, 0.000000000000000000 ) ) ;
#6263 = ORIENTED_EDGE ( 'NONE', *, *, #4913, .F. ) ;
#6262 = FACE_OUTER_BOUND ( 'NONE', #1152, .T. ) ;
#6264 = CARTESIAN_POINT ( 'NONE',  ( 13.93167036409815829, 10.15000231539186970, 1.519070065175245343 ) ) ;
#6265 = CARTESIAN_POINT ( 'NONE',  ( 10.32915769579019916, 8.544977051791642353, -2.475904744240216449 ) ) ;
#6266 = AXIS2_PLACEMENT_3D ( 'NONE', #1886, #241, #6919 ) ;
#6267 = CARTESIAN_POINT ( 'NONE',  ( 9.107291137050037122, 2.649269550721202737, 3.330425426260044564 ) ) ;
#6268 = DIRECTION ( 'NONE',  ( -0.7071067811865470176, 8.659560562354926695E-17, 0.7071067811865480168 ) ) ;
#6270 = ORIENTED_EDGE ( 'NONE', *, *, #3746, .T. ) ;
#6269 = FACE_OUTER_BOUND ( 'NONE', #2492, .T. ) ;
#6271 =( BOUNDED_CURVE ( )  B_SPLINE_CURVE ( 3, ( #1944, #1269, #4664, #1910 ),
 .UNSPECIFIED., .F., .F. ) 
 B_SPLINE_CURVE_WITH_KNOTS ( ( 4, 4 ),
 ( 3.141592653589793116, 3.926990816987242283 ),
 .UNSPECIFIED. ) 
 CURVE ( )  GEOMETRIC_REPRESENTATION_ITEM ( )  RATIONAL_B_SPLINE_CURVE ( ( 1.000000000000000000, 0.9492530216741910110, 0.9492530216741910110, 1.000000000000000000 ) ) 
 REPRESENTATION_ITEM ( '' )  );
#6272 = CARTESIAN_POINT ( 'NONE',  ( 9.378558538637667752, 2.829569407799063185, 2.340677027584823655 ) ) ;
#6273 = APPROVAL_DATE_TIME ( #6883, #4058 ) ;
#6274 = VECTOR ( 'NONE', #4725, 1000.000000000000000 ) ;
#6276 = VERTEX_POINT ( 'NONE', #3477 ) ;
#6275 = DIRECTION ( 'NONE',  ( 0.000000000000000000, 1.000000000000000000, 0.000000000000000000 ) ) ;
#6277 = VECTOR ( 'NONE', #3187, 1000.000000000000000 ) ;
#6278 = EDGE_CURVE ( 'NONE', #5981, #2449, #4283, .T. ) ;
#6279 = PERSON ( 'NAUO-PER7', 'UNSPECIFIED', 'UNSPECIFIED', ('UNSPECIFIED'), ('UNSPECIFIED'), ('UNSPECIFIED') ) ;
#6280 = ORIENTED_EDGE ( 'NONE', *, *, #348, .T. ) ;
#6281 = DIRECTION ( 'NONE',  ( 0.000000000000000000, -1.000000000000000000, 0.000000000000000000 ) ) ;
#6282 = CARTESIAN_POINT ( 'NONE',  ( 1.972246297131346360, 9.660203010925153322, 7.078821013517514693 ) ) ;
#6283 = EDGE_LOOP ( 'NONE', ( #3906, #1959, #327, #5560, #4307, #2055, #294, #2224, #140 ) ) ;
#6284 = VERTEX_POINT ( 'NONE', #4516 ) ;
#6285 = CARTESIAN_POINT ( 'NONE',  ( 10.72097421671398543, 7.049269540290389990, 6.359748558956359155 ) ) ;
#6286 =( GEOMETRIC_REPRESENTATION_CONTEXT ( 3 ) GLOBAL_UNCERTAINTY_ASSIGNED_CONTEXT ( ( #2023 ) ) GLOBAL_UNIT_ASSIGNED_CONTEXT ( ( #6095, #2263, #4098 ) ) REPRESENTATION_CONTEXT ( 'NONE', 'WORKASPACE' ) );
#6287 = DIRECTION ( 'NONE',  ( 0.000000000000000000, 1.000000000000000000, 0.000000000000000000 ) ) ;
#6288 = CARTESIAN_POINT ( 'NONE',  ( -8.618001082957942316, 10.14999972496038261, -0.9867153539310745680 ) ) ;
#6289 = CARTESIAN_POINT ( 'NONE',  ( 14.09303007090946025, 6.350118611434720783, 4.918735156147957532 ) ) ;
#6290 = DIRECTION ( 'NONE',  ( 0.000000000000000000, 0.000000000000000000, -1.000000000000000000 ) ) ;
#6291 = ADVANCED_FACE ( 'NONE', ( #2236 ), #4175, .T. ) ;
#6292 = ORIENTED_EDGE ( 'NONE', *, *, #1132, .F. ) ;
#6293 = LINE ( 'NONE', #1327, #2041 ) ;
#6295 = ORIENTED_EDGE ( 'NONE', *, *, #2783, .F. ) ;
#6294 = PLANE ( 'NONE',  #5589 ) ;
#6296 = DIRECTION ( 'NONE',  ( 0.3826834323650898928, 0.000000000000000000, -0.9238795325112867385 ) ) ;
#6297 = CARTESIAN_POINT ( 'NONE',  ( 11.79649357052644199, 9.450002315391870411, 1.519070065175245343 ) ) ;
#6298 = LOCAL_TIME ( 18, 13, 43.00000000000000000, #3830 ) ;
#6299 = CARTESIAN_POINT ( 'NONE',  ( 14.28971605885961615, 7.049269540290389990, 1.783211799467650405 ) ) ;
#6300 = EDGE_CURVE ( 'NONE', #4822, #4781, #5105, .T. ) ;
#6301 = CARTESIAN_POINT ( 'NONE',  ( 13.42840577186572482, 6.349269529859585148, 3.593769111660098048 ) ) ;
#6303 = VERTEX_POINT ( 'NONE', #6071 ) ;
#6302 = DIRECTION ( 'NONE',  ( -1.000000000000000000, 0.000000000000000000, 0.000000000000000000 ) ) ;
#6304 = UNCERTAINTY_MEASURE_WITH_UNIT (LENGTH_MEASURE( 1.000000000000000082E-05 ), #4575, 'distance_accuracy_value', 'NONE');
#6305 = EDGE_CURVE ( 'NONE', #3522, #3304, #4475, .T. ) ;
#6306 = DIRECTION ( 'NONE',  ( 0.000000000000000000, -1.000000000000000000, 0.000000000000000000 ) ) ;
#6307 = DIRECTION ( 'NONE',  ( 0.000000000000000000, 0.000000000000000000, 1.000000000000000000 ) ) ;
#6308 = APPLICATION_PROTOCOL_DEFINITION ( 'international standard', 'config_control_design', 1994, #7162 ) ;
#6310 = EDGE_LOOP ( 'NONE', ( #5096, #1216, #2862, #401, #1014, #5649, #1502, #5050, #2256, #1854 ) ) ;
#6309 = DIRECTION ( 'NONE',  ( 0.000000000000000000, 0.000000000000000000, -1.000000000000000000 ) ) ;
#6311 = VERTEX_POINT ( 'NONE', #5525 ) ;
#6312 = FACE_OUTER_BOUND ( 'NONE', #2035, .T. ) ;
#6313 = DIRECTION ( 'NONE',  ( 1.000000000000000000, 0.000000000000000000, 0.000000000000000000 ) ) ;
#6314 = ORIENTED_EDGE ( 'NONE', *, *, #6101, .F. ) ;
#6315 = CARTESIAN_POINT ( 'NONE',  ( -9.223934702450710788, 5.249999735391196687, -2.224848151453390876 ) ) ;
#6316 = DIRECTION ( 'NONE',  ( -0.000000000000000000, -0.000000000000000000, -1.000000000000000000 ) ) ;
#6317 = LINE ( 'NONE', #3015, #1594 ) ;
#6318 = CC_DESIGN_DATE_AND_TIME_ASSIGNMENT ( #1745, #4492, ( #863 ) ) ;
#6319 = CARTESIAN_POINT ( 'NONE',  ( 13.60729121006570885, 6.549269529859585326, 4.033211835975495596 ) ) ;
#6320 = ORIENTED_EDGE ( 'NONE', *, *, #5679, .T. ) ;
#6321 = CARTESIAN_POINT ( 'NONE',  ( 10.78167032759031230, 4.550002315391870056, -0.9309299713326002479 ) ) ;
#6322 = EDGE_CURVE ( 'NONE', #4486, #1263, #3598, .T. ) ;
#6324 = EDGE_LOOP ( 'NONE', ( #7113, #6210, #3985, #6887 ) ) ;
#6323 = CARTESIAN_POINT ( 'NONE',  ( 11.88970279241824457, 1.449269540290390568, 6.083211872483341054 ) ) ;
#6325 = DIRECTION ( 'NONE',  ( -1.000000000000000000, 0.000000000000000000, 0.000000000000000000 ) ) ;
#6326 = CARTESIAN_POINT ( 'NONE',  ( 11.18348793756120507, 5.250002325822681115, 0.03914355225947121347 ) ) ;
#6327 = CARTESIAN_POINT ( 'NONE',  ( -10.36800111946578973, 3.849999724960383674, -0.9867153539310745680 ) ) ;
#6328 = VERTEX_POINT ( 'NONE', #2733 ) ;
#6329 = LINE ( 'NONE', #4149, #4180 ) ;
#6330 = ORIENTED_EDGE ( 'NONE', *, *, #199, .F. ) ;
#6332 = ORIENTED_EDGE ( 'NONE', *, *, #6305, .F. ) ;
#6331 = CARTESIAN_POINT ( 'NONE',  ( 13.60729121006570885, 6.549269529859585326, 3.683211830760089178 ) ) ;
#6333 = CARTESIAN_POINT ( 'NONE',  ( -9.052925334251154865, 5.249999735391195799, 0.06328467214595895340 ) ) ;
#6334 = EDGE_CURVE ( 'NONE', #5388, #6854, #48, .T. ) ;
#6335 = AXIS2_PLACEMENT_3D ( 'NONE', #1284, #6281, #5077 ) ;
#6336 = DIRECTION ( 'NONE',  ( 0.000000000000000000, 0.7071067811865481278, -0.7071067811865467956 ) ) ;
#6337 = CARTESIAN_POINT ( 'NONE',  ( 9.407291147575781665, 3.412338520666003294, 2.283211809709533746 ) ) ;
#6338 = VECTOR ( 'NONE', #623, 1000.000000000000000 ) ;
#6339 = ADVANCED_FACE ( 'NONE', ( #6696 ), #5055, .F. ) ;
#6340 = APPROVAL_DATE_TIME ( #4123, #1280 ) ;
#6342 = ORIENTED_EDGE ( 'NONE', *, *, #2156, .T. ) ;
#6341 = CARTESIAN_POINT ( 'NONE',  ( -10.22800110694880793, 5.249999735391195799, -0.2167153424571820752 ) ) ;
#6343 = CIRCLE ( 'NONE', #4719, 0.2000000000000005107 ) ;
#6344 = ORIENTED_EDGE ( 'NONE', *, *, #1633, .T. ) ;
#6345 = DIRECTION ( 'NONE',  ( -1.387778763410654390E-15, 0.000000000000000000, -1.000000000000000000 ) ) ;
#6346 = CIRCLE ( 'NONE', #1951, 0.2000000000000002331 ) ;
#6347 = DIRECTION ( 'NONE',  ( 0.000000000000000000, 0.000000000000000000, 1.000000000000000000 ) ) ;
#6348 = ORIENTED_EDGE ( 'NONE', *, *, #3737, .T. ) ;
#6349 = ORIENTED_EDGE ( 'NONE', *, *, #4561, .T. ) ;
#6350 = VECTOR ( 'NONE', #641, 1000.000000000000000 ) ;
#6351 = DIRECTION ( 'NONE',  ( 0.000000000000000000, 1.000000000000000000, 0.000000000000000000 ) ) ;
#6352 = CARTESIAN_POINT ( 'NONE',  ( 8.707291137050034990, 6.644255721335351694, 3.730425422978395300 ) ) ;
#6353 = PRODUCT_DEFINITION_SHAPE ( 'NONE', 'NONE',  #7190 ) ;
#6354 = ORIENTED_EDGE ( 'NONE', *, *, #4333, .T. ) ;
#6355 = CARTESIAN_POINT ( 'NONE',  ( 14.18509956065411259, 7.049269540290389990, 5.173183357797627835 ) ) ;
#6356 = VERTEX_POINT ( 'NONE', #7163 ) ;
#6357 = DIRECTION ( 'NONE',  ( 1.000000000000000000, 0.000000000000000000, 0.000000000000000000 ) ) ;
#6358 = ORIENTED_EDGE ( 'NONE', *, *, #1995, .F. ) ;
#6359 = CARTESIAN_POINT ( 'NONE',  ( 8.811248411324671181, 2.649269550721202737, 3.475297282210815020 ) ) ;
#6360 = CARTESIAN_POINT ( 'NONE',  ( -9.342874827912321933, 5.949999735391195976, 0.7632846721459588535 ) ) ;
#6361 = EDGE_CURVE ( 'NONE', #6847, #1597, #3438, .T. ) ;
#6362 = B_SPLINE_CURVE_WITH_KNOTS ( 'NONE', 3,
 ( #3743, #5954, #2562, #986, #3195, #1019 ),
 .UNSPECIFIED., .F., .F.,
 ( 4, 2, 4 ),
 ( 0.000000000000000000, 0.0001567976641151031848, 0.0003135953282302063696 ),
 .UNSPECIFIED. ) ;
#6363 = CARTESIAN_POINT ( 'NONE',  ( 8.707291137050036767, 7.049269540290389990, 3.683211830760089178 ) ) ;
#6364 = VERTEX_POINT ( 'NONE', #5639 ) ;
#6365 = PLANE ( 'NONE',  #6 ) ;
#6367 = VERTEX_POINT ( 'NONE', #631 ) ;
#6366 = DIRECTION ( 'NONE',  ( 1.000000000000000000, 0.000000000000000000, 0.000000000000000000 ) ) ;
#6368 = DIRECTION ( 'NONE',  ( 0.000000000000000000, 0.000000000000000000, -1.000000000000000000 ) ) ;
#6369 = LINE ( 'NONE', #1409, #5014 ) ;
#6370 = TOROIDAL_SURFACE ( 'NONE', #4834, 1.000000000000000000, 0.2999999999999999889 ) ;
#6371 = ADVANCED_FACE ( 'NONE', ( #3321 ), #1186, .F. ) ;
#6372 = CARTESIAN_POINT ( 'NONE',  ( 9.107291137050037122, 6.549269529859585326, 3.330425426260044119 ) ) ;
#6373 = CALENDAR_DATE ( 2024, 29, 4 ) ;
#6374 = EDGE_CURVE ( 'NONE', #1711, #2264, #6505, .T. ) ;
#6376 = VERTEX_POINT ( 'NONE', #6765 ) ;
#6375 = CARTESIAN_POINT ( 'NONE',  ( -10.36800111946578973, 8.049999714529571193, 1.063284672145958787 ) ) ;
#6377 = EDGE_LOOP ( 'NONE', ( #5824, #4076, #6927, #6342, #789 ) ) ;
#6378 = EDGE_CURVE ( 'NONE', #21, #4118, #3383, .T. ) ;
#6379 = ORIENTED_EDGE ( 'NONE', *, *, #7021, .F. ) ;
#6380 = DIRECTION ( 'NONE',  ( 0.000000000000000000, -0.7071067811865481278, -0.7071067811865467956 ) ) ;
#6381 = AXIS2_PLACEMENT_3D ( 'NONE', #1551, #3756, #3822 ) ;
#6382 = PERSON_AND_ORGANIZATION_ROLE ( 'creator' ) ;
#6383 = ORIENTED_EDGE ( 'NONE', *, *, #3185, .T. ) ;
#6384 = ORIENTED_EDGE ( 'NONE', *, *, #5779, .F. ) ;
#6385 = FACE_OUTER_BOUND ( 'NONE', #4540, .T. ) ;
#6386 = CARTESIAN_POINT ( 'NONE',  ( 15.70729124135815447, 2.149269540290390523, 4.033211835975495596 ) ) ;
#6387 = CIRCLE ( 'NONE', #2919, 1.050000015646217477 ) ;
#6388 = VECTOR ( 'NONE', #3676, 1000.000000000000000 ) ;
#6389 = EDGE_CURVE ( 'NONE', #7131, #2665, #5747, .T. ) ;
#6390 = CIRCLE ( 'NONE', #1059, 0.1999999999999996503 ) ;
#6391 = PLANE ( 'NONE',  #4709 ) ;
#6392 = CARTESIAN_POINT ( 'NONE',  ( 9.407291137050036056, 7.749269540290391056, 4.033211835975495596 ) ) ;
#6393 = AXIS2_PLACEMENT_3D ( 'NONE', #1135, #2876, #4925 ) ;
#6394 = VERTEX_POINT ( 'NONE', #1939 ) ;
#6395 = DIRECTION ( 'NONE',  ( 0.000000000000000000, 1.000000000000000000, 0.000000000000000000 ) ) ;
#6397 = EDGE_LOOP ( 'NONE', ( #4410, #4374, #3081, #5412 ) ) ;
#6396 = CYLINDRICAL_SURFACE ( 'NONE', #3607, 0.1999999999999996503 ) ;
#6398 = DIRECTION ( 'NONE',  ( 0.000000000000000000, -1.000000000000000000, 0.000000000000000000 ) ) ;
#6399 = DIRECTION ( 'NONE',  ( 0.000000000000000000, 1.000000000000000000, 0.000000000000000000 ) ) ;
#6400 = DIRECTION ( 'NONE',  ( 0.000000000000000000, 1.000000000000000000, 0.000000000000000000 ) ) ;
#6401 = LOCAL_TIME ( 18, 13, 43.00000000000000000, #7031 ) ;
#6402 = B_SPLINE_CURVE_WITH_KNOTS ( 'NONE', 3,
 ( #3540, #739, #1298, #2989 ),
 .UNSPECIFIED., .F., .F.,
 ( 4, 4 ),
 ( 0.000000000000000000, 2.362750735006234514E-05 ),
 .UNSPECIFIED. ) ;
#6403 = ORIENTED_EDGE ( 'NONE', *, *, #5648, .T. ) ;
#6404 = APPROVAL ( #4376, 'UNSPECIFIED' ) ;
#6405 = EDGE_CURVE ( 'NONE', #3043, #5638, #6028, .T. ) ;
#6406 = DIRECTION ( 'NONE',  ( 1.000000000000000000, 0.000000000000000000, 0.000000000000000000 ) ) ;
#6407 = ORIENTED_EDGE ( 'NONE', *, *, #1232, .F. ) ;
#6409 = ORIENTED_EDGE ( 'NONE', *, *, #4183, .F. ) ;
#6408 = DIRECTION ( 'NONE',  ( 1.000000000000000000, 0.000000000000000000, 0.000000000000000000 ) ) ;
#6410 = LINE ( 'NONE', #3953, #4069 ) ;
#6411 = DIRECTION ( 'NONE',  ( 0.000000000000000000, -1.000000000000000000, 0.000000000000000000 ) ) ;
#6412 = PRODUCT_RELATED_PRODUCT_CATEGORY ( 'detail', '', ( #6476 ) ) ;
#6413 = DIRECTION ( 'NONE',  ( 0.4472135954999579277, 0.000000000000000000, -0.8944271909999158554 ) ) ;
#6414 = SHAPE_DEFINITION_REPRESENTATION ( #1497, #2521 ) ;
#6416 = ORIENTED_EDGE ( 'NONE', *, *, #4097, .F. ) ;
#6415 = CARTESIAN_POINT ( 'NONE',  ( 9.599095996764773986, 6.144244276690161932, 2.488237063067879173 ) ) ;
#6417 = B_SPLINE_CURVE_WITH_KNOTS ( 'NONE', 3,
 ( #3557, #798, #4717, #3466, #151, #2379 ),
 .UNSPECIFIED., .F., .F.,
 ( 4, 2, 4 ),
 ( -4.885601105846977419E-06, 0.0003210519307653784938, 0.0006469894626366039887 ),
 .UNSPECIFIED. ) ;
#6418 = EDGE_CURVE ( 'NONE', #4383, #2682, #6832, .T. ) ;
#6419 = AXIS2_PLACEMENT_3D ( 'NONE', #914, #2086, #5407 ) ;
#6420 = EDGE_CURVE ( 'NONE', #52, #6394, #1972, .T. ) ;
#6421 = ORIENTED_EDGE ( 'NONE', *, *, #6083, .T. ) ;
#6422 = DIRECTION ( 'NONE',  ( 0.000000000000000000, 0.000000000000000000, -1.000000000000000000 ) ) ;
#6423 = CONICAL_SURFACE ( 'NONE', #1447, 1.050000015646217477, 0.7853981633974476129 ) ;
#6424 = DATE_AND_TIME ( #6925, #256 ) ;
#6425 = ORIENTED_EDGE ( 'NONE', *, *, #1012, .T. ) ;
#6426 = ORIENTED_EDGE ( 'NONE', *, *, #5623, .T. ) ;
#6427 = CARTESIAN_POINT ( 'NONE',  ( 14.09350335522736763, 2.649269554561283435, 4.919040866050318428 ) ) ;
#6428 = CARTESIAN_POINT ( 'NONE',  ( 8.811587126300466366, 6.449067356372663262, 3.474619852259368091 ) ) ;
#6429 = EDGE_CURVE ( 'NONE', #5322, #6807, #5244, .T. ) ;
#6430 = FACE_OUTER_BOUND ( 'NONE', #6205, .T. ) ;
#6431 = LINE ( 'NONE', #1465, #4543 ) ;
#6432 = ORIENTED_EDGE ( 'NONE', *, *, #167, .T. ) ;
#6433 = FACE_OUTER_BOUND ( 'NONE', #1925, .T. ) ;
#6434 = EDGE_CURVE ( 'NONE', #3367, #1136, #4143, .T. ) ;
#6435 = DIRECTION ( 'NONE',  ( 0.000000000000000000, 0.000000000000000000, 1.000000000000000000 ) ) ;
#6436 = CARTESIAN_POINT ( 'NONE',  ( 9.757291152696254244, 7.349269540290390701, 4.033211835975495596 ) ) ;
#6437 = FACE_OUTER_BOUND ( 'NONE', #4337, .T. ) ;
#6438 = CARTESIAN_POINT ( 'NONE',  ( 13.81787223472671933, 5.649269529859577865, 6.059748548525546674 ) ) ;
#6439 = ORIENTED_EDGE ( 'NONE', *, *, #4382, .F. ) ;
#6440 = CARTESIAN_POINT ( 'NONE',  ( 10.90575012321624193, 7.034045446792648093, 6.483211872483341409 ) ) ;
#6442 = ORIENTED_EDGE ( 'NONE', *, *, #6429, .F. ) ;
#6441 = DIRECTION ( 'NONE',  ( 0.4472135954999579277, 0.000000000000000000, -0.8944271909999158554 ) ) ;
#6443 = CIRCLE ( 'NONE', #4229, 0.5600000000000014966 ) ;
#6444 = CARTESIAN_POINT ( 'NONE',  ( 10.46564649415673642, 5.950225083156903239, 5.743332908308492080 ) ) ;
#6445 = CYLINDRICAL_SURFACE ( 'NONE', #4039, 0.2000000000000002331 ) ;
#6446 = DIRECTION ( 'NONE',  ( 1.734723475976810250E-14, 0.000000000000000000, 1.000000000000000000 ) ) ;
#6447 = VECTOR ( 'NONE', #205, 1000.000000000000000 ) ;
#6448 = CARTESIAN_POINT ( 'NONE',  ( 13.63167036409815758, 5.250002325822681115, -1.980929997409633270 ) ) ;
#6449 = COORDINATED_UNIVERSAL_TIME_OFFSET ( 1, 0, .AHEAD. ) ;
#6451 = ORIENTED_EDGE ( 'NONE', *, *, #5541, .T. ) ;
#6450 = DIRECTION ( 'NONE',  ( 1.000000000000000000, 0.000000000000000000, 0.000000000000000000 ) ) ;
#6452 = EDGE_LOOP ( 'NONE', ( #1611, #1962, #6188, #2559, #5951, #5066, #5613, #3444 ) ) ;
#6453 = EDGE_CURVE ( 'NONE', #5704, #5148, #5, .T. ) ;
#6454 = AXIS2_PLACEMENT_3D ( 'NONE', #3305, #5548, #3882 ) ;
#6455 = ORIENTED_EDGE ( 'NONE', *, *, #7000, .T. ) ;
#6456 = AXIS2_PLACEMENT_3D ( 'NONE', #5151, #1289, #5774 ) ;
#6457 = DIRECTION ( 'NONE',  ( -0.3826834323650898928, 0.000000000000000000, -0.9238795325112867385 ) ) ;
#6458 = CALENDAR_DATE ( 2024, 29, 4 ) ;
#6459 = ORIENTED_EDGE ( 'NONE', *, *, #7154, .T. ) ;
#6460 = CARTESIAN_POINT ( 'NONE',  ( -10.36800111946578973, 4.949999735391195976, -0.9867153539310745680 ) ) ;
#6461 = FACE_OUTER_BOUND ( 'NONE', #4845, .T. ) ;
#6462 = EDGE_CURVE ( 'NONE', #1472, #4298, #5337, .T. ) ;
#6463 = LINE ( 'NONE', #289, #1589 ) ;
#6464 = AXIS2_PLACEMENT_3D ( 'NONE', #1940, #737, #5130 ) ;
#6465 = DIRECTION ( 'NONE',  ( 0.000000000000000000, 0.7071067811865481278, -0.7071067811865467956 ) ) ;
#6466 = B_SPLINE_CURVE_WITH_KNOTS ( 'NONE', 3,
 ( #4715, #1963, #3696, #286, #3734, #5909 ),
 .UNSPECIFIED., .F., .F.,
 ( 4, 2, 4 ),
 ( 0.000000000000000000, 0.0002470179167849493717, 0.0004940358335698987434 ),
 .UNSPECIFIED. ) ;
#6467 = ORIENTED_EDGE ( 'NONE', *, *, #3424, .T. ) ;
#6468 = CYLINDRICAL_SURFACE ( 'NONE', #1245, 3.149999999999999467 ) ;
#6470 = EDGE_CURVE ( 'NONE', #281, #3198, #5191, .T. ) ;
#6469 = CARTESIAN_POINT ( 'NONE',  ( 9.599095996764773986, 3.054294803890619026, 2.488237063067879173 ) ) ;
#6471 = DIRECTION ( 'NONE',  ( 0.000000000000000000, -1.000000000000000000, 0.000000000000000000 ) ) ;
#6472 = DIRECTION ( 'NONE',  ( -1.000000000000000000, 0.000000000000000000, 0.000000000000000000 ) ) ;
#6473 = CARTESIAN_POINT ( 'NONE',  ( 11.47214085549942553, 1.849269540290390479, 2.283414511802114522 ) ) ;
#6474 = CIRCLE ( 'NONE', #1147, 2.250000036507845635 ) ;
#6475 = ADVANCED_FACE ( 'NONE', ( #3599 ), #4072, .F. ) ;
#6476 = PRODUCT ( 'Cable_ChainLink_6.3x4.9_ID3.5mm', 'Cable_ChainLink_6.3x4.9_ID3.5mm', '', ( #1885 ) ) ;
#6477 = ORIENTED_EDGE ( 'NONE', *, *, #4282, .T. ) ;
#6478 = CARTESIAN_POINT ( 'NONE',  ( 12.20729118920410095, 3.054294803890619026, 5.578186608883112463 ) ) ;
#6480 = ORIENTED_EDGE ( 'NONE', *, *, #1151, .F. ) ;
#6479 = CYLINDRICAL_SURFACE ( 'NONE', #4795, 0.2000000000000000944 ) ;
#6481 = MANIFOLD_SOLID_BREP ( 'Fillet1', #5656 ) ;
#6482 = CARTESIAN_POINT ( 'NONE',  ( 10.22391793754568567, 6.549269529859579109, 5.159748548525546319 ) ) ;
#6483 = LINE ( 'NONE', #2705, #1225 ) ;
#6484 = CARTESIAN_POINT ( 'NONE',  ( -11.94300120552000877, 6.999999761468229664, -3.436715390438920270 ) ) ;
#6485 = AXIS2_PLACEMENT_3D ( 'NONE', #2028, #4227, #2646 ) ;
#6486 = CALENDAR_DATE ( 2024, 29, 4 ) ;
#6488 = VERTEX_POINT ( 'NONE', #5129 ) ;
#6487 = CARTESIAN_POINT ( 'NONE',  ( 14.10543846428575065, 2.649369830808020687, 4.926497099798509360 ) ) ;
#6489 = VECTOR ( 'NONE', #3088, 1000.000000000000000 ) ;
#6490 = VERTEX_POINT ( 'NONE', #225 ) ;
#6491 = DIRECTION ( 'NONE',  ( 0.000000000000000000, 1.000000000000000000, 0.000000000000000000 ) ) ;
#6492 = CC_DESIGN_DATE_AND_TIME_ASSIGNMENT ( #1491, #3693, ( #585 ) ) ;
#6493 = ADVANCED_FACE ( 'NONE', ( #846 ), #2455, .T. ) ;
#6494 = PERSON_AND_ORGANIZATION ( #6958, #2931 ) ;
#6495 = ORIENTED_EDGE ( 'NONE', *, *, #175, .F. ) ;
#6496 = CARTESIAN_POINT ( 'NONE',  ( 13.99320375020505480, 2.849296472329507335, 5.090240083043971353 ) ) ;
#6497 = CARTESIAN_POINT ( 'NONE',  ( 10.43167032237490410, 5.761869554377397229, -2.680929997409633447 ) ) ;
#6498 =( BOUNDED_CURVE ( )  B_SPLINE_CURVE ( 3, ( #4694, #227, #1975, #6906 ),
 .UNSPECIFIED., .F., .F. ) 
 B_SPLINE_CURVE_WITH_KNOTS ( ( 4, 4 ),
 ( 2.356194490192344393, 3.141592653589793116 ),
 .UNSPECIFIED. ) 
 CURVE ( )  GEOMETRIC_REPRESENTATION_ITEM ( )  RATIONAL_B_SPLINE_CURVE ( ( 1.000000000000000000, 0.9492530216741910110, 0.9492530216741910110, 1.000000000000000000 ) ) 
 REPRESENTATION_ITEM ( '' )  );
#6499 = VECTOR ( 'NONE', #7089, 1000.000000000000000 ) ;
#6500 = CIRCLE ( 'NONE', #4284, 0.6999999999999999556 ) ;
#6501 = DIRECTION ( 'NONE',  ( -0.000000000000000000, -1.000000000000000000, -0.000000000000000000 ) ) ;
#6502 = CARTESIAN_POINT ( 'NONE',  ( 10.90575012321624193, 7.034045446792648093, 6.483211872483341409 ) ) ;
#6503 = VERTEX_POINT ( 'NONE', #6867 ) ;
#6504 = DIRECTION ( 'NONE',  ( 0.000000000000000000, 0.000000000000000000, 1.000000000000000000 ) ) ;
#6505 = CIRCLE ( 'NONE', #1877, 1.050000015646217477 ) ;
#6506 = AXIS2_PLACEMENT_3D ( 'NONE', #1153, #4521, #2205 ) ;
#6507 = CARTESIAN_POINT ( 'NONE',  ( -8.618001082957942316, 8.749999714529577588, -0.9867153539310745680 ) ) ;
#6508 = CARTESIAN_POINT ( 'NONE',  ( 14.65729122571193699, 7.349269540290390701, 1.983211799467650360 ) ) ;
#6509 = EDGE_CURVE ( 'NONE', #4552, #6714, #188, .T. ) ;
#6510 = CARTESIAN_POINT ( 'NONE',  ( 14.08817816373862009, 6.545675975005641689, 5.407172308715156639 ) ) ;
#6511 = ORIENTED_EDGE ( 'NONE', *, *, #2619, .T. ) ;
#6512 = EDGE_CURVE ( 'NONE', #7013, #4230, #7003, .T. ) ;
#6513 = VECTOR ( 'NONE', #4101, 1000.000000000000000 ) ;
#6514 = CARTESIAN_POINT ( 'NONE',  ( 13.93167036409815829, 10.15000231539186970, -2.680930007840445661 ) ) ;
#6516 = VERTEX_POINT ( 'NONE', #807 ) ;
#6515 = CARTESIAN_POINT ( 'NONE',  ( -10.06800111946578902, 5.949999735391195976, -2.736715380008108323 ) ) ;
#6517 = LINE ( 'NONE', #4325, #6499 ) ;
#6518 = CARTESIAN_POINT ( 'NONE',  ( 13.63167036409815758, 8.050002304961058286, 0.1190700547444332319 ) ) ;
#6519 = VECTOR ( 'NONE', #5845, 1000.000000000000000 ) ;
#6520 = DIRECTION ( 'NONE',  ( 0.000000000000000000, -1.000000000000000000, 0.000000000000000000 ) ) ;
#6521 = AXIS2_PLACEMENT_3D ( 'NONE', #368, #5953, #6435 ) ;
#6522 = EDGE_CURVE ( 'NONE', #549, #3781, #1990, .T. ) ;
#6523 = LOCAL_TIME ( 18, 13, 43.00000000000000000, #7177 ) ;
#6524 = CARTESIAN_POINT ( 'NONE',  ( 9.365616403962951253, 2.649269550721202293, 2.366561296934255765 ) ) ;
#6525 = CALENDAR_DATE ( 2024, 29, 4 ) ;
#6527 = ORIENTED_EDGE ( 'NONE', *, *, #5246, .F. ) ;
#6526 = CARTESIAN_POINT ( 'NONE',  ( 8.707291137050036767, 2.449269550721202560, 4.033211835975495596 ) ) ;
#6528 = EDGE_CURVE ( 'NONE', #7137, #37, #5270, .T. ) ;
#6529 = ORIENTED_EDGE ( 'NONE', *, *, #2497, .T. ) ;
#6530 = LINE ( 'NONE', #1667, #1134 ) ;
#6531 = CALENDAR_DATE ( 2024, 29, 4 ) ;
#6532 = ORIENTED_EDGE ( 'NONE', *, *, #2446, .F. ) ;
#6533 = ORIENTED_EDGE ( 'NONE', *, *, #73, .T. ) ;
#6534 = AXIS2_PLACEMENT_3D ( 'NONE', #2345, #5597, #4432 ) ;
#6535 = DIRECTION ( 'NONE',  ( -0.7071067811865470176, 0.7071067811865480168, -8.659560562354926695E-17 ) ) ;
#6536 = CARTESIAN_POINT ( 'NONE',  ( 10.39567267501638881, 5.588057537444476530, -2.608934702692595309 ) ) ;
#6537 = ORIENTED_EDGE ( 'NONE', *, *, #5827, .F. ) ;
#6538 = CARTESIAN_POINT ( 'NONE',  ( -12.50317791303750070, 10.14999972496038261, 1.463284682576770468 ) ) ;
#6539 = MANIFOLD_SOLID_BREP ( 'Fillet3', #4933 ) ;
#6540 = PLANE ( 'NONE',  #4420 ) ;
#6541 = ORIENTED_EDGE ( 'NONE', *, *, #253, .F. ) ;
#6542 = DIRECTION ( 'NONE',  ( 0.000000000000000000, 1.000000000000000000, 0.000000000000000000 ) ) ;
#6543 =( BOUNDED_CURVE ( )  B_SPLINE_CURVE ( 3, ( #1133, #3348, #574, #2801 ),
 .UNSPECIFIED., .F., .F. ) 
 B_SPLINE_CURVE_WITH_KNOTS ( ( 4, 4 ),
 ( 2.356194490192343949, 3.141592653589793116 ),
 .UNSPECIFIED. ) 
 CURVE ( )  GEOMETRIC_REPRESENTATION_ITEM ( )  RATIONAL_B_SPLINE_CURVE ( ( 1.000000000000000000, 0.9492530216741910110, 0.9492530216741910110, 1.000000000000000000 ) ) 
 REPRESENTATION_ITEM ( '' )  );
#6544 = LINE ( 'NONE', #6579, #6737 ) ;
#6545 = DIRECTION ( 'NONE',  ( 1.000000000000000000, -0.000000000000000000, 0.000000000000000000 ) ) ;
#6546 = VECTOR ( 'NONE', #6979, 1000.000000000000000 ) ;
#6547 = CARTESIAN_POINT ( 'NONE',  ( 10.77211439563238393, 7.349269540290390701, 6.083211872483341054 ) ) ;
#6548 = ORIENTED_EDGE ( 'NONE', *, *, #5866, .T. ) ;
#6549 = EDGE_CURVE ( 'NONE', #2015, #4185, #1436, .T. ) ;
#6550 = ORIENTED_EDGE ( 'NONE', *, *, #5126, .F. ) ;
#6551 = CARTESIAN_POINT ( 'NONE',  ( 14.18509956065411259, 2.649369830808020687, 5.173183357797627835 ) ) ;
#6553 = VERTEX_POINT ( 'NONE', #6264 ) ;
#6552 = CARTESIAN_POINT ( 'NONE',  ( 13.63167036409815758, 8.050002304961058286, 0.8190700547444330626 ) ) ;
#6554 = CARTESIAN_POINT ( 'NONE',  ( 11.47214085549942553, 7.349269540290390701, 1.583211799467650227 ) ) ;
#6555 = CARTESIAN_POINT ( 'NONE',  ( 8.707291137050036767, 6.938712259390380055, 3.730425426260042698 ) ) ;
#6556 = LINE ( 'NONE', #2639, #154 ) ;
#6557 = EDGE_CURVE ( 'NONE', #4486, #2665, #4994, .T. ) ;
#6558 = VECTOR ( 'NONE', #2450, 1000.000000000000000 ) ;
#6559 = ORIENTED_EDGE ( 'NONE', *, *, #2706, .T. ) ;
#6560 = CARTESIAN_POINT ( 'NONE',  ( 9.552012507030843480, 3.549269550721203981, 1.993769090798470645 ) ) ;
#6562 = ORIENTED_EDGE ( 'NONE', *, *, #3269, .T. ) ;
#6561 = FACE_OUTER_BOUND ( 'NONE', #3914, .T. ) ;
#6563 = EDGE_CURVE ( 'NONE', #1173, #4267, #3778, .T. ) ;
#6564 = ORIENTED_EDGE ( 'NONE', *, *, #1974, .F. ) ;
#6565 = ADVANCED_FACE ( 'NONE', ( #7010, #5886 ), #5405, .F. ) ;
#6566 = DIRECTION ( 'NONE',  ( 0.000000000000000000, 0.000000000000000000, -1.000000000000000000 ) ) ;
#6567 = APPROVAL_ROLE ( '' ) ;
#6568 = ORIENTED_EDGE ( 'NONE', *, *, #5231, .F. ) ;
#6569 = DIRECTION ( 'NONE',  ( 0.000000000000000000, 0.000000000000000000, -1.000000000000000000 ) ) ;
#6570 = CARTESIAN_POINT ( 'NONE',  ( -7.568001067311724839, 4.549999724960382963, -0.9867153539310745680 ) ) ;
#6571 = ORIENTED_EDGE ( 'NONE', *, *, #673, .F. ) ;
#6572 = EDGE_CURVE ( 'NONE', #3884, #1643, #6544, .T. ) ;
#6573 = CARTESIAN_POINT ( 'NONE',  ( 13.40729121006571845, 6.349269529859585148, 4.033211835975495596 ) ) ;
#6574 = CIRCLE ( 'NONE', #3097, 1.000000000000000000 ) ;
#6575 = CARTESIAN_POINT ( 'NONE',  ( -9.003998735531867581, 8.411944502907777732, -2.664720085291070184 ) ) ;
#6576 = ORIENTED_EDGE ( 'NONE', *, *, #6509, .F. ) ;
#6577 = CIRCLE ( 'NONE', #4484, 0.6999999999999999556 ) ;
#6578 = CARTESIAN_POINT ( 'NONE',  ( 14.18368442274654129, 3.549269550721202648, 2.283211809898462175 ) ) ;
#6579 = CARTESIAN_POINT ( 'NONE',  ( 9.702012512246250608, 7.049269540290389990, 1.693769080367658164 ) ) ;
#6580 = DIRECTION ( 'NONE',  ( 0.000000000000000000, 0.000000000000000000, -1.000000000000000000 ) ) ;
#6581 = CARTESIAN_POINT ( 'NONE',  ( 13.93241748075756092, 5.649269529859577865, 5.783211862052526797 ) ) ;
#6582 = CIRCLE ( 'NONE', #4252, 0.3500000156462182987 ) ;
#6583 = ORIENTED_EDGE ( 'NONE', *, *, #5980, .F. ) ;
#6584 = CARTESIAN_POINT ( 'NONE',  ( -10.06800111946578902, 4.949999735391195976, -2.036715380008108145 ) ) ;
#6585 = EDGE_CURVE ( 'NONE', #3115, #1632, #6387, .T. ) ;
#6587 = ORIENTED_EDGE ( 'NONE', *, *, #2663, .F. ) ;
#6586 = CARTESIAN_POINT ( 'NONE',  ( 10.59671014368147191, 5.649269529859577865, 6.059748548525545786 ) ) ;
#6588 = VECTOR ( 'NONE', #2394, 1000.000000000000000 ) ;
#6589 = CARTESIAN_POINT ( 'NONE',  ( 11.18348793756120507, 4.550002315391870056, 0.03914355225947121347 ) ) ;
#6590 = CARTESIAN_POINT ( 'NONE',  ( 13.81171448435501148, 2.923924876491688973, 5.447816681484182411 ) ) ;
#6591 = CARTESIAN_POINT ( 'NONE',  ( 9.107291137050037122, 2.849269550721202915, 3.330425426260045008 ) ) ;
#6592 = ORIENTED_EDGE ( 'NONE', *, *, #1205, .T. ) ;
#6594 = ORIENTED_EDGE ( 'NONE', *, *, #3543, .F. ) ;
#6593 = CARTESIAN_POINT ( 'NONE',  ( 11.47214085549942553, 2.149269540290390523, 3.158313173888804837 ) ) ;
#6595 = SECURITY_CLASSIFICATION_LEVEL ( 'unclassified' ) ;
#6597 = EDGE_LOOP ( 'NONE', ( #5343, #4700, #2946, #3482 ) ) ;
#6596 = PLANE ( 'NONE',  #3125 ) ;
#6598 = EDGE_CURVE ( 'NONE', #1785, #1510, #436, .T. ) ;
#6599 = ORIENTED_EDGE ( 'NONE', *, *, #659, .F. ) ;
#6600 = CARTESIAN_POINT ( 'NONE',  ( -9.137028693984246885, 8.678004419812532788, -2.398660168386311575 ) ) ;
#6601 = EDGE_CURVE ( 'NONE', #4888, #4094, #5449, .T. ) ;
#6602 = CIRCLE ( 'NONE', #1743, 1.000000000000000000 ) ;
#6603 = DATE_AND_TIME ( #3338, #3266 ) ;
#6605 = ORIENTED_EDGE ( 'NONE', *, *, #1833, .T. ) ;
#6604 = DIRECTION ( 'NONE',  ( 0.000000000000000000, -1.000000000000000000, 0.000000000000000000 ) ) ;
#6606 = FACE_OUTER_BOUND ( 'NONE', #6998, .T. ) ;
#6607 = EDGE_CURVE ( 'NONE', #6788, #281, #3254, .T. ) ;
#6608 = CARTESIAN_POINT ( 'NONE',  ( 13.50883225519194930, 2.499269545505796053, 6.483211872483341409 ) ) ;
#6609 = ORIENTED_EDGE ( 'NONE', *, *, #4955, .T. ) ;
#6610 = CARTESIAN_POINT ( 'NONE',  ( -9.668001098604165122, 9.449999724960381542, -1.336715359146480431 ) ) ;
#6611 = AXIS2_PLACEMENT_3D ( 'NONE', #5621, #1787, #141 ) ;
#6612 = CARTESIAN_POINT ( 'NONE',  ( 13.63167036409815758, 4.950002325822681293, -0.9309299713326002479 ) ) ;
#6613 = VERTEX_POINT ( 'NONE', #5436 ) ;
#6614 = CARTESIAN_POINT ( 'NONE',  ( 10.15910876266714880, 2.449269550721202560, 5.003285359567566815 ) ) ;
#6615 = CARTESIAN_POINT ( 'NONE',  ( 12.20729118920410095, 5.649269529859577865, 2.983211809898461908 ) ) ;
#6616 = CARTESIAN_POINT ( 'NONE',  ( 11.48970279241824421, 7.458954282464725694, 5.765623475697482903 ) ) ;
#6617 = FACE_BOUND ( 'NONE', #5941, .T. ) ;
#6618 = VERTEX_POINT ( 'NONE', #371 ) ;
#6619 = AXIS2_PLACEMENT_3D ( 'NONE', #6623, #3401, #2815 ) ;
#6620 = LINE ( 'NONE', #6658, #1236 ) ;
#6622 = EDGE_LOOP ( 'NONE', ( #5991, #3182, #5973, #3715 ) ) ;
#6621 = DIRECTION ( 'NONE',  ( 1.000000000000000000, 0.000000000000000000, 0.000000000000000000 ) ) ;
#6623 = CARTESIAN_POINT ( 'NONE',  ( 14.65729122571193699, 6.699269608090674843, 6.483211872483341409 ) ) ;
#6624 = CYLINDRICAL_SURFACE ( 'NONE', #2884, 0.2000000000000002331 ) ;
#6625 = DIRECTION ( 'NONE',  ( 0.000000000000000000, -1.000000000000000000, 0.000000000000000000 ) ) ;
#6626 = AXIS2_PLACEMENT_3D ( 'NONE', #5919, #3164, #404 ) ;
#6627 = ADVANCED_FACE ( 'NONE', ( #4792 ), #5923, .F. ) ;
#6628 = ORIENTED_EDGE ( 'NONE', *, *, #7139, .F. ) ;
#6630 = ORIENTED_EDGE ( 'NONE', *, *, #1511, .F. ) ;
#6629 = CARTESIAN_POINT ( 'NONE',  ( 9.731670311944093044, 4.550002315391870056, -1.280929976548006222 ) ) ;
#6631 = DATE_AND_TIME ( #4334, #611 ) ;
#6633 = EDGE_LOOP ( 'NONE', ( #3223, #1383, #1466, #3594 ) ) ;
#6632 = DIRECTION ( 'NONE',  ( 1.000000000000000000, 0.000000000000000000, 0.000000000000000000 ) ) ;
#6634 = VECTOR ( 'NONE', #5916, 1000.000000000000000 ) ;
#6635 = SECURITY_CLASSIFICATION ( '', '', #495 ) ;
#6636 = ORIENTED_EDGE ( 'NONE', *, *, #6940, .T. ) ;
#6637 = DIRECTION ( 'NONE',  ( 1.000000000000000000, 0.000000000000000000, 0.000000000000000000 ) ) ;
#6638 = DIRECTION ( 'NONE',  ( 0.000000000000000000, 0.000000000000000000, -1.000000000000000000 ) ) ;
#6639 = CALENDAR_DATE ( 2024, 29, 4 ) ;
#6640 = ADVANCED_FACE ( 'NONE', ( #4826 ), #1881, .T. ) ;
#6642 = ORIENTED_EDGE ( 'NONE', *, *, #1954, .F. ) ;
#6641 = FACE_OUTER_BOUND ( 'NONE', #4426, .T. ) ;
#6643 = CYLINDRICAL_SURFACE ( 'NONE', #4982, 0.1999999999999996503 ) ;
#6644 = LOCAL_TIME ( 18, 13, 43.00000000000000000, #6449 ) ;
#6645 = DIRECTION ( 'NONE',  ( 1.000000000000000000, 0.000000000000000000, 0.000000000000000000 ) ) ;
#6646 = ORIENTED_EDGE ( 'NONE', *, *, #6994, .T. ) ;
#6647 = DIRECTION ( 'NONE',  ( 0.000000000000000000, 0.000000000000000000, -1.000000000000000000 ) ) ;
#6648 = CIRCLE ( 'NONE', #5945, 2.450000036507845369 ) ;
#6649 = CARTESIAN_POINT ( 'NONE',  ( 13.60729121006570885, 6.699269608090674843, 4.033211835975495596 ) ) ;
#6650 = ORIENTED_EDGE ( 'NONE', *, *, #4784, .F. ) ;
#6651 = CARTESIAN_POINT ( 'NONE',  ( 13.85725698445084930, 3.083893088397688054, 5.964665351590882736 ) ) ;
#6652 = CARTESIAN_POINT ( 'NONE',  ( 9.219799064221021467, 6.525844931215946332, 2.658195976418113560 ) ) ;
#6653 = EDGE_CURVE ( 'NONE', #6031, #1319, #5988, .T. ) ;
#6654 = CARTESIAN_POINT ( 'NONE',  ( 14.65729122571193699, 1.949269540290390568, 1.583211799467650227 ) ) ;
#6655 = AXIS2_PLACEMENT_3D ( 'NONE', #1140, #4392, #2269 ) ;
#6656 = ORIENTED_EDGE ( 'NONE', *, *, #4421, .F. ) ;
#6657 = ADVANCED_FACE ( 'NONE', ( #4756 ), #4351, .T. ) ;
#6658 = CARTESIAN_POINT ( 'NONE',  ( 10.15910876266714702, 6.849269540290390701, 5.003285359567566815 ) ) ;
#6660 = VERTEX_POINT ( 'NONE', #4278 ) ;
#6659 = CARTESIAN_POINT ( 'NONE',  ( 13.60729121006570885, 2.149269540290390523, 4.033211835975495596 ) ) ;
#6661 = AXIS2_PLACEMENT_3D ( 'NONE', #3074, #4184, #6942 ) ;
#6662 = CARTESIAN_POINT ( 'NONE',  ( -8.618001082957942316, 4.549999724960382963, -0.9867153539310745680 ) ) ;
#6663 = CARTESIAN_POINT ( 'NONE',  ( 10.32915769579019916, 5.455027578992097226, -2.475904744240216449 ) ) ;
#6664 = CARTESIAN_POINT ( 'NONE',  ( 13.97905823893396260, 6.349269529859585148, 5.083211862052529284 ) ) ;
#6665 = VERTEX_POINT ( 'NONE', #3229 ) ;
#6667 = VERTEX_POINT ( 'NONE', #5850 ) ;
#6666 = LINE ( 'NONE', #2169, #4989 ) ;
#6669 = ORIENTED_EDGE ( 'NONE', *, *, #3535, .T. ) ;
#6668 = CARTESIAN_POINT ( 'NONE',  ( 11.27042664816570472, 8.750002304961064681, 0.2490321664960800929 ) ) ;
#6670 = EDGE_LOOP ( 'NONE', ( #2581, #1813, #1900, #5821, #4746, #2392, #5568, #4639 ) ) ;
#6671 = PLANE ( 'NONE',  #776 ) ;
#6672 = DIRECTION ( 'NONE',  ( 1.000000000000000000, -0.000000000000000000, 0.000000000000000000 ) ) ;
#6673 = PERSON_AND_ORGANIZATION_ROLE ( 'design_owner' ) ;
#6675 = ORIENTED_EDGE ( 'NONE', *, *, #1212, .T. ) ;
#6674 = CARTESIAN_POINT ( 'NONE',  ( -9.318001088173351931, 8.749999714529577588, -2.036715380008108145 ) ) ;
#6676 = EDGE_CURVE ( 'NONE', #2711, #4099, #361, .T. ) ;
#6677 = DIRECTION ( 'NONE',  ( 0.000000000000000000, 0.000000000000000000, -1.000000000000000000 ) ) ;
#6678 = DIRECTION ( 'NONE',  ( 0.000000000000000000, 0.000000000000000000, -1.000000000000000000 ) ) ;
#6679 = ORIENTED_EDGE ( 'NONE', *, *, #2107, .T. ) ;
#6680 = CARTESIAN_POINT ( 'NONE',  ( -10.06800111946578902, 8.049999714529571193, -2.036715380008108145 ) ) ;
#6681 = ORIENTED_EDGE ( 'NONE', *, *, #1738, .T. ) ;
#6682 = EDGE_LOOP ( 'NONE', ( #5796, #1311, #765, #3103, #5497, #3154, #650, #2353 ) ) ;
#6683 = CARTESIAN_POINT ( 'NONE',  ( 8.811248411324671181, 6.549269529859587990, 3.475297282210815020 ) ) ;
#6684 = DIRECTION ( 'NONE',  ( 0.000000000000000000, 0.000000000000000000, 1.000000000000000000 ) ) ;
#6685 = CARTESIAN_POINT ( 'NONE',  ( 12.20729118920410095, 6.144244276690161932, 5.578186608883112463 ) ) ;
#6686 = DIRECTION ( 'NONE',  ( 0.4472135954999579277, 0.000000000000000000, -0.8944271909999158554 ) ) ;
#6687 = EDGE_CURVE ( 'NONE', #380, #5903, #6362, .T. ) ;
#6688 = VECTOR ( 'NONE', #3458, 1000.000000000000000 ) ;
#6689 = DIRECTION ( 'NONE',  ( -0.8507216701677831061, 0.007846173994380591446, -0.5255578726083243168 ) ) ;
#6690 =( BOUNDED_SURFACE ( )  B_SPLINE_SURFACE ( 3, 2, ( 
 ( #2628, #2561, #403 ),
 ( #2010, #910, #3228 ),
 ( #877, #2082, #4212 ),
 ( #3129, #5848, #293 ),
 ( #4277, #1506, #5301 ),
 ( #3636, #4825, #1970 ),
 ( #946, #4242, #5336 ),
 ( #2046, #6970, #3194 ) ),
 .UNSPECIFIED., .F., .F., .F. ) 
 B_SPLINE_SURFACE_WITH_KNOTS ( ( 4, 2, 2, 4 ),
 ( 3, 3 ),
 ( 1.570796326794896558, 1.963495408493620697, 2.356194490192344837, 3.141592653589793116 ),
 ( 0.000000000000000000, 1.000000000000000000 ),
 .UNSPECIFIED. ) 
 GEOMETRIC_REPRESENTATION_ITEM ( )  RATIONAL_B_SPLINE_SURFACE ( (
 ( 1.000000000000000000, 0.7071067811865490160, 1.000000000000000000),
 ( 1.000000000000000000, 0.7278170130782501968, 1.000000000000000000),
 ( 1.000000000000000000, 0.7475565620624833318, 1.000000000000000000),
 ( 1.000000000000000000, 0.7828951580033640667, 1.000000000000000000),
 ( 1.000000000000000000, 0.7984857870196568896, 1.000000000000000000),
 ( 1.000000000000000000, 0.8367549814873737057, 1.000000000000000000),
 ( 1.000000000000000000, 0.8507963260701602026, 1.000000000000000000),
 ( 1.000000000000000000, 0.8506508083520399888, 1.000000000000000000) ) ) 
 REPRESENTATION_ITEM ( '' )  SURFACE ( )  );
#6691 = CIRCLE ( 'NONE', #6917, 1.050000015646217477 ) ;
#6692 = EDGE_CURVE ( 'NONE', #618, #3690, #880, .T. ) ;
#6693 = DIRECTION ( 'NONE',  ( -1.000000000000000000, 0.000000000000000000, 0.000000000000000000 ) ) ;
#6695 = ORIENTED_EDGE ( 'NONE', *, *, #5165, .F. ) ;
#6694 = CARTESIAN_POINT ( 'NONE',  ( 13.63167036409815758, 8.544977051791642353, 0.6140448015750158417 ) ) ;
#6696 = FACE_OUTER_BOUND ( 'NONE', #3267, .T. ) ;
#6697 = LINE ( 'NONE', #3402, #903 ) ;
#6698 = DIRECTION ( 'NONE',  ( 0.000000000000000000, 1.000000000000000000, 0.000000000000000000 ) ) ;
#6699 = CIRCLE ( 'NONE', #2644, 1.050000015646217477 ) ;
#6700 = EDGE_CURVE ( 'NONE', #5216, #3982, #3725, .T. ) ;
#6701 = ORIENTED_EDGE ( 'NONE', *, *, #6871, .T. ) ;
#6703 = ORIENTED_EDGE ( 'NONE', *, *, #1371, .F. ) ;
#6702 = CARTESIAN_POINT ( 'NONE',  ( 10.50656472962021759, 2.849269550721202027, 5.266986143739210036 ) ) ;
#6704 = AXIS2_PLACEMENT_3D ( 'NONE', #2466, #4670, #6336 ) ;
#6705 = ORIENTED_EDGE ( 'NONE', *, *, #5779, .T. ) ;
#6706 = ORIENTED_EDGE ( 'NONE', *, *, #2068, .F. ) ;
#6707 = DIRECTION ( 'NONE',  ( 0.000000000000000000, 0.000000000000000000, -1.000000000000000000 ) ) ;
#6708 = DIRECTION ( 'NONE',  ( -0.000000000000000000, 0.000000000000000000, 1.000000000000000000 ) ) ;
#6709 = PERSON_AND_ORGANIZATION ( #6958, #2931 ) ;
#6711 = ORIENTED_EDGE ( 'NONE', *, *, #1219, .T. ) ;
#6710 = CARTESIAN_POINT ( 'NONE',  ( 13.60729121006570530, 2.766426838246583753, 3.683211830760090066 ) ) ;
#6712 = CARTESIAN_POINT ( 'NONE',  ( 8.707291137050038543, 7.026639959972074578, 3.854014696237248128 ) ) ;
#6713 = FACE_OUTER_BOUND ( 'NONE', #4009, .T. ) ;
#6714 = VERTEX_POINT ( 'NONE', #2694 ) ;
#6715 = EDGE_CURVE ( 'NONE', #6665, #5805, #131, .T. ) ;
#6716 = DIRECTION ( 'NONE',  ( 0.000000000000000000, -1.000000000000000000, 0.000000000000000000 ) ) ;
#6717 = PLANE ( 'NONE',  #712 ) ;
#6718 = ORIENTED_EDGE ( 'NONE', *, *, #6739, .T. ) ;
#6719 = VERTEX_POINT ( 'NONE', #3270 ) ;
#6720 = CARTESIAN_POINT ( 'NONE',  ( 14.31407195233471263, 3.079481527361834114, 2.269650346222079840 ) ) ;
#6721 = CARTESIAN_POINT ( 'NONE',  ( 9.378558538637660646, 6.368969672781696900, 2.340677027584836534 ) ) ;
#6722 = FACE_OUTER_BOUND ( 'NONE', #6020, .T. ) ;
#6723 = DIRECTION ( 'NONE',  ( 1.000000000000000000, 0.000000000000000000, 0.000000000000000000 ) ) ;
#6724 = VECTOR ( 'NONE', #118, 1000.000000000000000 ) ;
#6725 = CARTESIAN_POINT ( 'NONE',  ( 12.51408196731230227, 4.550002315391870056, 1.519070065175245343 ) ) ;
#6726 = DIRECTION ( 'NONE',  ( 0.000000000000000000, 0.000000000000000000, 1.000000000000000000 ) ) ;
#6727 = EDGE_CURVE ( 'NONE', #4774, #4443, #6849, .T. ) ;
#6729 = ORIENTED_EDGE ( 'NONE', *, *, #5750, .T. ) ;
#6728 = CARTESIAN_POINT ( 'NONE',  ( 9.757291152696254244, 2.349269540290390701, 4.033211835975495596 ) ) ;
#6730 = CARTESIAN_POINT ( 'NONE',  ( 9.757291152696254244, 6.349269529859585148, 4.033211835975495596 ) ) ;
#6731 = FACE_OUTER_BOUND ( 'NONE', #2692, .T. ) ;
#6732 = DIRECTION ( 'NONE',  ( 0.000000000000000000, -1.000000000000000000, 0.000000000000000000 ) ) ;
#6733 = CONICAL_SURFACE ( 'NONE', #2458, 0.5599999999999997202, 0.7853981633974476129 ) ;
#6734 = FACE_OUTER_BOUND ( 'NONE', #684, .T. ) ;
#6736 = ORIENTED_EDGE ( 'NONE', *, *, #4065, .F. ) ;
#6735 = CARTESIAN_POINT ( 'NONE',  ( 10.18667031872412387, 5.250002325822681115, -2.190929990108063219 ) ) ;
#6737 = VECTOR ( 'NONE', #3706, 1000.000000000000000 ) ;
#6738 = CIRCLE ( 'NONE', #3604, 1.050000015646217477 ) ;
#6739 = EDGE_CURVE ( 'NONE', #3172, #6328, #4412, .T. ) ;
#6740 = ORIENTED_EDGE ( 'NONE', *, *, #6512, .T. ) ;
#6741 = EDGE_LOOP ( 'NONE', ( #3052, #958, #95, #4742, #1550, #6911 ) ) ;
#6742 = LINE ( 'NONE', #2429, #544 ) ;
#6743 = DIRECTION ( 'NONE',  ( -0.000000000000000000, -0.000000000000000000, 1.000000000000000000 ) ) ;
#6744 = EDGE_CURVE ( 'NONE', #7104, #6031, #1646, .T. ) ;
#6745 = CALENDAR_DATE ( 2024, 29, 4 ) ;
#6747 = ORIENTED_EDGE ( 'NONE', *, *, #843, .T. ) ;
#6746 = LINE ( 'NONE', #683, #2163 ) ;
#6748 = DIRECTION ( 'NONE',  ( -1.000000000000000000, 0.000000000000000000, 0.000000000000000000 ) ) ;
#6749 = LINE ( 'NONE', #3613, #2143 ) ;
#6750 = LOCAL_TIME ( 18, 13, 43.00000000000000000, #3040 ) ;
#6751 = ORIENTED_EDGE ( 'NONE', *, *, #3199, .T. ) ;
#6752 = DIRECTION ( 'NONE',  ( 0.000000000000000000, 1.000000000000000000, 0.000000000000000000 ) ) ;
#6753 = CARTESIAN_POINT ( 'NONE',  ( -24.85519219859683915, 20.86614124888735233, 7.078821013517712757 ) ) ;
#6754 = ORGANIZATION ( 'NAUO-ORG3', 'UNSPECIFIED', 'UNSPECIFIED' ) ;
#6755 = ORIENTED_EDGE ( 'NONE', *, *, #3737, .F. ) ;
#6756 = ORIENTED_EDGE ( 'NONE', *, *, #3944, .F. ) ;
#6757 = CARTESIAN_POINT ( 'NONE',  ( 10.98859283569086109, 7.049269540290389990, 6.483211872483341409 ) ) ;
#6758 = CARTESIAN_POINT ( 'NONE',  ( 13.40729121006570779, 2.849269550721202915, 3.635998235260131217 ) ) ;
#6759 = DIRECTION ( 'NONE',  ( 1.000000000000000000, 0.000000000000000000, 0.000000000000000000 ) ) ;
#6760 = DIRECTION ( 'NONE',  ( 0.000000000000000000, -1.000000000000000000, 0.000000000000000000 ) ) ;
#6761 = CARTESIAN_POINT ( 'NONE',  ( 14.65729122571193699, 7.049269540290389990, 1.583211799467650227 ) ) ;
#6762 = CARTESIAN_POINT ( 'NONE',  ( 10.43167031194409411, 10.15000231539186970, -0.9309299713326001369 ) ) ;
#6764 = ORIENTED_EDGE ( 'NONE', *, *, #5132, .T. ) ;
#6763 = DIRECTION ( 'NONE',  ( 0.000000000000000000, 0.000000000000000000, -1.000000000000000000 ) ) ;
#6765 = CARTESIAN_POINT ( 'NONE',  ( 14.65729122571193699, 7.749269540290391056, 6.083211872483341054 ) ) ;
#6766 = AXIS2_PLACEMENT_3D ( 'NONE', #5272, #5306, #2122 ) ;
#6767 = CARTESIAN_POINT ( 'NONE',  ( 13.23167036409815722, 5.950002325822681293, -1.980929997409633270 ) ) ;
#6768 = ADVANCED_FACE ( 'NONE', ( #2765 ), #5595, .F. ) ;
#6769 = DIRECTION ( 'NONE',  ( 0.000000000000000000, 0.000000000000000000, -1.000000000000000000 ) ) ;
#6770 = EDGE_CURVE ( 'NONE', #6553, #2175, #507, .T. ) ;
#6771 = AXIS2_PLACEMENT_3D ( 'NONE', #6372, #1412, #4634 ) ;
#6772 = CARTESIAN_POINT ( 'NONE',  ( -9.668001098604165122, 4.549999724960382963, -1.336715359146480431 ) ) ;
#6774 = ORIENTED_EDGE ( 'NONE', *, *, #1850, .F. ) ;
#6773 = FACE_OUTER_BOUND ( 'NONE', #915, .T. ) ;
#6775 = AXIS2_PLACEMENT_3D ( 'NONE', #4253, #3784, #6408 ) ;
#6776 = ADVANCED_FACE ( 'NONE', ( #621 ), #2008, .T. ) ;
#6777 = FACE_OUTER_BOUND ( 'NONE', #2858, .T. ) ;
#6778 = LINE ( 'NONE', #3376, #5948 ) ;
#6779 = DATE_AND_TIME ( #6843, #142 ) ;
#6780 = EDGE_CURVE ( 'NONE', #3695, #3304, #1762, .T. ) ;
#6782 = VERTEX_POINT ( 'NONE', #3430 ) ;
#6781 = CARTESIAN_POINT ( 'NONE',  ( 11.47214085549942553, 2.349269540290390701, 1.783211799467650405 ) ) ;
#6783 = CARTESIAN_POINT ( 'NONE',  ( 9.731670311944093044, 4.550002315391870056, -0.9309299713326002479 ) ) ;
#6784 = EDGE_CURVE ( 'NONE', #37, #1444, #2806, .T. ) ;
#6785 = ORIENTED_EDGE ( 'NONE', *, *, #113, .F. ) ;
#6786 = CARTESIAN_POINT ( 'NONE',  ( 11.48970279241824421, 7.349269540290390701, 6.483211872483341409 ) ) ;
#6787 = SHAPE_REPRESENTATION_RELATIONSHIP ( 'NONE' , 'NONE' ,  #2745, #728 ) ;
#6788 = VERTEX_POINT ( 'NONE', #3353 ) ;
#6789 = ORIENTED_EDGE ( 'NONE', *, *, #6563, .F. ) ;
#6790 = LINE ( 'NONE', #6253, #1994 ) ;
#6791 = DIRECTION ( 'NONE',  ( 1.000000000000000000, 0.000000000000000000, 0.000000000000000000 ) ) ;
#6792 = CARTESIAN_POINT ( 'NONE',  ( 11.88970279241824457, 7.749269540290391056, 6.483211872483341409 ) ) ;
#6793 = DIRECTION ( 'NONE',  ( 0.000000000000000000, -0.7071067811865477948, 0.7071067811865471286 ) ) ;
#6794 = CIRCLE ( 'NONE', #5861, 1.050000015646217477 ) ;
#6795 = CARTESIAN_POINT ( 'NONE',  ( -9.668001098604165122, 4.549999724960382963, -0.9867153539310745680 ) ) ;
#6796 = DIRECTION ( 'NONE',  ( 0.7071067811865474617, 0.000000000000000000, 0.7071067811865476838 ) ) ;
#6798 = ORIENTED_EDGE ( 'NONE', *, *, #843, .F. ) ;
#6797 = CARTESIAN_POINT ( 'NONE',  ( 13.93167036409815829, 8.050002304961058286, 0.1190700547444332319 ) ) ;
#6799 = CARTESIAN_POINT ( 'NONE',  ( 12.49652003039348180, 3.850002315391870322, -3.380930007840445395 ) ) ;
#6800 = DIRECTION ( 'NONE',  ( 1.000000000000000000, 0.000000000000000000, 0.000000000000000000 ) ) ;
#6801 = DIRECTION ( 'NONE',  ( 0.000000000000000000, 1.000000000000000000, 0.000000000000000000 ) ) ;
#6802 = VECTOR ( 'NONE', #1221, 1000.000000000000000 ) ;
#6803 = EDGE_CURVE ( 'NONE', #4254, #4138, #2193, .T. ) ;
#6804 = CYLINDRICAL_SURFACE ( 'NONE', #583, 0.1999999999999993727 ) ;
#6805 = AXIS2_PLACEMENT_3D ( 'NONE', #5323, #5869, #2586 ) ;
#6807 = VERTEX_POINT ( 'NONE', #2880 ) ;
#6806 = CARTESIAN_POINT ( 'NONE',  ( 9.552012507030845256, 5.649269529859577865, 1.993769090798470645 ) ) ;
#6808 = AXIS2_PLACEMENT_3D ( 'NONE', #4316, #6580, #3744 ) ;
#6809 = CYLINDRICAL_SURFACE ( 'NONE', #1015, 0.2000000000000000944 ) ;
#6810 = CARTESIAN_POINT ( 'NONE',  ( -8.618001082957942316, 3.849999724960383674, -0.9867153539310745680 ) ) ;
#6811 = DATE_AND_TIME ( #5142, #5592 ) ;
#6813 = ORIENTED_EDGE ( 'NONE', *, *, #5935, .T. ) ;
#6812 = DIRECTION ( 'NONE',  ( 0.000000000000000000, 1.000000000000000000, -0.000000000000000000 ) ) ;
#6814 =( BOUNDED_CURVE ( )  B_SPLINE_CURVE ( 3, ( #2154, #579, #5517, #1757 ),
 .UNSPECIFIED., .F., .F. ) 
 B_SPLINE_CURVE_WITH_KNOTS ( ( 4, 4 ),
 ( 4.712388980384689674, 6.283185307179586232 ),
 .UNSPECIFIED. ) 
 CURVE ( )  GEOMETRIC_REPRESENTATION_ITEM ( )  RATIONAL_B_SPLINE_CURVE ( ( 1.000000000000000000, 0.8047378541243649375, 0.8047378541243649375, 1.000000000000000000 ) ) 
 REPRESENTATION_ITEM ( '' )  );
#6815 = ADVANCED_FACE ( 'NONE', ( #111 ), #2266, .F. ) ;
#6816 = AXIS2_PLACEMENT_3D ( 'NONE', #3863, #6072, #1111 ) ;
#6817 = ADVANCED_FACE ( 'NONE', ( #2342 ), #3529, .F. ) ;
#6818 = ORIENTED_EDGE ( 'NONE', *, *, #4134, .T. ) ;
#6819 = CARTESIAN_POINT ( 'NONE',  ( -9.202847774427665328, 8.678004419812532788, 0.4252294605241629943 ) ) ;
#6820 = DIRECTION ( 'NONE',  ( -0.9752535874476808697, -0.2210892131480614031, 7.012232956727081003E-15 ) ) ;
#6821 = VERTEX_POINT ( 'NONE', #1797 ) ;
#6822 = CARTESIAN_POINT ( 'NONE',  ( -10.36800111946578973, 6.999999724960383141, -2.736715390438920092 ) ) ;
#6823 = CARTESIAN_POINT ( 'NONE',  ( 13.60729121006570885, 2.499269545505796053, 3.683211830760089178 ) ) ;
#6824 = DIRECTION ( 'NONE',  ( 0.000000000000000000, 0.000000000000000000, -1.000000000000000000 ) ) ;
#6825 = LINE ( 'NONE', #1325, #1477 ) ;
#6826 = ORIENTED_EDGE ( 'NONE', *, *, #5842, .T. ) ;
#6827 = VECTOR ( 'NONE', #2408, 1000.000000000000000 ) ;
#6828 = CARTESIAN_POINT ( 'NONE',  ( 13.63309632822446105, 3.361136779275918585, 5.783211862052528573 ) ) ;
#6829 = ADVANCED_FACE ( 'NONE', ( #180 ), #5739, .F. ) ;
#6831 = EDGE_LOOP ( 'NONE', ( #4934, #352, #1126, #4313 ) ) ;
#6830 = DIRECTION ( 'NONE',  ( 0.000000000000000000, 1.000000000000000000, 0.000000000000000000 ) ) ;
#6832 = LINE ( 'NONE', #769, #4754 ) ;
#6833 = CARTESIAN_POINT ( 'NONE',  ( -9.019818692928836867, 4.549999724960382963, -0.01664183033900305114 ) ) ;
#6834 = VECTOR ( 'NONE', #4191, 1000.000000000000000 ) ;
#6835 = VERTEX_POINT ( 'NONE', #5150 ) ;
#6837 = ORIENTED_EDGE ( 'NONE', *, *, #1286, .T. ) ;
#6836 = DIRECTION ( 'NONE',  ( 1.000000000000000000, 0.000000000000000000, -2.774754023183460056E-16 ) ) ;
#6838 = EDGE_CURVE ( 'NONE', #2000, #4407, #5809, .T. ) ;
#6839 = EDGE_CURVE ( 'NONE', #2000, #4998, #2104, .T. ) ;
#6840 = VECTOR ( 'NONE', #2612, 1000.000000000000000 ) ;
#6841 = DIRECTION ( 'NONE',  ( 0.000000000000000000, 0.000000000000000000, 1.000000000000000000 ) ) ;
#6842 = CARTESIAN_POINT ( 'NONE',  ( 12.55729126743518975, 7.049269540290389990, 6.283211872483342120 ) ) ;
#6843 = CALENDAR_DATE ( 2024, 29, 4 ) ;
#6844 = CONICAL_SURFACE ( 'NONE', #5442, 1.050000015646217477, 0.7853981633974476129 ) ;
#6845 = CIRCLE ( 'NONE', #3255, 2.450000036507845369 ) ;
#6847 = VERTEX_POINT ( 'NONE', #6823 ) ;
#6846 = CARTESIAN_POINT ( 'NONE',  ( 12.55729126743518975, 6.874269574190515542, 1.583211799467650227 ) ) ;
#6848 = B_SPLINE_CURVE_WITH_KNOTS ( 'NONE', 3,
 ( #5367, #2003, #1459, #5428, #1531, #3660 ),
 .UNSPECIFIED., .F., .F.,
 ( 4, 2, 4 ),
 ( 0.000000000000000000, 0.0003245464165493808098, 0.0006490928330987616197 ),
 .UNSPECIFIED. ) ;
#6849 = CIRCLE ( 'NONE', #592, 1.050000015646217477 ) ;
#6850 = ORIENTED_EDGE ( 'NONE', *, *, #2778, .T. ) ;
#6851 = EDGE_CURVE ( 'NONE', #4386, #1423, #1864, .T. ) ;
#6852 = CARTESIAN_POINT ( 'NONE',  ( 9.880897950446232869, 2.149269540290390523, 1.783211799467650405 ) ) ;
#6853 = CARTESIAN_POINT ( 'NONE',  ( -13.70185709529099150, 25.43420806764529374, 7.078821013517615057 ) ) ;
#6854 = VERTEX_POINT ( 'NONE', #761 ) ;
#6855 = VERTEX_POINT ( 'NONE', #3496 ) ;
#6856 = CARTESIAN_POINT ( 'NONE',  ( 14.17617375787862954, 2.649269550721203181, 2.545446735134238914 ) ) ;
#6857 = DIRECTION ( 'NONE',  ( 0.000000000000000000, 0.000000000000000000, -1.000000000000000000 ) ) ;
#6858 = LINE ( 'NONE', #6221, #1004 ) ;
#6859 = VECTOR ( 'NONE', #157, 1000.000000000000000 ) ;
#6860 = DIRECTION ( 'NONE',  ( 1.000000000000000000, 0.000000000000000000, 0.000000000000000000 ) ) ;
#6861 = CC_DESIGN_SECURITY_CLASSIFICATION ( #3157, ( #7185 ) ) ;
#6862 = VERTEX_POINT ( 'NONE', #5706 ) ;
#6863 = CARTESIAN_POINT ( 'NONE',  ( 15.00729124135815518, 7.749269540290391056, 4.033211835975495596 ) ) ;
#6866 = ADVANCED_FACE ( 'NONE', ( #215 ), #1895, .T. ) ;
#6865 = ORIENTED_EDGE ( 'NONE', *, *, #6191, .F. ) ;
#6864 = LINE ( 'NONE', #1293, #801 ) ;
#6867 = CARTESIAN_POINT ( 'NONE',  ( 12.55729126743518975, 6.699269608090674843, 6.483211872483341409 ) ) ;
#6868 = CARTESIAN_POINT ( 'NONE',  ( 10.15910876266714880, 7.049269540290389990, 5.003285359567566815 ) ) ;
#6869 = APPROVAL_PERSON_ORGANIZATION ( #2742, #3306, #1623 ) ;
#6870 = DIRECTION ( 'NONE',  ( 0.000000000000000000, -1.000000000000000000, 0.000000000000000000 ) ) ;
#6871 = EDGE_CURVE ( 'NONE', #4781, #525, #243, .T. ) ;
#6872 = ORIENTED_EDGE ( 'NONE', *, *, #2993, .T. ) ;
#6873 = PERSON ( 'NAUO-PER1', 'UNSPECIFIED', 'UNSPECIFIED', ('UNSPECIFIED'), ('UNSPECIFIED'), ('UNSPECIFIED') ) ;
#6874 = ORIENTED_EDGE ( 'NONE', *, *, #1833, .F. ) ;
#6875 = CARTESIAN_POINT ( 'NONE',  ( 12.55729126743518975, 2.149269540290390523, 1.783211799467650405 ) ) ;
#6876 = VERTEX_POINT ( 'NONE', #6758 ) ;
#6878 = VERTEX_POINT ( 'NONE', #3465 ) ;
#6877 = CYLINDRICAL_SURFACE ( 'NONE', #5258, 2.450000036507845369 ) ;
#6879 = CARTESIAN_POINT ( 'NONE',  ( 14.18368442274654306, 3.549269550721202648, 2.083211809898462441 ) ) ;
#6880 = CIRCLE ( 'NONE', #3753, 0.3500000156462182987 ) ;
#6881 = CYLINDRICAL_SURFACE ( 'NONE', #6704, 0.7000000000000003997 ) ;
#6882 = CARTESIAN_POINT ( 'NONE',  ( 9.557443976837651789, 2.989502772892872251, 2.553029094065625504 ) ) ;
#6883 = DATE_AND_TIME ( #5691, #2238 ) ;
#6885 = ORIENTED_EDGE ( 'NONE', *, *, #3467, .F. ) ;
#6884 = DIRECTION ( 'NONE',  ( 0.000000000000000000, -0.7071067811865477948, 0.7071067811865471286 ) ) ;
#6886 = ORIENTED_EDGE ( 'NONE', *, *, #5483, .F. ) ;
#6887 = ORIENTED_EDGE ( 'NONE', *, *, #1760, .F. ) ;
#6888 = CARTESIAN_POINT ( 'NONE',  ( -11.06800111946578902, 5.949999735391195976, -2.036715380008108145 ) ) ;
#6889 = EDGE_CURVE ( 'NONE', #3770, #1492, #5119, .T. ) ;
#6890 = ADVANCED_FACE ( 'NONE', ( #4035 ), #1322, .F. ) ;
#6891 = CARTESIAN_POINT ( 'NONE',  ( 0.000000000000000000, 0.000000000000000000, 0.000000000000000000 ) ) ;
#6892 = ORIENTED_EDGE ( 'NONE', *, *, #871, .F. ) ;
#6893 = EDGE_LOOP ( 'NONE', ( #1399, #3810, #5743, #6865 ) ) ;
#6894 = LINE ( 'NONE', #5630, #5201 ) ;
#6895 = DIRECTION ( 'NONE',  ( 0.000000000000000000, -1.000000000000000000, 0.000000000000000000 ) ) ;
#6896 = CARTESIAN_POINT ( 'NONE',  ( 12.20729118920410095, 6.349269529859585148, 5.783211862052528573 ) ) ;
#6897 = B_SPLINE_CURVE_WITH_KNOTS ( 'NONE', 3,
 ( #2956, #5672, #4107, #1839, #6224, #4007 ),
 .UNSPECIFIED., .F., .F.,
 ( 4, 2, 4 ),
 ( -5.291502626700443802E-06, 0.0003855637784327208516, 0.0007764190594921422045 ),
 .UNSPECIFIED. ) ;
#6898 = DIRECTION ( 'NONE',  ( 1.000000000000000000, 0.000000000000000000, 0.000000000000000000 ) ) ;
#6899 = ORIENTED_EDGE ( 'NONE', *, *, #6453, .T. ) ;
#6900 = CARTESIAN_POINT ( 'NONE',  ( 9.731670311944093044, 9.450002315391870411, -0.9309299713326002479 ) ) ;
#6902 = ORIENTED_EDGE ( 'NONE', *, *, #6653, .T. ) ;
#6901 = CARTESIAN_POINT ( 'NONE',  ( 12.55729126743518975, 2.499269545505796053, 6.483211872483341409 ) ) ;
#6903 = ADVANCED_FACE ( 'NONE', ( #797 ), #3147, .T. ) ;
#6904 = DIRECTION ( 'NONE',  ( -0.9238795325112869605, 0.000000000000000000, -0.3826834323650893377 ) ) ;
#6905 = CARTESIAN_POINT ( 'NONE',  ( -9.313053400413474847, 5.588054947012989437, 0.6912893774289212701 ) ) ;
#6906 = CARTESIAN_POINT ( 'NONE',  ( 10.78148605018372841, 3.549269550721202648, 5.783211862052528573 ) ) ;
#6907 = ORIENTED_EDGE ( 'NONE', *, *, #1866, .T. ) ;
#6908 = EDGE_CURVE ( 'NONE', #646, #2186, #1883, .T. ) ;
#6909 = CARTESIAN_POINT ( 'NONE',  ( -13.20300121595082032, 6.999999761468229664, -2.736715380008108323 ) ) ;
#6911 = ORIENTED_EDGE ( 'NONE', *, *, #2993, .F. ) ;
#6910 = CARTESIAN_POINT ( 'NONE',  ( 14.65729122571193699, 2.149269540290390523, 4.033211835975495596 ) ) ;
#6912 = EDGE_CURVE ( 'NONE', #2898, #3781, #2483, .T. ) ;
#6913 = DIRECTION ( 'NONE',  ( -0.7071067811865470176, 0.7071067811865480168, -8.659560562354926695E-17 ) ) ;
#6914 = CARTESIAN_POINT ( 'NONE',  ( 13.40729121006571845, 2.649269550721202737, 4.033211835975495596 ) ) ;
#6915 = VECTOR ( 'NONE', #2618, 1000.000000000000000 ) ;
#6916 = LINE ( 'NONE', #274, #1908 ) ;
#6917 = AXIS2_PLACEMENT_3D ( 'NONE', #4508, #5632, #2847 ) ;
#6918 = DATE_AND_TIME ( #5386, #5717 ) ;
#6920 = EDGE_LOOP ( 'NONE', ( #1943, #678, #6642, #5766 ) ) ;
#6919 = DIRECTION ( 'NONE',  ( 0.000000000000000000, 0.000000000000000000, -1.000000000000000000 ) ) ;
#6921 = EDGE_CURVE ( 'NONE', #1081, #2860, #150, .T. ) ;
#6922 = CIRCLE ( 'NONE', #3463, 2.450000036507845369 ) ;
#6923 = ORIENTED_EDGE ( 'NONE', *, *, #175, .T. ) ;
#6924 = CARTESIAN_POINT ( 'NONE',  ( -10.06800111946578902, 9.049999714529571193, -2.036715380008108145 ) ) ;
#6925 = CALENDAR_DATE ( 2024, 29, 4 ) ;
#6926 = ORIENTED_EDGE ( 'NONE', *, *, #1299, .T. ) ;
#6927 = ORIENTED_EDGE ( 'NONE', *, *, #2121, .T. ) ;
#6928 = DIRECTION ( 'NONE',  ( 0.000000000000000000, 0.000000000000000000, 1.000000000000000000 ) ) ;
#6929 = PLANE ( 'NONE',  #663 ) ;
#6930 = EDGE_CURVE ( 'NONE', #4104, #5471, #874, .T. ) ;
#6931 = DIRECTION ( 'NONE',  ( -1.000000000000000000, -0.000000000000000000, 0.000000000000000000 ) ) ;
#6932 = ORIENTED_EDGE ( 'NONE', *, *, #1664, .T. ) ;
#6933 = CARTESIAN_POINT ( 'NONE',  ( -10.36800111946578973, 6.999999724960383141, -3.436715390438920270 ) ) ;
#6935 = EDGE_LOOP ( 'NONE', ( #1749, #6247, #2361, #5612, #3934, #723 ) ) ;
#6934 = CARTESIAN_POINT ( 'NONE',  ( 11.66470283153379128, 2.499269545505796053, 6.483211872483341409 ) ) ;
#6936 = CARTESIAN_POINT ( 'NONE',  ( 13.85462691867565255, 2.849269550721202471, 2.795079038453178288 ) ) ;
#6937 = CARTESIAN_POINT ( 'NONE',  ( -8.618001082957942316, 9.449999724960381542, 1.463284682576770468 ) ) ;
#6938 = CARTESIAN_POINT ( 'NONE',  ( 9.730897945230827517, 3.549269550721202648, 2.283211809898462175 ) ) ;
#6939 = ORIENTED_EDGE ( 'NONE', *, *, #5362, .T. ) ;
#6940 = EDGE_CURVE ( 'NONE', #3380, #5147, #5455, .T. ) ;
#6941 = DIRECTION ( 'NONE',  ( 0.000000000000000000, -0.7071067811865483499, 0.7071067811865467956 ) ) ;
#6943 = VERTEX_POINT ( 'NONE', #982 ) ;
#6942 = DIRECTION ( 'NONE',  ( 0.000000000000000000, 0.000000000000000000, 1.000000000000000000 ) ) ;
#6944 = CARTESIAN_POINT ( 'NONE',  ( 13.23167036409815722, 7.000002278884024598, 0.8190700547444330626 ) ) ;
#6945 = DESIGN_CONTEXT ( 'detailed design', #2316, 'design' ) ;
#6946 = LINE ( 'NONE', #5860, #3422 ) ;
#6947 = CARTESIAN_POINT ( 'NONE',  ( 9.278982951948380631, 2.989852374414129432, 2.539828200963628824 ) ) ;
#6948 = PERSON_AND_ORGANIZATION ( #6873, #482 ) ;
#6950 = ORIENTED_EDGE ( 'NONE', *, *, #3920, .F. ) ;
#6949 = CARTESIAN_POINT ( 'NONE',  ( 10.50888588821012348, 6.349269529859578931, 5.271344633497812460 ) ) ;
#6951 = EDGE_CURVE ( 'NONE', #5962, #4654, #3775, .T. ) ;
#6952 =( BOUNDED_CURVE ( )  B_SPLINE_CURVE ( 3, ( #298, #2530, #4727, #883 ),
 .UNSPECIFIED., .F., .F. ) 
 B_SPLINE_CURVE_WITH_KNOTS ( ( 4, 4 ),
 ( 0.000000000000000000, 1.570796326794897224 ),
 .UNSPECIFIED. ) 
 CURVE ( )  GEOMETRIC_REPRESENTATION_ITEM ( )  RATIONAL_B_SPLINE_CURVE ( ( 1.000000000000000000, 0.8047378541243649375, 0.8047378541243649375, 1.000000000000000000 ) ) 
 REPRESENTATION_ITEM ( '' )  );
#6953 = VERTEX_POINT ( 'NONE', #3126 ) ;
#6954 = EDGE_CURVE ( 'NONE', #4196, #7083, #363, .T. ) ;
#6955 = CARTESIAN_POINT ( 'NONE',  ( 9.731670311944093044, 9.450002315391870411, -1.280929976548006222 ) ) ;
#6956 = CIRCLE ( 'NONE', #933, 2.450000036507846257 ) ;
#6957 = VECTOR ( 'NONE', #2460, 1000.000000000000000 ) ;
#6958 = PERSON ( 'UNSPECIFIED', 'UNSPECIFIED', 'UNSPECIFIED', ('UNSPECIFIED'), ('UNSPECIFIED'), ('UNSPECIFIED') ) ;
#6959 = ORIENTED_EDGE ( 'NONE', *, *, #5417, .F. ) ;
#6960 = ORIENTED_EDGE ( 'NONE', *, *, #1922, .T. ) ;
#6961 = CARTESIAN_POINT ( 'NONE',  ( 14.08757551546012898, 2.649269550721202737, 4.915211859983055653 ) ) ;
#6962 = CARTESIAN_POINT ( 'NONE',  ( 11.47214085549942553, 2.149269540290390523, 2.283414511802114522 ) ) ;
#6963 = CIRCLE ( 'NONE', #2574, 0.3999999999999993006 ) ;
#6964 = AXIS2_PLACEMENT_3D ( 'NONE', #3494, #1894, #5117 ) ;
#6965 = DIRECTION ( 'NONE',  ( -1.000000000000000000, 0.000000000000000000, 0.000000000000000000 ) ) ;
#6966 = CARTESIAN_POINT ( 'NONE',  ( 13.73368442274654200, 2.849269550721202915, 2.983211809898461908 ) ) ;
#6967 = AXIS2_PLACEMENT_3D ( 'NONE', #5984, #432, #325 ) ;
#6968 = ORIENTED_EDGE ( 'NONE', *, *, #3176, .F. ) ;
#6969 = DIRECTION ( 'NONE',  ( 0.000000000000000000, 0.000000000000000000, 1.000000000000000000 ) ) ;
#6970 = CARTESIAN_POINT ( 'NONE',  ( 14.30729122049651991, 5.649269529859577865, 2.283211809898462619 ) ) ;
#6971 = DIRECTION ( 'NONE',  ( 1.000000000000000000, 0.000000000000000000, 0.000000000000000000 ) ) ;
#6972 = CARTESIAN_POINT ( 'NONE',  ( 9.401840441159937001, 6.349269529859578931, 2.795079038453178288 ) ) ;
#6973 = DIRECTION ( 'NONE',  ( -0.8944271909999159664, 0.000000000000000000, -0.4472135954999579832 ) ) ;
#6974 = LOCAL_TIME ( 18, 13, 43.00000000000000000, #3875 ) ;
#6975 = EDGE_LOOP ( 'NONE', ( #977, #4524, #4902, #1753 ) ) ;
#6976 = CYLINDRICAL_SURFACE ( 'NONE', #356, 0.7000000000000001776 ) ;
#6977 = EDGE_CURVE ( 'NONE', #2682, #3115, #4208, .T. ) ;
#6978 = CC_DESIGN_APPROVAL ( #3306, ( #3976 ) ) ;
#6980 = VERTEX_POINT ( 'NONE', #5401 ) ;
#6979 = DIRECTION ( 'NONE',  ( 1.000000000000000000, 0.000000000000000000, 0.000000000000000000 ) ) ;
#6981 = DIRECTION ( 'NONE',  ( -0.4472135954999579277, 0.000000000000000000, 0.8944271909999158554 ) ) ;
#6982 = LINE ( 'NONE', #4222, #2537 ) ;
#6983 = EDGE_CURVE ( 'NONE', #2406, #2687, #2626, .T. ) ;
#6984 = VECTOR ( 'NONE', #7020, 1000.000000000000000 ) ;
#6985 = DIRECTION ( 'NONE',  ( -0.000000000000000000, -0.000000000000000000, -1.000000000000000000 ) ) ;
#6986 = CALENDAR_DATE ( 2024, 29, 4 ) ;
#6988 = ORIENTED_EDGE ( 'NONE', *, *, #279, .F. ) ;
#6987 = CARTESIAN_POINT ( 'NONE',  ( 11.88970279241824457, 1.849269540290390479, 4.033211835975495596 ) ) ;
#6989 = ORIENTED_EDGE ( 'NONE', *, *, #2666, .T. ) ;
#6990 = EDGE_CURVE ( 'NONE', #4461, #4092, #944, .T. ) ;
#6991 = VECTOR ( 'NONE', #6672, 1000.000000000000000 ) ;
#6992 = ORIENTED_EDGE ( 'NONE', *, *, #4013, .F. ) ;
#6993 = CARTESIAN_POINT ( 'NONE',  ( 10.22397678650724373, 6.849269540290390701, 4.637265436536121221 ) ) ;
#6994 = EDGE_CURVE ( 'NONE', #212, #346, #6431, .T. ) ;
#6995 = AXIS2_PLACEMENT_3D ( 'NONE', #4956, #5616, #6207 ) ;
#6996 =( NAMED_UNIT ( * ) PLANE_ANGLE_UNIT ( ) SI_UNIT ( $, .RADIAN. ) );
#6997 = ORIENTED_EDGE ( 'NONE', *, *, #3374, .T. ) ;
#6998 = EDGE_LOOP ( 'NONE', ( #598, #1009, #1504, #7026 ) ) ;
#6999 = LINE ( 'NONE', #6460, #5696 ) ;
#7000 = EDGE_CURVE ( 'NONE', #5593, #6503, #1431, .T. ) ;
#7001 = CARTESIAN_POINT ( 'NONE',  ( 14.28971605885961615, 1.449269540290390568, 4.033211835975495596 ) ) ;
#7002 = EDGE_CURVE ( 'NONE', #4863, #3770, #3495, .T. ) ;
#7003 =( BOUNDED_CURVE ( )  B_SPLINE_CURVE ( 3, ( #2527, #6936, #2419, #5782 ),
 .UNSPECIFIED., .F., .F. ) 
 B_SPLINE_CURVE_WITH_KNOTS ( ( 4, 4 ),
 ( 4.712388980384689674, 5.497787143782137065 ),
 .UNSPECIFIED. ) 
 CURVE ( )  GEOMETRIC_REPRESENTATION_ITEM ( )  RATIONAL_B_SPLINE_CURVE ( ( 1.000000000000000000, 0.9492530216741912330, 0.9492530216741912330, 1.000000000000000000 ) ) 
 REPRESENTATION_ITEM ( '' )  );
#7004 = CARTESIAN_POINT ( 'NONE',  ( 14.65729122571193699, 7.049269540290389990, 6.483211872483341409 ) ) ;
#7005 = CYLINDRICAL_SURFACE ( 'NONE', #3034, 0.7000000000000003997 ) ;
#7006 = ORIENTED_EDGE ( 'NONE', *, *, #1144, .F. ) ;
#7007 = EDGE_LOOP ( 'NONE', ( #2779, #318, #2545, #792 ) ) ;
#7008 = CARTESIAN_POINT ( 'NONE',  ( 10.19081129622336768, 6.349269529859585148, 4.557196860090034107 ) ) ;
#7009 = LINE ( 'NONE', #3705, #6634 ) ;
#7010 = FACE_BOUND ( 'NONE', #2558, .T. ) ;
#7011 = DIRECTION ( 'NONE',  ( 0.000000000000000000, 0.000000000000000000, -1.000000000000000000 ) ) ;
#7012 = CARTESIAN_POINT ( 'NONE',  ( -10.36800111946578973, 8.049999714529571193, 0.06328467214595895340 ) ) ;
#7013 = VERTEX_POINT ( 'NONE', #6966 ) ;
#7014 = CARTESIAN_POINT ( 'NONE',  ( 9.757291152696254244, 7.749269540290391056, 4.033211835975495596 ) ) ;
#7015 = ORIENTED_EDGE ( 'NONE', *, *, #4382, .T. ) ;
#7017 = ORIENTED_EDGE ( 'NONE', *, *, #5126, .T. ) ;
#7016 = DIRECTION ( 'NONE',  ( 0.000000000000000000, 0.000000000000000000, -1.000000000000000000 ) ) ;
#7018 = CARTESIAN_POINT ( 'NONE',  ( 10.32178882311831281, 6.549269529795692435, 5.396029767836446389 ) ) ;
#7019 = LINE ( 'NONE', #3757, #2069 ) ;
#7020 = DIRECTION ( 'NONE',  ( -0.000000000000000000, 1.000000000000000000, 0.000000000000000000 ) ) ;
#7021 = EDGE_CURVE ( 'NONE', #3521, #4383, #5332, .T. ) ;
#7022 = APPLICATION_CONTEXT ( 'configuration controlled 3d designs of mechanical parts and assemblies' ) ;
#7023 = CARTESIAN_POINT ( 'NONE',  ( 11.47214085549942553, 2.149269540290390523, 1.783211799467650405 ) ) ;
#7024 = COORDINATED_UNIVERSAL_TIME_OFFSET ( 1, 0, .AHEAD. ) ;
#7026 = ORIENTED_EDGE ( 'NONE', *, *, #58, .F. ) ;
#7025 = CARTESIAN_POINT ( 'NONE',  ( 8.728405700490897701, 2.501776454937783889, 3.640982703878362425 ) ) ;
#7027 = VECTOR ( 'NONE', #7111, 1000.000000000000000 ) ;
#7028 = ORIENTED_EDGE ( 'NONE', *, *, #6107, .F. ) ;
#7029 = VECTOR ( 'NONE', #1020, 1000.000000000000000 ) ;
#7030 = CARTESIAN_POINT ( 'NONE',  ( -9.003998735531867581, 5.588054947012991214, -2.664720085291070184 ) ) ;
#7031 = COORDINATED_UNIVERSAL_TIME_OFFSET ( 1, 0, .AHEAD. ) ;
#7032 = ADVANCED_FACE ( 'NONE', ( #5371 ), #7005, .F. ) ;
#7033 = ORIENTED_EDGE ( 'NONE', *, *, #2582, .T. ) ;
#7034 = CIRCLE ( 'NONE', #3908, 0.6999999999999999556 ) ;
#7035 = CARTESIAN_POINT ( 'NONE',  ( -9.668001098604165122, 9.449999724960381542, -0.9867153539310745680 ) ) ;
#7036 = EDGE_CURVE ( 'NONE', #6303, #1173, #1501, .T. ) ;
#7037 = VECTOR ( 'NONE', #7102, 1000.000000000000000 ) ;
#7038 = CARTESIAN_POINT ( 'NONE',  ( -11.06800111946578902, 8.749999714529577588, -2.736715380008108323 ) ) ;
#7039 = CONICAL_SURFACE ( 'NONE', #5074, 1.050000015646217477, 0.7853981633974476129 ) ;
#7040 = DIRECTION ( 'NONE',  ( 1.000000000000000000, 0.000000000000000000, 0.000000000000000000 ) ) ;
#7041 = ORIENTED_EDGE ( 'NONE', *, *, #6954, .F. ) ;
#7042 = DIRECTION ( 'NONE',  ( 0.000000000000000000, 1.000000000000000000, 0.000000000000000000 ) ) ;
#7043 = DIRECTION ( 'NONE',  ( 1.000000000000000000, 0.000000000000000000, 0.000000000000000000 ) ) ;
#7044 = CARTESIAN_POINT ( 'NONE',  ( 10.78148605018372841, 7.049269540290389990, 5.983211862052527863 ) ) ;
#7045 = EDGE_CURVE ( 'NONE', #2867, #6021, #1996, .T. ) ;
#7046 = CARTESIAN_POINT ( 'NONE',  ( 13.81787223475993898, 5.883281102561161546, 6.059748548445345051 ) ) ;
#7047 = CIRCLE ( 'NONE', #5185, 2.450000036507846257 ) ;
#7048 = ORIENTED_EDGE ( 'NONE', *, *, #6101, .T. ) ;
#7049 = ADVANCED_FACE ( 'NONE', ( #1535 ), #3740, .F. ) ;
#7050 = CYLINDRICAL_SURFACE ( 'NONE', #5918, 2.450000036507846701 ) ;
#7051 = ORIENTED_EDGE ( 'NONE', *, *, #4188, .F. ) ;
#7053 = ORIENTED_EDGE ( 'NONE', *, *, #1714, .T. ) ;
#7052 = DIRECTION ( 'NONE',  ( -0.4472135954999579277, 0.000000000000000000, 0.8944271909999158554 ) ) ;
#7054 = CYLINDRICAL_SURFACE ( 'NONE', #233, 0.7000000000000003997 ) ;
#7055 = LINE ( 'NONE', #2022, #4835 ) ;
#7056 = CARTESIAN_POINT ( 'NONE',  ( 9.107291137050037122, 2.849269550721202915, 3.330425426260045008 ) ) ;
#7057 = CARTESIAN_POINT ( 'NONE',  ( 14.09349174813049110, 6.549269529859578221, 4.919033368606712031 ) ) ;
#7058 = AXIS2_PLACEMENT_3D ( 'NONE', #4016, #2859, #5060 ) ;
#7059 = CONTEXT_DEPENDENT_SHAPE_REPRESENTATION ( #3320, #3057 ) ;
#7061 = VERTEX_POINT ( 'NONE', #2658 ) ;
#7060 = DIRECTION ( 'NONE',  ( 0.000000000000000000, -1.000000000000000000, 0.000000000000000000 ) ) ;
#7062 = CIRCLE ( 'NONE', #336, 0.3500000156462182987 ) ;
#7063 = ADVANCED_FACE ( 'NONE', ( #4312 ), #6540, .F. ) ;
#7064 = CIRCLE ( 'NONE', #4274, 1.050000015646217477 ) ;
#7065 = AXIS2_PLACEMENT_3D ( 'NONE', #2887, #46, #2812 ) ;
#7066 = ORIENTED_EDGE ( 'NONE', *, *, #6951, .F. ) ;
#7067 = CARTESIAN_POINT ( 'NONE',  ( 11.47672264504584305, 8.411947093339261272, 0.7470747600273955902 ) ) ;
#7068 = PERSON_AND_ORGANIZATION ( #6958, #2931 ) ;
#7069 = VERTEX_POINT ( 'NONE', #6392 ) ;
#7070 = CC_DESIGN_DATE_AND_TIME_ASSIGNMENT ( #5207, #1783, ( #4425 ) ) ;
#7071 = CARTESIAN_POINT ( 'NONE',  ( 9.757291152696254244, 1.449269540290390568, 4.033211835975495596 ) ) ;
#7072 = EDGE_CURVE ( 'NONE', #1223, #7061, #2232, .T. ) ;
#7073 = AXIS2_PLACEMENT_3D ( 'NONE', #6944, #1981, #4186 ) ;
#7074 = CARTESIAN_POINT ( 'NONE',  ( 10.15910876266714880, 2.349269540290390701, 5.003285359567566815 ) ) ;
#7075 = CARTESIAN_POINT ( 'NONE',  ( 9.107291137050037122, 2.849269550721202915, 4.033211835975495596 ) ) ;
#7076 = ORIENTED_EDGE ( 'NONE', *, *, #517, .T. ) ;
#7077 = CYLINDRICAL_SURFACE ( 'NONE', #1183, 1.050000015646217477 ) ;
#7078 = AXIS2_PLACEMENT_3D ( 'NONE', #3556, #1928, #2949 ) ;
#7079 = CIRCLE ( 'NONE', #4872, 0.2000000000000002331 ) ;
#7080 = DIRECTION ( 'NONE',  ( 0.000000000000000000, 1.000000000000000000, 0.000000000000000000 ) ) ;
#7081 = CARTESIAN_POINT ( 'NONE',  ( 11.48970279241824421, 2.149269540290390523, 6.483211872483341409 ) ) ;
#7082 = CARTESIAN_POINT ( 'NONE',  ( 14.18616116339837951, 6.348042591738396467, 5.170620422054566845 ) ) ;
#7083 = VERTEX_POINT ( 'NONE', #617 ) ;
#7084 = VECTOR ( 'NONE', #2557, 1000.000000000000000 ) ;
#7085 = ADVANCED_FACE ( 'NONE', ( #3387 ), #105, .T. ) ;
#7086 = DIRECTION ( 'NONE',  ( 0.000000000000000000, -1.000000000000000000, 0.000000000000000000 ) ) ;
#7088 = ORIENTED_EDGE ( 'NONE', *, *, #3356, .F. ) ;
#7087 = CARTESIAN_POINT ( 'NONE',  ( 13.23167036409815722, 8.750002304961064681, -1.980929997409633270 ) ) ;
#7089 = DIRECTION ( 'NONE',  ( -0.4472135954999579277, 0.000000000000000000, 0.8944271909999158554 ) ) ;
#7090 = DIRECTION ( 'NONE',  ( 1.000000000000000000, 0.000000000000000000, 0.000000000000000000 ) ) ;
#7091 = LOCAL_TIME ( 18, 13, 43.00000000000000000, #4529 ) ;
#7092 = CARTESIAN_POINT ( 'NONE',  ( 11.47214085549942553, 2.149269540290390523, 2.283414511802114522 ) ) ;
#7093 = EDGE_CURVE ( 'NONE', #6021, #67, #1752, .T. ) ;
#7094 = AXIS2_PLACEMENT_3D ( 'NONE', #985, #1468, #5884 ) ;
#7095 = CC_DESIGN_APPROVAL ( #3614, ( #378 ) ) ;
#7096 = ORIENTED_EDGE ( 'NONE', *, *, #3141, .T. ) ;
#7097 = LINE ( 'NONE', #487, #5450 ) ;
#7098 = APPROVAL_DATE_TIME ( #3760, #4501 ) ;
#7100 = ORIENTED_EDGE ( 'NONE', *, *, #3654, .F. ) ;
#7099 = CARTESIAN_POINT ( 'NONE',  ( 8.811587126300295836, 2.749471724208137235, 3.474619852259398733 ) ) ;
#7101 = ORIENTED_EDGE ( 'NONE', *, *, #1950, .T. ) ;
#7102 = DIRECTION ( 'NONE',  ( -2.774754023183460056E-16, 0.000000000000000000, -1.000000000000000000 ) ) ;
#7103 = DATE_AND_TIME ( #3801, #6523 ) ;
#7104 = VERTEX_POINT ( 'NONE', #6178 ) ;
#7105 = AXIS2_PLACEMENT_3D ( 'NONE', #1509, #2664, #5958 ) ;
#7106 = CARTESIAN_POINT ( 'NONE',  ( 14.00032365415185609, 2.649369830808020687, 5.096646671324609024 ) ) ;
#7107 = DIRECTION ( 'NONE',  ( 0.000000000000000000, 0.000000000000000000, -1.000000000000000000 ) ) ;
#7108 = EDGE_LOOP ( 'NONE', ( #5482, #4696, #5002, #938 ) ) ;
#7109 = VECTOR ( 'NONE', #1123, 1000.000000000000000 ) ;
#7110 = EDGE_CURVE ( 'NONE', #5253, #6878, #2357, .T. ) ;
#7111 = DIRECTION ( 'NONE',  ( 0.000000000000000000, 0.000000000000000000, -1.000000000000000000 ) ) ;
#7112 = DIRECTION ( 'NONE',  ( -1.000000000000000000, 0.000000000000000000, 0.000000000000000000 ) ) ;
#7113 = ORIENTED_EDGE ( 'NONE', *, *, #7166, .F. ) ;
#7114 = CARTESIAN_POINT ( 'NONE',  ( 13.79259989845662382, 2.849269550721202471, 2.891565514349604182 ) ) ;
#7115 = DIRECTION ( 'NONE',  ( -1.000000000000000000, 0.000000000000000000, 0.000000000000000000 ) ) ;
#7116 = AXIS2_PLACEMENT_3D ( 'NONE', #305, #4735, #1246 ) ;
#7117 = CARTESIAN_POINT ( 'NONE',  ( 9.757291152696254244, 7.049269540290389990, 4.033211835975495596 ) ) ;
#7118 = CARTESIAN_POINT ( 'NONE',  ( -9.342874827912321933, 5.949999735391195976, 0.7632846721459588535 ) ) ;
#7119 = EDGE_LOOP ( 'NONE', ( #1999, #6442, #4867, #5882 ) ) ;
#7120 = CARTESIAN_POINT ( 'NONE',  ( 14.65729122571193699, 7.049269540290389990, 4.033211835975495596 ) ) ;
#7121 = EDGE_CURVE ( 'NONE', #351, #2860, #5669, .T. ) ;
#7123 = EDGE_LOOP ( 'NONE', ( #2587, #6040, #340, #6706 ) ) ;
#7122 = CARTESIAN_POINT ( 'NONE',  ( 15.50323200852253969, 7.000002315391870233, -3.380930007840445395 ) ) ;
#7124 = DIRECTION ( 'NONE',  ( -0.8400000103473665991, 0.000000000000000000, -0.5425863826308436888 ) ) ;
#7125 = DIRECTION ( 'NONE',  ( 0.000000000000000000, -1.000000000000000000, 0.000000000000000000 ) ) ;
#7126 = DIRECTION ( 'NONE',  ( 1.000000000000000000, 0.000000000000000000, 0.000000000000000000 ) ) ;
#7127 = EDGE_CURVE ( 'NONE', #5464, #759, #2978, .T. ) ;
#7128 = ADVANCED_BREP_SHAPE_REPRESENTATION ( '', ( #6539, #4081 ), #6286 ) ;
#7129 = ORIENTED_EDGE ( 'NONE', *, *, #3889, .T. ) ;
#7131 = VERTEX_POINT ( 'NONE', #3848 ) ;
#7130 = CARTESIAN_POINT ( 'NONE',  ( 10.46564649415673287, 3.248313997423860844, 5.743332908308255824 ) ) ;
#7132 = EDGE_CURVE ( 'NONE', #6516, #6667, #3923, .T. ) ;
#7133 = CONTEXT_DEPENDENT_SHAPE_REPRESENTATION ( #439, #6353 ) ;
#7135 = ORIENTED_EDGE ( 'NONE', *, *, #2741, .F. ) ;
#7134 = DIRECTION ( 'NONE',  ( 0.000000000000000000, -0.000000000000000000, 1.000000000000000000 ) ) ;
#7136 = VECTOR ( 'NONE', #3094, 1000.000000000000000 ) ;
#7137 = VERTEX_POINT ( 'NONE', #6649 ) ;
#7138 = CARTESIAN_POINT ( 'NONE',  ( 11.87214085549942411, 1.449269540290390568, 1.583211799467650227 ) ) ;
#7139 = EDGE_CURVE ( 'NONE', #6862, #1105, #1098, .T. ) ;
#7140 = APPLICATION_PROTOCOL_DEFINITION ( 'international standard', 'config_control_design', 1994, #1097 ) ;
#7142 = ORIENTED_EDGE ( 'NONE', *, *, #246, .T. ) ;
#7141 = CARTESIAN_POINT ( 'NONE',  ( 10.43167032237490410, 8.238135076406342350, -2.680929997409633447 ) ) ;
#7143 = ORIENTED_EDGE ( 'NONE', *, *, #4328, .F. ) ;
#7144 = AXIS2_PLACEMENT_3D ( 'NONE', #5263, #1800, #4651 ) ;
#7145 = DIRECTION ( 'NONE',  ( -0.000000000000000000, -1.000000000000000000, -0.000000000000000000 ) ) ;
#7146 = ORIENTED_EDGE ( 'NONE', *, *, #1779, .T. ) ;
#7147 = LINE ( 'NONE', #5590, #4481 ) ;
#7148 = DIRECTION ( 'NONE',  ( 0.000000000000000000, 0.000000000000000000, 1.000000000000000000 ) ) ;
#7149 = ORIENTED_EDGE ( 'NONE', *, *, #3984, .T. ) ;
#7150 = CIRCLE ( 'NONE', #4601, 0.3500000156462182987 ) ;
#7151 = CARTESIAN_POINT ( 'NONE',  ( 13.91256986094652426, 2.849269550721202471, 3.072654528998453483 ) ) ;
#7152 = DIRECTION ( 'NONE',  ( 0.000000000000000000, -1.000000000000000000, 0.000000000000000000 ) ) ;
#7153 = FACE_OUTER_BOUND ( 'NONE', #6171, .T. ) ;
#7154 = EDGE_CURVE ( 'NONE', #6553, #4917, #5511, .T. ) ;
#7155 = CARTESIAN_POINT ( 'NONE',  ( 14.28971605885961615, 7.049269540290389990, 4.033211835975495596 ) ) ;
#7156 = VECTOR ( 'NONE', #6306, 1000.000000000000000 ) ;
#7157 = VECTOR ( 'NONE', #4153, 1000.000000000000000 ) ;
#7158 = DIRECTION ( 'NONE',  ( 0.5255740506694687175, 0.000000000000000000, -0.8507478576305006479 ) ) ;
#7159 = DIRECTION ( 'NONE',  ( 1.000000000000000000, 0.000000000000000000, 0.000000000000000000 ) ) ;
#7161 = ORIENTED_EDGE ( 'NONE', *, *, #2308, .T. ) ;
#7160 = CARTESIAN_POINT ( 'NONE',  ( 15.70729124135815447, 2.149269540290390523, 4.033211835975495596 ) ) ;
#7162 = APPLICATION_CONTEXT ( 'configuration controlled 3d designs of mechanical parts and assemblies' ) ;
#7163 = CARTESIAN_POINT ( 'NONE',  ( 12.51408196731230227, 9.450002315391870411, 1.519070065175245343 ) ) ;
#7164 = CC_DESIGN_DATE_AND_TIME_ASSIGNMENT ( #5495, #5534, ( #1892 ) ) ;
#7165 = DIRECTION ( 'NONE',  ( -0.000000000000000000, 1.000000000000000000, 0.000000000000000000 ) ) ;
#7166 = EDGE_CURVE ( 'NONE', #6516, #5763, #554, .T. ) ;
#7167 = EDGE_LOOP ( 'NONE', ( #744, #1926, #1250, #2924 ) ) ;
#7169 = VERTEX_POINT ( 'NONE', #537 ) ;
#7168 = DIRECTION ( 'NONE',  ( 1.000000000000000000, 0.000000000000000000, 0.000000000000000000 ) ) ;
#7170 = ADVANCED_FACE ( 'NONE', ( #5474 ), #6717, .T. ) ;
#7171 = DATE_TIME_ROLE ( 'classification_date' ) ;
#7173 = ORIENTED_EDGE ( 'NONE', *, *, #1358, .F. ) ;
#7172 = DIRECTION ( 'NONE',  ( 1.000000000000000000, 0.000000000000000000, 0.000000000000000000 ) ) ;
#7174 = VERTEX_POINT ( 'NONE', #2762 ) ;
#7175 = CARTESIAN_POINT ( 'NONE',  ( 14.30729121006571880, 1.449269540290390568, 4.033211835975495596 ) ) ;
#7176 = CARTESIAN_POINT ( 'NONE',  ( 10.40869384404794395, 6.349269529859585148, 5.083211862052529284 ) ) ;
#7177 = COORDINATED_UNIVERSAL_TIME_OFFSET ( 1, 0, .AHEAD. ) ;
#7178 = EDGE_CURVE ( 'NONE', #1510, #3727, #1770, .T. ) ;
#7180 = ORIENTED_EDGE ( 'NONE', *, *, #211, .T. ) ;
#7179 = CARTESIAN_POINT ( 'NONE',  ( 14.65729122571193699, 1.849269540290390479, 4.033211835975495596 ) ) ;
#7181 = LINE ( 'NONE', #30, #1977 ) ;
#7182 = DIRECTION ( 'NONE',  ( 1.000000000000000000, 0.000000000000000000, 0.000000000000000000 ) ) ;
#7183 = EDGE_CURVE ( 'NONE', #6488, #4445, #4966, .T. ) ;
#7184 = LINE ( 'NONE', #1721, #533 ) ;
#7185 = NEXT_ASSEMBLY_USAGE_OCCURRENCE ( 'NAUO1', ' ', ' ', #585, #1811, $ ) ;
#7186 = NEXT_ASSEMBLY_USAGE_OCCURRENCE ( 'NAUO2', ' ', ' ', #585, #1811, $ ) ;
#7187 = NEXT_ASSEMBLY_USAGE_OCCURRENCE ( 'NAUO3', ' ', ' ', #585, #1811, $ ) ;
#7188 = NEXT_ASSEMBLY_USAGE_OCCURRENCE ( 'NAUO4', ' ', ' ', #585, #1811, $ ) ;
#7189 = NEXT_ASSEMBLY_USAGE_OCCURRENCE ( 'NAUO5', ' ', ' ', #585, #1811, $ ) ;
#7190 = NEXT_ASSEMBLY_USAGE_OCCURRENCE ( 'NAUO6', ' ', ' ', #585, #863, $ ) ;
#7191 = NEXT_ASSEMBLY_USAGE_OCCURRENCE ( 'NAUO7', ' ', ' ', #585, #493, $ ) ;
ENDSEC;
END-ISO-10303-21;
