ISO-10303-21;
HEADER;
FILE_DESCRIPTION (( 'STEP AP203' ),
    '1' );
FILE_NAME ('Cable_ChainLink_6.3x4.9_ID3.5mm.STEP',
    '2024-04-29T15:54:16',
    ( '' ),
    ( '' ),
    'SwSTEP 2.0',
    'SolidWorks 2022',
    '' );
FILE_SCHEMA (( 'CONFIG_CONTROL_DESIGN' ));
ENDSEC;

DATA;
#1 = CARTESIAN_POINT ( 'NONE',  ( 8.707291137050034990, 2.449269550721201671, 3.683211830760088290 ) ) ;
#2 = LINE ( 'NONE', #658, #707 ) ;
#3 = ORIENTED_EDGE ( 'NONE', *, *, #780, .F. ) ;
#4 = CARTESIAN_POINT ( 'NONE',  ( 14.65729122571193699, 7.049269540290389990, 4.033211835975495596 ) ) ;
#5 = EDGE_LOOP ( 'NONE', ( #3618, #1636, #2154, #3141, #725 ) ) ;
#6 = CARTESIAN_POINT ( 'NONE',  ( 12.20729118920410095, 3.549269550721202648, 5.083211862052529284 ) ) ;
#7 = CARTESIAN_POINT ( 'NONE',  ( 12.55729126743518975, 6.874269574190515542, 1.583211799467650227 ) ) ;
#8 = ORIENTED_EDGE ( 'NONE', *, *, #436, .T. ) ;
#9 = ADVANCED_FACE ( 'NONE', ( #3719 ), #3776, .T. ) ;
#10 = ORIENTED_EDGE ( 'NONE', *, *, #3491, .F. ) ;
#11 =( BOUNDED_CURVE ( )  B_SPLINE_CURVE ( 3, ( #2338, #2940, #751, #1453 ),
 .UNSPECIFIED., .F., .T. ) 
 B_SPLINE_CURVE_WITH_KNOTS ( ( 4, 4 ),
 ( 4.248741371383887966, 4.712388980384689674 ),
 .UNSPECIFIED. ) 
 CURVE ( )  GEOMETRIC_REPRESENTATION_ITEM ( )  RATIONAL_B_SPLINE_CURVE ( ( 1.000000000000000000, 0.9821659929784871679, 0.9821659929784871679, 1.000000000000000000 ) ) 
 REPRESENTATION_ITEM ( '' )  );
#12 = CARTESIAN_POINT ( 'NONE',  ( 9.757291152696254244, 6.749269529859585504, 4.033211835975495596 ) ) ;
#13 = VERTEX_POINT ( 'NONE', #1028 ) ;
#14 = CARTESIAN_POINT ( 'NONE',  ( 9.757291152696254244, 7.349269540290390701, 4.033211835975495596 ) ) ;
#15 = EDGE_CURVE ( 'NONE', #13, #3102, #924, .T. ) ;
#16 = AXIS2_PLACEMENT_3D ( 'NONE', #1472, #608, #297 ) ;
#17 = B_SPLINE_CURVE_WITH_KNOTS ( 'NONE', 3,
 ( #710, #1047, #3122, #408 ),
 .UNSPECIFIED., .F., .F.,
 ( 4, 4 ),
 ( 0.000000000000000000, 2.362750735006234514E-05 ),
 .UNSPECIFIED. ) ;
#18 = DIRECTION ( 'NONE',  ( -0.4472135954999579277, 0.000000000000000000, 0.8944271909999158554 ) ) ;
#19 = ADVANCED_FACE ( 'NONE', ( #763 ), #2855, .T. ) ;
#20 = AXIS2_PLACEMENT_3D ( 'NONE', #2660, #522, #1167 ) ;
#21 = DATE_AND_TIME ( #941, #2729 ) ;
#22 = CARTESIAN_POINT ( 'NONE',  ( 9.107291137050037122, 2.449269550721202560, 4.033211835975495596 ) ) ;
#23 = ORIENTED_EDGE ( 'NONE', *, *, #1003, .T. ) ;
#24 = VECTOR ( 'NONE', #2230, 1000.000000000000000 ) ;
#25 = CYLINDRICAL_SURFACE ( 'NONE', #3187, 0.1999999999999995393 ) ;
#26 = ADVANCED_FACE ( 'NONE', ( #1943 ), #1812, .F. ) ;
#27 = EDGE_LOOP ( 'NONE', ( #2397, #1905, #306, #1884, #3481 ) ) ;
#28 = DIRECTION ( 'NONE',  ( 0.000000000000000000, 0.000000000000000000, 1.000000000000000000 ) ) ;
#29 = CARTESIAN_POINT ( 'NONE',  ( 14.65729122571193699, 1.949269540290390568, 1.583211799467650227 ) ) ;
#30 = ORIENTED_EDGE ( 'NONE', *, *, #2644, .F. ) ;
#31 = AXIS2_PLACEMENT_3D ( 'NONE', #6, #1448, #2412 ) ;
#32 = CARTESIAN_POINT ( 'NONE',  ( 9.599095996764773986, 6.144244276690161932, 2.488237063067879173 ) ) ;
#33 = CARTESIAN_POINT ( 'NONE',  ( 12.55729126743518975, 2.499269545505796053, 6.483211872483341409 ) ) ;
#34 = ORIENTED_EDGE ( 'NONE', *, *, #3625, .T. ) ;
#35 = CARTESIAN_POINT ( 'NONE',  ( 8.707291137050038543, 7.031176366475862416, 3.899563178570982114 ) ) ;
#36 = CARTESIAN_POINT ( 'NONE',  ( 11.63782628044866030, 1.449269540290390124, 1.748897224416888330 ) ) ;
#37 = CARTESIAN_POINT ( 'NONE',  ( 9.102012507030844191, 2.649269550721203181, 2.893769090798470334 ) ) ;
#38 = APPROVAL_ROLE ( '' ) ;
#39 = AXIS2_PLACEMENT_3D ( 'NONE', #920, #3598, #3340 ) ;
#40 = CARTESIAN_POINT ( 'NONE',  ( 9.599095996764773986, 3.054294803890619026, 2.488237063067879173 ) ) ;
#41 = ORIENTED_EDGE ( 'NONE', *, *, #2568, .F. ) ;
#42 = ORIENTED_EDGE ( 'NONE', *, *, #1032, .T. ) ;
#43 = AXIS2_PLACEMENT_3D ( 'NONE', #4, #62, #618 ) ;
#44 = CARTESIAN_POINT ( 'NONE',  ( 10.74130906674026242, 3.183878865030095096, 5.707770670022587645 ) ) ;
#45 = ORIENTED_EDGE ( 'NONE', *, *, #1778, .T. ) ;
#46 = CARTESIAN_POINT ( 'NONE',  ( 13.60729121006570885, 2.499269545505796053, 5.258211854229417170 ) ) ;
#47 = VERTEX_POINT ( 'NONE', #1064 ) ;
#48 = VECTOR ( 'NONE', #2788, 1000.000000000000227 ) ;
#49 = ORIENTED_EDGE ( 'NONE', *, *, #277, .T. ) ;
#50 = EDGE_CURVE ( 'NONE', #1769, #3310, #342, .T. ) ;
#51 = ORIENTED_EDGE ( 'NONE', *, *, #3491, .T. ) ;
#52 = CARTESIAN_POINT ( 'NONE',  ( 9.757291152696254244, 1.449269540290390568, 4.033211835975495596 ) ) ;
#53 = CARTESIAN_POINT ( 'NONE',  ( 11.68229118138100731, 2.349269540290390701, 1.783211799467650405 ) ) ;
#54 = DIRECTION ( 'NONE',  ( 0.000000000000000000, 0.000000000000000000, 1.000000000000000000 ) ) ;
#55 = CARTESIAN_POINT ( 'NONE',  ( 15.70729124135815447, 7.049269540290389990, 4.033211835975495596 ) ) ;
#56 = FACE_OUTER_BOUND ( 'NONE', #2451, .T. ) ;
#57 = CARTESIAN_POINT ( 'NONE',  ( 13.40729121006571845, 2.849269550721202915, 4.033211835975495596 ) ) ;
#58 = SECURITY_CLASSIFICATION_LEVEL ( 'unclassified' ) ;
#59 = AXIS2_PLACEMENT_3D ( 'NONE', #3421, #1613, #113 ) ;
#60 = CARTESIAN_POINT ( 'NONE',  ( 13.80816780864376803, 2.928696077715429613, 5.454476351286714930 ) ) ;
#61 = EDGE_LOOP ( 'NONE', ( #1955, #3272, #244, #3005 ) ) ;
#62 = DIRECTION ( 'NONE',  ( 0.000000000000000000, 1.000000000000000000, 0.000000000000000000 ) ) ;
#63 = ORIENTED_EDGE ( 'NONE', *, *, #3249, .T. ) ;
#64 = CARTESIAN_POINT ( 'NONE',  ( 12.55729126743518975, 2.149269540290390523, 6.483211872483341409 ) ) ;
#65 = EDGE_CURVE ( 'NONE', #1381, #641, #1997, .T. ) ;
#66 = DIRECTION ( 'NONE',  ( -0.8507216701677831061, -0.007846173994380596650, -0.5255578726083243168 ) ) ;
#67 = ADVANCED_FACE ( 'NONE', ( #1368 ), #660, .F. ) ;
#68 = ORIENTED_EDGE ( 'NONE', *, *, #2079, .F. ) ;
#69 = EDGE_LOOP ( 'NONE', ( #1627, #905, #3740, #3506 ) ) ;
#70 = EDGE_LOOP ( 'NONE', ( #1729, #592, #547, #225, #685 ) ) ;
#71 = FACE_OUTER_BOUND ( 'NONE', #761, .T. ) ;
#72 = EDGE_CURVE ( 'NONE', #1662, #3128, #1936, .T. ) ;
#73 = DIRECTION ( 'NONE',  ( 0.000000000000000000, 0.000000000000000000, 1.000000000000000000 ) ) ;
#74 = ORIENTED_EDGE ( 'NONE', *, *, #752, .F. ) ;
#75 = CARTESIAN_POINT ( 'NONE',  ( 8.728405700490897701, 6.696762625643011724, 3.640982703878362425 ) ) ;
#76 = EDGE_CURVE ( 'NONE', #927, #1813, #529, .T. ) ;
#77 = CARTESIAN_POINT ( 'NONE',  ( 9.280897945230828228, 6.349269529859585148, 2.983211809898461908 ) ) ;
#78 = DIRECTION ( 'NONE',  ( 0.000000000000000000, -1.000000000000000000, 0.000000000000000000 ) ) ;
#79 = CARTESIAN_POINT ( 'NONE',  ( 8.750400478450618635, 2.658064317071023641, 3.687316084859491916 ) ) ;
#80 = AXIS2_PLACEMENT_3D ( 'NONE', #2959, #2701, #2136 ) ;
#81 = CARTESIAN_POINT ( 'NONE',  ( 8.707291137050036767, 2.149269540290390523, 3.683211830760089178 ) ) ;
#82 = ORIENTED_EDGE ( 'NONE', *, *, #1225, .F. ) ;
#83 = VECTOR ( 'NONE', #3428, 1000.000000000000000 ) ;
#84 = CARTESIAN_POINT ( 'NONE',  ( 10.40869384404794218, 2.849269550721202471, 5.083211862052527508 ) ) ;
#85 = ORIENTED_EDGE ( 'NONE', *, *, #2071, .T. ) ;
#86 = LINE ( 'NONE', #1289, #1221 ) ;
#87 = CARTESIAN_POINT ( 'NONE',  ( 11.53694603654388295, 7.564604600856919880, 5.785341423253172799 ) ) ;
#88 = VECTOR ( 'NONE', #1439, 1000.000000000000000 ) ;
#89 = AXIS2_PLACEMENT_3D ( 'NONE', #1741, #1450, #2938 ) ;
#90 = DIRECTION ( 'NONE',  ( -0.000000000000000000, -1.000000000000000000, -0.000000000000000000 ) ) ;
#91 = AXIS2_PLACEMENT_3D ( 'NONE', #3482, #189, #3446 ) ;
#92 = CARTESIAN_POINT ( 'NONE',  ( 8.750400478450526265, 6.540474763509855904, 3.687316084859495469 ) ) ;
#93 = LINE ( 'NONE', #2518, #577 ) ;
#94 = CARTESIAN_POINT ( 'NONE',  ( 14.00032365415185609, 6.349191534236497958, 5.093661158153035551 ) ) ;
#95 = EDGE_CURVE ( 'NONE', #105, #1021, #2557, .T. ) ;
#96 = LINE ( 'NONE', #3133, #1302 ) ;
#97 = APPROVAL_ROLE ( '' ) ;
#98 = LINE ( 'NONE', #133, #387 ) ;
#99 = VERTEX_POINT ( 'NONE', #426 ) ;
#100 = VECTOR ( 'NONE', #335, 1000.000000000000000 ) ;
#101 = LINE ( 'NONE', #135, #1874 ) ;
#102 = ORIENTED_EDGE ( 'NONE', *, *, #235, .F. ) ;
#103 = CARTESIAN_POINT ( 'NONE',  ( 14.65729122571193699, 7.349269540290390701, 4.033211835975495596 ) ) ;
#104 = CARTESIAN_POINT ( 'NONE',  ( 13.73368442274654200, 2.849269550721202915, 2.983211809898461908 ) ) ;
#105 = VERTEX_POINT ( 'NONE', #142 ) ;
#106 = VECTOR ( 'NONE', #1684, 1000.000000000000000 ) ;
#107 = ORIENTED_EDGE ( 'NONE', *, *, #718, .T. ) ;
#108 = ORIENTED_EDGE ( 'NONE', *, *, #198, .F. ) ;
#109 = AXIS2_PLACEMENT_3D ( 'NONE', #3704, #2874, #161 ) ;
#110 = DIRECTION ( 'NONE',  ( 1.734723475976810250E-14, 0.000000000000000000, 1.000000000000000000 ) ) ;
#111 = DIRECTION ( 'NONE',  ( 0.3826834323650898928, -0.000000000000000000, 0.9238795325112867385 ) ) ;
#112 = CARTESIAN_POINT ( 'NONE',  ( 9.730897945230827517, 3.549269550721202648, 2.283211809898462175 ) ) ;
#113 = DIRECTION ( 'NONE',  ( 1.000000000000000000, 0.000000000000000000, 0.000000000000000000 ) ) ;
#114 = ADVANCED_FACE ( 'NONE', ( #1080 ), #2295, .F. ) ;
#115 = EDGE_CURVE ( 'NONE', #1923, #1777, #1750, .T. ) ;
#116 = VECTOR ( 'NONE', #2478, 1000.000000000000000 ) ;
#117 = APPROVAL ( #3052, 'UNSPECIFIED' ) ;
#118 = CARTESIAN_POINT ( 'NONE',  ( 9.407291147575785217, 5.786200559914779440, 2.283211809709533746 ) ) ;
#119 = AXIS2_PLACEMENT_3D ( 'NONE', #976, #997, #2824 ) ;
#120 = EDGE_LOOP ( 'NONE', ( #1065, #3286, #2092, #601 ) ) ;
#121 = CARTESIAN_POINT ( 'NONE',  ( 14.08757551546012898, 2.649269550721202737, 4.915211859983055653 ) ) ;
#122 = DIRECTION ( 'NONE',  ( 0.000000000000000000, -1.000000000000000000, 0.000000000000000000 ) ) ;
#123 = CARTESIAN_POINT ( 'NONE',  ( 9.341176582030049858, 2.149269540290390523, 2.862654536300017316 ) ) ;
#124 = ORIENTED_EDGE ( 'NONE', *, *, #2707, .F. ) ;
#125 = DIRECTION ( 'NONE',  ( 0.000000000000000000, -1.000000000000000000, -0.000000000000000000 ) ) ;
#126 = EDGE_CURVE ( 'NONE', #1194, #287, #17, .T. ) ;
#127 = CYLINDRICAL_SURFACE ( 'NONE', #339, 2.450000036507846701 ) ;
#128 = CARTESIAN_POINT ( 'NONE',  ( 10.15910876266714702, 2.296253068025776667, 5.003285359567566815 ) ) ;
#129 = CYLINDRICAL_SURFACE ( 'NONE', #3024, 0.2000000000000000944 ) ;
#130 = EDGE_CURVE ( 'NONE', #1461, #3312, #729, .T. ) ;
#131 = EDGE_CURVE ( 'NONE', #2430, #3721, #2818, .T. ) ;
#132 = CARTESIAN_POINT ( 'NONE',  ( 13.90340152966591525, 6.346474522404407459, 5.275653930598268815 ) ) ;
#133 = CARTESIAN_POINT ( 'NONE',  ( 10.90575012321624193, 7.049269540290389990, 6.483211872483341409 ) ) ;
#134 = EDGE_CURVE ( 'NONE', #3060, #3613, #2529, .T. ) ;
#135 = CARTESIAN_POINT ( 'NONE',  ( 12.94229120745803563, 2.499269545505796053, 5.013211835975495134 ) ) ;
#136 = ORIENTED_EDGE ( 'NONE', *, *, #1689, .T. ) ;
#137 = DIRECTION ( 'NONE',  ( -1.000000000000000000, 0.000000000000000000, 0.000000000000000000 ) ) ;
#138 = CARTESIAN_POINT ( 'NONE',  ( 10.16946102878836378, 2.849269550721202915, 4.609877726506363516 ) ) ;
#139 = VERTEX_POINT ( 'NONE', #2081 ) ;
#140 = VECTOR ( 'NONE', #507, 1000.000000000000000 ) ;
#141 = EDGE_CURVE ( 'NONE', #3299, #1714, #271, .T. ) ;
#142 = CARTESIAN_POINT ( 'NONE',  ( 9.880897950446234645, 6.849269540290390701, 1.583211799467650227 ) ) ;
#143 = ORIENTED_EDGE ( 'NONE', *, *, #1631, .T. ) ;
#144 = FACE_OUTER_BOUND ( 'NONE', #2835, .T. ) ;
#145 =( BOUNDED_SURFACE ( )  B_SPLINE_SURFACE ( 3, 2, ( 
 ( #1261, #653, #2769 ),
 ( #1281, #2989, #284 ),
 ( #1505, #3602, #902 ),
 ( #675, #3710, #1594 ),
 ( #132, #3147, #1000 ),
 ( #1913, #1616, #1891 ) ),
 .UNSPECIFIED., .F., .F., .F. ) 
 B_SPLINE_SURFACE_WITH_KNOTS ( ( 4, 2, 4 ),
 ( 3, 3 ),
 ( 3.141592653589793116, 3.919526756835285841, 4.697460860080778566 ),
 ( 0.000000000000000000, 1.000000000000000000 ),
 .UNSPECIFIED. ) 
 GEOMETRIC_REPRESENTATION_ITEM ( )  RATIONAL_B_SPLINE_SURFACE ( (
 ( 1.000000000000000000, 0.5555702330195974037, 1.000000000000000000),
 ( 1.000000000000000000, 0.5551500478447274345, 1.000000000000000000),
 ( 1.000000000000000000, 0.5742008805494431822, 1.000000000000000000),
 ( 1.000000000000000000, 0.6319415209345955464, 1.000000000000000000),
 ( 1.000000000000000000, 0.6700196596925885872, 1.000000000000000000),
 ( 1.000000000000000000, 0.7050842034327005070, 1.000000000000000000) ) ) 
 REPRESENTATION_ITEM ( '' )  SURFACE ( )  );
#146 = CIRCLE ( 'NONE', #2842, 0.2000000000000000944 ) ;
#147 = CIRCLE ( 'NONE', #2982, 0.1999999999999996503 ) ;
#148 = FACE_OUTER_BOUND ( 'NONE', #2258, .T. ) ;
#149 = CARTESIAN_POINT ( 'NONE',  ( 14.65729122571193699, 2.149269540290390523, 6.483211872483341409 ) ) ;
#150 = AXIS2_PLACEMENT_3D ( 'NONE', #1465, #2620, #2641 ) ;
#151 = DIRECTION ( 'NONE',  ( 0.4472135954999579277, 0.000000000000000000, -0.8944271909999158554 ) ) ;
#152 = CARTESIAN_POINT ( 'NONE',  ( 9.312424501037979141, 3.052967147058100128, 2.472945102784147142 ) ) ;
#153 = CARTESIAN_POINT ( 'NONE',  ( 9.557443976837634025, 6.209036307687908263, 2.553029094065625504 ) ) ;
#154 =( BOUNDED_SURFACE ( )  B_SPLINE_SURFACE ( 3, 2, ( 
 ( #1582, #620, #3351 ),
 ( #2466, #986, #3700 ),
 ( #2489, #2214, #3408 ),
 ( #2133, #2738, #3058 ),
 ( #346, #1312, #2775 ),
 ( #969, #384, #2756 ) ),
 .UNSPECIFIED., .F., .F., .F. ) 
 B_SPLINE_SURFACE_WITH_KNOTS ( ( 4, 2, 4 ),
 ( 3, 3 ),
 ( 4.712388980384689674, 5.497787143782137953, 6.283185307179586232 ),
 ( 0.000000000000000000, 1.000000000000000000 ),
 .UNSPECIFIED. ) 
 GEOMETRIC_REPRESENTATION_ITEM ( )  RATIONAL_B_SPLINE_SURFACE ( (
 ( 1.000000000000000000, 0.7071067811865475727, 1.000000000000000000),
 ( 1.000000000000000000, 0.6718098167795898412, 1.000000000000000000),
 ( 1.000000000000000000, 0.6332315757169285630, 1.000000000000000000),
 ( 1.000000000000000000, 0.5745779704673136257, 1.000000000000000000),
 ( 1.000000000000000000, 0.5551370482991074828, 1.000000000000000000),
 ( 1.000000000000000000, 0.5555702330196073957, 1.000000000000000000) ) ) 
 REPRESENTATION_ITEM ( '' )  SURFACE ( )  );
#155 = ORIENTED_EDGE ( 'NONE', *, *, #1826, .F. ) ;
#156 = CARTESIAN_POINT ( 'NONE',  ( 9.936176590896238281, 2.649269550721203181, 1.672654518567642024 ) ) ;
#157 = FACE_OUTER_BOUND ( 'NONE', #1619, .T. ) ;
#158 = ORIENTED_EDGE ( 'NONE', *, *, #3271, .F. ) ;
#159 =( BOUNDED_CURVE ( )  B_SPLINE_CURVE ( 3, ( #3858, #1138, #190, #1099 ),
 .UNSPECIFIED., .F., .T. ) 
 B_SPLINE_CURVE_WITH_KNOTS ( ( 4, 4 ),
 ( 4.319689898685965979, 4.712388980384697668 ),
 .UNSPECIFIED. ) 
 CURVE ( )  GEOMETRIC_REPRESENTATION_ITEM ( )  RATIONAL_B_SPLINE_CURVE ( ( 1.000000000000000000, 0.9871901869354864356, 0.9871901869354864356, 1.000000000000000000 ) ) 
 REPRESENTATION_ITEM ( '' )  );
#160 = CIRCLE ( 'NONE', #2494, 0.3999999999999999667 ) ;
#161 = DIRECTION ( 'NONE',  ( 0.000000000000000000, 0.000000000000000000, -1.000000000000000000 ) ) ;
#162 = ORIENTED_EDGE ( 'NONE', *, *, #2304, .T. ) ;
#163 = DIRECTION ( 'NONE',  ( 0.000000000000000000, 0.000000000000000000, 1.000000000000000000 ) ) ;
#164 = EDGE_CURVE ( 'NONE', #3226, #429, #2600, .T. ) ;
#165 = CARTESIAN_POINT ( 'NONE',  ( 12.55729126743518975, 7.249269540290389280, 6.483211872483341409 ) ) ;
#166 = VECTOR ( 'NONE', #489, 1000.000000000000000 ) ;
#167 = CARTESIAN_POINT ( 'NONE',  ( 9.407291137050036056, 7.749269540290391056, 4.033211835975495596 ) ) ;
#168 = DIRECTION ( 'NONE',  ( 0.000000000000000000, 0.000000000000000000, -1.000000000000000000 ) ) ;
#169 = CARTESIAN_POINT ( 'NONE',  ( 12.20729118920410095, 3.549269550721202648, 5.783211862052528573 ) ) ;
#170 = DIRECTION ( 'NONE',  ( 1.000000000000000000, -0.000000000000000000, 0.000000000000000000 ) ) ;
#171 = ORIENTED_EDGE ( 'NONE', *, *, #141, .F. ) ;
#172 = CARTESIAN_POINT ( 'NONE',  ( 14.09945774500849680, 2.649304160534662334, 4.922802337797910432 ) ) ;
#173 = CARTESIAN_POINT ( 'NONE',  ( 9.757291152696254244, 7.049269540290389990, 4.033211835975495596 ) ) ;
#174 = ORIENTED_EDGE ( 'NONE', *, *, #654, .T. ) ;
#175 = DIRECTION ( 'NONE',  ( 0.000000000000000000, 1.000000000000000000, 0.000000000000000000 ) ) ;
#176 = ORIENTED_EDGE ( 'NONE', *, *, #695, .T. ) ;
#177 = CARTESIAN_POINT ( 'NONE',  ( 12.20729118920410095, 4.599269503782545065, 5.783211862052528573 ) ) ;
#178 = EDGE_LOOP ( 'NONE', ( #2875, #3176, #348, #1116 ) ) ;
#179 = EDGE_CURVE ( 'NONE', #1254, #2601, #3799, .T. ) ;
#180 = CARTESIAN_POINT ( 'NONE',  ( 10.59671014368147368, 6.176477323723791990, 6.059748548525547562 ) ) ;
#181 = CARTESIAN_POINT ( 'NONE',  ( 9.107291137050037122, 2.849269550721202915, 3.330425426260045008 ) ) ;
#182 = DIRECTION ( 'NONE',  ( -2.774754023183460056E-16, 0.000000000000000000, -1.000000000000000000 ) ) ;
#183 = EDGE_CURVE ( 'NONE', #2173, #2465, #2912, .T. ) ;
#184 = DIRECTION ( 'NONE',  ( 0.000000000000000000, 1.000000000000000000, 0.000000000000000000 ) ) ;
#185 = CARTESIAN_POINT ( 'NONE',  ( 10.90575012321624193, 7.034045446792648093, 6.483211872483341409 ) ) ;
#186 = DIRECTION ( 'NONE',  ( -0.000000000000000000, 1.000000000000000000, 0.000000000000000000 ) ) ;
#187 = EDGE_CURVE ( 'NONE', #412, #2765, #3877, .T. ) ;
#188 = EDGE_LOOP ( 'NONE', ( #1333, #775, #1780, #682, #2889, #2948, #2677, #3281, #1489 ) ) ;
#189 = DIRECTION ( 'NONE',  ( 0.000000000000000000, 1.000000000000000000, 0.000000000000000000 ) ) ;
#190 = CARTESIAN_POINT ( 'NONE',  ( 10.96007226006151924, 2.149269540290390523, 6.483211872483341409 ) ) ;
#191 = ORIENTED_EDGE ( 'NONE', *, *, #352, .T. ) ;
#192 = DIRECTION ( 'NONE',  ( 0.000000000000000000, 0.000000000000000000, -1.000000000000000000 ) ) ;
#193 = ORIENTED_EDGE ( 'NONE', *, *, #1025, .F. ) ;
#194 = LINE ( 'NONE', #3488, #1790 ) ;
#195 = CIRCLE ( 'NONE', #2718, 0.2000000000000004829 ) ;
#196 = CARTESIAN_POINT ( 'NONE',  ( 13.60729121006570885, 6.549269529859585326, 3.683211830760089178 ) ) ;
#197 = LINE ( 'NONE', #333, #3459 ) ;
#198 = EDGE_CURVE ( 'NONE', #1807, #2387, #3837, .T. ) ;
#199 = VECTOR ( 'NONE', #2733, 1000.000000000000227 ) ;
#200 = AXIS2_PLACEMENT_3D ( 'NONE', #394, #355, #3125 ) ;
#201 = DIRECTION ( 'NONE',  ( -0.8944271909999159664, 0.000000000000000000, -0.4472135954999579832 ) ) ;
#202 = DIRECTION ( 'NONE',  ( 0.000000000000000000, 0.000000000000000000, 1.000000000000000000 ) ) ;
#203 = DIRECTION ( 'NONE',  ( 0.9238795325112869605, 0.000000000000000000, -0.3826834323650893377 ) ) ;
#204 = CIRCLE ( 'NONE', #1086, 2.050000036507845014 ) ;
#205 = EDGE_CURVE ( 'NONE', #1010, #3866, #1309, .T. ) ;
#206 = PLANE ( 'NONE',  #978 ) ;
#207 = EDGE_LOOP ( 'NONE', ( #2816, #363, #124, #884, #2666, #3429 ) ) ;
#208 = CARTESIAN_POINT ( 'NONE',  ( 10.15540126079446814, 6.361119488406065337, 4.692618400692825986 ) ) ;
#209 = ORIENTED_EDGE ( 'NONE', *, *, #1615, .T. ) ;
#210 = DIRECTION ( 'NONE',  ( 0.000000000000000000, 1.000000000000000000, 0.000000000000000000 ) ) ;
#211 = ORIENTED_EDGE ( 'NONE', *, *, #2135, .F. ) ;
#212 = CARTESIAN_POINT ( 'NONE',  ( 13.74228463742814021, 3.054294803890619026, 5.578186608883112463 ) ) ;
#213 = DIRECTION ( 'NONE',  ( 0.000000000000000000, -1.000000000000000000, 0.000000000000000000 ) ) ;
#214 = VERTEX_POINT ( 'NONE', #2033 ) ;
#215 = VECTOR ( 'NONE', #552, 1000.000000000000000 ) ;
#216 = DIRECTION ( 'NONE',  ( -0.000000000000000000, 1.000000000000000000, -0.000000000000000000 ) ) ;
#217 = FACE_OUTER_BOUND ( 'NONE', #3093, .T. ) ;
#218 = CARTESIAN_POINT ( 'NONE',  ( 11.47214085549942553, 6.849269540290390701, 1.783211799467650405 ) ) ;
#219 = CARTESIAN_POINT ( 'NONE',  ( 14.65729122571193699, 7.049269540290389990, 1.783211799467650405 ) ) ;
#220 = ADVANCED_FACE ( 'NONE', ( #2331 ), #581, .T. ) ;
#221 = AXIS2_PLACEMENT_3D ( 'NONE', #1661, #1640, #3467 ) ;
#222 = CARTESIAN_POINT ( 'NONE',  ( 14.10543846428575065, 6.549169249772760715, 4.926497099798509360 ) ) ;
#223 = CARTESIAN_POINT ( 'NONE',  ( 9.198220210656931073, 6.303873785811415331, 2.701353683546321882 ) ) ;
#224 = EDGE_CURVE ( 'NONE', #1285, #929, #2436, .T. ) ;
#225 = ORIENTED_EDGE ( 'NONE', *, *, #2911, .F. ) ;
#226 = CARTESIAN_POINT ( 'NONE',  ( 13.60729121006570885, 6.699269608090674843, 3.683211830760089178 ) ) ;
#227 = DIRECTION ( 'NONE',  ( 0.000000000000000000, 1.000000000000000000, 0.000000000000000000 ) ) ;
#228 = ORIENTED_EDGE ( 'NONE', *, *, #1949, .T. ) ;
#229 = FACE_OUTER_BOUND ( 'NONE', #2439, .T. ) ;
#230 = VERTEX_POINT ( 'NONE', #3545 ) ;
#231 = CARTESIAN_POINT ( 'NONE',  ( 12.20729118920410095, 2.849269550721202915, 5.783211862052528573 ) ) ;
#232 = CARTESIAN_POINT ( 'NONE',  ( 14.05188247428048776, 6.144244276690161932, 2.488237063067879173 ) ) ;
#233 = LINE ( 'NONE', #2643, #2844 ) ;
#234 = DIRECTION ( 'NONE',  ( -0.4472135954999579832, -9.697399036122155760E-15, 0.8944271909999159664 ) ) ;
#235 = EDGE_CURVE ( 'NONE', #2468, #1270, #1141, .T. ) ;
#236 = CARTESIAN_POINT ( 'NONE',  ( 13.64246798277580908, 7.049269540290389990, 6.483211872483341409 ) ) ;
#237 = CARTESIAN_POINT ( 'NONE',  ( 10.15910876266714880, 2.349269540290390701, 5.003285359567566815 ) ) ;
#238 = DIRECTION ( 'NONE',  ( 0.000000000000000000, 1.000000000000000000, 0.000000000000000000 ) ) ;
#239 = CYLINDRICAL_SURFACE ( 'NONE', #1715, 0.1999999999999993727 ) ;
#240 = ORIENTED_EDGE ( 'NONE', *, *, #540, .T. ) ;
#241 = ADVANCED_FACE ( 'NONE', ( #229 ), #889, .F. ) ;
#242 = B_SPLINE_CURVE_WITH_KNOTS ( 'NONE', 3,
 ( #665, #367, #2776, #87, #987, #1803 ),
 .UNSPECIFIED., .F., .F.,
 ( 4, 2, 4 ),
 ( -4.910886827960785695E-06, 0.0003207354431892388866, 0.0006463817732064385630 ),
 .UNSPECIFIED. ) ;
#243 = CARTESIAN_POINT ( 'NONE',  ( 14.65729122571193699, 7.749269540290391056, 4.033211835975495596 ) ) ;
#244 = ORIENTED_EDGE ( 'NONE', *, *, #998, .F. ) ;
#245 = FACE_OUTER_BOUND ( 'NONE', #3581, .T. ) ;
#246 = CARTESIAN_POINT ( 'NONE',  ( 14.65729122571193699, 2.149269540290390523, 4.033211835975495596 ) ) ;
#247 = ORIENTED_EDGE ( 'NONE', *, *, #906, .T. ) ;
#248 = ORIENTED_EDGE ( 'NONE', *, *, #955, .F. ) ;
#249 = ADVANCED_FACE ( 'NONE', ( #289 ), #1122, .T. ) ;
#250 = EDGE_CURVE ( 'NONE', #13, #386, #1463, .T. ) ;
#251 = CARTESIAN_POINT ( 'NONE',  ( 14.65729122571193699, 7.049269540290389990, 1.583211799467650227 ) ) ;
#252 = ORIENTED_EDGE ( 'NONE', *, *, #738, .T. ) ;
#253 = CARTESIAN_POINT ( 'NONE',  ( 14.36256986094652710, 3.549269550721202648, 2.172654528998453571 ) ) ;
#254 = CARTESIAN_POINT ( 'NONE',  ( 14.65729122571193699, 6.699269608090674843, 6.483211872483341409 ) ) ;
#255 = ORIENTED_EDGE ( 'NONE', *, *, #821, .F. ) ;
#256 = EDGE_CURVE ( 'NONE', #849, #3310, #3234, .T. ) ;
#257 = VERTEX_POINT ( 'NONE', #3505 ) ;
#258 = DIRECTION ( 'NONE',  ( 0.000000000000000000, 0.000000000000000000, -1.000000000000000000 ) ) ;
#259 = CYLINDRICAL_SURFACE ( 'NONE', #2782, 0.2000000000000000944 ) ;
#260 = ORIENTED_EDGE ( 'NONE', *, *, #3811, .F. ) ;
#261 = CARTESIAN_POINT ( 'NONE',  ( 14.18368442274654306, 3.549269550721202648, 2.283211809898462175 ) ) ;
#262 = AXIS2_PLACEMENT_3D ( 'NONE', #268, #1733, #1756 ) ;
#263 = CARTESIAN_POINT ( 'NONE',  ( 14.18368442274654306, 3.549269550721202648, 2.083211809898462441 ) ) ;
#264 = CARTESIAN_POINT ( 'NONE',  ( 9.219799064221021467, 6.525844931215946332, 2.658195976418113560 ) ) ;
#265 = ORIENTED_EDGE ( 'NONE', *, *, #3578, .F. ) ;
#266 = AXIS2_PLACEMENT_3D ( 'NONE', #2702, #3869, #3265 ) ;
#267 = CARTESIAN_POINT ( 'NONE',  ( 13.40729121006570779, 2.849269550721202915, 3.635998235260131217 ) ) ;
#268 = CARTESIAN_POINT ( 'NONE',  ( 9.757291152696254244, 1.849269540290390479, 4.033211835975495596 ) ) ;
#269 = VERTEX_POINT ( 'NONE', #1713 ) ;
#270 = AXIS2_PLACEMENT_3D ( 'NONE', #2174, #1550, #3096 ) ;
#271 = LINE ( 'NONE', #1800, #1175 ) ;
#272 = ORIENTED_EDGE ( 'NONE', *, *, #2707, .T. ) ;
#273 = DIRECTION ( 'NONE',  ( 0.000000000000000000, 0.000000000000000000, 1.000000000000000000 ) ) ;
#274 = LINE ( 'NONE', #2979, #2343 ) ;
#275 = VERTEX_POINT ( 'NONE', #3295 ) ;
#276 = DIRECTION ( 'NONE',  ( 1.000000000000000000, 0.000000000000000000, 0.000000000000000000 ) ) ;
#277 = EDGE_CURVE ( 'NONE', #2734, #1005, #1524, .T. ) ;
#278 = CARTESIAN_POINT ( 'NONE',  ( 9.757291152696254244, 6.749269529859585504, 4.033211835975495596 ) ) ;
#279 = AXIS2_PLACEMENT_3D ( 'NONE', #243, #2905, #2669 ) ;
#280 = ORIENTED_EDGE ( 'NONE', *, *, #1272, .F. ) ;
#281 = CARTESIAN_POINT ( 'NONE',  ( 11.88970279241824457, 1.449269540290390568, 6.083211872483341054 ) ) ;
#282 = DIRECTION ( 'NONE',  ( 0.000000000000000000, 0.000000000000000000, -1.000000000000000000 ) ) ;
#283 = VECTOR ( 'NONE', #840, 1000.000000000000000 ) ;
#284 = CARTESIAN_POINT ( 'NONE',  ( 13.81787223475993898, 5.883281102561161546, 6.059748548445345051 ) ) ;
#285 = AXIS2_PLACEMENT_3D ( 'NONE', #3569, #1736, #1779 ) ;
#286 = FACE_OUTER_BOUND ( 'NONE', #1362, .T. ) ;
#287 = VERTEX_POINT ( 'NONE', #2372 ) ;
#288 = EDGE_CURVE ( 'NONE', #3881, #275, #3689, .T. ) ;
#289 = FACE_OUTER_BOUND ( 'NONE', #1074, .T. ) ;
#290 = ORIENTED_EDGE ( 'NONE', *, *, #3456, .F. ) ;
#291 = CARTESIAN_POINT ( 'NONE',  ( 8.728405698850053795, 7.049269540290389990, 3.640982707160051124 ) ) ;
#292 = CARTESIAN_POINT ( 'NONE',  ( 13.96932305579819911, 6.541392157922730988, 5.694113922262237892 ) ) ;
#293 = ORIENTED_EDGE ( 'NONE', *, *, #3410, .T. ) ;
#294 = EDGE_CURVE ( 'NONE', #823, #1711, #2736, .T. ) ;
#295 = ADVANCED_FACE ( 'NONE', ( #3311 ), #1580, .F. ) ;
#296 = ORIENTED_EDGE ( 'NONE', *, *, #1660, .T. ) ;
#297 = DIRECTION ( 'NONE',  ( 1.000000000000000000, 0.000000000000000000, 0.000000000000000000 ) ) ;
#298 = DIRECTION ( 'NONE',  ( 0.000000000000000000, 0.000000000000000000, 1.000000000000000000 ) ) ;
#299 = EDGE_CURVE ( 'NONE', #1288, #429, #2025, .T. ) ;
#300 = EDGE_LOOP ( 'NONE', ( #1547, #3054, #2074, #2986 ) ) ;
#301 = DIRECTION ( 'NONE',  ( 0.000000000000000000, 0.000000000000000000, 1.000000000000000000 ) ) ;
#302 = DIRECTION ( 'NONE',  ( 0.000000000000000000, -1.000000000000000000, 0.000000000000000000 ) ) ;
#303 = EDGE_CURVE ( 'NONE', #918, #3509, #2927, .T. ) ;
#304 = CARTESIAN_POINT ( 'NONE',  ( 8.707291137050034990, 2.554283359245366647, 3.730425422978395300 ) ) ;
#305 = CARTESIAN_POINT ( 'NONE',  ( 11.47214085549942553, 2.149269540290390523, 2.283414511802114522 ) ) ;
#306 = ORIENTED_EDGE ( 'NONE', *, *, #2876, .F. ) ;
#307 = CARTESIAN_POINT ( 'NONE',  ( 14.65729122571193699, 1.949269540290390568, 6.283211872483341232 ) ) ;
#308 = ORIENTED_EDGE ( 'NONE', *, *, #3166, .F. ) ;
#309 = CARTESIAN_POINT ( 'NONE',  ( 11.47214085549942553, 7.049269540290389990, 2.283414511802114522 ) ) ;
#310 = DIRECTION ( 'NONE',  ( 1.000000000000000000, 0.000000000000000000, 0.000000000000000000 ) ) ;
#311 = ORIENTED_EDGE ( 'NONE', *, *, #2405, .T. ) ;
#312 = ORIENTED_EDGE ( 'NONE', *, *, #256, .T. ) ;
#313 = CARTESIAN_POINT ( 'NONE',  ( 14.01023045435334780, 6.209036307687894052, 2.553029094065611293 ) ) ;
#314 = FACE_OUTER_BOUND ( 'NONE', #3044, .T. ) ;
#315 = ORIENTED_EDGE ( 'NONE', *, *, #704, .T. ) ;
#316 = LINE ( 'NONE', #1814, #1234 ) ;
#317 = DIRECTION ( 'NONE',  ( 0.000000000000000000, 0.000000000000000000, 1.000000000000000000 ) ) ;
#318 = CIRCLE ( 'NONE', #1017, 0.6500000156462177880 ) ;
#319 = CARTESIAN_POINT ( 'NONE',  ( 8.707291137050034990, 2.449269550721201671, 3.730425426260044919 ) ) ;
#320 = PLANE ( 'NONE',  #765 ) ;
#321 = ADVANCED_FACE ( 'NONE', ( #1226 ), #3232, .T. ) ;
#322 = ORIENTED_EDGE ( 'NONE', *, *, #3149, .F. ) ;
#323 = VECTOR ( 'NONE', #2992, 1000.000000000000000 ) ;
#324 = AXIS2_PLACEMENT_3D ( 'NONE', #1681, #2877, #1389 ) ;
#325 = CARTESIAN_POINT ( 'NONE',  ( 10.59671014368147191, 3.549269550721202648, 6.059748548525546674 ) ) ;
#326 = ORIENTED_EDGE ( 'NONE', *, *, #3444, .F. ) ;
#327 = CARTESIAN_POINT ( 'NONE',  ( 9.047463118339477361, 7.049269540290388214, 3.238538073661190619 ) ) ;
#328 = CARTESIAN_POINT ( 'NONE',  ( 13.63309632822446282, 3.549269550721202648, 5.983211862052528751 ) ) ;
#329 = ORIENTED_EDGE ( 'NONE', *, *, #3284, .T. ) ;
#330 = AXIS2_PLACEMENT_3D ( 'NONE', #2290, #1940, #423 ) ;
#331 = ORIENTED_EDGE ( 'NONE', *, *, #1272, .T. ) ;
#332 = CARTESIAN_POINT ( 'NONE',  ( 14.31407195233473040, 6.119057553219019674, 2.269650346222044313 ) ) ;
#333 = CARTESIAN_POINT ( 'NONE',  ( 10.15910876266714880, 2.149269540290390523, 5.003285359567566815 ) ) ;
#334 = ORIENTED_EDGE ( 'NONE', *, *, #1878, .T. ) ;
#335 = DIRECTION ( 'NONE',  ( 1.000000000000000000, 0.000000000000000000, 0.000000000000000000 ) ) ;
#336 = CARTESIAN_POINT ( 'NONE',  ( 14.18368442274654306, 6.349269529859585148, 2.083211809898462441 ) ) ;
#337 = LINE ( 'NONE', #3289, #853 ) ;
#338 = CALENDAR_DATE ( 2024, 29, 4 ) ;
#339 = AXIS2_PLACEMENT_3D ( 'NONE', #692, #3749, #2838 ) ;
#340 = PLANE ( 'NONE',  #2415 ) ;
#341 = EDGE_LOOP ( 'NONE', ( #3216, #1973, #3353, #3347, #8 ) ) ;
#342 = CIRCLE ( 'NONE', #221, 0.2000000000000000944 ) ;
#343 = EDGE_CURVE ( 'NONE', #2719, #1586, #2145, .T. ) ;
#344 = CARTESIAN_POINT ( 'NONE',  ( 14.00032365415185609, 2.499269545505796053, 5.096646671324609024 ) ) ;
#345 = EDGE_LOOP ( 'NONE', ( #3487, #2204, #844, #1928 ) ) ;
#346 = CARTESIAN_POINT ( 'NONE',  ( 10.78148605015011796, 5.833043811546024138, 5.783211862052529462 ) ) ;
#347 = CARTESIAN_POINT ( 'NONE',  ( 11.48970279241824421, 2.149269540290390523, 5.765623475697482903 ) ) ;
#348 = ORIENTED_EDGE ( 'NONE', *, *, #2159, .F. ) ;
#349 = CIRCLE ( 'NONE', #2681, 0.1999999999999996503 ) ;
#350 = ORIENTED_EDGE ( 'NONE', *, *, #2004, .F. ) ;
#351 = VERTEX_POINT ( 'NONE', #1896 ) ;
#352 = EDGE_CURVE ( 'NONE', #2530, #2546, #1493, .T. ) ;
#353 = ORIENTED_EDGE ( 'NONE', *, *, #590, .T. ) ;
#354 = CARTESIAN_POINT ( 'NONE',  ( 8.707291137050036767, 2.287723973785555476, 3.699235461469315922 ) ) ;
#355 = DIRECTION ( 'NONE',  ( 0.000000000000000000, 1.000000000000000000, 0.000000000000000000 ) ) ;
#356 =( BOUNDED_SURFACE ( )  B_SPLINE_SURFACE ( 3, 2, ( 
 ( #1947, #1052, #2555 ),
 ( #75, #2261, #413 ),
 ( #3129, #2244, #92 ),
 ( #3454, #3437, #750 ),
 ( #1298, #2822, #3691 ),
 ( #2497, #3419, #1277 ) ),
 .UNSPECIFIED., .F., .F., .F. ) 
 B_SPLINE_SURFACE_WITH_KNOTS ( ( 4, 2, 4 ),
 ( 3, 3 ),
 ( 0.000000000000000000, 0.7853981633974482790, 1.570796326794896558 ),
 ( 0.000000000000000000, 1.000000000000000000 ),
 .UNSPECIFIED. ) 
 GEOMETRIC_REPRESENTATION_ITEM ( )  RATIONAL_B_SPLINE_SURFACE ( (
 ( 1.000000000000000000, 0.9732489894677301967, 1.000000000000000000),
 ( 1.000000000000000000, 0.9733837824212661083, 1.000000000000000000),
 ( 1.000000000000000000, 0.9492708901844564284, 1.000000000000000000),
 ( 1.000000000000000000, 0.8576355999437272892, 1.000000000000000000),
 ( 1.000000000000000000, 0.7900730586710686953, 1.000000000000000000),
 ( 1.000000000000000000, 0.7071067811865471286, 1.000000000000000000) ) ) 
 REPRESENTATION_ITEM ( '' )  SURFACE ( )  );
#357 = CARTESIAN_POINT ( 'NONE',  ( 14.33368442796194842, 2.499269545505796053, 1.783211799467650405 ) ) ;
#358 = CARTESIAN_POINT ( 'NONE',  ( 11.47214085549942553, 2.349269540290390701, 1.583211799467650227 ) ) ;
#359 = DIRECTION ( 'NONE',  ( 0.000000000000000000, 0.000000000000000000, 1.000000000000000000 ) ) ;
#360 = CARTESIAN_POINT ( 'NONE',  ( 9.552012507030845256, 3.549269550721202648, 1.993769090798470200 ) ) ;
#361 = APPLICATION_PROTOCOL_DEFINITION ( 'international standard', 'config_control_design', 1994, #3678 ) ;
#362 = CARTESIAN_POINT ( 'NONE',  ( 13.99294371514609026, 2.751389371142424434, 5.637088606112362399 ) ) ;
#363 = ORIENTED_EDGE ( 'NONE', *, *, #2158, .F. ) ;
#364 = CARTESIAN_POINT ( 'NONE',  ( 13.60729121006570885, 6.432112242334203422, 3.683211830760089622 ) ) ;
#365 = ORIENTED_EDGE ( 'NONE', *, *, #3026, .T. ) ;
#366 = CARTESIAN_POINT ( 'NONE',  ( 8.707291137050038543, 7.026639959972074578, 3.854014696237248128 ) ) ;
#367 = CARTESIAN_POINT ( 'NONE',  ( 11.78822095068015230, 7.749269540290389280, 5.885533047516684491 ) ) ;
#368 = ORIENTED_EDGE ( 'NONE', *, *, #822, .T. ) ;
#369 = EDGE_CURVE ( 'NONE', #2125, #3156, #349, .T. ) ;
#370 = ORIENTED_EDGE ( 'NONE', *, *, #1925, .T. ) ;
#371 = DIRECTION ( 'NONE',  ( 0.000000000000000000, 1.000000000000000000, 0.000000000000000000 ) ) ;
#372 = EDGE_CURVE ( 'NONE', #3445, #3123, #3068, .T. ) ;
#373 = CARTESIAN_POINT ( 'NONE',  ( 11.47214085549942553, 6.849269540290390701, 1.583211799467650227 ) ) ;
#374 = DIRECTION ( 'NONE',  ( -1.000000000000000000, 0.000000000000000000, 0.000000000000000000 ) ) ;
#375 = SPHERICAL_SURFACE ( 'NONE', #2944, 0.2000000000000000111 ) ;
#376 =( BOUNDED_CURVE ( )  B_SPLINE_CURVE ( 3, ( #2748, #572, #3069, #281 ),
 .UNSPECIFIED., .F., .T. ) 
 B_SPLINE_CURVE_WITH_KNOTS ( ( 4, 4 ),
 ( 0.000000000000000000, 1.570796326794896558 ),
 .UNSPECIFIED. ) 
 CURVE ( )  GEOMETRIC_REPRESENTATION_ITEM ( )  RATIONAL_B_SPLINE_CURVE ( ( 1.000000000000000000, 0.8047378541243649375, 0.8047378541243649375, 1.000000000000000000 ) ) 
 REPRESENTATION_ITEM ( '' )  );
#377 = CARTESIAN_POINT ( 'NONE',  ( 10.15910876266714880, 2.449269550721202560, 5.003285359567566815 ) ) ;
#378 = PERSON_AND_ORGANIZATION ( #1045, #396 ) ;
#379 = FACE_OUTER_BOUND ( 'NONE', #27, .T. ) ;
#380 = EDGE_LOOP ( 'NONE', ( #1311, #3022, #3039, #1513 ) ) ;
#381 = VECTOR ( 'NONE', #2679, 1000.000000000000000 ) ;
#382 = LINE ( 'NONE', #421, #2672 ) ;
#383 = ORIENTED_EDGE ( 'NONE', *, *, #1500, .F. ) ;
#384 = CARTESIAN_POINT ( 'NONE',  ( 10.48216489765063564, 5.649269529859578753, 5.783211862052531238 ) ) ;
#385 = DIRECTION ( 'NONE',  ( -0.000000000000000000, 1.000000000000000000, 0.000000000000000000 ) ) ;
#386 = VERTEX_POINT ( 'NONE', #3610 ) ;
#387 = VECTOR ( 'NONE', #433, 1000.000000000000000 ) ;
#388 =( BOUNDED_CURVE ( )  B_SPLINE_CURVE ( 3, ( #1690, #1159, #2612, #2885 ),
 .UNSPECIFIED., .F., .T. ) 
 B_SPLINE_CURVE_WITH_KNOTS ( ( 4, 4 ),
 ( 1.570796326794896558, 3.141592653589795336 ),
 .UNSPECIFIED. ) 
 CURVE ( )  GEOMETRIC_REPRESENTATION_ITEM ( )  RATIONAL_B_SPLINE_CURVE ( ( 1.000000000000000000, 0.8047378541243644934, 0.8047378541243644934, 1.000000000000000000 ) ) 
 REPRESENTATION_ITEM ( '' )  );
#389 = ORIENTED_EDGE ( 'NONE', *, *, #590, .F. ) ;
#390 = AXIS2_PLACEMENT_3D ( 'NONE', #1014, #3420, #2206 ) ;
#391 = VERTEX_POINT ( 'NONE', #928 ) ;
#392 = EDGE_LOOP ( 'NONE', ( #3030, #3683, #2344, #350 ) ) ;
#393 = CIRCLE ( 'NONE', #511, 0.1999999999999996503 ) ;
#394 = CARTESIAN_POINT ( 'NONE',  ( 14.65729122571193699, 7.249269540290389280, 4.033211835975495596 ) ) ;
#395 = ORIENTED_EDGE ( 'NONE', *, *, #606, .T. ) ;
#396 = ORGANIZATION ( 'UNSPECIFIED', 'UNSPECIFIED', '' ) ;
#397 = EDGE_CURVE ( 'NONE', #1883, #13, #2151, .T. ) ;
#398 = DIRECTION ( 'NONE',  ( 0.000000000000000000, 1.000000000000000000, 0.000000000000000000 ) ) ;
#399 = CARTESIAN_POINT ( 'NONE',  ( 12.30840575517642854, 2.849269550721202915, 5.833769145038692372 ) ) ;
#400 = CARTESIAN_POINT ( 'NONE',  ( 14.00032365415185609, 6.349191534236497958, 5.093661158153035551 ) ) ;
#401 = DIRECTION ( 'NONE',  ( -0.000000000000000000, 1.000000000000000000, -0.000000000000000000 ) ) ;
#402 = ORIENTED_EDGE ( 'NONE', *, *, #528, .T. ) ;
#403 = CARTESIAN_POINT ( 'NONE',  ( 9.407291137050036056, 1.449269540290390568, 4.033211835975495596 ) ) ;
#404 = EDGE_LOOP ( 'NONE', ( #914, #3735, #322, #3033 ) ) ;
#405 = CARTESIAN_POINT ( 'NONE',  ( 12.20729118920410095, 5.649269529859577865, 2.283211809898462175 ) ) ;
#406 = CARTESIAN_POINT ( 'NONE',  ( 14.17617375787862954, 6.549269529859577332, 2.545446735134238914 ) ) ;
#407 = AXIS2_PLACEMENT_3D ( 'NONE', #1413, #1983, #3804 ) ;
#408 = CARTESIAN_POINT ( 'NONE',  ( 14.00032365415185609, 6.349191534236497958, 5.093661158153035551 ) ) ;
#409 = ORIENTED_EDGE ( 'NONE', *, *, #999, .T. ) ;
#410 = LINE ( 'NONE', #2801, #837 ) ;
#411 = ADVANCED_FACE ( 'NONE', ( #2714 ), #25, .T. ) ;
#412 = VERTEX_POINT ( 'NONE', #2754 ) ;
#413 = CARTESIAN_POINT ( 'NONE',  ( 8.707291137050034990, 6.644255721335351694, 3.730425422978395300 ) ) ;
#414 = CARTESIAN_POINT ( 'NONE',  ( 9.552012507030843480, 6.176477323723792878, 1.993769090798470422 ) ) ;
#415 = DIRECTION ( 'NONE',  ( -0.8944271909999162995, 0.000000000000000000, -0.4472135954999570395 ) ) ;
#416 = ADVANCED_FACE ( 'NONE', ( #967 ), #2172, .T. ) ;
#417 = CYLINDRICAL_SURFACE ( 'NONE', #2368, 0.1999999999999993727 ) ;
#418 = CARTESIAN_POINT ( 'NONE',  ( 10.67229774098005102, 6.144244276690161932, 5.578186608883112463 ) ) ;
#419 = VECTOR ( 'NONE', #3146, 1000.000000000000227 ) ;
#420 = EDGE_CURVE ( 'NONE', #1386, #2740, #3558, .T. ) ;
#421 = CARTESIAN_POINT ( 'NONE',  ( 9.107291137050037122, 2.849269550721202915, 4.033211835975495596 ) ) ;
#422 = EDGE_LOOP ( 'NONE', ( #1383, #2120, #383, #1197 ) ) ;
#423 = DIRECTION ( 'NONE',  ( 1.000000000000000000, 0.000000000000000000, 0.000000000000000000 ) ) ;
#424 = CARTESIAN_POINT ( 'NONE',  ( 13.63309632822446282, 5.649269529859577865, 5.983211862052527863 ) ) ;
#425 = ORIENTED_EDGE ( 'NONE', *, *, #2241, .F. ) ;
#426 = CARTESIAN_POINT ( 'NONE',  ( 13.81787223472671933, 3.549269550721202648, 6.059748548525546674 ) ) ;
#427 = ORIENTED_EDGE ( 'NONE', *, *, #3097, .T. ) ;
#428 = DIRECTION ( 'NONE',  ( 0.8944271909999159664, 0.000000000000000000, 0.4472135954999579832 ) ) ;
#429 = VERTEX_POINT ( 'NONE', #3771 ) ;
#430 = DIRECTION ( 'NONE',  ( 0.000000000000000000, 0.000000000000000000, -1.000000000000000000 ) ) ;
#431 = CARTESIAN_POINT ( 'NONE',  ( 9.880897950446234645, 7.049269540290389990, 1.783211799467650405 ) ) ;
#432 = CARTESIAN_POINT ( 'NONE',  ( 10.22397678650724373, 6.849269540290390701, 4.637265436536121221 ) ) ;
#433 = DIRECTION ( 'NONE',  ( 0.000000000000000000, -1.000000000000000000, 0.000000000000000000 ) ) ;
#434 = CARTESIAN_POINT ( 'NONE',  ( 9.392436117766019166, 5.932477001803897920, 2.312921869328522728 ) ) ;
#435 = AXIS2_PLACEMENT_3D ( 'NONE', #2647, #469, #3559 ) ;
#436 = EDGE_CURVE ( 'NONE', #2370, #3445, #3443, .T. ) ;
#437 = ORIENTED_EDGE ( 'NONE', *, *, #1252, .F. ) ;
#438 = DIRECTION ( 'NONE',  ( -0.8944271909999159664, 0.000000000000000000, -0.4472135954999579832 ) ) ;
#439 = CARTESIAN_POINT ( 'NONE',  ( 14.65729122571193699, 1.449269540290390568, 4.033211835975495596 ) ) ;
#440 = EDGE_LOOP ( 'NONE', ( #228, #3263, #1048, #247, #171, #688, #2082, #2095, #1328, #3399, #3647, #3859, #1076, #2065, #2699, #3775 ) ) ;
#441 = AXIS2_PLACEMENT_3D ( 'NONE', #328, #2998, #3035 ) ;
#442 = CARTESIAN_POINT ( 'NONE',  ( 14.65729122571193699, 2.149269540290390523, 4.033211835975495596 ) ) ;
#443 = VERTEX_POINT ( 'NONE', #403 ) ;
#444 = VECTOR ( 'NONE', #1186, 1000.000000000000000 ) ;
#445 = CARTESIAN_POINT ( 'NONE',  ( 13.97148533665652081, 2.649269550750140034, 2.954823577578463034 ) ) ;
#446 = AXIS2_PLACEMENT_3D ( 'NONE', #12, #2086, #3004 ) ;
#447 = CARTESIAN_POINT ( 'NONE',  ( 11.87214085549942411, 1.449269540290390568, 1.983211799467650360 ) ) ;
#448 = DIRECTION ( 'NONE',  ( -1.000000000000000000, 0.000000000000000000, -0.000000000000000000 ) ) ;
#449 = CARTESIAN_POINT ( 'NONE',  ( 13.60729121006570885, 2.149269540290390523, 4.033211835975495596 ) ) ;
#450 = CARTESIAN_POINT ( 'NONE',  ( 12.55729126743518975, 1.949269540290390568, 6.483211872483341409 ) ) ;
#451 = PRODUCT_DEFINITION_FORMATION_WITH_SPECIFIED_SOURCE ( 'ANY', '', #1804, .NOT_KNOWN. ) ;
#452 = CARTESIAN_POINT ( 'NONE',  ( 13.40729121006571845, 6.349269529859585148, 4.033211835975495596 ) ) ;
#453 = EDGE_CURVE ( 'NONE', #623, #1471, #3755, .T. ) ;
#454 = CARTESIAN_POINT ( 'NONE',  ( 11.63782628044866030, 7.749269540290391056, 1.748897224416888330 ) ) ;
#455 = EDGE_LOOP ( 'NONE', ( #2655, #209, #1731, #520 ) ) ;
#456 = DIRECTION ( 'NONE',  ( 0.000000000000000000, -1.000000000000000000, 0.000000000000000000 ) ) ;
#457 = CARTESIAN_POINT ( 'NONE',  ( 10.13860081933534651, 2.649269550721203625, 4.953774804639559548 ) ) ;
#458 = ORIENTED_EDGE ( 'NONE', *, *, #799, .T. ) ;
#459 = EDGE_CURVE ( 'NONE', #269, #708, #2576, .T. ) ;
#460 = DIRECTION ( 'NONE',  ( 0.000000000000000000, -1.000000000000000000, 0.000000000000000000 ) ) ;
#461 = VERTEX_POINT ( 'NONE', #1382 ) ;
#462 = AXIS2_PLACEMENT_3D ( 'NONE', #2322, #792, #3221 ) ;
#463 = CARTESIAN_POINT ( 'NONE',  ( 13.91256986094652426, 2.849269550721202471, 3.072654528998453483 ) ) ;
#464 = EDGE_CURVE ( 'NONE', #1777, #1386, #1326, .T. ) ;
#465 = AXIS2_PLACEMENT_3D ( 'NONE', #442, #3431, #731 ) ;
#466 = CARTESIAN_POINT ( 'NONE',  ( 13.73368442274654377, 6.349269529859585148, 2.983211809898461908 ) ) ;
#467 = FACE_BOUND ( 'NONE', #1679, .T. ) ;
#468 = AXIS2_PLACEMENT_3D ( 'NONE', #3425, #1991, #3734 ) ;
#469 = DIRECTION ( 'NONE',  ( 0.000000000000000000, -1.000000000000000000, 0.000000000000000000 ) ) ;
#470 = CARTESIAN_POINT ( 'NONE',  ( 9.757291152696254244, 7.349269540290390701, 4.033211835975495596 ) ) ;
#471 = FACE_OUTER_BOUND ( 'NONE', #749, .T. ) ;
#472 = CARTESIAN_POINT ( 'NONE',  ( 8.872976561999275091, 6.349269529859585148, 3.564740001310806594 ) ) ;
#473 = ORIENTED_EDGE ( 'NONE', *, *, #2609, .F. ) ;
#474 = CARTESIAN_POINT ( 'NONE',  ( 14.09350335522791298, 2.649269554561283435, 4.919040866050671035 ) ) ;
#475 = CARTESIAN_POINT ( 'NONE',  ( 14.18509956065411259, 2.649369830808020243, 5.173183357797626059 ) ) ;
#476 = ORIENTED_EDGE ( 'NONE', *, *, #1202, .F. ) ;
#477 = DIRECTION ( 'NONE',  ( -0.000000000000000000, 1.000000000000000000, 0.000000000000000000 ) ) ;
#478 = EDGE_LOOP ( 'NONE', ( #63, #543, #296, #1509, #3592, #2329, #252, #395, #2293, #2221, #1107, #1477 ) ) ;
#479 = ADVANCED_FACE ( 'NONE', ( #701 ), #3117, .F. ) ;
#480 = LINE ( 'NONE', #1716, #960 ) ;
#481 = DIRECTION ( 'NONE',  ( -1.000000000000000000, 0.000000000000000000, 0.000000000000000000 ) ) ;
#482 = ORIENTED_EDGE ( 'NONE', *, *, #2040, .T. ) ;
#483 = DIRECTION ( 'NONE',  ( 0.000000000000000000, 1.000000000000000000, 0.000000000000000000 ) ) ;
#484 = EDGE_CURVE ( 'NONE', #2778, #1799, #382, .T. ) ;
#485 = DIRECTION ( 'NONE',  ( -1.000000000000000000, 0.000000000000000000, 0.000000000000000000 ) ) ;
#486 = CARTESIAN_POINT ( 'NONE',  ( 10.15910876266714880, 6.849269540290390701, 5.003285359567566815 ) ) ;
#487 = CARTESIAN_POINT ( 'NONE',  ( 11.47214085549942553, 7.349269540290390701, 2.283414511802114522 ) ) ;
#488 = FACE_OUTER_BOUND ( 'NONE', #3583, .T. ) ;
#489 = DIRECTION ( 'NONE',  ( 0.000000000000000000, 1.000000000000000000, -0.000000000000000000 ) ) ;
#490 = VERTEX_POINT ( 'NONE', #2286 ) ;
#491 = DIRECTION ( 'NONE',  ( 1.000000000000000000, 0.000000000000000000, 0.000000000000000000 ) ) ;
#492 = DIRECTION ( 'NONE',  ( -0.8944271909999159664, 0.000000000000000000, -0.4472135954999579832 ) ) ;
#493 = ORIENTED_EDGE ( 'NONE', *, *, #1520, .T. ) ;
#494 = TOROIDAL_SURFACE ( 'NONE', #1659, 2.050000036507845014, 0.4000000000000000222 ) ;
#495 = CARTESIAN_POINT ( 'NONE',  ( 11.87214085549942411, 1.449269540290390568, 1.583211799467650227 ) ) ;
#496 = VERTEX_POINT ( 'NONE', #2543 ) ;
#497 = PLANE ( 'NONE',  #3603 ) ;
#498 = CARTESIAN_POINT ( 'NONE',  ( 14.36256986094652710, 5.649269529859577865, 2.172654528998454015 ) ) ;
#499 = EDGE_CURVE ( 'NONE', #3451, #1381, #1342, .T. ) ;
#500 = AXIS2_PLACEMENT_3D ( 'NONE', #3572, #2016, #1491 ) ;
#501 = VERTEX_POINT ( 'NONE', #1635 ) ;
#502 = CARTESIAN_POINT ( 'NONE',  ( 9.757291152696254244, 2.849269550721202915, 4.033211835975495596 ) ) ;
#503 = CARTESIAN_POINT ( 'NONE',  ( 10.10729116834247243, 1.449269540290390568, 4.033211835975495596 ) ) ;
#504 = AXIS2_PLACEMENT_3D ( 'NONE', #305, #3880, #2444 ) ;
#505 = EDGE_CURVE ( 'NONE', #1662, #105, #3713, .T. ) ;
#506 = AXIS2_PLACEMENT_3D ( 'NONE', #916, #2399, #3336 ) ;
#507 = DIRECTION ( 'NONE',  ( -1.000000000000000000, 0.000000000000000000, 0.000000000000000000 ) ) ;
#508 = DIRECTION ( 'NONE',  ( 0.000000000000000000, 1.000000000000000000, 0.000000000000000000 ) ) ;
#509 = CC_DESIGN_DATE_AND_TIME_ASSIGNMENT ( #2790, #2169, ( #2915 ) ) ;
#510 = LINE ( 'NONE', #2923, #88 ) ;
#511 = AXIS2_PLACEMENT_3D ( 'NONE', #2579, #3715, #1974 ) ;
#512 = VECTOR ( 'NONE', #3879, 1000.000000000000000 ) ;
#513 = CARTESIAN_POINT ( 'NONE',  ( 11.47214085549942553, 7.349269540290390701, 1.583211799467650227 ) ) ;
#514 = ORIENTED_EDGE ( 'NONE', *, *, #2894, .T. ) ;
#515 = LINE ( 'NONE', #2653, #3045 ) ;
#516 = CARTESIAN_POINT ( 'NONE',  ( 12.20729118920410095, 6.349269529859585148, 5.783211862052528573 ) ) ;
#517 = ORIENTED_EDGE ( 'NONE', *, *, #505, .F. ) ;
#518 = EDGE_CURVE ( 'NONE', #3333, #1535, #667, .T. ) ;
#519 = CARTESIAN_POINT ( 'NONE',  ( 11.78866548104251599, 1.449269540290390568, 5.885701826962868033 ) ) ;
#520 = ORIENTED_EDGE ( 'NONE', *, *, #2427, .T. ) ;
#521 = DIRECTION ( 'NONE',  ( -1.000000000000000000, 0.000000000000000000, 0.000000000000000000 ) ) ;
#522 = DIRECTION ( 'NONE',  ( 0.000000000000000000, -1.000000000000000000, 0.000000000000000000 ) ) ;
#523 = PLANE ( 'NONE',  #2723 ) ;
#524 = CIRCLE ( 'NONE', #855, 0.1999999999999996503 ) ;
#525 = CARTESIAN_POINT ( 'NONE',  ( 13.96636321527538804, 6.277274235142540348, 2.621267021520257590 ) ) ;
#526 = EDGE_CURVE ( 'NONE', #634, #2408, #101, .T. ) ;
#527 = CARTESIAN_POINT ( 'NONE',  ( 10.78148605018372841, 3.549269550721202648, 5.783211862052528573 ) ) ;
#528 = EDGE_CURVE ( 'NONE', #644, #641, #1865, .T. ) ;
#529 = CIRCLE ( 'NONE', #2438, 0.1999999999999996503 ) ;
#530 = CARTESIAN_POINT ( 'NONE',  ( 11.77074758354452477, 7.749269540290391056, 2.161771884796240162 ) ) ;
#531 = AXIS2_PLACEMENT_3D ( 'NONE', #774, #1971, #1919 ) ;
#532 = ADVANCED_FACE ( 'NONE', ( #1602 ), #2287, .T. ) ;
#533 = CARTESIAN_POINT ( 'NONE',  ( 12.55729126743518975, 1.949269540290390568, 6.283211872483342120 ) ) ;
#534 = EDGE_CURVE ( 'NONE', #3061, #3777, #3792, .T. ) ;
#535 = VERTEX_POINT ( 'NONE', #1095 ) ;
#536 = CARTESIAN_POINT ( 'NONE',  ( 9.102012507030845967, 6.349269529859578043, 2.893769090798471666 ) ) ;
#537 = ORIENTED_EDGE ( 'NONE', *, *, #1704, .F. ) ;
#538 = DIRECTION ( 'NONE',  ( 0.000000000000000000, 0.000000000000000000, 1.000000000000000000 ) ) ;
#539 = DIRECTION ( 'NONE',  ( 0.000000000000000000, -1.000000000000000000, 0.000000000000000000 ) ) ;
#540 = EDGE_CURVE ( 'NONE', #3764, #257, #1988, .T. ) ;
#541 = ORIENTED_EDGE ( 'NONE', *, *, #994, .T. ) ;
#542 = CARTESIAN_POINT ( 'NONE',  ( 12.20729118920410095, 3.549269550721202648, 2.283211809898462175 ) ) ;
#543 = ORIENTED_EDGE ( 'NONE', *, *, #1054, .T. ) ;
#544 = CARTESIAN_POINT ( 'NONE',  ( 11.88970279241824457, 1.449269540290390568, 6.083211872483341054 ) ) ;
#545 = FACE_OUTER_BOUND ( 'NONE', #380, .T. ) ;
#546 = ORIENTED_EDGE ( 'NONE', *, *, #994, .F. ) ;
#547 = ORIENTED_EDGE ( 'NONE', *, *, #1946, .T. ) ;
#548 = FACE_OUTER_BOUND ( 'NONE', #2726, .T. ) ;
#549 = VECTOR ( 'NONE', #1948, 1000.000000000000000 ) ;
#550 = CARTESIAN_POINT ( 'NONE',  ( 13.63309632822446105, 5.837402301304861041, 5.783211862052528573 ) ) ;
#551 = ORIENTED_EDGE ( 'NONE', *, *, #3369, .T. ) ;
#552 = DIRECTION ( 'NONE',  ( -1.000000000000000000, -0.000000000000000000, 0.000000000000000000 ) ) ;
#553 = CARTESIAN_POINT ( 'NONE',  ( 14.09854523470812282, 6.350927987979579470, 4.922226387642389511 ) ) ;
#554 = EDGE_CURVE ( 'NONE', #1813, #909, #3241, .T. ) ;
#555 = EDGE_CURVE ( 'NONE', #1471, #864, #2306, .T. ) ;
#556 = CARTESIAN_POINT ( 'NONE',  ( 8.824008315675154535, 2.627714880020926902, 3.449777473509850978 ) ) ;
#557 = EDGE_LOOP ( 'NONE', ( #329, #1430, #3118, #3000 ) ) ;
#558 = CARTESIAN_POINT ( 'NONE',  ( 13.81787223472671933, 5.649269529859577865, 6.059748548525545786 ) ) ;
#559 = PLANE ( 'NONE',  #1652 ) ;
#560 = ORIENTED_EDGE ( 'NONE', *, *, #1246, .F. ) ;
#561 = ADVANCED_FACE ( 'NONE', ( #3832 ), #206, .T. ) ;
#562 = DIRECTION ( 'NONE',  ( 2.774754023183460056E-16, 0.000000000000000000, 1.000000000000000000 ) ) ;
#563 = VERTEX_POINT ( 'NONE', #3855 ) ;
#564 = FACE_OUTER_BOUND ( 'NONE', #3361, .T. ) ;
#565 = DIRECTION ( 'NONE',  ( 0.4472135954999579277, 0.000000000000000000, -0.8944271909999158554 ) ) ;
#566 = ORIENTED_EDGE ( 'NONE', *, *, #1364, .T. ) ;
#567 = ORIENTED_EDGE ( 'NONE', *, *, #2124, .T. ) ;
#568 = CARTESIAN_POINT ( 'NONE',  ( 14.13919839288496050, 6.435677287023534809, 2.619397465121581892 ) ) ;
#569 = CARTESIAN_POINT ( 'NONE',  ( 13.60729121006571951, 2.149269540290390523, 4.033211835975495596 ) ) ;
#570 = TOROIDAL_SURFACE ( 'NONE', #20, 1.250000015646217877, 0.2000000000000000111 ) ;
#571 = ORIENTED_EDGE ( 'NONE', *, *, #1728, .F. ) ;
#572 = CARTESIAN_POINT ( 'NONE',  ( 11.48970279241824599, 1.614954965239628448, 6.483211872483341409 ) ) ;
#573 = CONICAL_SURFACE ( 'NONE', #1970, 1.050000015646217477, 0.7853981633974476129 ) ;
#574 = CARTESIAN_POINT ( 'NONE',  ( 9.880897950446232869, 2.349269540290390701, 1.783211799467650405 ) ) ;
#575 = CIRCLE ( 'NONE', #1600, 0.2000000000000000944 ) ;
#576 = LINE ( 'NONE', #3027, #2991 ) ;
#577 = VECTOR ( 'NONE', #2459, 1000.000000000000000 ) ;
#578 = LINE ( 'NONE', #1137, #1663 ) ;
#579 = CARTESIAN_POINT ( 'NONE',  ( 10.72097421671398543, 6.849269540290390701, 6.359748558956360043 ) ) ;
#580 = ORIENTED_EDGE ( 'NONE', *, *, #164, .F. ) ;
#581 = CYLINDRICAL_SURFACE ( 'NONE', #3251, 0.1999999999999996503 ) ;
#582 = ORIENTED_EDGE ( 'NONE', *, *, #2858, .F. ) ;
#583 = LINE ( 'NONE', #2392, #2419 ) ;
#584 = CARTESIAN_POINT ( 'NONE',  ( 9.107291137050037122, 2.849269550721202915, 4.033211835975495596 ) ) ;
#585 = EDGE_CURVE ( 'NONE', #2465, #1529, #160, .T. ) ;
#586 = ORIENTED_EDGE ( 'NONE', *, *, #3047, .T. ) ;
#587 = VERTEX_POINT ( 'NONE', #1423 ) ;
#588 = CARTESIAN_POINT ( 'NONE',  ( 14.36256986094652532, 5.649269529859576977, 2.172654528998454015 ) ) ;
#589 = PLANE ( 'NONE',  #1518 ) ;
#590 = EDGE_CURVE ( 'NONE', #3337, #1254, #2050, .T. ) ;
#591 = CIRCLE ( 'NONE', #3181, 2.850000036507845280 ) ;
#592 = ORIENTED_EDGE ( 'NONE', *, *, #1810, .F. ) ;
#593 = CARTESIAN_POINT ( 'NONE',  ( 9.702012512246250608, 6.849269540290390701, 1.693769080367658164 ) ) ;
#594 = CARTESIAN_POINT ( 'NONE',  ( 10.13860081933534651, 6.549269529859585326, 4.953774804639559548 ) ) ;
#595 = VECTOR ( 'NONE', #1128, 1000.000000000000000 ) ;
#596 = CARTESIAN_POINT ( 'NONE',  ( 8.811587126300295836, 2.749471724208137235, 3.474619852259398733 ) ) ;
#597 = SHAPE_DEFINITION_REPRESENTATION ( #3021, #1132 ) ;
#598 = CARTESIAN_POINT ( 'NONE',  ( 14.10543846428575065, 2.499269545505796053, 4.926497099798508472 ) ) ;
#599 = VERTEX_POINT ( 'NONE', #3188 ) ;
#600 = CARTESIAN_POINT ( 'NONE',  ( 10.22391793754568567, 2.649269550721202293, 5.159748548525544543 ) ) ;
#601 = ORIENTED_EDGE ( 'NONE', *, *, #1150, .F. ) ;
#602 = CARTESIAN_POINT ( 'NONE',  ( 11.48970279241824421, 2.149269540290390523, 6.483211872483341409 ) ) ;
#603 = CARTESIAN_POINT ( 'NONE',  ( 9.552012507030845256, 3.549269550721202648, 1.993769090798470200 ) ) ;
#604 = ORIENTED_EDGE ( 'NONE', *, *, #718, .F. ) ;
#605 = EDGE_CURVE ( 'NONE', #3780, #1381, #388, .T. ) ;
#606 = EDGE_CURVE ( 'NONE', #599, #1923, #2593, .T. ) ;
#607 = ORIENTED_EDGE ( 'NONE', *, *, #3632, .F. ) ;
#608 = DIRECTION ( 'NONE',  ( 0.000000000000000000, 1.000000000000000000, 0.000000000000000000 ) ) ;
#609 = DIRECTION ( 'NONE',  ( 0.000000000000000000, -1.000000000000000000, 0.000000000000000000 ) ) ;
#610 = B_SPLINE_CURVE_WITH_KNOTS ( 'NONE', 3,
 ( #947, #327, #1228, #1565, #366, #1249 ),
 .UNSPECIFIED., .F., .F.,
 ( 4, 2, 4 ),
 ( 0.000000000000000000, 0.0005356649825019560267, 0.001071329965003912053 ),
 .UNSPECIFIED. ) ;
#611 = VECTOR ( 'NONE', #694, 1000.000000000000000 ) ;
#612 = VERTEX_POINT ( 'NONE', #1707 ) ;
#613 = ADVANCED_FACE ( 'NONE', ( #1135 ), #1752, .F. ) ;
#614 = SPHERICAL_SURFACE ( 'NONE', #635, 0.2000000000000000111 ) ;
#615 = CARTESIAN_POINT ( 'NONE',  ( 13.60729121006570885, 7.049269540290389990, 4.033211835975495596 ) ) ;
#616 = CARTESIAN_POINT ( 'NONE',  ( 14.18509956065411259, 2.649369830808020687, 5.173183357797627835 ) ) ;
#617 = ORIENTED_EDGE ( 'NONE', *, *, #3890, .F. ) ;
#618 = DIRECTION ( 'NONE',  ( 1.000000000000000000, 0.000000000000000000, 0.000000000000000000 ) ) ;
#619 = ORIENTED_EDGE ( 'NONE', *, *, #1753, .F. ) ;
#620 = CARTESIAN_POINT ( 'NONE',  ( 10.22391793754568567, 6.349269529859578931, 5.159748548525547207 ) ) ;
#621 = CARTESIAN_POINT ( 'NONE',  ( 8.707291137050036767, 2.449269550721202560, 4.033211835975495596 ) ) ;
#622 = ORIENTED_EDGE ( 'NONE', *, *, #1972, .F. ) ;
#623 = VERTEX_POINT ( 'NONE', #513 ) ;
#624 = CARTESIAN_POINT ( 'NONE',  ( 14.26026652642223880, 6.050516250021106934, 2.377261198047134538 ) ) ;
#625 = DIRECTION ( 'NONE',  ( -1.000000000000000000, 0.000000000000000000, 0.000000000000000000 ) ) ;
#626 = CIRCLE ( 'NONE', #16, 0.3500000156462182987 ) ;
#627 = DIRECTION ( 'NONE',  ( -0.8944271909999159664, 0.000000000000000000, -0.4472135954999579832 ) ) ;
#628 = CARTESIAN_POINT ( 'NONE',  ( 11.87214085549942411, 1.449269540290390568, 1.983211799467650360 ) ) ;
#629 = AXIS2_PLACEMENT_3D ( 'NONE', #3237, #892, #2100 ) ;
#630 = ADVANCED_FACE ( 'NONE', ( #1730 ), #3894, .T. ) ;
#631 = VECTOR ( 'NONE', #677, 1000.000000000000227 ) ;
#632 = DIRECTION ( 'NONE',  ( 0.000000000000000000, 0.000000000000000000, 1.000000000000000000 ) ) ;
#633 = DIRECTION ( 'NONE',  ( 1.000000000000000000, 0.000000000000000000, 0.000000000000000000 ) ) ;
#634 = VERTEX_POINT ( 'NONE', #1541 ) ;
#635 = AXIS2_PLACEMENT_3D ( 'NONE', #574, #3321, #2403 ) ;
#636 = CIRCLE ( 'NONE', #89, 1.050000015646217477 ) ;
#637 = CARTESIAN_POINT ( 'NONE',  ( 10.60328641521983961, 2.924710742751142067, 5.448602547743634616 ) ) ;
#638 = ORIENTED_EDGE ( 'NONE', *, *, #3416, .T. ) ;
#639 = LINE ( 'NONE', #64, #3791 ) ;
#640 = CARTESIAN_POINT ( 'NONE',  ( 9.757291152696254244, 7.049269540290389990, 4.033211835975495596 ) ) ;
#641 = VERTEX_POINT ( 'NONE', #3049 ) ;
#642 = CIRCLE ( 'NONE', #1794, 1.250000015646218099 ) ;
#643 = ADVANCED_FACE ( 'NONE', ( #1816 ), #1795, .F. ) ;
#644 = VERTEX_POINT ( 'NONE', #57 ) ;
#645 = DIRECTION ( 'NONE',  ( 1.000000000000000000, -0.000000000000000000, 0.000000000000000000 ) ) ;
#646 = FACE_OUTER_BOUND ( 'NONE', #801, .T. ) ;
#647 = ORIENTED_EDGE ( 'NONE', *, *, #141, .T. ) ;
#648 = CARTESIAN_POINT ( 'NONE',  ( 10.72097421671398543, 2.349269540290390701, 6.359748558956360043 ) ) ;
#649 = CARTESIAN_POINT ( 'NONE',  ( 14.65729122571193699, 1.849269540290390479, 6.483211872483341409 ) ) ;
#650 = DIRECTION ( 'NONE',  ( 1.000000000000000000, 0.000000000000000000, 0.000000000000000000 ) ) ;
#651 =( BOUNDED_CURVE ( )  B_SPLINE_CURVE ( 3, ( #2007, #1094, #2649, #3853 ),
 .UNSPECIFIED., .F., .T. ) 
 B_SPLINE_CURVE_WITH_KNOTS ( ( 4, 4 ),
 ( 1.570796326794897668, 2.356194490192344393 ),
 .UNSPECIFIED. ) 
 CURVE ( )  GEOMETRIC_REPRESENTATION_ITEM ( )  RATIONAL_B_SPLINE_CURVE ( ( 1.000000000000000000, 0.9492530216741912330, 0.9492530216741912330, 1.000000000000000000 ) ) 
 REPRESENTATION_ITEM ( '' )  );
#652 = VECTOR ( 'NONE', #2574, 1000.000000000000000 ) ;
#653 = CARTESIAN_POINT ( 'NONE',  ( 13.93241748075756092, 5.649269529859577865, 5.783211862052526797 ) ) ;
#654 = EDGE_CURVE ( 'NONE', #1801, #3230, #337, .T. ) ;
#655 = ADVANCED_FACE ( 'NONE', ( #1521 ), #1559, .T. ) ;
#656 = DIRECTION ( 'NONE',  ( 1.000000000000000000, 0.000000000000000000, 0.000000000000000000 ) ) ;
#657 = CIRCLE ( 'NONE', #1806, 1.250000015646218099 ) ;
#658 = CARTESIAN_POINT ( 'NONE',  ( 10.77211439563238393, 7.049269540290389990, 6.483211872483341409 ) ) ;
#659 = ORIENTED_EDGE ( 'NONE', *, *, #1938, .T. ) ;
#660 = CONICAL_SURFACE ( 'NONE', #3748, 1.050000015646217477, 0.7853981633974476129 ) ;
#661 = CARTESIAN_POINT ( 'NONE',  ( 13.40729121006570779, 6.349269529859585148, 3.635998235260132105 ) ) ;
#662 = ADVANCED_FACE ( 'NONE', ( #3306 ), #2731, .T. ) ;
#663 = VERTEX_POINT ( 'NONE', #1220 ) ;
#664 = CARTESIAN_POINT ( 'NONE',  ( 10.80729116834247172, 7.049269540290389990, 4.033211835975495596 ) ) ;
#665 = CARTESIAN_POINT ( 'NONE',  ( 11.88970279241824457, 7.749269540290391056, 5.924063709304787650 ) ) ;
#666 = ORIENTED_EDGE ( 'NONE', *, *, #3410, .F. ) ;
#667 = CIRCLE ( 'NONE', #1241, 0.2000000000000000944 ) ;
#668 = ORIENTED_EDGE ( 'NONE', *, *, #1323, .F. ) ;
#669 = ORIENTED_EDGE ( 'NONE', *, *, #397, .T. ) ;
#670 = EDGE_LOOP ( 'NONE', ( #3800, #3724, #1044, #2772 ) ) ;
#671 = CARTESIAN_POINT ( 'NONE',  ( 14.00032365415185609, 6.549169249772760715, 5.096646671324609024 ) ) ;
#672 = DIRECTION ( 'NONE',  ( -0.000000000000000000, -1.000000000000000000, -0.000000000000000000 ) ) ;
#673 = DIRECTION ( 'NONE',  ( -1.000000000000000000, 0.000000000000000000, -0.000000000000000000 ) ) ;
#674 = CARTESIAN_POINT ( 'NONE',  ( 10.80729116834247172, 7.049269540290389990, 4.033211835975495596 ) ) ;
#675 = CARTESIAN_POINT ( 'NONE',  ( 13.80816780864373960, 6.269843002865271409, 5.454476351286793090 ) ) ;
#676 = APPROVAL_DATE_TIME ( #3344, #2166 ) ;
#677 = DIRECTION ( 'NONE',  ( 0.4472135954999579277, -0.000000000000000000, -0.8944271909999158554 ) ) ;
#678 = ORIENTED_EDGE ( 'NONE', *, *, #3097, .F. ) ;
#679 = EDGE_CURVE ( 'NONE', #612, #139, #576, .T. ) ;
#680 = EDGE_CURVE ( 'NONE', #1386, #1769, #3641, .T. ) ;
#681 = DIRECTION ( 'NONE',  ( 0.9238795325112867385, 0.000000000000000000, -0.3826834323650898928 ) ) ;
#682 = ORIENTED_EDGE ( 'NONE', *, *, #1723, .T. ) ;
#683 = CARTESIAN_POINT ( 'NONE',  ( 14.18368442274654129, 5.837402301304861041, 2.283211809898461286 ) ) ;
#684 = CYLINDRICAL_SURFACE ( 'NONE', #1470, 1.050000015646217477 ) ;
#685 = ORIENTED_EDGE ( 'NONE', *, *, #735, .F. ) ;
#686 = EDGE_CURVE ( 'NONE', #3209, #1813, #3072, .T. ) ;
#687 = B_SPLINE_CURVE_WITH_KNOTS ( 'NONE', 3,
 ( #1726, #530, #772, #2883, #2302, #487 ),
 .UNSPECIFIED., .F., .F.,
 ( 4, 2, 4 ),
 ( -4.885601105846977419E-06, 0.0003210519307653784938, 0.0006469894626366039887 ),
 .UNSPECIFIED. ) ;
#688 = ORIENTED_EDGE ( 'NONE', *, *, #3608, .T. ) ;
#689 = EDGE_LOOP ( 'NONE', ( #2332, #3392, #3870, #517 ) ) ;
#690 = CARTESIAN_POINT ( 'NONE',  ( 14.00032365415184010, 2.849347546344283444, 5.093661158153028445 ) ) ;
#691 = ORIENTED_EDGE ( 'NONE', *, *, #907, .T. ) ;
#692 = CARTESIAN_POINT ( 'NONE',  ( 9.757291152696254244, 7.049269540290389990, 4.033211835975495596 ) ) ;
#693 = LINE ( 'NONE', #55, #901 ) ;
#694 = DIRECTION ( 'NONE',  ( 0.3826834323650898928, -0.000000000000000000, 0.9238795325112867385 ) ) ;
#695 = EDGE_CURVE ( 'NONE', #1492, #3080, #1680, .T. ) ;
#696 = CARTESIAN_POINT ( 'NONE',  ( 13.81171448435500970, 6.274614204089091096, 5.447816681484183299 ) ) ;
#697 = VECTOR ( 'NONE', #2361, 1000.000000000000000 ) ;
#698 = CARTESIAN_POINT ( 'NONE',  ( 9.198220210656822715, 2.894665294769365183, 2.701353683546293460 ) ) ;
#699 = EDGE_LOOP ( 'NONE', ( #1434, #3702, #3018, #798 ) ) ;
#700 = AXIS2_PLACEMENT_3D ( 'NONE', #3329, #1551, #3298 ) ;
#701 = FACE_OUTER_BOUND ( 'NONE', #2116, .T. ) ;
#702 = VERTEX_POINT ( 'NONE', #3639 ) ;
#703 = CARTESIAN_POINT ( 'NONE',  ( 14.18368442274654306, 5.649269529859577865, 2.283211809898462175 ) ) ;
#704 = EDGE_CURVE ( 'NONE', #2125, #2852, #3882, .T. ) ;
#705 = DIRECTION ( 'NONE',  ( -0.000000000000000000, 1.000000000000000000, -0.000000000000000000 ) ) ;
#706 = ORIENTED_EDGE ( 'NONE', *, *, #907, .F. ) ;
#707 = VECTOR ( 'NONE', #633, 1000.000000000000000 ) ;
#708 = VERTEX_POINT ( 'NONE', #3343 ) ;
#709 = VECTOR ( 'NONE', #125, 1000.000000000000000 ) ;
#710 = CARTESIAN_POINT ( 'NONE',  ( 13.97905823893396260, 6.349269529859585148, 5.083211862052529284 ) ) ;
#711 = VERTEX_POINT ( 'NONE', #2460 ) ;
#712 = ADVANCED_FACE ( 'NONE', ( #3676 ), #145, .T. ) ;
#713 = EDGE_CURVE ( 'NONE', #3333, #3831, #96, .T. ) ;
#714 = CIRCLE ( 'NONE', #91, 0.3500000156462182987 ) ;
#715 = FACE_OUTER_BOUND ( 'NONE', #3395, .T. ) ;
#716 = EDGE_LOOP ( 'NONE', ( #678, #2296, #1920, #1894 ) ) ;
#717 = LINE ( 'NONE', #3383, #2056 ) ;
#718 = EDGE_CURVE ( 'NONE', #757, #2012, #1338, .T. ) ;
#719 = CARTESIAN_POINT ( 'NONE',  ( 10.33652811850152098, 2.149269540290390523, 4.908988388699856209 ) ) ;
#720 = CARTESIAN_POINT ( 'NONE',  ( 8.746176573163856105, 2.849269550721202915, 4.052654554032406153 ) ) ;
#721 = CARTESIAN_POINT ( 'NONE',  ( 9.341176582030049858, 6.849269540290390701, 2.862654536300017316 ) ) ;
#722 = CARTESIAN_POINT ( 'NONE',  ( 10.78148605018372841, 5.649269529859577865, 5.783211862052528573 ) ) ;
#723 = CIRCLE ( 'NONE', #2800, 0.2000000000000004829 ) ;
#724 = DIRECTION ( 'NONE',  ( -0.4472135954999579277, 0.000000000000000000, 0.8944271909999158554 ) ) ;
#725 = ORIENTED_EDGE ( 'NONE', *, *, #3586, .F. ) ;
#726 = CARTESIAN_POINT ( 'NONE',  ( 14.08757551546012898, 2.649269550721202293, 4.915211859983055653 ) ) ;
#727 = CARTESIAN_POINT ( 'NONE',  ( 10.12249850837398668, 2.722149687005101626, 4.914900387131080350 ) ) ;
#728 = ORIENTED_EDGE ( 'NONE', *, *, #2292, .T. ) ;
#729 = CIRCLE ( 'NONE', #3314, 0.2000000000000002331 ) ;
#730 = ORIENTED_EDGE ( 'NONE', *, *, #3818, .F. ) ;
#731 = DIRECTION ( 'NONE',  ( 1.000000000000000000, 0.000000000000000000, 0.000000000000000000 ) ) ;
#732 = ORIENTED_EDGE ( 'NONE', *, *, #961, .F. ) ;
#733 = VECTOR ( 'NONE', #3682, 1000.000000000000000 ) ;
#734 = CARTESIAN_POINT ( 'NONE',  ( 13.98612098675487836, 2.849269550721202471, 5.086760149778807083 ) ) ;
#735 = EDGE_CURVE ( 'NONE', #287, #2597, #790, .T. ) ;
#736 = CARTESIAN_POINT ( 'NONE',  ( 10.29231001880588892, 7.049269540290833191, 4.938234156723508406 ) ) ;
#737 = PLANE ( 'NONE',  #59 ) ;
#738 = EDGE_CURVE ( 'NONE', #3128, #599, #1951, .T. ) ;
#739 = CARTESIAN_POINT ( 'NONE',  ( 9.201235478273847690, 2.149269540290390523, 3.142536743812421651 ) ) ;
#740 = CARTESIAN_POINT ( 'NONE',  ( 9.557443976837651789, 2.989502772892872251, 2.553029094065625504 ) ) ;
#741 = CARTESIAN_POINT ( 'NONE',  ( 11.87214085549942411, 7.749269540290391056, 1.983211799467650360 ) ) ;
#742 = VECTOR ( 'NONE', #3439, 1000.000000000000000 ) ;
#743 = ORIENTED_EDGE ( 'NONE', *, *, #3783, .T. ) ;
#744 = DIRECTION ( 'NONE',  ( 0.9238795325112867385, 0.000000000000000000, -0.3826834323650899483 ) ) ;
#745 = DIRECTION ( 'NONE',  ( 0.000000000000000000, 1.000000000000000000, 0.000000000000000000 ) ) ;
#746 = ORIENTED_EDGE ( 'NONE', *, *, #585, .F. ) ;
#747 = DIRECTION ( 'NONE',  ( -0.9238795325112854062, 0.000000000000000000, 0.3826834323650931124 ) ) ;
#748 = ORIENTED_EDGE ( 'NONE', *, *, #72, .F. ) ;
#749 = EDGE_LOOP ( 'NONE', ( #1002, #3499, #2797, #3282 ) ) ;
#750 = CARTESIAN_POINT ( 'NONE',  ( 8.898496370700307523, 6.392378871260076423, 3.539220192609832782 ) ) ;
#751 = CARTESIAN_POINT ( 'NONE',  ( 8.714457122552477841, 6.880459505081116589, 3.668879859755207029 ) ) ;
#752 = EDGE_CURVE ( 'NONE', #3613, #3891, #2537, .T. ) ;
#753 = CARTESIAN_POINT ( 'NONE',  ( 9.757291152696254244, 7.049269540290389990, 4.033211835975495596 ) ) ;
#754 = FACE_OUTER_BOUND ( 'NONE', #2389, .T. ) ;
#755 = ADVANCED_FACE ( 'NONE', ( #1934 ), #417, .T. ) ;
#756 = CARTESIAN_POINT ( 'NONE',  ( 9.507526477169172097, 6.260920007653774100, 2.630678537994264765 ) ) ;
#757 = VERTEX_POINT ( 'NONE', #1648 ) ;
#758 = DIRECTION ( 'NONE',  ( 1.000000000000000000, 0.000000000000000000, 0.000000000000000000 ) ) ;
#759 = CYLINDRICAL_SURFACE ( 'NONE', #2472, 0.1999999999999996503 ) ;
#760 = ADVANCED_FACE ( 'NONE', ( #2228 ), #1322, .F. ) ;
#761 = EDGE_LOOP ( 'NONE', ( #1751, #3551, #1549, #3334 ) ) ;
#762 = CIRCLE ( 'NONE', #2536, 0.2000000000000000944 ) ;
#763 = FACE_OUTER_BOUND ( 'NONE', #3206, .T. ) ;
#764 = EDGE_LOOP ( 'NONE', ( #2326, #1858, #2217, #2218 ) ) ;
#765 = AXIS2_PLACEMENT_3D ( 'NONE', #1506, #1856, #1263 ) ;
#766 = CARTESIAN_POINT ( 'NONE',  ( 14.31407195233471263, 3.079481527361834114, 2.269650346222079840 ) ) ;
#767 = EDGE_CURVE ( 'NONE', #2765, #3866, #2265, .T. ) ;
#768 = CYLINDRICAL_SURFACE ( 'NONE', #1617, 0.1999999999999996503 ) ;
#769 = CYLINDRICAL_SURFACE ( 'NONE', #1063, 0.1999999999999996503 ) ;
#770 = AXIS2_PLACEMENT_3D ( 'NONE', #2198, #1921, #3119 ) ;
#771 = DIRECTION ( 'NONE',  ( 1.000000000000000000, 0.000000000000000000, 0.000000000000000000 ) ) ;
#772 = CARTESIAN_POINT ( 'NONE',  ( 11.66902285011983409, 7.709197461773605653, 2.202310830333262359 ) ) ;
#773 = ADVANCED_FACE ( 'NONE', ( #3423 ), #2841, .T. ) ;
#774 = CARTESIAN_POINT ( 'NONE',  ( 9.280897945230828228, 2.649269550721203181, 2.983211809898461908 ) ) ;
#775 = ORIENTED_EDGE ( 'NONE', *, *, #3166, .T. ) ;
#776 = CYLINDRICAL_SURFACE ( 'NONE', #2847, 0.2000000000000002331 ) ;
#777 = CARTESIAN_POINT ( 'NONE',  ( 14.65729122571193699, 7.049269540290389990, 6.483211872483341409 ) ) ;
#778 = ORIENTED_EDGE ( 'NONE', *, *, #3026, .F. ) ;
#779 = VECTOR ( 'NONE', #843, 1000.000000000000000 ) ;
#780 = EDGE_CURVE ( 'NONE', #1644, #2430, #3182, .T. ) ;
#781 =( BOUNDED_CURVE ( )  B_SPLINE_CURVE ( 3, ( #1130, #1454, #2339, #1070 ),
 .UNSPECIFIED., .F., .F. ) 
 B_SPLINE_CURVE_WITH_KNOTS ( ( 4, 4 ),
 ( 2.356194490192344393, 3.141592653589793116 ),
 .UNSPECIFIED. ) 
 CURVE ( )  GEOMETRIC_REPRESENTATION_ITEM ( )  RATIONAL_B_SPLINE_CURVE ( ( 1.000000000000000000, 0.9492530216741910110, 0.9492530216741910110, 1.000000000000000000 ) ) 
 REPRESENTATION_ITEM ( '' )  );
#782 = CARTESIAN_POINT ( 'NONE',  ( 11.68229118138100731, 2.149269540290390523, 4.033211835975495596 ) ) ;
#783 = ORIENTED_EDGE ( 'NONE', *, *, #2180, .T. ) ;
#784 = CARTESIAN_POINT ( 'NONE',  ( 10.15910876266714880, 2.349269540290390701, 5.003285359567566815 ) ) ;
#785 = AXIS2_PLACEMENT_3D ( 'NONE', #1517, #3619, #3320 ) ;
#786 = FACE_BOUND ( 'NONE', #2210, .T. ) ;
#787 = EDGE_LOOP ( 'NONE', ( #1757, #1841, #3536, #10 ) ) ;
#788 = CARTESIAN_POINT ( 'NONE',  ( 14.05188247428048776, 3.054294803890619026, 2.488237063067879173 ) ) ;
#789 = CARTESIAN_POINT ( 'NONE',  ( 11.47214085549942375, 1.739468918223146421, 2.283414511802114966 ) ) ;
#790 =( BOUNDED_CURVE ( )  B_SPLINE_CURVE ( 3, ( #400, #3753, #696, #2825 ),
 .UNSPECIFIED., .F., .F. ) 
 B_SPLINE_CURVE_WITH_KNOTS ( ( 4, 4 ),
 ( 1.585724447098807444, 2.356194490192343949 ),
 .UNSPECIFIED. ) 
 CURVE ( )  GEOMETRIC_REPRESENTATION_ITEM ( )  RATIONAL_B_SPLINE_CURVE ( ( 1.000000000000000000, 0.9511400950592407977, 0.9511400950592407977, 1.000000000000000000 ) ) 
 REPRESENTATION_ITEM ( '' )  );
#791 = CARTESIAN_POINT ( 'NONE',  ( 15.00729124135815518, 1.449269540290390568, 4.033211835975495596 ) ) ;
#792 = DIRECTION ( 'NONE',  ( 2.774754023183460056E-16, -0.000000000000000000, 1.000000000000000000 ) ) ;
#793 = CARTESIAN_POINT ( 'NONE',  ( 14.51256986616195555, 2.499269545505796053, 1.872654518567653303 ) ) ;
#794 = CARTESIAN_POINT ( 'NONE',  ( 9.398684502421060571, 6.331050397581184264, 2.799988276491531813 ) ) ;
#795 = ORIENTED_EDGE ( 'NONE', *, *, #3895, .F. ) ;
#796 = CARTESIAN_POINT ( 'NONE',  ( 11.48970279241824421, 7.049269540290389990, 5.765623475697482903 ) ) ;
#797 = FACE_OUTER_BOUND ( 'NONE', #2202, .T. ) ;
#798 = ORIENTED_EDGE ( 'NONE', *, *, #805, .F. ) ;
#799 = EDGE_CURVE ( 'NONE', #2598, #1586, #1560, .T. ) ;
#800 = DIRECTION ( 'NONE',  ( -0.3826834323650898928, 0.000000000000000000, -0.9238795325112867385 ) ) ;
#801 = EDGE_LOOP ( 'NONE', ( #1805, #3063, #571, #1160 ) ) ;
#802 = DIRECTION ( 'NONE',  ( 0.000000000000000000, -1.000000000000000000, 0.000000000000000000 ) ) ;
#803 =( BOUNDED_CURVE ( )  B_SPLINE_CURVE ( 3, ( #1278, #2498, #2185, #1320 ),
 .UNSPECIFIED., .F., .T. ) 
 B_SPLINE_CURVE_WITH_KNOTS ( ( 4, 4 ),
 ( 4.712388980384689674, 5.890486225480861648 ),
 .UNSPECIFIED. ) 
 CURVE ( )  GEOMETRIC_REPRESENTATION_ITEM ( )  RATIONAL_B_SPLINE_CURVE ( ( 1.000000000000000000, 0.8876464082016968238, 0.8876464082016968238, 1.000000000000000000 ) ) 
 REPRESENTATION_ITEM ( '' )  );
#804 = LINE ( 'NONE', #2259, #1153 ) ;
#805 = EDGE_CURVE ( 'NONE', #918, #1900, #3693, .T. ) ;
#806 = ORIENTED_EDGE ( 'NONE', *, *, #2180, .F. ) ;
#807 = CARTESIAN_POINT ( 'NONE',  ( 10.78148605018372841, 7.049269540290389990, 5.983211862052527863 ) ) ;
#808 = CYLINDRICAL_SURFACE ( 'NONE', #2144, 0.2000000000000005107 ) ;
#809 = CARTESIAN_POINT ( 'NONE',  ( 14.65729122571193699, 7.749269540290391056, 6.083211872483341054 ) ) ;
#810 = CARTESIAN_POINT ( 'NONE',  ( 14.65729122571193699, 2.149269540290390523, 4.033211835975495596 ) ) ;
#811 = DIRECTION ( 'NONE',  ( 1.000000000000000000, 0.000000000000000000, 0.000000000000000000 ) ) ;
#812 = VERTEX_POINT ( 'NONE', #377 ) ;
#813 = AXIS2_PLACEMENT_3D ( 'NONE', #2186, #3709, #650 ) ;
#814 = CARTESIAN_POINT ( 'NONE',  ( 11.48970279241824421, 7.049269540290389990, 6.483211872483341409 ) ) ;
#815 = ORIENTED_EDGE ( 'NONE', *, *, #1347, .T. ) ;
#816 = CARTESIAN_POINT ( 'NONE',  ( 10.16938153938365197, 6.349269529859586036, 4.610578322021172681 ) ) ;
#817 = DIRECTION ( 'NONE',  ( -0.000000000000000000, 1.000000000000000000, 0.000000000000000000 ) ) ;
#818 = ORIENTED_EDGE ( 'NONE', *, *, #3601, .T. ) ;
#819 = VECTOR ( 'NONE', #1745, 1000.000000000000000 ) ;
#820 = CARTESIAN_POINT ( 'NONE',  ( 11.48970279241824777, 1.739581131620113963, 5.765623475697482014 ) ) ;
#821 = EDGE_CURVE ( 'NONE', #812, #1801, #2064, .T. ) ;
#822 = EDGE_CURVE ( 'NONE', #1213, #849, #1069, .T. ) ;
#823 = VERTEX_POINT ( 'NONE', #3495 ) ;
#824 = LINE ( 'NONE', #1191, #1157 ) ;
#825 = DIRECTION ( 'NONE',  ( 1.000000000000000000, 0.000000000000000000, 0.000000000000000000 ) ) ;
#826 = CONICAL_SURFACE ( 'NONE', #1649, 1.050000015646217477, 0.7853981633974476129 ) ;
#827 = FACE_OUTER_BOUND ( 'NONE', #69, .T. ) ;
#828 = EDGE_CURVE ( 'NONE', #2601, #2819, #3489, .T. ) ;
#829 = CIRCLE ( 'NONE', #1712, 1.050000015646217477 ) ;
#830 = EDGE_CURVE ( 'NONE', #2028, #3325, #1396, .T. ) ;
#831 = ORIENTED_EDGE ( 'NONE', *, *, #2922, .T. ) ;
#832 = CARTESIAN_POINT ( 'NONE',  ( 14.05188247428048776, 6.144244276690161932, 2.488237063067879173 ) ) ;
#833 =( BOUNDED_SURFACE ( )  B_SPLINE_SURFACE ( 3, 2, ( 
 ( #3736, #3137, #121 ),
 ( #3171, #2545, #474 ),
 ( #1622, #3794, #172 ),
 ( #2887, #1042, #3427 ) ),
 .UNSPECIFIED., .F., .F., .F. ) 
 B_SPLINE_SURFACE_WITH_KNOTS ( ( 4, 4 ),
 ( 3, 3 ),
 ( 0.000000000000000000, 2.476040640396509046E-05 ),
 ( 0.000000000000000000, 1.000000000000000000 ),
 .UNSPECIFIED. ) 
 GEOMETRIC_REPRESENTATION_ITEM ( )  RATIONAL_B_SPLINE_SURFACE ( (
 ( 1.000000000000000000, 0.7071067811865475727, 1.000000000000000000),
 ( 1.000000000000000000, 0.7086109587191895542, 1.000000000000000000),
 ( 1.000000000000000000, 0.7101033832287072523, 1.000000000000000000),
 ( 1.000000000000000000, 0.7115826005015919442, 1.000000000000000000) ) ) 
 REPRESENTATION_ITEM ( '' )  SURFACE ( )  );
#834 = CARTESIAN_POINT ( 'NONE',  ( 9.280897945230828228, 2.849269550721202915, 2.983211809898461908 ) ) ;
#835 = VECTOR ( 'NONE', #1727, 1000.000000000000000 ) ;
#836 =( BOUNDED_CURVE ( )  B_SPLINE_CURVE ( 3, ( #2054, #3274, #2078, #3518 ),
 .UNSPECIFIED., .F., .T. ) 
 B_SPLINE_CURVE_WITH_KNOTS ( ( 4, 4 ),
 ( 3.141592653589793116, 4.712388980384687898 ),
 .UNSPECIFIED. ) 
 CURVE ( )  GEOMETRIC_REPRESENTATION_ITEM ( )  RATIONAL_B_SPLINE_CURVE ( ( 1.000000000000000000, 0.8047378541243654926, 0.8047378541243654926, 1.000000000000000000 ) ) 
 REPRESENTATION_ITEM ( '' )  );
#837 = VECTOR ( 'NONE', #3398, 1000.000000000000000 ) ;
#838 = CARTESIAN_POINT ( 'NONE',  ( 13.60729121006570885, 7.049269540290389990, 3.683211830760089178 ) ) ;
#839 = ADVANCED_FACE ( 'NONE', ( #3513 ), #2047, .F. ) ;
#840 = DIRECTION ( 'NONE',  ( 1.000000000000000000, -0.000000000000000000, -0.000000000000000000 ) ) ;
#841 = DIRECTION ( 'NONE',  ( -1.000000000000000000, 0.000000000000000000, 0.000000000000000000 ) ) ;
#842 = VECTOR ( 'NONE', #2990, 1000.000000000000000 ) ;
#843 = DIRECTION ( 'NONE',  ( 0.000000000000000000, 1.000000000000000000, 0.000000000000000000 ) ) ;
#844 = ORIENTED_EDGE ( 'NONE', *, *, #299, .F. ) ;
#845 = DIRECTION ( 'NONE',  ( 0.000000000000000000, 0.000000000000000000, 1.000000000000000000 ) ) ;
#846 = CARTESIAN_POINT ( 'NONE',  ( 14.65729122571193699, 6.549269529859585326, 4.033211835975495596 ) ) ;
#847 = ORIENTED_EDGE ( 'NONE', *, *, #1615, .F. ) ;
#848 = DIRECTION ( 'NONE',  ( 1.000000000000000000, 0.000000000000000000, 0.000000000000000000 ) ) ;
#849 = VERTEX_POINT ( 'NONE', #261 ) ;
#850 = CARTESIAN_POINT ( 'NONE',  ( 13.91256986094652781, 2.649269550721202293, 3.072654528998452594 ) ) ;
#851 = DIRECTION ( 'NONE',  ( -1.000000000000000000, 0.000000000000000000, 0.000000000000000000 ) ) ;
#852 = CARTESIAN_POINT ( 'NONE',  ( 13.73368442274654377, 6.349269529859585148, 2.983211809898461908 ) ) ;
#853 = VECTOR ( 'NONE', #2128, 1000.000000000000000 ) ;
#854 = ORIENTED_EDGE ( 'NONE', *, *, #1695, .T. ) ;
#855 = AXIS2_PLACEMENT_3D ( 'NONE', #1909, #1035, #2783 ) ;
#856 = CARTESIAN_POINT ( 'NONE',  ( 14.65729122571193699, 7.349269540290390701, 1.583211799467650227 ) ) ;
#857 = DIRECTION ( 'NONE',  ( 0.4472135954999579277, -0.000000000000000000, -0.8944271909999158554 ) ) ;
#858 = AXIS2_PLACEMENT_3D ( 'NONE', #3761, #1446, #3210 ) ;
#859 = ORIENTED_EDGE ( 'NONE', *, *, #2613, .T. ) ;
#860 = CARTESIAN_POINT ( 'NONE',  ( 11.87214085549942411, 7.749269540290391056, 2.122737826037631059 ) ) ;
#861 = AXIS2_PLACEMENT_3D ( 'NONE', #1669, #2188, #168 ) ;
#862 = DIRECTION ( 'NONE',  ( 0.000000000000000000, 1.000000000000000000, 0.000000000000000000 ) ) ;
#863 = EDGE_CURVE ( 'NONE', #1512, #644, #657, .T. ) ;
#864 = VERTEX_POINT ( 'NONE', #860 ) ;
#865 = CARTESIAN_POINT ( 'NONE',  ( 8.928405698850053085, 2.849269550721202471, 3.240982707160053877 ) ) ;
#866 = VERTEX_POINT ( 'NONE', #219 ) ;
#867 = CARTESIAN_POINT ( 'NONE',  ( 14.65729122571193699, 7.049269540290389990, 4.033211835975495596 ) ) ;
#868 = DIRECTION ( 'NONE',  ( 1.000000000000000000, 0.000000000000000000, 0.000000000000000000 ) ) ;
#869 = ORIENTED_EDGE ( 'NONE', *, *, #821, .T. ) ;
#870 = CARTESIAN_POINT ( 'NONE',  ( 11.88970279241824457, 1.449269540290390568, 5.924063709304787650 ) ) ;
#871 = ORIENTED_EDGE ( 'NONE', *, *, #2858, .T. ) ;
#872 = DIRECTION ( 'NONE',  ( 0.000000000000000000, -1.000000000000000000, 0.000000000000000000 ) ) ;
#873 = FACE_OUTER_BOUND ( 'NONE', #1193, .T. ) ;
#874 = ORIENTED_EDGE ( 'NONE', *, *, #1907, .F. ) ;
#875 = CARTESIAN_POINT ( 'NONE',  ( 13.97148533665652970, 6.549269529830725745, 2.954823577578443938 ) ) ;
#876 = CARTESIAN_POINT ( 'NONE',  ( 9.599095996764773986, 3.054294803890619026, 2.488237063067879173 ) ) ;
#877 = ORIENTED_EDGE ( 'NONE', *, *, #3211, .T. ) ;
#878 = DIRECTION ( 'NONE',  ( 0.000000000000000000, 0.000000000000000000, 1.000000000000000000 ) ) ;
#879 = EDGE_CURVE ( 'NONE', #3721, #1807, #1986, .T. ) ;
#880 = DIRECTION ( 'NONE',  ( 0.000000000000000000, -1.000000000000000000, 0.000000000000000000 ) ) ;
#881 = ORIENTED_EDGE ( 'NONE', *, *, #1219, .F. ) ;
#882 = CARTESIAN_POINT ( 'NONE',  ( 9.107291137050037122, 6.349269529859585148, 3.330425426260044564 ) ) ;
#883 = ADVANCED_FACE ( 'NONE', ( #1687 ), #2588, .T. ) ;
#884 = ORIENTED_EDGE ( 'NONE', *, *, #1096, .F. ) ;
#885 = CARTESIAN_POINT ( 'NONE',  ( 14.33368442796194842, 2.499269545505796053, 1.583211799467650227 ) ) ;
#886 = CARTESIAN_POINT ( 'NONE',  ( 14.65729122571193699, 7.249269540290389280, 1.583211799467650227 ) ) ;
#887 = ORIENTED_EDGE ( 'NONE', *, *, #2164, .T. ) ;
#888 = CC_DESIGN_PERSON_AND_ORGANIZATION_ASSIGNMENT ( #1892, #980, ( #451 ) ) ;
#889 = CYLINDRICAL_SURFACE ( 'NONE', #2311, 0.7000000000000000666 ) ;
#890 = ORIENTED_EDGE ( 'NONE', *, *, #2894, .F. ) ;
#891 = DIRECTION ( 'NONE',  ( 1.000000000000000000, 0.000000000000000000, 0.000000000000000000 ) ) ;
#892 = DIRECTION ( 'NONE',  ( -1.000000000000000000, 0.000000000000000000, 0.000000000000000000 ) ) ;
#893 = EDGE_LOOP ( 'NONE', ( #2288, #2314, #541, #3139 ) ) ;
#894 = CARTESIAN_POINT ( 'NONE',  ( 14.36256986090604748, 5.885550749996625086, 2.172654529079405705 ) ) ;
#895 = AXIS2_PLACEMENT_3D ( 'NONE', #218, #2572, #2920 ) ;
#896 = AXIS2_PLACEMENT_3D ( 'NONE', #1043, #1344, #1922 ) ;
#897 = EDGE_LOOP ( 'NONE', ( #1992, #162, #859, #586 ) ) ;
#898 = LINE ( 'NONE', #3362, #100 ) ;
#899 = CIRCLE ( 'NONE', #1282, 0.1999999999999996503 ) ;
#900 = CARTESIAN_POINT ( 'NONE',  ( 11.47214085549942553, 1.849269540290390479, 1.583211799467650227 ) ) ;
#901 = VECTOR ( 'NONE', #3728, 1000.000000000000000 ) ;
#902 = CARTESIAN_POINT ( 'NONE',  ( 13.85725698445084042, 6.114645992183056933, 5.964665351590904052 ) ) ;
#903 = CARTESIAN_POINT ( 'NONE',  ( 14.65729122571193699, 1.849269540290390479, 1.583211799467650227 ) ) ;
#904 = FACE_OUTER_BOUND ( 'NONE', #2462, .T. ) ;
#905 = ORIENTED_EDGE ( 'NONE', *, *, #3436, .T. ) ;
#906 = EDGE_CURVE ( 'NONE', #3831, #1714, #3202, .T. ) ;
#907 = EDGE_CURVE ( 'NONE', #3509, #1535, #1557, .T. ) ;
#908 = LOCAL_TIME ( 17, 54, 16.00000000000000000, #964 ) ;
#909 = VERTEX_POINT ( 'NONE', #1155 ) ;
#910 = CARTESIAN_POINT ( 'NONE',  ( 14.36256986094652355, 3.022061756856988968, 2.172654528998454015 ) ) ;
#911 = DIRECTION ( 'NONE',  ( 0.000000000000000000, -1.000000000000000000, 0.000000000000000000 ) ) ;
#912 = ORIENTED_EDGE ( 'NONE', *, *, #131, .F. ) ;
#913 = EDGE_CURVE ( 'NONE', #864, #2819, #687, .T. ) ;
#914 = ORIENTED_EDGE ( 'NONE', *, *, #1728, .T. ) ;
#915 = CARTESIAN_POINT ( 'NONE',  ( 9.757291152696254244, 2.449269550721202560, 4.033211835975495596 ) ) ;
#916 = CARTESIAN_POINT ( 'NONE',  ( 9.757291152696254244, 1.449269540290390568, 4.033211835975495596 ) ) ;
#917 = CIRCLE ( 'NONE', #2432, 0.2000000000000002331 ) ;
#918 = VERTEX_POINT ( 'NONE', #2921 ) ;
#919 =( BOUNDED_CURVE ( )  B_SPLINE_CURVE ( 3, ( #832, #525, #2002, #466 ),
 .UNSPECIFIED., .F., .F. ) 
 B_SPLINE_CURVE_WITH_KNOTS ( ( 4, 4 ),
 ( 3.926990816987242283, 4.712388980384688786 ),
 .UNSPECIFIED. ) 
 CURVE ( )  GEOMETRIC_REPRESENTATION_ITEM ( )  RATIONAL_B_SPLINE_CURVE ( ( 1.000000000000000000, 0.9492530216741912330, 0.9492530216741912330, 1.000000000000000000 ) ) 
 REPRESENTATION_ITEM ( '' )  );
#920 = CARTESIAN_POINT ( 'NONE',  ( 14.65729122571193699, 7.049269540290389990, 4.033211835975495596 ) ) ;
#921 = DIRECTION ( 'NONE',  ( 0.000000000000000000, 1.000000000000000000, 0.000000000000000000 ) ) ;
#922 = AXIS2_PLACEMENT_3D ( 'NONE', #1392, #1452, #2861 ) ;
#923 = DIRECTION ( 'NONE',  ( -1.000000000000000000, 0.000000000000000000, 0.000000000000000000 ) ) ;
#924 = CIRCLE ( 'NONE', #3435, 0.1999999999999997058 ) ;
#925 = PERSON_AND_ORGANIZATION_ROLE ( 'creator' ) ;
#926 = CARTESIAN_POINT ( 'NONE',  ( 13.67248107794862122, 3.187310080025191450, 5.709258264436753549 ) ) ;
#927 = VERTEX_POINT ( 'NONE', #2627 ) ;
#928 = CARTESIAN_POINT ( 'NONE',  ( 9.552012507030845256, 5.649269529859577865, 1.993769090798470645 ) ) ;
#929 = VERTEX_POINT ( 'NONE', #3829 ) ;
#930 = EDGE_CURVE ( 'NONE', #971, #757, #1131, .T. ) ;
#931 = CARTESIAN_POINT ( 'NONE',  ( 14.00032365414988611, 2.649369830805032855, 5.096646671323892264 ) ) ;
#932 = VERTEX_POINT ( 'NONE', #1770 ) ;
#933 = CARTESIAN_POINT ( 'NONE',  ( 13.91256986094652603, 6.349269529859578931, 3.072654528998453483 ) ) ;
#934 = EDGE_CURVE ( 'NONE', #2734, #2028, #2340, .T. ) ;
#935 = CARTESIAN_POINT ( 'NONE',  ( 13.67143816358011676, 6.011214318237783516, 5.711216567335491767 ) ) ;
#936 = ORIENTED_EDGE ( 'NONE', *, *, #2304, .F. ) ;
#937 = DIRECTION ( 'NONE',  ( -0.8400000103473665991, 0.000000000000000000, -0.5425863826308436888 ) ) ;
#938 = VECTOR ( 'NONE', #448, 1000.000000000000000 ) ;
#939 =( BOUNDED_CURVE ( )  B_SPLINE_CURVE ( 3, ( #2569, #3765, #2318, #1067 ),
 .UNSPECIFIED., .F., .T. ) 
 B_SPLINE_CURVE_WITH_KNOTS ( ( 4, 4 ),
 ( 1.570796326794896336, 2.748893571891069865 ),
 .UNSPECIFIED. ) 
 CURVE ( )  GEOMETRIC_REPRESENTATION_ITEM ( )  RATIONAL_B_SPLINE_CURVE ( ( 1.000000000000000000, 0.8876464082016966017, 0.8876464082016966017, 1.000000000000000000 ) ) 
 REPRESENTATION_ITEM ( '' )  );
#940 = DIRECTION ( 'NONE',  ( 1.000000000000000000, 0.000000000000000000, 0.000000000000000000 ) ) ;
#941 = CALENDAR_DATE ( 2024, 29, 4 ) ;
#942 = CARTESIAN_POINT ( 'NONE',  ( 13.60729121006571951, 7.049269540290389990, 4.033211835975495596 ) ) ;
#943 = ORIENTED_EDGE ( 'NONE', *, *, #1474, .T. ) ;
#944 = ADVANCED_FACE ( 'NONE', ( #1705 ), #2942, .T. ) ;
#945 = CARTESIAN_POINT ( 'NONE',  ( 10.48216489769467152, 3.400893526873147277, 5.783211862159205019 ) ) ;
#946 = ORIENTED_EDGE ( 'NONE', *, *, #3110, .T. ) ;
#947 = CARTESIAN_POINT ( 'NONE',  ( 9.201235478273847690, 7.049269540290389990, 3.142536743812421651 ) ) ;
#948 = DIRECTION ( 'NONE',  ( 0.000000000000000000, -1.000000000000000000, 0.000000000000000000 ) ) ;
#949 = ORIENTED_EDGE ( 'NONE', *, *, #3411, .T. ) ;
#950 = EDGE_CURVE ( 'NONE', #1995, #1288, #1479, .T. ) ;
#951 = ORIENTED_EDGE ( 'NONE', *, *, #1054, .F. ) ;
#952 = CARTESIAN_POINT ( 'NONE',  ( 14.30729122045262791, 5.849429594555184408, 2.283211809985990826 ) ) ;
#953 = CARTESIAN_POINT ( 'NONE',  ( 9.107291137050037122, 6.549269529859585326, 3.330425426260044119 ) ) ;
#954 = ORIENTED_EDGE ( 'NONE', *, *, #3580, .T. ) ;
#955 = EDGE_CURVE ( 'NONE', #1644, #1801, #1071, .T. ) ;
#956 = EDGE_CURVE ( 'NONE', #1512, #3615, #723, .T. ) ;
#957 = DIRECTION ( 'NONE',  ( 0.000000000000000000, 0.000000000000000000, -1.000000000000000000 ) ) ;
#958 = CARTESIAN_POINT ( 'NONE',  ( 10.78148605018372841, 5.649269529859577865, 5.783211862052528573 ) ) ;
#959 = CARTESIAN_POINT ( 'NONE',  ( 13.98611519191471331, 6.349269529859578043, 5.086757237481349669 ) ) ;
#960 = VECTOR ( 'NONE', #2642, 1000.000000000000000 ) ;
#961 = EDGE_CURVE ( 'NONE', #3721, #3128, #917, .T. ) ;
#962 = CARTESIAN_POINT ( 'NONE',  ( 8.707291138522805340, 2.529457052099741254, 3.683211827814729666 ) ) ;
#963 = CIRCLE ( 'NONE', #3607, 0.2000000000000002887 ) ;
#964 = COORDINATED_UNIVERSAL_TIME_OFFSET ( 1, 0, .AHEAD. ) ;
#965 = ORIENTED_EDGE ( 'NONE', *, *, #2759, .T. ) ;
#966 = CIRCLE ( 'NONE', #2289, 0.4000000000000001887 ) ;
#967 = FACE_OUTER_BOUND ( 'NONE', #2354, .T. ) ;
#968 = ORIENTED_EDGE ( 'NONE', *, *, #1953, .F. ) ;
#969 = CARTESIAN_POINT ( 'NONE',  ( 10.78148605018372841, 5.649269529859576089, 5.783211862052529462 ) ) ;
#970 = DIRECTION ( 'NONE',  ( 0.000000000000000000, 1.000000000000000000, 0.000000000000000000 ) ) ;
#971 = VERTEX_POINT ( 'NONE', #2382 ) ;
#972 = ORIENTED_EDGE ( 'NONE', *, *, #879, .F. ) ;
#973 = CARTESIAN_POINT ( 'NONE',  ( 9.107291137050037122, 6.749269529859585504, 5.783211862052528573 ) ) ;
#974 = ORIENTED_EDGE ( 'NONE', *, *, #352, .F. ) ;
#975 = DIRECTION ( 'NONE',  ( 0.000000000000000000, 0.000000000000000000, -1.000000000000000000 ) ) ;
#976 = CARTESIAN_POINT ( 'NONE',  ( 9.880897950446232869, 6.849269540290390701, 1.783211799467650405 ) ) ;
#977 = EDGE_CURVE ( 'NONE', #3312, #3226, #898, .T. ) ;
#978 = AXIS2_PLACEMENT_3D ( 'NONE', #1115, #186, #2650 ) ;
#979 = CARTESIAN_POINT ( 'NONE',  ( 8.718472806373116057, 2.182018957610845078, 3.856795617056261172 ) ) ;
#980 = PERSON_AND_ORGANIZATION_ROLE ( 'creator' ) ;
#981 = DIRECTION ( 'NONE',  ( 0.000000000000000000, 0.000000000000000000, 1.000000000000000000 ) ) ;
#982 = VERTEX_POINT ( 'NONE', #2987 ) ;
#983 = AXIS2_PLACEMENT_3D ( 'NONE', #1387, #3412, #2582 ) ;
#984 = CARTESIAN_POINT ( 'NONE',  ( 10.78148605018372841, 3.549269550721202648, 5.783211862052529462 ) ) ;
#985 = EDGE_LOOP ( 'NONE', ( #3856, #2761, #2636, #890 ) ) ;
#986 = CARTESIAN_POINT ( 'NONE',  ( 10.30797582726106221, 6.327972243826566867, 5.362682245900764144 ) ) ;
#987 = CARTESIAN_POINT ( 'NONE',  ( 11.48970279241824421, 7.458954282464725694, 5.765623475697482903 ) ) ;
#988 = ORIENTED_EDGE ( 'NONE', *, *, #3504, .T. ) ;
#989 = VECTOR ( 'NONE', #1183, 1000.000000000000000 ) ;
#990 = EDGE_LOOP ( 'NONE', ( #2084, #1683, #746, #437 ) ) ;
#991 = EDGE_LOOP ( 'NONE', ( #1774, #3642, #1251, #2268, #1424, #1567, #3099 ) ) ;
#992 = ORIENTED_EDGE ( 'NONE', *, *, #686, .T. ) ;
#993 = CARTESIAN_POINT ( 'NONE',  ( 9.757291152696254244, 2.149269540290390523, 4.033211835975495596 ) ) ;
#994 = EDGE_CURVE ( 'NONE', #2028, #3430, #376, .T. ) ;
#995 = CARTESIAN_POINT ( 'NONE',  ( 13.97905823893396260, 6.349269529859585148, 5.083211862052529284 ) ) ;
#996 = CARTESIAN_POINT ( 'NONE',  ( 10.17953167494976796, 2.244263366565480755, 4.995289823297530241 ) ) ;
#997 = DIRECTION ( 'NONE',  ( -1.000000000000000000, 0.000000000000000000, -8.673617379884032317E-15 ) ) ;
#998 = EDGE_CURVE ( 'NONE', #3156, #2171, #2440, .T. ) ;
#999 = EDGE_CURVE ( 'NONE', #1807, #3299, #2675, .T. ) ;
#1000 = CARTESIAN_POINT ( 'NONE',  ( 14.08817816373862009, 6.545675975005641689, 5.407172308715154863 ) ) ;
#1001 = CARTESIAN_POINT ( 'NONE',  ( 9.339813420940942024, 2.849269550721202471, 2.891565514349609067 ) ) ;
#1002 = ORIENTED_EDGE ( 'NONE', *, *, #15, .T. ) ;
#1003 = EDGE_CURVE ( 'NONE', #3891, #2408, #2183, .T. ) ;
#1004 = DIRECTION ( 'NONE',  ( 0.4472135954999579277, 0.000000000000000000, -0.8944271909999158554 ) ) ;
#1005 = VERTEX_POINT ( 'NONE', #2139 ) ;
#1006 = LINE ( 'NONE', #3078, #1980 ) ;
#1007 = CARTESIAN_POINT ( 'NONE',  ( 13.60729121006570885, 6.549269529859585326, 4.033211835975495596 ) ) ;
#1008 = EDGE_LOOP ( 'NONE', ( #743, #3014, #2143, #1581 ) ) ;
#1009 = CARTESIAN_POINT ( 'NONE',  ( 8.811248411324671181, 2.649269550721202737, 3.475297282210815020 ) ) ;
#1010 = VERTEX_POINT ( 'NONE', #2401 ) ;
#1011 = DIRECTION ( 'NONE',  ( 0.8944271909999159664, 0.000000000000000000, 0.4472135954999579832 ) ) ;
#1012 = ORIENTED_EDGE ( 'NONE', *, *, #2138, .T. ) ;
#1013 = DIRECTION ( 'NONE',  ( 0.000000000000000000, -1.000000000000000000, 0.000000000000000000 ) ) ;
#1014 = CARTESIAN_POINT ( 'NONE',  ( 14.65729122571193699, 6.699269608090674843, 4.033211835975495596 ) ) ;
#1015 = CYLINDRICAL_SURFACE ( 'NONE', #1950, 0.1999999999999996503 ) ;
#1016 = DIRECTION ( 'NONE',  ( -0.9238795325112869605, 0.000000000000000000, 0.3826834323650893377 ) ) ;
#1017 = AXIS2_PLACEMENT_3D ( 'NONE', #502, #216, #3283 ) ;
#1018 = CARTESIAN_POINT ( 'NONE',  ( 9.730897945230825741, 3.549269550721203537, 2.283211809898462175 ) ) ;
#1019 = AXIS2_PLACEMENT_3D ( 'NONE', #2892, #3591, #825 ) ;
#1020 = DIRECTION ( 'NONE',  ( -1.000000000000000000, 0.000000000000000000, 0.000000000000000000 ) ) ;
#1021 = VERTEX_POINT ( 'NONE', #593 ) ;
#1022 = CARTESIAN_POINT ( 'NONE',  ( 9.757291152696254244, 2.149269540290390523, 4.033211835975495596 ) ) ;
#1023 = LINE ( 'NONE', #1385, #1280 ) ;
#1024 = ORIENTED_EDGE ( 'NONE', *, *, #1096, .T. ) ;
#1025 = EDGE_CURVE ( 'NONE', #1995, #2213, #3803, .T. ) ;
#1026 = AXIS2_PLACEMENT_3D ( 'NONE', #246, #2888, #868 ) ;
#1027 = AXIS2_PLACEMENT_3D ( 'NONE', #1866, #481, #163 ) ;
#1028 = CARTESIAN_POINT ( 'NONE',  ( 10.40869384404794395, 6.349269529859585148, 5.083211862052529284 ) ) ;
#1029 = VERTEX_POINT ( 'NONE', #648 ) ;
#1030 = VECTOR ( 'NONE', #2929, 1000.000000000000000 ) ;
#1031 = FACE_OUTER_BOUND ( 'NONE', #478, .T. ) ;
#1032 = EDGE_CURVE ( 'NONE', #1662, #3721, #1172, .T. ) ;
#1033 = ORIENTED_EDGE ( 'NONE', *, *, #3668, .F. ) ;
#1034 = CC_DESIGN_APPROVAL ( #2166, ( #1397 ) ) ;
#1035 = DIRECTION ( 'NONE',  ( -0.000000000000000000, 1.000000000000000000, -0.000000000000000000 ) ) ;
#1036 = CARTESIAN_POINT ( 'NONE',  ( 9.552012507030845256, 5.649269529859577865, 1.993769090798470645 ) ) ;
#1037 = LINE ( 'NONE', #3692, #611 ) ;
#1038 = CARTESIAN_POINT ( 'NONE',  ( 9.048030730650586051, 2.149269540290390523, 3.238183708697763397 ) ) ;
#1039 = DIRECTION ( 'NONE',  ( 0.000000000000000000, 0.000000000000000000, 1.000000000000000000 ) ) ;
#1040 = VECTOR ( 'NONE', #2281, 1000.000000000000000 ) ;
#1041 = VERTEX_POINT ( 'NONE', #3305 ) ;
#1042 = CARTESIAN_POINT ( 'NONE',  ( 14.10412028909354376, 2.846839758304923862, 4.925682759016988044 ) ) ;
#1043 = CARTESIAN_POINT ( 'NONE',  ( 14.65729122571193699, 7.249269540290389280, 4.033211835975495596 ) ) ;
#1044 = ORIENTED_EDGE ( 'NONE', *, *, #1276, .T. ) ;
#1045 = PERSON ( 'UNSPECIFIED', 'UNSPECIFIED', 'UNSPECIFIED', ('UNSPECIFIED'), ('UNSPECIFIED'), ('UNSPECIFIED') ) ;
#1046 = ORIENTED_EDGE ( 'NONE', *, *, #2631, .T. ) ;
#1047 = CARTESIAN_POINT ( 'NONE',  ( 13.98612098675488724, 6.349269529859578043, 5.086760149778811524 ) ) ;
#1048 = ORIENTED_EDGE ( 'NONE', *, *, #713, .T. ) ;
#1049 = AXIS2_PLACEMENT_3D ( 'NONE', #1055, #3386, #3441 ) ;
#1050 = CARTESIAN_POINT ( 'NONE',  ( 14.30729122045262791, 3.349109486025589888, 2.283211809985991270 ) ) ;
#1051 = ADVANCED_FACE ( 'NONE', ( #1792 ), #1832, .F. ) ;
#1052 = CARTESIAN_POINT ( 'NONE',  ( 8.707291137050034990, 6.749269529859586392, 3.683211830760088290 ) ) ;
#1053 = FACE_OUTER_BOUND ( 'NONE', #1836, .T. ) ;
#1054 = EDGE_CURVE ( 'NONE', #1461, #496, #316, .T. ) ;
#1055 = CARTESIAN_POINT ( 'NONE',  ( 8.707291137050036767, 7.049269540290389990, 3.683211830760089178 ) ) ;
#1056 = CARTESIAN_POINT ( 'NONE',  ( 9.599095996764773986, 6.144244276690161932, 2.488237063067879173 ) ) ;
#1057 = DIRECTION ( 'NONE',  ( 0.000000000000000000, 0.000000000000000000, -1.000000000000000000 ) ) ;
#1058 = EDGE_CURVE ( 'NONE', #3123, #3337, #1178, .T. ) ;
#1059 = ORIENTED_EDGE ( 'NONE', *, *, #2911, .T. ) ;
#1060 = LINE ( 'NONE', #405, #2599 ) ;
#1061 = DIRECTION ( 'NONE',  ( 0.000000000000000000, 0.000000000000000000, -1.000000000000000000 ) ) ;
#1062 = EDGE_LOOP ( 'NONE', ( #1168, #3836, #2566, #951 ) ) ;
#1063 = AXIS2_PLACEMENT_3D ( 'NONE', #1984, #1088, #2881 ) ;
#1064 = CARTESIAN_POINT ( 'NONE',  ( 8.707291137050036767, 2.259826821190400015, 3.730425426260042698 ) ) ;
#1065 = ORIENTED_EDGE ( 'NONE', *, *, #930, .F. ) ;
#1066 = DIRECTION ( 'NONE',  ( 0.000000000000000000, -1.000000000000000000, 0.000000000000000000 ) ) ;
#1067 = CARTESIAN_POINT ( 'NONE',  ( 10.90575012321624193, 7.034045446792648093, 6.483211872483341409 ) ) ;
#1068 = DIRECTION ( 'NONE',  ( -0.3826834323650899483, 0.000000000000000000, 0.9238795325112867385 ) ) ;
#1069 =( BOUNDED_CURVE ( )  B_SPLINE_CURVE ( 3, ( #2070, #1455, #1418, #3560 ),
 .UNSPECIFIED., .F., .F. ) 
 B_SPLINE_CURVE_WITH_KNOTS ( ( 4, 4 ),
 ( 5.497787143782137065, 6.283185307179586232 ),
 .UNSPECIFIED. ) 
 CURVE ( )  GEOMETRIC_REPRESENTATION_ITEM ( )  RATIONAL_B_SPLINE_CURVE ( ( 1.000000000000000000, 0.9492530216741910110, 0.9492530216741910110, 1.000000000000000000 ) ) 
 REPRESENTATION_ITEM ( '' )  );
#1070 = CARTESIAN_POINT ( 'NONE',  ( 10.78148605018372841, 3.549269550721202648, 5.783211862052528573 ) ) ;
#1071 = LINE ( 'NONE', #3184, #1040 ) ;
#1072 = FACE_OUTER_BOUND ( 'NONE', #345, .T. ) ;
#1073 = ADVANCED_FACE ( 'NONE', ( #3892 ), #3433, .T. ) ;
#1074 = EDGE_LOOP ( 'NONE', ( #1224, #3772, #2238, #1838 ) ) ;
#1075 = CARTESIAN_POINT ( 'NONE',  ( 14.65729122571193699, 1.949269540290390568, 1.783211799467650405 ) ) ;
#1076 = ORIENTED_EDGE ( 'NONE', *, *, #1850, .T. ) ;
#1077 = CARTESIAN_POINT ( 'NONE',  ( 9.880897950446232869, 2.149269540290390523, 1.783211799467650405 ) ) ;
#1078 = ORIENTED_EDGE ( 'NONE', *, *, #187, .T. ) ;
#1079 = AXIS2_PLACEMENT_3D ( 'NONE', #439, #3774, #2199 ) ;
#1080 = FACE_OUTER_BOUND ( 'NONE', #188, .T. ) ;
#1081 = ORIENTED_EDGE ( 'NONE', *, *, #3557, .F. ) ;
#1082 = CIRCLE ( 'NONE', #2656, 0.4000000000000001887 ) ;
#1083 =( BOUNDED_CURVE ( )  B_SPLINE_CURVE ( 3, ( #3180, #2606, #2586, #1129 ),
 .UNSPECIFIED., .F., .T. ) 
 B_SPLINE_CURVE_WITH_KNOTS ( ( 4, 4 ),
 ( 3.605240262590594824, 4.493263399666107993 ),
 .UNSPECIFIED. ) 
 CURVE ( )  GEOMETRIC_REPRESENTATION_ITEM ( )  RATIONAL_B_SPLINE_CURVE ( ( 1.000000000000000000, 0.9353571350100668980, 0.9353571350100668980, 1.000000000000000000 ) ) 
 REPRESENTATION_ITEM ( '' )  );
#1084 = CARTESIAN_POINT ( 'NONE',  ( 13.79259989845662382, 2.849269550721202471, 2.891565514349604182 ) ) ;
#1085 = AXIS2_PLACEMENT_3D ( 'NONE', #1906, #2531, #110 ) ;
#1086 = AXIS2_PLACEMENT_3D ( 'NONE', #1166, #1781, #2977 ) ;
#1087 = UNCERTAINTY_MEASURE_WITH_UNIT (LENGTH_MEASURE( 1.000000000000000082E-05 ), #2691, 'distance_accuracy_value', 'NONE');
#1088 = DIRECTION ( 'NONE',  ( 0.000000000000000000, 1.000000000000000000, 0.000000000000000000 ) ) ;
#1089 = VECTOR ( 'NONE', #2010, 1000.000000000000000 ) ;
#1090 = CARTESIAN_POINT ( 'NONE',  ( 13.60729121006570885, 7.049269540290389990, 3.683211830760089178 ) ) ;
#1091 = CARTESIAN_POINT ( 'NONE',  ( 11.68229118138100731, 2.149269540290390523, 1.783211799467650405 ) ) ;
#1092 = EDGE_CURVE ( 'NONE', #702, #2130, #1735, .T. ) ;
#1093 = EDGE_CURVE ( 'NONE', #391, #2996, #2863, .T. ) ;
#1094 = CARTESIAN_POINT ( 'NONE',  ( 10.50888588821012348, 2.849269550721201583, 5.271344633497812460 ) ) ;
#1095 = CARTESIAN_POINT ( 'NONE',  ( 12.55729126743518975, 2.499269545505796053, 1.583211799467650227 ) ) ;
#1096 = EDGE_CURVE ( 'NONE', #1142, #3209, #3331, .T. ) ;
#1097 = ORIENTED_EDGE ( 'NONE', *, *, #1482, .F. ) ;
#1098 = DIRECTION ( 'NONE',  ( 0.000000000000000000, 1.000000000000000000, 0.000000000000000000 ) ) ;
#1099 = CARTESIAN_POINT ( 'NONE',  ( 10.98859283569086287, 2.149269540290390523, 6.483211872483341409 ) ) ;
#1100 = EDGE_LOOP ( 'NONE', ( #1694, #1827, #2347, #2358, #2351 ) ) ;
#1101 = VECTOR ( 'NONE', #111, 1000.000000000000000 ) ;
#1102 = DIRECTION ( 'NONE',  ( 0.9238795325112854062, 0.000000000000000000, -0.3826834323650931124 ) ) ;
#1103 = ORIENTED_EDGE ( 'NONE', *, *, #1634, .F. ) ;
#1104 = LINE ( 'NONE', #3841, #2414 ) ;
#1105 = DIRECTION ( 'NONE',  ( -1.000000000000000000, 0.000000000000000000, 0.000000000000000000 ) ) ;
#1106 = VECTOR ( 'NONE', #2676, 1000.000000000000227 ) ;
#1107 = ORIENTED_EDGE ( 'NONE', *, *, #680, .T. ) ;
#1108 = CARTESIAN_POINT ( 'NONE',  ( 14.65729122571193699, 1.449269540290390568, 6.083211872483341054 ) ) ;
#1109 = DIRECTION ( 'NONE',  ( 0.000000000000000000, 0.7071067811865481278, 0.7071067811865467956 ) ) ;
#1110 = CYLINDRICAL_SURFACE ( 'NONE', #435, 0.2000000000000000944 ) ;
#1111 = CARTESIAN_POINT ( 'NONE',  ( 14.65729122571193699, 1.849269540290390257, 1.583211799467650227 ) ) ;
#1112 = CARTESIAN_POINT ( 'NONE',  ( 8.707291137050036767, 7.049269540290389990, 4.033211835975495596 ) ) ;
#1113 = EDGE_CURVE ( 'NONE', #3296, #2260, #3023, .T. ) ;
#1114 = EDGE_CURVE ( 'NONE', #269, #535, #717, .T. ) ;
#1115 = CARTESIAN_POINT ( 'NONE',  ( 9.757291152696254244, 7.749269540290391056, 4.033211835975495596 ) ) ;
#1116 = ORIENTED_EDGE ( 'NONE', *, *, #3557, .T. ) ;
#1117 = DIRECTION ( 'NONE',  ( 1.000000000000000000, 0.000000000000000000, 0.000000000000000000 ) ) ;
#1118 = FACE_OUTER_BOUND ( 'NONE', #1665, .T. ) ;
#1119 = EDGE_LOOP ( 'NONE', ( #1696, #425, #3716, #2469, #2619 ) ) ;
#1120 = EDGE_CURVE ( 'NONE', #2465, #1765, #2247, .T. ) ;
#1121 = EDGE_CURVE ( 'NONE', #1458, #275, #3378, .T. ) ;
#1122 = CYLINDRICAL_SURFACE ( 'NONE', #1740, 0.3999999999999993006 ) ;
#1123 = ORIENTED_EDGE ( 'NONE', *, *, #1356, .T. ) ;
#1124 = CARTESIAN_POINT ( 'NONE',  ( 14.65729122571193699, 1.849269540290390479, 1.983211799467650360 ) ) ;
#1125 = DIRECTION ( 'NONE',  ( 0.000000000000000000, 0.000000000000000000, -1.000000000000000000 ) ) ;
#1126 = CARTESIAN_POINT ( 'NONE',  ( 13.91256986094652603, 2.649269550721202293, 3.072654528998453927 ) ) ;
#1127 = ADVANCED_FACE ( 'NONE', ( #2205 ), #127, .F. ) ;
#1128 = DIRECTION ( 'NONE',  ( 0.000000000000000000, 1.000000000000000000, 0.000000000000000000 ) ) ;
#1129 = CARTESIAN_POINT ( 'NONE',  ( 8.707291137050036767, 2.154051960209093952, 4.033211835975495596 ) ) ;
#1130 = CARTESIAN_POINT ( 'NONE',  ( 10.67229774098005102, 3.054294803890619026, 5.578186608883112463 ) ) ;
#1131 = LINE ( 'NONE', #2363, #3622 ) ;
#1132 = ADVANCED_BREP_SHAPE_REPRESENTATION ( 'Cable_ChainLink_6.3x4.9_ID3.5mm', ( #1796, #2110 ), #2486 ) ;
#1133 = DIRECTION ( 'NONE',  ( 0.000000000000000000, 0.000000000000000000, 1.000000000000000000 ) ) ;
#1134 = VERTEX_POINT ( 'NONE', #1590 ) ;
#1135 = FACE_OUTER_BOUND ( 'NONE', #341, .T. ) ;
#1136 = ORIENTED_EDGE ( 'NONE', *, *, #1440, .T. ) ;
#1137 = CARTESIAN_POINT ( 'NONE',  ( 13.60729121006570885, 2.149269540290390523, 3.683211830760089178 ) ) ;
#1138 = CARTESIAN_POINT ( 'NONE',  ( 10.93209969929563208, 2.154410087572707244, 6.483211872483341409 ) ) ;
#1139 = ORIENTED_EDGE ( 'NONE', *, *, #1907, .T. ) ;
#1140 = AXIS2_PLACEMENT_3D ( 'NONE', #52, #2453, #276 ) ;
#1141 = LINE ( 'NONE', #495, #2377 ) ;
#1142 = VERTEX_POINT ( 'NONE', #1964 ) ;
#1143 = LINE ( 'NONE', #3236, #1481 ) ;
#1144 = LINE ( 'NONE', #3548, #381 ) ;
#1145 = CIRCLE ( 'NONE', #3348, 0.1999999999999997058 ) ;
#1146 = CARTESIAN_POINT ( 'NONE',  ( 10.00603538972111117, 2.449269550721202560, 4.633733546563052919 ) ) ;
#1147 = AXIS2_PLACEMENT_3D ( 'NONE', #3053, #2407, #2094 ) ;
#1148 = ORIENTED_EDGE ( 'NONE', *, *, #372, .F. ) ;
#1149 = DIRECTION ( 'NONE',  ( 0.3826834323650898928, 0.000000000000000000, -0.9238795325112867385 ) ) ;
#1150 = EDGE_CURVE ( 'NONE', #757, #1203, #524, .T. ) ;
#1151 = CARTESIAN_POINT ( 'NONE',  ( 12.55729126743518975, 7.249269540290389280, 1.783211799467650405 ) ) ;
#1152 = AXIS2_PLACEMENT_3D ( 'NONE', #336, #302, #1519 ) ;
#1153 = VECTOR ( 'NONE', #2622, 1000.000000000000000 ) ;
#1154 = CARTESIAN_POINT ( 'NONE',  ( 13.97905823893396082, 2.849269550721202915, 5.083211862052529284 ) ) ;
#1155 = CARTESIAN_POINT ( 'NONE',  ( 9.107291137050037122, 6.349269529859585148, 3.330425426260044564 ) ) ;
#1156 = CARTESIAN_POINT ( 'NONE',  ( 10.91957970034929382, 6.549269529859585326, 6.316599425159840742 ) ) ;
#1157 = VECTOR ( 'NONE', #2956, 1000.000000000000000 ) ;
#1158 = VECTOR ( 'NONE', #3207, 1000.000000000000000 ) ;
#1159 = CARTESIAN_POINT ( 'NONE',  ( 13.52444849759108791, 2.849269550721203359, 3.663655319175609826 ) ) ;
#1160 = ORIENTED_EDGE ( 'NONE', *, *, #3694, .F. ) ;
#1161 = CARTESIAN_POINT ( 'NONE',  ( 8.707291137050036767, 7.049269540290389990, 4.033211835975495596 ) ) ;
#1162 = CARTESIAN_POINT ( 'NONE',  ( 8.707291137050036767, 6.749269529859585504, 4.033211835975495596 ) ) ;
#1163 = ORIENTED_EDGE ( 'NONE', *, *, #256, .F. ) ;
#1164 = CARTESIAN_POINT ( 'NONE',  ( 11.53694926068014404, 1.633927594691978458, 5.785342772366113273 ) ) ;
#1165 = EDGE_LOOP ( 'NONE', ( #2830, #1676, #2550, #3543 ) ) ;
#1166 = CARTESIAN_POINT ( 'NONE',  ( 14.65729122571193699, 1.449269540290390568, 4.033211835975495596 ) ) ;
#1167 = DIRECTION ( 'NONE',  ( 0.000000000000000000, 0.000000000000000000, -1.000000000000000000 ) ) ;
#1168 = ORIENTED_EDGE ( 'NONE', *, *, #130, .T. ) ;
#1169 = VECTOR ( 'NONE', #1240, 1000.000000000000000 ) ;
#1170 = ADVANCED_FACE ( 'NONE', ( #148 ), #356, .T. ) ;
#1171 = EDGE_CURVE ( 'NONE', #864, #612, #591, .T. ) ;
#1172 = CIRCLE ( 'NONE', #3377, 0.2000000000000000944 ) ;
#1173 = CARTESIAN_POINT ( 'NONE',  ( 13.79259989845668066, 6.349269529859578043, 2.891565514349629940 ) ) ;
#1174 = CARTESIAN_POINT ( 'NONE',  ( 11.87214085549942411, 1.849269540290390479, 4.033211835975496484 ) ) ;
#1175 = VECTOR ( 'NONE', #2618, 1000.000000000000000 ) ;
#1176 = EDGE_CURVE ( 'NONE', #2153, #909, #3671, .T. ) ;
#1177 = ORIENTED_EDGE ( 'NONE', *, *, #1323, .T. ) ;
#1178 = LINE ( 'NONE', #2687, #2119 ) ;
#1179 = CC_DESIGN_DATE_AND_TIME_ASSIGNMENT ( #3028, #2443, ( #1397 ) ) ;
#1180 = AXIS2_PLACEMENT_3D ( 'NONE', #3479, #1954, #1057 ) ;
#1181 = CARTESIAN_POINT ( 'NONE',  ( 13.97905823893396260, 6.349269529859578043, 5.083211862052530172 ) ) ;
#1182 = EDGE_CURVE ( 'NONE', #351, #3417, #2803, .T. ) ;
#1183 = DIRECTION ( 'NONE',  ( -0.4472135954999579277, 0.000000000000000000, 0.8944271909999158554 ) ) ;
#1184 = ORIENTED_EDGE ( 'NONE', *, *, #2685, .F. ) ;
#1185 = LINE ( 'NONE', #2406, #1030 ) ;
#1186 = DIRECTION ( 'NONE',  ( 0.3826834323650898928, -0.000000000000000000, 0.9238795325112867385 ) ) ;
#1187 = VERTEX_POINT ( 'NONE', #373 ) ;
#1188 = EDGE_CURVE ( 'NONE', #2178, #1285, #3109, .T. ) ;
#1189 = DIRECTION ( 'NONE',  ( 0.3826834323650923908, -0.000000000000000000, 0.9238795325112856283 ) ) ;
#1190 = ORIENTED_EDGE ( 'NONE', *, *, #3132, .T. ) ;
#1191 = CARTESIAN_POINT ( 'NONE',  ( 14.65729122571193699, 2.149269540290390523, 6.283211872483342120 ) ) ;
#1192 = CARTESIAN_POINT ( 'NONE',  ( 13.69360816169420580, 7.049269540290389990, 6.359748558956360043 ) ) ;
#1193 = EDGE_LOOP ( 'NONE', ( #3797, #580, #68, #1860 ) ) ;
#1194 = VERTEX_POINT ( 'NONE', #995 ) ;
#1195 = FACE_OUTER_BOUND ( 'NONE', #422, .T. ) ;
#1196 = DIRECTION ( 'NONE',  ( -0.000000000000000000, 1.000000000000000000, -0.000000000000000000 ) ) ;
#1197 = ORIENTED_EDGE ( 'NONE', *, *, #2219, .F. ) ;
#1198 = ADVANCED_FACE ( 'NONE', ( #2517 ), #3707, .T. ) ;
#1199 = CARTESIAN_POINT ( 'NONE',  ( 10.15910876266714880, 6.749269529859585504, 5.003285359567566815 ) ) ;
#1200 = DIRECTION ( 'NONE',  ( 0.000000000000000000, 0.000000000000000000, 1.000000000000000000 ) ) ;
#1201 = CARTESIAN_POINT ( 'NONE',  ( 10.17874369741362806, 2.849269550721202915, 4.528063099378281997 ) ) ;
#1202 = EDGE_CURVE ( 'NONE', #3102, #823, #2674, .T. ) ;
#1203 = VERTEX_POINT ( 'NONE', #1435 ) ;
#1204 = DIRECTION ( 'NONE',  ( 0.000000000000000000, -1.000000000000000000, 0.000000000000000000 ) ) ;
#1205 = VERTEX_POINT ( 'NONE', #1108 ) ;
#1206 = FACE_OUTER_BOUND ( 'NONE', #1062, .T. ) ;
#1207 = DIRECTION ( 'NONE',  ( -0.8400000103473665991, -9.638932028089350734E-15, -0.5425863826308436888 ) ) ;
#1208 = EDGE_LOOP ( 'NONE', ( #1621, #3760, #3875, #1407 ) ) ;
#1209 = ORIENTED_EDGE ( 'NONE', *, *, #1058, .F. ) ;
#1210 = CARTESIAN_POINT ( 'NONE',  ( 14.01014979233954350, 6.352921199148138243, 2.877494666212244478 ) ) ;
#1211 = CIRCLE ( 'NONE', #3219, 0.3999999999999993006 ) ;
#1212 = DIRECTION ( 'NONE',  ( 1.000000000000000000, 0.000000000000000000, 0.000000000000000000 ) ) ;
#1213 = VERTEX_POINT ( 'NONE', #788 ) ;
#1214 = CARTESIAN_POINT ( 'NONE',  ( 11.47214085549942553, 2.349269540290390701, 1.783211799467650405 ) ) ;
#1215 = CIRCLE ( 'NONE', #1346, 0.2000000000000000944 ) ;
#1216 = DIRECTION ( 'NONE',  ( 0.000000000000000000, 0.000000000000000000, 1.000000000000000000 ) ) ;
#1217 =( BOUNDED_CURVE ( )  B_SPLINE_CURVE ( 3, ( #3575, #3043, #1233, #876 ),
 .UNSPECIFIED., .F., .T. ) 
 B_SPLINE_CURVE_WITH_KNOTS ( ( 4, 4 ),
 ( 0.000000000000000000, 0.7853981633974488341 ),
 .UNSPECIFIED. ) 
 CURVE ( )  GEOMETRIC_REPRESENTATION_ITEM ( )  RATIONAL_B_SPLINE_CURVE ( ( 1.000000000000000000, 0.9492530216741910110, 0.9492530216741910110, 1.000000000000000000 ) ) 
 REPRESENTATION_ITEM ( '' )  );
#1218 = CIRCLE ( 'NONE', #506, 2.850000036507845280 ) ;
#1219 = EDGE_CURVE ( 'NONE', #2713, #443, #3562, .T. ) ;
#1220 = CARTESIAN_POINT ( 'NONE',  ( 12.55729126743518975, 6.699269608090674843, 6.483211872483341409 ) ) ;
#1221 = VECTOR ( 'NONE', #28, 1000.000000000000000 ) ;
#1222 = APPROVAL_STATUS ( 'not_yet_approved' ) ;
#1223 = CARTESIAN_POINT ( 'NONE',  ( 13.85725698445081200, 3.083893088397687166, 5.964665351590971554 ) ) ;
#1224 = ORIENTED_EDGE ( 'NONE', *, *, #484, .F. ) ;
#1225 = EDGE_CURVE ( 'NONE', #3451, #3266, #2994, .T. ) ;
#1226 = FACE_OUTER_BOUND ( 'NONE', #1100, .T. ) ;
#1227 = ORIENTED_EDGE ( 'NONE', *, *, #499, .T. ) ;
#1228 = CARTESIAN_POINT ( 'NONE',  ( 8.926171472644883309, 6.986677742003305269, 3.366635586090834575 ) ) ;
#1229 = CARTESIAN_POINT ( 'NONE',  ( 13.74228463742814021, 3.054294803890619026, 5.578186608883112463 ) ) ;
#1230 = ORIENTED_EDGE ( 'NONE', *, *, #1114, .F. ) ;
#1231 = ORIENTED_EDGE ( 'NONE', *, *, #828, .F. ) ;
#1232 = DIRECTION ( 'NONE',  ( -0.7071067811865470176, 0.7071067811865480168, -8.659560562354926695E-17 ) ) ;
#1233 = CARTESIAN_POINT ( 'NONE',  ( 9.684615255769873698, 3.187324762342997442, 2.355207104615499869 ) ) ;
#1234 = VECTOR ( 'NONE', #1501, 1000.000000000000227 ) ;
#1235 = EDGE_LOOP ( 'NONE', ( #514, #1916, #3327, #107, #136, #2993, #2513, #1012 ) ) ;
#1236 = EDGE_CURVE ( 'NONE', #1904, #3156, #2624, .T. ) ;
#1237 = CARTESIAN_POINT ( 'NONE',  ( 8.707291137050038543, 6.993481366700841306, 3.791659149766627657 ) ) ;
#1238 = LINE ( 'NONE', #2422, #3854 ) ;
#1239 = B_SPLINE_CURVE_WITH_KNOTS ( 'NONE', 3,
 ( #2077, #816, #208, #2029, #1425, #2634 ),
 .UNSPECIFIED., .F., .F.,
 ( 4, 2, 4 ),
 ( -4.135616779801380240E-06, 0.0002449975653391494625, 0.0004941307474581003653 ),
 .UNSPECIFIED. ) ;
#1240 = DIRECTION ( 'NONE',  ( 0.000000000000000000, -1.000000000000000000, 0.000000000000000000 ) ) ;
#1241 = AXIS2_PLACEMENT_3D ( 'NONE', #1075, #170, #2828 ) ;
#1242 =( NAMED_UNIT ( * ) SI_UNIT ( $, .STERADIAN. ) SOLID_ANGLE_UNIT ( ) );
#1243 = CARTESIAN_POINT ( 'NONE',  ( 13.94864037819521307, 3.251278209757538118, 5.744046323037736101 ) ) ;
#1244 = VERTEX_POINT ( 'NONE', #3526 ) ;
#1245 = EDGE_CURVE ( 'NONE', #1673, #3226, #919, .T. ) ;
#1246 = EDGE_CURVE ( 'NONE', #386, #2153, #1808, .T. ) ;
#1247 = CARTESIAN_POINT ( 'NONE',  ( 10.37662177133989694, 2.978317892005528211, 5.528408215098401080 ) ) ;
#1248 = ORIENTED_EDGE ( 'NONE', *, *, #1092, .T. ) ;
#1249 = CARTESIAN_POINT ( 'NONE',  ( 8.707291137050036767, 7.044487120371687894, 4.033211835975495596 ) ) ;
#1250 = CARTESIAN_POINT ( 'NONE',  ( 13.81787223472671933, 5.649269529859577865, 6.059748548525545786 ) ) ;
#1251 = ORIENTED_EDGE ( 'NONE', *, *, #2625, .T. ) ;
#1252 = EDGE_CURVE ( 'NONE', #623, #2465, #2917, .T. ) ;
#1253 = EDGE_CURVE ( 'NONE', #1900, #269, #3217, .T. ) ;
#1254 = VERTEX_POINT ( 'NONE', #3240 ) ;
#1255 = DIRECTION ( 'NONE',  ( 0.000000000000000000, 0.000000000000000000, -1.000000000000000000 ) ) ;
#1256 = ADVANCED_FACE ( 'NONE', ( #3490 ), #768, .T. ) ;
#1257 = VECTOR ( 'NONE', #2805, 1000.000000000000227 ) ;
#1258 = DIRECTION ( 'NONE',  ( 0.000000000000000000, 1.000000000000000000, 0.000000000000000000 ) ) ;
#1259 = CARTESIAN_POINT ( 'NONE',  ( 9.936176590896238281, 2.349269540290390701, 1.672654518567642024 ) ) ;
#1260 = FACE_OUTER_BOUND ( 'NONE', #2080, .T. ) ;
#1261 = CARTESIAN_POINT ( 'NONE',  ( 13.63309632822446282, 5.649269529859577865, 5.783211862052529462 ) ) ;
#1262 = PERSON_AND_ORGANIZATION ( #1045, #396 ) ;
#1263 = DIRECTION ( 'NONE',  ( 0.000000000000000000, -1.000000000000000000, 0.000000000000000000 ) ) ;
#1264 = ORIENTED_EDGE ( 'NONE', *, *, #76, .T. ) ;
#1265 = CARTESIAN_POINT ( 'NONE',  ( 10.48216489765063564, 3.549269550721202648, 5.783211862052531238 ) ) ;
#1266 = ORIENTED_EDGE ( 'NONE', *, *, #3475, .F. ) ;
#1267 = FACE_OUTER_BOUND ( 'NONE', #3426, .T. ) ;
#1268 = CARTESIAN_POINT ( 'NONE',  ( 8.707291137050036767, 6.749269529859585504, 3.730425426260042698 ) ) ;
#1269 = ORIENTED_EDGE ( 'NONE', *, *, #1236, .F. ) ;
#1270 = VERTEX_POINT ( 'NONE', #447 ) ;
#1271 = ADVANCED_FACE ( 'NONE', ( #2939 ), #1701, .T. ) ;
#1272 = EDGE_CURVE ( 'NONE', #2194, #1562, #939, .T. ) ;
#1273 = ORIENTED_EDGE ( 'NONE', *, *, #1474, .F. ) ;
#1274 = CYLINDRICAL_SURFACE ( 'NONE', #3600, 0.1999999999999996503 ) ;
#1275 = DIRECTION ( 'NONE',  ( 1.000000000000000000, 0.000000000000000000, 0.000000000000000000 ) ) ;
#1276 = EDGE_CURVE ( 'NONE', #1530, #501, #2896, .T. ) ;
#1277 = CARTESIAN_POINT ( 'NONE',  ( 9.107291137050037122, 6.349269529859586036, 3.330425426260045008 ) ) ;
#1278 = CARTESIAN_POINT ( 'NONE',  ( 10.72097421671398543, 2.349269540290390701, 6.359748558956360043 ) ) ;
#1279 = CARTESIAN_POINT ( 'NONE',  ( 13.60729124657357936, 2.499269545505796053, 1.583211799467650227 ) ) ;
#1280 = VECTOR ( 'NONE', #3447, 1000.000000000000000 ) ;
#1281 = CARTESIAN_POINT ( 'NONE',  ( 13.63309632825774997, 5.831278530850032560, 5.783211862052529462 ) ) ;
#1282 = AXIS2_PLACEMENT_3D ( 'NONE', #533, #3203, #2628 ) ;
#1283 = PERSON_AND_ORGANIZATION ( #1045, #396 ) ;
#1284 = DIRECTION ( 'NONE',  ( -1.000000000000000000, 0.000000000000000000, 0.000000000000000000 ) ) ;
#1285 = VERTEX_POINT ( 'NONE', #2605 ) ;
#1286 = TOROIDAL_SURFACE ( 'NONE', #1852, 0.6500000156462177880, 0.4000000000000000222 ) ;
#1287 = DIRECTION ( 'NONE',  ( -0.4472135954999579277, 0.000000000000000000, 0.8944271909999158554 ) ) ;
#1288 = VERTEX_POINT ( 'NONE', #196 ) ;
#1289 = CARTESIAN_POINT ( 'NONE',  ( 13.40729121006570779, 6.349269529859585148, 4.033211835975495596 ) ) ;
#1290 = DIRECTION ( 'NONE',  ( -0.3826470364055268303, 0.01379149759732409795, 0.9237916648920850848 ) ) ;
#1291 = EDGE_LOOP ( 'NONE', ( #2381, #874, #2673, #2510 ) ) ;
#1292 = VECTOR ( 'NONE', #3260, 1000.000000000000000 ) ;
#1293 = APPROVAL_PERSON_ORGANIZATION ( #3073, #117, #38 ) ;
#1294 = ORIENTED_EDGE ( 'NONE', *, *, #126, .F. ) ;
#1295 = CARTESIAN_POINT ( 'NONE',  ( 9.702012512246250608, 7.049269540290389990, 1.693769080367658164 ) ) ;
#1296 = ADVANCED_FACE ( 'NONE', ( #2277 ), #2121, .F. ) ;
#1297 = ORIENTED_EDGE ( 'NONE', *, *, #606, .F. ) ;
#1298 = CARTESIAN_POINT ( 'NONE',  ( 8.875898794576775330, 6.549269530006331053, 3.345996515706607166 ) ) ;
#1299 = CARTESIAN_POINT ( 'NONE',  ( 9.102012507030844191, 6.549269529859578221, 2.893769090798470334 ) ) ;
#1300 = CARTESIAN_POINT ( 'NONE',  ( 8.707291137050036767, 7.049269540290389990, 4.033211835975495596 ) ) ;
#1301 = ADVANCED_FACE ( 'NONE', ( #3179 ), #2879, .T. ) ;
#1302 = VECTOR ( 'NONE', #2556, 1000.000000000000000 ) ;
#1303 = CARTESIAN_POINT ( 'NONE',  ( 8.707291137050040319, 2.163007637977682585, 3.943290985564841034 ) ) ;
#1304 = MECHANICAL_CONTEXT ( 'NONE', #3405, 'mechanical' ) ;
#1305 = VECTOR ( 'NONE', #1149, 1000.000000000000000 ) ;
#1306 = CARTESIAN_POINT ( 'NONE',  ( 9.151937653238086057, 2.861338315881667871, 2.793918798383778768 ) ) ;
#1307 = ORIENTED_EDGE ( 'NONE', *, *, #828, .T. ) ;
#1308 = EDGE_CURVE ( 'NONE', #1799, #2178, #318, .T. ) ;
#1309 = CIRCLE ( 'NONE', #858, 0.1999999999999996503 ) ;
#1310 = DIRECTION ( 'NONE',  ( 0.4472135954999579277, 0.000000000000000000, -0.8944271909999158554 ) ) ;
#1311 = ORIENTED_EDGE ( 'NONE', *, *, #956, .T. ) ;
#1312 = CARTESIAN_POINT ( 'NONE',  ( 10.48216489769466975, 5.797645553707616806, 5.783211862159205019 ) ) ;
#1313 = DIRECTION ( 'NONE',  ( 1.000000000000000000, 0.000000000000000000, 0.000000000000000000 ) ) ;
#1314 = ORIENTED_EDGE ( 'NONE', *, *, #3552, .F. ) ;
#1315 = ADVANCED_FACE ( 'NONE', ( #2722 ), #1531, .T. ) ;
#1316 = ORIENTED_EDGE ( 'NONE', *, *, #183, .T. ) ;
#1317 = ORIENTED_EDGE ( 'NONE', *, *, #1938, .F. ) ;
#1318 = FACE_OUTER_BOUND ( 'NONE', #3373, .T. ) ;
#1319 = CARTESIAN_POINT ( 'NONE',  ( 10.15910876266714702, 6.902287469909900608, 5.003285359567566815 ) ) ;
#1320 = CARTESIAN_POINT ( 'NONE',  ( 10.90575012321624193, 2.164493633788133753, 6.483211872483341409 ) ) ;
#1321 = CARTESIAN_POINT ( 'NONE',  ( 9.880897950446232869, 6.849269540290390701, 1.783211799467649961 ) ) ;
#1322 = PLANE ( 'NONE',  #1049 ) ;
#1323 = EDGE_CURVE ( 'NONE', #2194, #1458, #2744, .T. ) ;
#1324 = ADVANCED_FACE ( 'NONE', ( #3574 ), #3345, .T. ) ;
#1325 = CARTESIAN_POINT ( 'NONE',  ( 9.102012507030844191, 2.649269550721202293, 2.893769090798470334 ) ) ;
#1326 = LINE ( 'NONE', #2869, #2251 ) ;
#1327 = EDGE_CURVE ( 'NONE', #443, #1639, #3041, .T. ) ;
#1328 = ORIENTED_EDGE ( 'NONE', *, *, #1825, .T. ) ;
#1329 = DIRECTION ( 'NONE',  ( -0.000000000000000000, 1.000000000000000000, -0.000000000000000000 ) ) ;
#1330 = LINE ( 'NONE', #3172, #83 ) ;
#1331 = ORIENTED_EDGE ( 'NONE', *, *, #3790, .T. ) ;
#1332 = DIRECTION ( 'NONE',  ( 0.4472135954999579277, -0.000000000000000000, -0.8944271909999158554 ) ) ;
#1333 = ORIENTED_EDGE ( 'NONE', *, *, #1182, .F. ) ;
#1334 = CARTESIAN_POINT ( 'NONE',  ( 14.51256986616193423, 6.699269608090674843, 1.872654518567642867 ) ) ;
#1335 = CARTESIAN_POINT ( 'NONE',  ( 14.65729122571193699, 1.949269540290390568, 1.583211799467650227 ) ) ;
#1336 = DIRECTION ( 'NONE',  ( 0.000000000000000000, 0.000000000000000000, 1.000000000000000000 ) ) ;
#1337 = CIRCLE ( 'NONE', #895, 0.2000000000000000944 ) ;
#1338 = LINE ( 'NONE', #3113, #3055 ) ;
#1339 = VECTOR ( 'NONE', #802, 1000.000000000000000 ) ;
#1340 = CARTESIAN_POINT ( 'NONE',  ( 9.507526477169285783, 2.937619072927020625, 2.630678537994232347 ) ) ;
#1341 = AXIS2_PLACEMENT_3D ( 'NONE', #3476, #1749, #1133 ) ;
#1342 = LINE ( 'NONE', #1937, #3568 ) ;
#1343 = ORIENTED_EDGE ( 'NONE', *, *, #2810, .F. ) ;
#1344 = DIRECTION ( 'NONE',  ( 0.000000000000000000, 1.000000000000000000, 0.000000000000000000 ) ) ;
#1345 = EDGE_LOOP ( 'NONE', ( #2434, #1552, #2307, #370, #607 ) ) ;
#1346 = AXIS2_PLACEMENT_3D ( 'NONE', #1380, #1456, #2575 ) ;
#1347 = EDGE_CURVE ( 'NONE', #1908, #2837, #3616, .T. ) ;
#1348 = VECTOR ( 'NONE', #90, 1000.000000000000000 ) ;
#1349 =( BOUNDED_CURVE ( )  B_SPLINE_CURVE ( 3, ( #2471, #354, #2762, #3357 ),
 .UNSPECIFIED., .F., .F. ) 
 B_SPLINE_CURVE_WITH_KNOTS ( ( 4, 4 ),
 ( 1.107148717794092407, 1.570796326794896558 ),
 .UNSPECIFIED. ) 
 CURVE ( )  GEOMETRIC_REPRESENTATION_ITEM ( )  RATIONAL_B_SPLINE_CURVE ( ( 1.000000000000000000, 0.9821659929784868348, 0.9821659929784868348, 1.000000000000000000 ) ) 
 REPRESENTATION_ITEM ( '' )  );
#1350 = DIRECTION ( 'NONE',  ( 1.000000000000000000, 0.000000000000000000, 0.000000000000000000 ) ) ;
#1351 = ORIENTED_EDGE ( 'NONE', *, *, #2880, .F. ) ;
#1352 = AXIS2_PLACEMENT_3D ( 'NONE', #1956, #744, #456 ) ;
#1353 = CARTESIAN_POINT ( 'NONE',  ( 14.01023045435335668, 2.989502772892873583, 2.553029094065624616 ) ) ;
#1354 = CARTESIAN_POINT ( 'NONE',  ( 12.20729118920410095, 5.649269529859577865, 5.783211862052528573 ) ) ;
#1355 = DIRECTION ( 'NONE',  ( 1.000000000000000000, 0.000000000000000000, 0.000000000000000000 ) ) ;
#1356 = EDGE_CURVE ( 'NONE', #1530, #1908, #626, .T. ) ;
#1357 = DIRECTION ( 'NONE',  ( -0.8944271909999159664, 0.000000000000000000, -0.4472135954999579832 ) ) ;
#1358 = CARTESIAN_POINT ( 'NONE',  ( 13.63309632822446282, 3.549269550721202648, 5.783211862052528573 ) ) ;
#1359 = VECTOR ( 'NONE', #2208, 1000.000000000000000 ) ;
#1360 = AXIS2_PLACEMENT_3D ( 'NONE', #14, #3007, #301 ) ;
#1361 = CARTESIAN_POINT ( 'NONE',  ( 11.66470283153379128, 2.499269545505796053, 6.483211872483341409 ) ) ;
#1362 = EDGE_LOOP ( 'NONE', ( #3824, #3576, #3705, #1655, #567, #2682, #3084, #1598, #85, #1564, #389, #1469, #3116, #2629, #482, #2098, #1867, #1553 ) ) ;
#1363 = CARTESIAN_POINT ( 'NONE',  ( 14.09349174813049110, 2.649269550721202293, 4.919033368606712031 ) ) ;
#1364 = EDGE_CURVE ( 'NONE', #3312, #982, #1478, .T. ) ;
#1365 = DIRECTION ( 'NONE',  ( 1.000000000000000000, 0.000000000000000000, 0.000000000000000000 ) ) ;
#1366 = ORIENTED_EDGE ( 'NONE', *, *, #526, .F. ) ;
#1367 = VECTOR ( 'NONE', #3861, 1000.000000000000000 ) ;
#1368 = FACE_OUTER_BOUND ( 'NONE', #3315, .T. ) ;
#1369 = ORIENTED_EDGE ( 'NONE', *, *, #2350, .T. ) ;
#1370 = VECTOR ( 'NONE', #2793, 1000.000000000000000 ) ;
#1371 = EDGE_CURVE ( 'NONE', #443, #2713, #1462, .T. ) ;
#1372 = ADVANCED_FACE ( 'NONE', ( #1195 ), #1844, .T. ) ;
#1373 = CARTESIAN_POINT ( 'NONE',  ( 14.28971605885961615, 1.449269540290390568, 6.083211872483341054 ) ) ;
#1374 =( BOUNDED_CURVE ( )  B_SPLINE_CURVE ( 3, ( #3120, #406, #2255, #2270 ),
 .UNSPECIFIED., .F., .T. ) 
 B_SPLINE_CURVE_WITH_KNOTS ( ( 4, 4 ),
 ( 1.570796326794898556, 3.141592653589793116 ),
 .UNSPECIFIED. ) 
 CURVE ( )  GEOMETRIC_REPRESENTATION_ITEM ( )  RATIONAL_B_SPLINE_CURVE ( ( 1.000000000000000000, 0.8047378541243654926, 0.8047378541243654926, 1.000000000000000000 ) ) 
 REPRESENTATION_ITEM ( '' )  );
#1375 = CARTESIAN_POINT ( 'NONE',  ( 15.70729124135815447, 2.149269540290390523, 4.033211835975495596 ) ) ;
#1376 = ADVANCED_FACE ( 'NONE', ( #548 ), #3231, .T. ) ;
#1377 = FACE_OUTER_BOUND ( 'NONE', #61, .T. ) ;
#1378 = CARTESIAN_POINT ( 'NONE',  ( 10.90575012321624193, 7.034045446792648093, 6.483211872483341409 ) ) ;
#1379 = DIRECTION ( 'NONE',  ( -0.3826834323650898928, 0.000000000000000000, 0.9238795325112867385 ) ) ;
#1381 = VERTEX_POINT ( 'NONE', #1514 ) ;
#1380 = CARTESIAN_POINT ( 'NONE',  ( 8.907291137050037833, 2.449269550721202560, 3.730425426260042698 ) ) ;
#1382 = CARTESIAN_POINT ( 'NONE',  ( 11.48970279241824421, 2.149269540290390523, 5.765623475697482903 ) ) ;
#1383 = ORIENTED_EDGE ( 'NONE', *, *, #2953, .F. ) ;
#1384 = FACE_OUTER_BOUND ( 'NONE', #3319, .T. ) ;
#1385 = CARTESIAN_POINT ( 'NONE',  ( 11.47214085549942553, 1.849269540290390479, 2.283414511802114522 ) ) ;
#1386 = VERTEX_POINT ( 'NONE', #2417 ) ;
#1387 = CARTESIAN_POINT ( 'NONE',  ( 9.880897950446234645, 6.849269540290390701, 1.783211799467650405 ) ) ;
#1388 = ORIENTED_EDGE ( 'NONE', *, *, #1748, .F. ) ;
#1389 = DIRECTION ( 'NONE',  ( 1.000000000000000000, 0.000000000000000000, 0.000000000000000000 ) ) ;
#1390 = ORIENTED_EDGE ( 'NONE', *, *, #3332, .T. ) ;
#1391 = EDGE_CURVE ( 'NONE', #2176, #1213, #1864, .T. ) ;
#1392 = CARTESIAN_POINT ( 'NONE',  ( 11.88970279241824457, 7.349269540290390701, 6.483211872483341409 ) ) ;
#1393 = CYLINDRICAL_SURFACE ( 'NONE', #2402, 0.7000000000000003997 ) ;
#1394 = EDGE_CURVE ( 'NONE', #47, #599, #1349, .T. ) ;
#1395 = DIRECTION ( 'NONE',  ( -0.4472135954999579277, 0.000000000000000000, 0.8944271909999158554 ) ) ;
#1396 = LINE ( 'NONE', #2648, #283 ) ;
#1397 = PRODUCT_DEFINITION ( 'UNKNOWN', '', #451, #2319 ) ;
#1398 = LINE ( 'NONE', #1112, #2592 ) ;
#1399 = CARTESIAN_POINT ( 'NONE',  ( 9.278982951948263391, 6.208686706166653302, 2.539828200963601734 ) ) ;
#1400 = AXIS2_PLACEMENT_3D ( 'NONE', #838, #201, #1395 ) ;
#1401 = ORIENTED_EDGE ( 'NONE', *, *, #343, .T. ) ;
#1402 = PLANE ( 'NONE',  #1352 ) ;
#1403 = DIRECTION ( 'NONE',  ( 0.000000000000000000, -1.000000000000000000, 0.000000000000000000 ) ) ;
#1404 = ORIENTED_EDGE ( 'NONE', *, *, #2609, .T. ) ;
#1405 = CIRCLE ( 'NONE', #500, 0.1999999999999993727 ) ;
#1406 = CARTESIAN_POINT ( 'NONE',  ( 8.728405698850052019, 2.566426838246584019, 3.640982707160053344 ) ) ;
#1407 = ORIENTED_EDGE ( 'NONE', *, *, #3082, .F. ) ;
#1408 = CIRCLE ( 'NONE', #2036, 1.050000015646217477 ) ;
#1409 = DIRECTION ( 'NONE',  ( -1.000000000000000000, 0.000000000000000000, 0.000000000000000000 ) ) ;
#1410 = DIRECTION ( 'NONE',  ( -0.3826834323650898928, 0.000000000000000000, -0.9238795325112867385 ) ) ;
#1411 = CIRCLE ( 'NONE', #266, 0.2000000000000002331 ) ;
#1412 = VECTOR ( 'NONE', #3034, 1000.000000000000000 ) ;
#1413 = CARTESIAN_POINT ( 'NONE',  ( 14.65729122571193699, 7.049269540290389990, 4.033211835975495596 ) ) ;
#1414 = ADVANCED_FACE ( 'NONE', ( #71 ), #1274, .T. ) ;
#1415 = FACE_OUTER_BOUND ( 'NONE', #1235, .T. ) ;
#1416 =( BOUNDED_CURVE ( )  B_SPLINE_CURVE ( 3, ( #722, #3164, #3733, #418 ),
 .UNSPECIFIED., .F., .T. ) 
 B_SPLINE_CURVE_WITH_KNOTS ( ( 4, 4 ),
 ( 0.000000000000000000, 0.7853981633974492782 ),
 .UNSPECIFIED. ) 
 CURVE ( )  GEOMETRIC_REPRESENTATION_ITEM ( )  RATIONAL_B_SPLINE_CURVE ( ( 1.000000000000000000, 0.9492530216741910110, 0.9492530216741910110, 1.000000000000000000 ) ) 
 REPRESENTATION_ITEM ( '' )  );
#1417 = PLANE ( 'NONE',  #1400 ) ;
#1418 = CARTESIAN_POINT ( 'NONE',  ( 14.18368442274654129, 3.361136779275918585, 2.283211809898461286 ) ) ;
#1419 = EDGE_CURVE ( 'NONE', #1187, #2370, #1337, .T. ) ;
#1420 = CARTESIAN_POINT ( 'NONE',  ( 8.872976561999275091, 2.849269550721202915, 3.564740001310807038 ) ) ;
#1421 = ADVANCED_FACE ( 'NONE', ( #2587 ), #1417, .F. ) ;
#1422 = ORIENTED_EDGE ( 'NONE', *, *, #1925, .F. ) ;
#1423 = CARTESIAN_POINT ( 'NONE',  ( 10.80729116834247172, 2.149269540290390523, 4.033211835975495596 ) ) ;
#1424 = ORIENTED_EDGE ( 'NONE', *, *, #2898, .T. ) ;
#1425 = CARTESIAN_POINT ( 'NONE',  ( 10.12249966241970611, 6.476394616863815124, 4.914903173243921231 ) ) ;
#1426 = CARTESIAN_POINT ( 'NONE',  ( 9.757291152696254244, 2.149269540290390523, 4.033211835975495596 ) ) ;
#1427 = EDGE_CURVE ( 'NONE', #2740, #3266, #2321, .T. ) ;
#1428 = ORIENTED_EDGE ( 'NONE', *, *, #3744, .T. ) ;
#1429 = DIRECTION ( 'NONE',  ( 0.000000000000000000, 0.000000000000000000, 1.000000000000000000 ) ) ;
#1430 = ORIENTED_EDGE ( 'NONE', *, *, #2454, .F. ) ;
#1431 = DIRECTION ( 'NONE',  ( -0.8944271909999159664, 0.000000000000000000, -0.4472135954999579832 ) ) ;
#1432 = CARTESIAN_POINT ( 'NONE',  ( 14.03035641813668200, 2.672694149364842620, 2.837081414618142006 ) ) ;
#1433 = CLOSED_SHELL ( 'NONE', ( #241, #3457, #2045, #2015, #1700, #1051, #1820, #1296, #3198, #760, #2118, #3167, #2565, #3553, #1127, #613, #67, #561, #1872, #3675, #3750, #2694, #3104, #2637, #3194, #2712, #2057, #3461, #114, #2263, #2735, #3338, #655, #2191, #3001, #2114, #26, #2449, #3867, #944, #479, #3480, #839, #295, #643, #1421, #2020, #3737, #1570, #1989, #2236, #1682, #2807, #2829, #1324, #249, #2895, #3050, #2845, #1301, #2067, #2547, #3390, #1315, #883, #2475, #1073, #3497, #1271, #19, #1929, #2552, #2073, #2463, #1647, #2777, #1376, #3631, #2507, #1653, #3174, #2705, #662, #630, #416, #3680, #3268, #3006, #2227, #2521, #2480, #2689, #2854, #532, #3342, #3453, #773, #1170, #1494, #3796, #1785, #220, #1372, #2980, #1414, #9, #2573, #411, #1198, #755, #2499, #321, #1256, #3528, #2362, #2630, #2096, #3244, #712, #2972 ) ) ;
#1434 = ORIENTED_EDGE ( 'NONE', *, *, #303, .T. ) ;
#1435 = CARTESIAN_POINT ( 'NONE',  ( 14.10543846428575065, 6.699269608090674843, 4.926497099798508472 ) ) ;
#1436 = LINE ( 'NONE', #3161, #938 ) ;
#1437 = CARTESIAN_POINT ( 'NONE',  ( 9.107291137050037122, 6.749269529859585504, 4.033211835975495596 ) ) ;
#1438 = DIRECTION ( 'NONE',  ( 0.000000000000000000, 0.000000000000000000, -1.000000000000000000 ) ) ;
#1439 = DIRECTION ( 'NONE',  ( 0.000000000000000000, 1.000000000000000000, -0.000000000000000000 ) ) ;
#1440 = EDGE_CURVE ( 'NONE', #2713, #587, #3850, .T. ) ;
#1441 = ORIENTED_EDGE ( 'NONE', *, *, #1150, .T. ) ;
#1442 = CARTESIAN_POINT ( 'NONE',  ( 15.00729124135815518, 7.749269540290391056, 4.033211835975495596 ) ) ;
#1443 = CARTESIAN_POINT ( 'NONE',  ( 11.48970279241824421, 7.349269540290390701, 6.483211872483341409 ) ) ;
#1444 = ORIENTED_EDGE ( 'NONE', *, *, #2336, .F. ) ;
#1445 = EDGE_CURVE ( 'NONE', #139, #1244, #3533, .T. ) ;
#1446 = DIRECTION ( 'NONE',  ( -1.000000000000000000, 0.000000000000000000, 0.000000000000000000 ) ) ;
#1447 = ORIENTED_EDGE ( 'NONE', *, *, #1245, .F. ) ;
#1448 = DIRECTION ( 'NONE',  ( -1.000000000000000000, 0.000000000000000000, 0.000000000000000000 ) ) ;
#1449 = CARTESIAN_POINT ( 'NONE',  ( 8.728405698850053795, 6.749269529859585504, 3.640982707160051124 ) ) ;
#1450 = DIRECTION ( 'NONE',  ( -0.000000000000000000, 1.000000000000000000, -0.000000000000000000 ) ) ;
#1451 = ORIENTED_EDGE ( 'NONE', *, *, #3632, .T. ) ;
#1452 = DIRECTION ( 'NONE',  ( 0.000000000000000000, 0.000000000000000000, 1.000000000000000000 ) ) ;
#1453 = CARTESIAN_POINT ( 'NONE',  ( 8.728405698850053795, 6.849269540290390701, 3.640982707160051124 ) ) ;
#1454 = CARTESIAN_POINT ( 'NONE',  ( 10.74314421482807091, 3.187324762342997442, 5.711216567335491767 ) ) ;
#1455 = CARTESIAN_POINT ( 'NONE',  ( 14.13740173328558747, 3.187324762342996998, 2.355207104615499869 ) ) ;
#1456 = DIRECTION ( 'NONE',  ( -0.000000000000000000, -1.000000000000000000, 0.000000000000000000 ) ) ;
#1457 = CARTESIAN_POINT ( 'NONE',  ( 9.339813420940584976, 6.349269529859578043, 2.891565514349454524 ) ) ;
#1458 = VERTEX_POINT ( 'NONE', #486 ) ;
#1459 = CARTESIAN_POINT ( 'NONE',  ( 9.757291152696254244, 7.049269540290389990, 4.033211835975495596 ) ) ;
#1460 = DIRECTION ( 'NONE',  ( -0.000000000000000000, -1.000000000000000000, -0.000000000000000000 ) ) ;
#1461 = VERTEX_POINT ( 'NONE', #3162 ) ;
#1462 = CIRCLE ( 'NONE', #1140, 0.3500000156462182987 ) ;
#1463 = LINE ( 'NONE', #3520, #2866 ) ;
#1464 = EDGE_LOOP ( 'NONE', ( #1024, #992, #1863, #3813 ) ) ;
#1465 = CARTESIAN_POINT ( 'NONE',  ( 14.65729122571193699, 7.749269540290391056, 4.033211835975495596 ) ) ;
#1466 = LINE ( 'NONE', #3523, #1593 ) ;
#1467 = AXIS2_PLACEMENT_3D ( 'NONE', #449, #771, #3183 ) ;
#1468 = EDGE_CURVE ( 'NONE', #2819, #623, #1985, .T. ) ;
#1469 = ORIENTED_EDGE ( 'NONE', *, *, #2164, .F. ) ;
#1470 = AXIS2_PLACEMENT_3D ( 'NONE', #1605, #2796, #1313 ) ;
#1471 = VERTEX_POINT ( 'NONE', #2941 ) ;
#1472 = CARTESIAN_POINT ( 'NONE',  ( 14.65729122571193699, 1.449269540290390568, 4.033211835975495596 ) ) ;
#1473 = FACE_OUTER_BOUND ( 'NONE', #3379, .T. ) ;
#1474 = EDGE_CURVE ( 'NONE', #2153, #2042, #1211, .T. ) ;
#1475 =( BOUNDED_CURVE ( )  B_SPLINE_CURVE ( 3, ( #628, #36, #3599, #900 ),
 .UNSPECIFIED., .F., .T. ) 
 B_SPLINE_CURVE_WITH_KNOTS ( ( 4, 4 ),
 ( 1.570796326794896558, 3.141592653589793116 ),
 .UNSPECIFIED. ) 
 CURVE ( )  GEOMETRIC_REPRESENTATION_ITEM ( )  RATIONAL_B_SPLINE_CURVE ( ( 1.000000000000000000, 0.8047378541243649375, 0.8047378541243649375, 1.000000000000000000 ) ) 
 REPRESENTATION_ITEM ( '' )  );
#1476 = AXIS2_PLACEMENT_3D ( 'NONE', #2243, #428, #3650 ) ;
#1477 = ORIENTED_EDGE ( 'NONE', *, *, #2520, .T. ) ;
#1478 =( BOUNDED_CURVE ( )  B_SPLINE_CURVE ( 3, ( #1766, #2122, #2663, #32 ),
 .UNSPECIFIED., .F., .T. ) 
 B_SPLINE_CURVE_WITH_KNOTS ( ( 4, 4 ),
 ( 1.570796326794896558, 2.356194490192343949 ),
 .UNSPECIFIED. ) 
 CURVE ( )  GEOMETRIC_REPRESENTATION_ITEM ( )  RATIONAL_B_SPLINE_CURVE ( ( 1.000000000000000000, 0.9492530216741912330, 0.9492530216741912330, 1.000000000000000000 ) ) 
 REPRESENTATION_ITEM ( '' )  );
#1479 = LINE ( 'NONE', #3474, #1614 ) ;
#1480 = CARTESIAN_POINT ( 'NONE',  ( 9.942067059198510748, 2.649269550721203181, 3.956675149502477673 ) ) ;
#1481 = VECTOR ( 'NONE', #521, 1000.000000000000000 ) ;
#1482 = EDGE_CURVE ( 'NONE', #3777, #1288, #2626, .T. ) ;
#1483 = CONICAL_SURFACE ( 'NONE', #2853, 1.050000015646217477, 0.7853981633974476129 ) ;
#1484 = EDGE_LOOP ( 'NONE', ( #293, #1227, #260, #3802, #877, #2640, #3516, #2256, #2743, #1487 ) ) ;
#1485 = DIRECTION ( 'NONE',  ( 0.000000000000000000, 1.000000000000000000, 0.000000000000000000 ) ) ;
#1486 = FACE_OUTER_BOUND ( 'NONE', #1658, .T. ) ;
#1487 = ORIENTED_EDGE ( 'NONE', *, *, #2971, .T. ) ;
#1488 = CARTESIAN_POINT ( 'NONE',  ( 11.47214085549942553, 2.149269540290390523, 3.158313173888804837 ) ) ;
#1489 = ORIENTED_EDGE ( 'NONE', *, *, #3745, .T. ) ;
#1490 = CARTESIAN_POINT ( 'NONE',  ( 9.599095996764773986, 3.054294803890619026, 2.488237063067879173 ) ) ;
#1491 = DIRECTION ( 'NONE',  ( -0.9238795325112869605, 0.000000000000000000, -0.3826834323650893377 ) ) ;
#1492 = VERTEX_POINT ( 'NONE', #167 ) ;
#1493 = CIRCLE ( 'NONE', #2189, 0.3999999999999995781 ) ;
#1494 = ADVANCED_FACE ( 'NONE', ( #1966 ), #1110, .T. ) ;
#1495 = ORIENTED_EDGE ( 'NONE', *, *, #2312, .F. ) ;
#1496 = AXIS2_PLACEMENT_3D ( 'NONE', #2645, #2337, #2299 ) ;
#1497 = CARTESIAN_POINT ( 'NONE',  ( 13.73368442274654200, 6.349269529859578043, 2.983211809898461908 ) ) ;
#1498 = LINE ( 'NONE', #2105, #1540 ) ;
#1499 = ORIENTED_EDGE ( 'NONE', *, *, #1599, .T. ) ;
#1500 = EDGE_CURVE ( 'NONE', #866, #2173, #2152, .T. ) ;
#1501 = DIRECTION ( 'NONE',  ( -0.4472135954999579277, 0.000000000000000000, 0.8944271909999158554 ) ) ;
#1502 = VECTOR ( 'NONE', #3169, 1000.000000000000000 ) ;
#1503 = DIRECTION ( 'NONE',  ( -0.9238795325112869605, 0.000000000000000000, 0.3826834323650893377 ) ) ;
#1504 =( BOUNDED_SURFACE ( )  B_SPLINE_SURFACE ( 3, 2, ( 
 ( #2857, #3508, #1962 ),
 ( #3158, #1050, #3763 ),
 ( #3452, #2017, #766 ),
 ( #1353, #2274, #3239 ),
 ( #3215, #1717, #2916 ),
 ( #2584, #3524, #1432 ),
 ( #1084, #2836, #445 ),
 ( #3177, #463, #1126 ) ),
 .UNSPECIFIED., .F., .F., .F. ) 
 B_SPLINE_SURFACE_WITH_KNOTS ( ( 4, 2, 2, 4 ),
 ( 3, 3 ),
 ( 0.000000000000000000, 0.7853981633974482790, 1.178097245096172418, 1.570796326794896558 ),
 ( 0.000000000000000000, 1.000000000000000000 ),
 .UNSPECIFIED. ) 
 GEOMETRIC_REPRESENTATION_ITEM ( )  RATIONAL_B_SPLINE_SURFACE ( (
 ( 1.000000000000000000, 0.8506508083520399888, 1.000000000000000000),
 ( 1.000000000000000000, 0.8507963260703828023, 1.000000000000000000),
 ( 1.000000000000000000, 0.8367549814870769431, 1.000000000000000000),
 ( 1.000000000000000000, 0.7984857870198052154, 1.000000000000000000),
 ( 1.000000000000000000, 0.7828951580034010371, 1.000000000000000000),
 ( 1.000000000000000000, 0.7475565620624481378, 1.000000000000000000),
 ( 1.000000000000000000, 0.7278170130782773972, 1.000000000000000000),
 ( 1.000000000000000000, 0.7071067811865475727, 1.000000000000000000) ) ) 
 REPRESENTATION_ITEM ( '' )  SURFACE ( )  );
#1505 = CARTESIAN_POINT ( 'NONE',  ( 13.67248107794864964, 6.011229000555668556, 5.709258264436675390 ) ) ;
#1506 = CARTESIAN_POINT ( 'NONE',  ( 10.77211439563238393, 7.049269540290389990, 6.483211872483341409 ) ) ;
#1507 = VERTEX_POINT ( 'NONE', #237 ) ;
#1508 = CARTESIAN_POINT ( 'NONE',  ( 9.757291152696254244, 7.049269540290389990, 4.033211835975495596 ) ) ;
#1509 = ORIENTED_EDGE ( 'NONE', *, *, #3456, .T. ) ;
#1510 = CARTESIAN_POINT ( 'NONE',  ( 13.91256986094652781, 2.649269550721202293, 3.072654528998452594 ) ) ;
#1511 = CARTESIAN_POINT ( 'NONE',  ( 14.36256986094652710, 3.549269550721202648, 2.172654528998453571 ) ) ;
#1512 = VERTEX_POINT ( 'NONE', #1154 ) ;
#1513 = ORIENTED_EDGE ( 'NONE', *, *, #863, .F. ) ;
#1514 = CARTESIAN_POINT ( 'NONE',  ( 13.60729121006570885, 2.649269550721202737, 3.683211830760089178 ) ) ;
#1515 = DIRECTION ( 'NONE',  ( 0.000000000000000000, -1.000000000000000000, 0.000000000000000000 ) ) ;
#1516 = EDGE_LOOP ( 'NONE', ( #3432, #1876 ) ) ;
#1517 = CARTESIAN_POINT ( 'NONE',  ( 9.730897945230827517, 5.649269529859577865, 2.083211809898462441 ) ) ;
#1518 = AXIS2_PLACEMENT_3D ( 'NONE', #33, #2684, #3318 ) ;
#1519 = DIRECTION ( 'NONE',  ( 0.000000000000000000, 0.000000000000000000, -1.000000000000000000 ) ) ;
#1520 = EDGE_CURVE ( 'NONE', #2370, #2719, #3512, .T. ) ;
#1521 = FACE_OUTER_BOUND ( 'NONE', #897, .T. ) ;
#1522 = LINE ( 'NONE', #1561, #444 ) ;
#1523 = ORIENTED_EDGE ( 'NONE', *, *, #2760, .T. ) ;
#1524 = B_SPLINE_CURVE_WITH_KNOTS ( 'NONE', 3,
 ( #3588, #820, #1164, #2013, #519, #870 ),
 .UNSPECIFIED., .F., .F.,
 ( 4, 2, 4 ),
 ( 0.000000000000000000, 0.0003242198710703921342, 0.0006484397421407842683 ),
 .UNSPECIFIED. ) ;
#1525 = CARTESIAN_POINT ( 'NONE',  ( 10.67229774098005102, 6.144244276690161932, 5.578186608883112463 ) ) ;
#1526 = ORIENTED_EDGE ( 'NONE', *, *, #1857, .F. ) ;
#1527 = LINE ( 'NONE', #664, #2106 ) ;
#1528 = CARTESIAN_POINT ( 'NONE',  ( 9.757291152696254244, 2.149269540290390523, 4.033211835975495596 ) ) ;
#1529 = VERTEX_POINT ( 'NONE', #3828 ) ;
#1530 = VERTEX_POINT ( 'NONE', #791 ) ;
#1531 = CYLINDRICAL_SURFACE ( 'NONE', #80, 0.4000000000000001887 ) ;
#1532 = VECTOR ( 'NONE', #1232, 1000.000000000000000 ) ;
#1533 = FACE_OUTER_BOUND ( 'NONE', #3594, .T. ) ;
#1534 = TOROIDAL_SURFACE ( 'NONE', #700, 2.250000036507845191, 0.2000000000000000111 ) ;
#1535 = VERTEX_POINT ( 'NONE', #2046 ) ;
#1536 = CARTESIAN_POINT ( 'NONE',  ( 8.707291137050036767, 7.044487120371687894, 4.033211835975495596 ) ) ;
#1537 = EDGE_CURVE ( 'NONE', #1586, #3881, #829, .T. ) ;
#1538 = AXIS2_PLACEMENT_3D ( 'NONE', #516, #539, #3191 ) ;
#1539 = DIRECTION ( 'NONE',  ( -1.000000000000000000, 0.000000000000000000, 0.000000000000000000 ) ) ;
#1540 = VECTOR ( 'NONE', #3889, 1000.000000000000000 ) ;
#1541 = CARTESIAN_POINT ( 'NONE',  ( 13.60729121006570885, 2.499269545505796053, 3.683211830760089178 ) ) ;
#1542 = EDGE_CURVE ( 'NONE', #1963, #663, #3220, .T. ) ;
#1543 = EDGE_CURVE ( 'NONE', #2051, #2715, #781, .T. ) ;
#1544 = AXIS2_PLACEMENT_3D ( 'NONE', #867, #2327, #538 ) ;
#1545 = APPROVAL_STATUS ( 'not_yet_approved' ) ;
#1546 = CARTESIAN_POINT ( 'NONE',  ( 9.757291152696254244, 6.849269540290390701, 1.583211799467650449 ) ) ;
#1547 = ORIENTED_EDGE ( 'NONE', *, *, #3578, .T. ) ;
#1548 = CARTESIAN_POINT ( 'NONE',  ( 10.78148605015011796, 3.365495269034857184, 5.783211862052529462 ) ) ;
#1549 = ORIENTED_EDGE ( 'NONE', *, *, #205, .T. ) ;
#1550 = DIRECTION ( 'NONE',  ( 1.000000000000000000, 0.000000000000000000, 0.000000000000000000 ) ) ;
#1551 = DIRECTION ( 'NONE',  ( 0.000000000000000000, 1.000000000000000000, 0.000000000000000000 ) ) ;
#1552 = ORIENTED_EDGE ( 'NONE', *, *, #1651, .T. ) ;
#1553 = ORIENTED_EDGE ( 'NONE', *, *, #830, .T. ) ;
#1554 = CARTESIAN_POINT ( 'NONE',  ( 14.18368442270616647, 5.833043812188761557, 2.283211809898462175 ) ) ;
#1555 = DIRECTION ( 'NONE',  ( 0.000000000000000000, 0.000000000000000000, -1.000000000000000000 ) ) ;
#1556 = ORIENTED_EDGE ( 'NONE', *, *, #1171, .F. ) ;
#1557 = CIRCLE ( 'NONE', #2741, 2.250000036507845635 ) ;
#1558 = FACE_OUTER_BOUND ( 'NONE', #557, .T. ) ;
#1559 = CYLINDRICAL_SURFACE ( 'NONE', #2933, 2.450000036507845369 ) ;
#1560 = CIRCLE ( 'NONE', #3371, 1.050000015646217477 ) ;
#1561 = CARTESIAN_POINT ( 'NONE',  ( 10.95689030213463866, 7.049269540290389990, 6.406675186010324374 ) ) ;
#1562 = VERTEX_POINT ( 'NONE', #1378 ) ;
#1563 = DIRECTION ( 'NONE',  ( 0.9238795325112861834, 0.000000000000000000, -0.3826834323650911696 ) ) ;
#1564 = ORIENTED_EDGE ( 'NONE', *, *, #1583, .T. ) ;
#1565 = CARTESIAN_POINT ( 'NONE',  ( 8.751279197332575421, 6.968526368062994969, 3.682464398145455231 ) ) ;
#1566 = DIRECTION ( 'NONE',  ( 1.000000000000000000, 0.000000000000000000, 0.000000000000000000 ) ) ;
#1567 = ORIENTED_EDGE ( 'NONE', *, *, #1121, .T. ) ;
#1568 = ORIENTED_EDGE ( 'NONE', *, *, #1171, .T. ) ;
#1569 = ORIENTED_EDGE ( 'NONE', *, *, #2876, .T. ) ;
#1570 = ADVANCED_FACE ( 'NONE', ( #1725 ), #1668, .T. ) ;
#1571 = ORIENTED_EDGE ( 'NONE', *, *, #1857, .T. ) ;
#1572 = CARTESIAN_POINT ( 'NONE',  ( 14.00032365415184010, 2.849347546344283444, 5.093661158153028445 ) ) ;
#1573 = DIRECTION ( 'NONE',  ( 0.000000000000000000, 0.000000000000000000, 1.000000000000000000 ) ) ;
#1574 = CARTESIAN_POINT ( 'NONE',  ( 13.63309632822446282, 4.599269503782545065, 5.983211862052527863 ) ) ;
#1575 = DIRECTION ( 'NONE',  ( -1.000000000000000000, 0.000000000000000000, -0.000000000000000000 ) ) ;
#1576 = CARTESIAN_POINT ( 'NONE',  ( 14.65729122571193699, 2.499269545505796053, 4.033211835975495596 ) ) ;
#1577 = APPROVAL_DATE_TIME ( #21, #117 ) ;
#1578 = CARTESIAN_POINT ( 'NONE',  ( 13.63309632822446282, 3.549269550721201760, 5.783211862052529462 ) ) ;
#1579 = ORIENTED_EDGE ( 'NONE', *, *, #735, .T. ) ;
#1580 = CYLINDRICAL_SURFACE ( 'NONE', #43, 1.050000015646217477 ) ;
#1581 = ORIENTED_EDGE ( 'NONE', *, *, #2219, .T. ) ;
#1582 = CARTESIAN_POINT ( 'NONE',  ( 10.40869384404794218, 6.349269529859578931, 5.083211862052529284 ) ) ;
#1583 = EDGE_CURVE ( 'NONE', #1765, #1254, #274, .T. ) ;
#1584 = CARTESIAN_POINT ( 'NONE',  ( 11.47214085549942553, 7.049269540290389990, 1.583211799467650227 ) ) ;
#1585 = ORIENTED_EDGE ( 'NONE', *, *, #1391, .F. ) ;
#1586 = VERTEX_POINT ( 'NONE', #1739 ) ;
#1587 = EDGE_CURVE ( 'NONE', #1673, #982, #1466, .T. ) ;
#1588 = CYLINDRICAL_SURFACE ( 'NONE', #1977, 0.3999999999999993006 ) ;
#1589 = VECTOR ( 'NONE', #2398, 1000.000000000000000 ) ;
#1590 = CARTESIAN_POINT ( 'NONE',  ( 11.47214085549942553, 1.849269540290390701, 2.283414511802114522 ) ) ;
#1591 = CYLINDRICAL_SURFACE ( 'NONE', #2165, 0.2000000000000002331 ) ;
#1592 = LINE ( 'NONE', #149, #2820 ) ;
#1593 = VECTOR ( 'NONE', #2602, 1000.000000000000000 ) ;
#1594 = CARTESIAN_POINT ( 'NONE',  ( 13.99294371514606361, 6.447149709438392051, 5.637088606112431677 ) ) ;
#1595 = TOROIDAL_SURFACE ( 'NONE', #262, 2.850000036507845280, 0.4000000000000000222 ) ;
#1596 = APPLICATION_PROTOCOL_DEFINITION ( 'international standard', 'config_control_design', 1994, #3405 ) ;
#1597 = CARTESIAN_POINT ( 'NONE',  ( 9.730897945230827517, 5.649269529859577865, 2.283211809898462175 ) ) ;
#1598 = ORIENTED_EDGE ( 'NONE', *, *, #767, .T. ) ;
#1599 = EDGE_CURVE ( 'NONE', #2737, #3086, #1746, .T. ) ;
#1600 = AXIS2_PLACEMENT_3D ( 'NONE', #3653, #2784, #2804 ) ;
#1601 = AXIS2_PLACEMENT_3D ( 'NONE', #231, #872, #3547 ) ;
#1602 = FACE_OUTER_BOUND ( 'NONE', #1119, .T. ) ;
#1603 = VERTEX_POINT ( 'NONE', #2957 ) ;
#1604 = CARTESIAN_POINT ( 'NONE',  ( 13.60729121006570885, 6.699269608090674843, 4.033211835975495596 ) ) ;
#1605 = CARTESIAN_POINT ( 'NONE',  ( 14.65729122571193699, 2.149269540290390523, 4.033211835975495596 ) ) ;
#1606 = ORIENTED_EDGE ( 'NONE', *, *, #2190, .F. ) ;
#1607 = ORIENTED_EDGE ( 'NONE', *, *, #2284, .T. ) ;
#1608 = EDGE_LOOP ( 'NONE', ( #272, #290, #1264, #2860 ) ) ;
#1609 = CARTESIAN_POINT ( 'NONE',  ( 12.55729126743518975, 6.699269608090674843, 1.583211799467650227 ) ) ;
#1610 = EDGE_CURVE ( 'NONE', #2387, #1134, #2315, .T. ) ;
#1611 = CARTESIAN_POINT ( 'NONE',  ( 10.91957970034929204, 2.849269550721202915, 6.316599425159840742 ) ) ;
#1612 = CARTESIAN_POINT ( 'NONE',  ( 13.73368442274654200, 2.849269550721202915, 2.983211809898461908 ) ) ;
#1613 = DIRECTION ( 'NONE',  ( 0.000000000000000000, 0.000000000000000000, 1.000000000000000000 ) ) ;
#1614 = VECTOR ( 'NONE', #3769, 1000.000000000000000 ) ;
#1615 = EDGE_CURVE ( 'NONE', #2737, #2051, #1104, .T. ) ;
#1616 = CARTESIAN_POINT ( 'NONE',  ( 14.18616116339837951, 6.348042591738396467, 5.170620422054566845 ) ) ;
#1617 = AXIS2_PLACEMENT_3D ( 'NONE', #807, #483, #1743 ) ;
#1618 = PLANE ( 'NONE',  #2160 ) ;
#1619 = EDGE_LOOP ( 'NONE', ( #3793, #1764, #3255, #458, #3564 ) ) ;
#1620 = CARTESIAN_POINT ( 'NONE',  ( 12.20729118920410095, 3.549269550721202648, 5.083211862052529284 ) ) ;
#1621 = ORIENTED_EDGE ( 'NONE', *, *, #3718, .T. ) ;
#1622 = CARTESIAN_POINT ( 'NONE',  ( 13.99320375020629292, 2.849296472329512220, 5.090240083044576203 ) ) ;
#1623 = CARTESIAN_POINT ( 'NONE',  ( 14.33368442796194842, 6.699269608090674843, 1.783211799467650405 ) ) ;
#1624 = DIRECTION ( 'NONE',  ( -0.4472135954999579832, 1.939479807224435648E-15, 0.8944271909999159664 ) ) ;
#1625 = ORIENTED_EDGE ( 'NONE', *, *, #3339, .T. ) ;
#1626 = CARTESIAN_POINT ( 'NONE',  ( 9.730897945230827517, 5.649269529859577865, 2.283211809898462175 ) ) ;
#1627 = ORIENTED_EDGE ( 'NONE', *, *, #1113, .T. ) ;
#1628 = CARTESIAN_POINT ( 'NONE',  ( 10.15910876266714880, 6.849269540290390701, 5.003285359567566815 ) ) ;
#1629 = DIRECTION ( 'NONE',  ( 0.8944271909999159664, 0.000000000000000000, 0.4472135954999579832 ) ) ;
#1630 = DIRECTION ( 'NONE',  ( 0.000000000000000000, 1.000000000000000000, 0.000000000000000000 ) ) ;
#1631 = EDGE_CURVE ( 'NONE', #971, #287, #1405, .T. ) ;
#1632 = CARTESIAN_POINT ( 'NONE',  ( 8.795421023179804010, 2.225439971911008286, 3.602734434102092376 ) ) ;
#1633 = PLANE ( 'NONE',  #2720 ) ;
#1634 = EDGE_CURVE ( 'NONE', #1507, #1029, #480, .T. ) ;
#1635 = CARTESIAN_POINT ( 'NONE',  ( 15.70729124135815447, 2.149269540290390523, 4.033211835975495596 ) ) ;
#1636 = ORIENTED_EDGE ( 'NONE', *, *, #2395, .T. ) ;
#1637 = CARTESIAN_POINT ( 'NONE',  ( 14.65729122571193699, 6.349269529859585148, 4.033211835975495596 ) ) ;
#1638 = DIRECTION ( 'NONE',  ( 0.000000000000000000, -1.000000000000000000, 0.000000000000000000 ) ) ;
#1639 = VERTEX_POINT ( 'NONE', #3280 ) ;
#1640 = DIRECTION ( 'NONE',  ( 0.000000000000000000, 1.000000000000000000, -0.000000000000000000 ) ) ;
#1641 = EDGE_LOOP ( 'NONE', ( #778, #45, #2680, #2488 ) ) ;
#1642 = DIRECTION ( 'NONE',  ( 0.7071067811865473507, 0.000000000000000000, 0.7071067811865476838 ) ) ;
#1643 = ORIENTED_EDGE ( 'NONE', *, *, #3810, .F. ) ;
#1644 = VERTEX_POINT ( 'NONE', #2937 ) ;
#1645 = CARTESIAN_POINT ( 'NONE',  ( 14.65729122571193699, 7.349269540290390701, 4.033211835975495596 ) ) ;
#1646 = LINE ( 'NONE', #1300, #742 ) ;
#1647 = ADVANCED_FACE ( 'NONE', ( #873 ), #3261, .T. ) ;
#1648 = CARTESIAN_POINT ( 'NONE',  ( 14.18509956065412858, 6.699269608090674843, 5.173183357797633164 ) ) ;
#1649 = AXIS2_PLACEMENT_3D ( 'NONE', #173, #1638, #2832 ) ;
#1650 = CARTESIAN_POINT ( 'NONE',  ( 9.160927982740838971, 2.649269550750140034, 2.775938139378478553 ) ) ;
#1651 = EDGE_CURVE ( 'NONE', #1203, #2753, #1144, .T. ) ;
#1652 = AXIS2_PLACEMENT_3D ( 'NONE', #2654, #817, #3254 ) ;
#1653 = ADVANCED_FACE ( 'NONE', ( #545 ), #570, .T. ) ;
#1654 = CARTESIAN_POINT ( 'NONE',  ( 9.503514598419048554, 6.119057553219020562, 2.090764908022062052 ) ) ;
#1655 = ORIENTED_EDGE ( 'NONE', *, *, #459, .T. ) ;
#1656 = DIRECTION ( 'NONE',  ( 0.7071067811865473507, 0.000000000000000000, 0.7071067811865476838 ) ) ;
#1657 = CARTESIAN_POINT ( 'NONE',  ( 13.50883225519194930, 6.699269608090674843, 6.483211872483341409 ) ) ;
#1658 = EDGE_LOOP ( 'NONE', ( #3757, #1033, #193, #1422 ) ) ;
#1659 = AXIS2_PLACEMENT_3D ( 'NONE', #3620, #921, #317 ) ;
#1660 = EDGE_CURVE ( 'NONE', #496, #927, #2148, .T. ) ;
#1661 = CARTESIAN_POINT ( 'NONE',  ( 9.730897945230827517, 3.549269550721202648, 2.083211809898461997 ) ) ;
#1662 = VERTEX_POINT ( 'NONE', #1763 ) ;
#1663 = VECTOR ( 'NONE', #1485, 1000.000000000000000 ) ;
#1664 = FACE_OUTER_BOUND ( 'NONE', #2059, .T. ) ;
#1665 = EDGE_LOOP ( 'NONE', ( #968, #815, #551, #3887 ) ) ;
#1666 = DIRECTION ( 'NONE',  ( 0.000000000000000000, -1.000000000000000000, 0.000000000000000000 ) ) ;
#1667 = CARTESIAN_POINT ( 'NONE',  ( 11.47214085549942553, 1.849269540290390701, 2.283414511802114522 ) ) ;
#1668 = PLANE ( 'NONE',  #1467 ) ;
#1669 = CARTESIAN_POINT ( 'NONE',  ( 9.757291152696254244, 2.449269550721202560, 4.033211835975495596 ) ) ;
#1670 = AXIS2_PLACEMENT_3D ( 'NONE', #307, #2446, #2487 ) ;
#1671 = VECTOR ( 'NONE', #2533, 1000.000000000000000 ) ;
#1672 = DIRECTION ( 'NONE',  ( -0.000000000000000000, -0.000000000000000000, 1.000000000000000000 ) ) ;
#1673 = VERTEX_POINT ( 'NONE', #232 ) ;
#1674 = LINE ( 'NONE', #3773, #2789 ) ;
#1675 = CARTESIAN_POINT ( 'NONE',  ( 10.17874369741362806, 2.849269550721202915, 4.528063099378281997 ) ) ;
#1676 = ORIENTED_EDGE ( 'NONE', *, *, #2631, .F. ) ;
#1677 = VECTOR ( 'NONE', #2954, 1000.000000000000000 ) ;
#1678 = DIRECTION ( 'NONE',  ( 1.000000000000000000, 0.000000000000000000, 0.000000000000000000 ) ) ;
#1679 = EDGE_LOOP ( 'NONE', ( #1123, #2107 ) ) ;
#1680 = CIRCLE ( 'NONE', #2554, 0.3500000156462182987 ) ;
#1681 = CARTESIAN_POINT ( 'NONE',  ( 11.68229118138100731, 7.049269540290389990, 4.033211835975495596 ) ) ;
#1682 = ADVANCED_FACE ( 'NONE', ( #1782 ), #497, .F. ) ;
#1683 = ORIENTED_EDGE ( 'NONE', *, *, #2760, .F. ) ;
#1684 = DIRECTION ( 'NONE',  ( 0.7071067811865470176, 0.7071067811865480168, 0.000000000000000000 ) ) ;
#1685 = CARTESIAN_POINT ( 'NONE',  ( 11.66903424601722428, 1.489334259246896774, 2.202306227294514862 ) ) ;
#1686 = DIRECTION ( 'NONE',  ( 1.000000000000000000, 0.000000000000000000, 0.000000000000000000 ) ) ;
#1687 = FACE_OUTER_BOUND ( 'NONE', #1979, .T. ) ;
#1688 = CARTESIAN_POINT ( 'NONE',  ( 10.96007226006151747, 7.049269540290390879, 6.483211872483341409 ) ) ;
#1689 = EDGE_CURVE ( 'NONE', #2012, #1904, #2037, .T. ) ;
#1690 = CARTESIAN_POINT ( 'NONE',  ( 13.40729121006570779, 2.849269550721202915, 3.635998235260131217 ) ) ;
#1691 = EDGE_LOOP ( 'NONE', ( #1343, #869, #248, #2525, #854, #728, #1390 ) ) ;
#1692 = FACE_OUTER_BOUND ( 'NONE', #1641, .T. ) ;
#1693 = CARTESIAN_POINT ( 'NONE',  ( 13.90340152966575893, 2.852064558176372611, 5.275653930598254604 ) ) ;
#1694 = ORIENTED_EDGE ( 'NONE', *, *, #224, .T. ) ;
#1695 = EDGE_CURVE ( 'NONE', #2430, #1639, #1783, .T. ) ;
#1696 = ORIENTED_EDGE ( 'NONE', *, *, #1093, .T. ) ;
#1697 = CARTESIAN_POINT ( 'NONE',  ( 13.97905823893396082, 6.549269529859578221, 5.083211862052529284 ) ) ;
#1698 = AXIS2_PLACEMENT_3D ( 'NONE', #3596, #2123, #2068 ) ;
#1699 = CARTESIAN_POINT ( 'NONE',  ( 14.65729122571193699, 7.249269540290389280, 1.583211799467650227 ) ) ;
#1700 = ADVANCED_FACE ( 'NONE', ( #3822 ), #2334, .F. ) ;
#1701 = CYLINDRICAL_SURFACE ( 'NONE', #922, 0.3999999999999993006 ) ;
#1702 = CARTESIAN_POINT ( 'NONE',  ( 13.74228463742814021, 3.054294803890619026, 5.578186608883112463 ) ) ;
#1703 = CARTESIAN_POINT ( 'NONE',  ( 9.757291152696254244, 7.049269540290389990, 1.783211799467650405 ) ) ;
#1704 = EDGE_CURVE ( 'NONE', #2049, #1194, #195, .T. ) ;
#1705 = FACE_OUTER_BOUND ( 'NONE', #1691, .T. ) ;
#1706 = DIRECTION ( 'NONE',  ( -0.000000000000000000, 1.000000000000000000, 0.000000000000000000 ) ) ;
#1707 = CARTESIAN_POINT ( 'NONE',  ( 11.88970279241824457, 7.749269540290391056, 5.924063709304787650 ) ) ;
#1708 = ORIENTED_EDGE ( 'NONE', *, *, #554, .F. ) ;
#1709 = CARTESIAN_POINT ( 'NONE',  ( 12.20729118920410095, 6.144244276690161932, 5.578186608883112463 ) ) ;
#1710 = DIRECTION ( 'NONE',  ( 0.4472135954999579832, -1.939479807224435648E-15, -0.8944271909999159664 ) ) ;
#1711 = VERTEX_POINT ( 'NONE', #3016 ) ;
#1712 = AXIS2_PLACEMENT_3D ( 'NONE', #2280, #2005, #3473 ) ;
#1713 = CARTESIAN_POINT ( 'NONE',  ( 12.55729126743518975, 2.499269545505796053, 6.483211872483341409 ) ) ;
#1714 = VERTEX_POINT ( 'NONE', #2717 ) ;
#1715 = AXIS2_PLACEMENT_3D ( 'NONE', #1156, #3247, #203 ) ;
#1716 = CARTESIAN_POINT ( 'NONE',  ( 9.757291152696254244, 2.349269540290390701, 4.033211835975495596 ) ) ;
#1717 = CARTESIAN_POINT ( 'NONE',  ( 14.10493462727596281, 2.904135335880891677, 2.687924996339724260 ) ) ;
#1718 = VECTOR ( 'NONE', #213, 1000.000000000000000 ) ;
#1719 = CIRCLE ( 'NONE', #330, 0.3500000156462182987 ) ;
#1720 = ORIENTED_EDGE ( 'NONE', *, *, #1121, .F. ) ;
#1721 = DIRECTION ( 'NONE',  ( 0.000000000000000000, 0.000000000000000000, -1.000000000000000000 ) ) ;
#1722 = DIRECTION ( 'NONE',  ( 1.000000000000000000, 0.000000000000000000, 0.000000000000000000 ) ) ;
#1723 = EDGE_CURVE ( 'NONE', #587, #2430, #2589, .T. ) ;
#1724 = LOCAL_TIME ( 17, 54, 16.00000000000000000, #3387 ) ;
#1725 = FACE_OUTER_BOUND ( 'NONE', #178, .T. ) ;
#1726 = CARTESIAN_POINT ( 'NONE',  ( 11.87214085549942411, 7.749269540290391056, 2.122737826037631059 ) ) ;
#1727 = DIRECTION ( 'NONE',  ( 1.000000000000000000, 0.000000000000000000, 0.000000000000000000 ) ) ;
#1728 = EDGE_CURVE ( 'NONE', #461, #2734, #1840, .T. ) ;
#1729 = ORIENTED_EDGE ( 'NONE', *, *, #1631, .F. ) ;
#1730 = FACE_OUTER_BOUND ( 'NONE', #3466, .T. ) ;
#1731 = ORIENTED_EDGE ( 'NONE', *, *, #1543, .T. ) ;
#1732 = DIRECTION ( 'NONE',  ( 0.000000000000000000, 1.000000000000000000, 0.000000000000000000 ) ) ;
#1733 = DIRECTION ( 'NONE',  ( 0.000000000000000000, 1.000000000000000000, 0.000000000000000000 ) ) ;
#1734 = EDGE_LOOP ( 'NONE', ( #1451, #2234, #1097, #965 ) ) ;
#1735 = CIRCLE ( 'NONE', #39, 1.050000015646217477 ) ;
#1736 = DIRECTION ( 'NONE',  ( 0.000000000000000000, 1.000000000000000000, 0.000000000000000000 ) ) ;
#1737 = ORIENTED_EDGE ( 'NONE', *, *, #2810, .T. ) ;
#1738 = PLANE ( 'NONE',  #1601 ) ;
#1739 = CARTESIAN_POINT ( 'NONE',  ( 9.201235478273847690, 7.049269540290389990, 3.142536743812421651 ) ) ;
#1740 = AXIS2_PLACEMENT_3D ( 'NONE', #2349, #2390, #848 ) ;
#1741 = CARTESIAN_POINT ( 'NONE',  ( 14.65729122571193699, 2.649269550721202737, 4.033211835975495596 ) ) ;
#1742 = AXIS2_PLACEMENT_3D ( 'NONE', #1576, #3366, #940 ) ;
#1743 = DIRECTION ( 'NONE',  ( 0.000000000000000000, 0.000000000000000000, 1.000000000000000000 ) ) ;
#1744 = DIRECTION ( 'NONE',  ( -1.000000000000000000, 0.000000000000000000, 0.000000000000000000 ) ) ;
#1745 = DIRECTION ( 'NONE',  ( 1.000000000000000000, -0.000000000000000000, 0.000000000000000000 ) ) ;
#1746 =( BOUNDED_CURVE ( )  B_SPLINE_CURVE ( 3, ( #212, #3886, #3507, #3864 ),
 .UNSPECIFIED., .F., .F. ) 
 B_SPLINE_CURVE_WITH_KNOTS ( ( 4, 4 ),
 ( 0.7853981633974489451, 1.555868206490984118 ),
 .UNSPECIFIED. ) 
 CURVE ( )  GEOMETRIC_REPRESENTATION_ITEM ( )  RATIONAL_B_SPLINE_CURVE ( ( 1.000000000000000000, 0.9511400950592410197, 0.9511400950592410197, 1.000000000000000000 ) ) 
 REPRESENTATION_ITEM ( '' )  );
#1747 = CARTESIAN_POINT ( 'NONE',  ( 11.48970279241824421, 1.849269540290390479, 6.483211872483341409 ) ) ;
#1748 = EDGE_CURVE ( 'NONE', #3189, #3333, #3352, .T. ) ;
#1749 = DIRECTION ( 'NONE',  ( -0.000000000000000000, -1.000000000000000000, -0.000000000000000000 ) ) ;
#1750 =( BOUNDED_CURVE ( )  B_SPLINE_CURVE ( 3, ( #2549, #1406, #1009, #2220 ),
 .UNSPECIFIED., .F., .T. ) 
 B_SPLINE_CURVE_WITH_KNOTS ( ( 4, 4 ),
 ( 0.000000000000000000, 1.570796326794897446 ),
 .UNSPECIFIED. ) 
 CURVE ( )  GEOMETRIC_REPRESENTATION_ITEM ( )  RATIONAL_B_SPLINE_CURVE ( ( 1.000000000000000000, 0.8047378541243648264, 0.8047378541243648264, 1.000000000000000000 ) ) 
 REPRESENTATION_ITEM ( '' )  );
#1751 = ORIENTED_EDGE ( 'NONE', *, *, #187, .F. ) ;
#1752 = PLANE ( 'NONE',  #2558 ) ;
#1753 = EDGE_CURVE ( 'NONE', #99, #2240, #2156, .T. ) ;
#1754 = ORIENTED_EDGE ( 'NONE', *, *, #1308, .F. ) ;
#1755 = CARTESIAN_POINT ( 'NONE',  ( 14.00032365415185609, 2.649369830808020687, 5.096646671324609024 ) ) ;
#1756 = DIRECTION ( 'NONE',  ( 0.000000000000000000, 0.000000000000000000, 1.000000000000000000 ) ) ;
#1757 = ORIENTED_EDGE ( 'NONE', *, *, #3444, .T. ) ;
#1758 = AXIS2_PLACEMENT_3D ( 'NONE', #1321, #3751, #415 ) ;
#1759 = DIRECTION ( 'NONE',  ( 1.000000000000000000, 0.000000000000000000, 0.000000000000000000 ) ) ;
#1760 = ORIENTED_EDGE ( 'NONE', *, *, #738, .F. ) ;
#1761 = FACE_OUTER_BOUND ( 'NONE', #3502, .T. ) ;
#1762 = VECTOR ( 'NONE', #3218, 1000.000000000000000 ) ;
#1763 = CARTESIAN_POINT ( 'NONE',  ( 9.880897950446234645, 2.349269540290390701, 1.583211799467650227 ) ) ;
#1764 = ORIENTED_EDGE ( 'NONE', *, *, #3667, .F. ) ;
#1765 = VERTEX_POINT ( 'NONE', #3629 ) ;
#1766 = CARTESIAN_POINT ( 'NONE',  ( 9.280897945230828228, 6.349269529859585148, 2.983211809898461908 ) ) ;
#1767 = EDGE_CURVE ( 'NONE', #2240, #2737, #2952, .T. ) ;
#1768 = DIRECTION ( 'NONE',  ( 0.000000000000000000, 0.000000000000000000, -1.000000000000000000 ) ) ;
#1769 = VERTEX_POINT ( 'NONE', #603 ) ;
#1770 = CARTESIAN_POINT ( 'NONE',  ( 12.55729126743518975, 2.149269540290390523, 6.283211872483342120 ) ) ;
#1771 = CARTESIAN_POINT ( 'NONE',  ( 13.99320375020629470, 6.349242608251269182, 5.090240083044576203 ) ) ;
#1772 =( BOUNDED_CURVE ( )  B_SPLINE_CURVE ( 3, ( #2341, #1688, #2884, #185 ),
 .UNSPECIFIED., .F., .T. ) 
 B_SPLINE_CURVE_WITH_KNOTS ( ( 4, 4 ),
 ( 4.712388980384689674, 5.105088062083412481 ),
 .UNSPECIFIED. ) 
 CURVE ( )  GEOMETRIC_REPRESENTATION_ITEM ( )  RATIONAL_B_SPLINE_CURVE ( ( 1.000000000000000000, 0.9871901869354868797, 0.9871901869354868797, 1.000000000000000000 ) ) 
 REPRESENTATION_ITEM ( '' )  );
#1773 = ORIENTED_EDGE ( 'NONE', *, *, #1996, .T. ) ;
#1774 = ORIENTED_EDGE ( 'NONE', *, *, #1537, .F. ) ;
#1775 = CARTESIAN_POINT ( 'NONE',  ( 11.47214085549942553, 7.049269540290389990, 2.283414511802114522 ) ) ;
#1776 = CARTESIAN_POINT ( 'NONE',  ( 14.08757551546012898, 6.549269529859585326, 4.915211859983055653 ) ) ;
#1777 = VERTEX_POINT ( 'NONE', #2175 ) ;
#1778 = EDGE_CURVE ( 'NONE', #3086, #3170, #2226, .T. ) ;
#1779 = DIRECTION ( 'NONE',  ( 1.000000000000000000, 0.000000000000000000, 0.000000000000000000 ) ) ;
#1780 = ORIENTED_EDGE ( 'NONE', *, *, #1902, .T. ) ;
#1781 = DIRECTION ( 'NONE',  ( -0.000000000000000000, -1.000000000000000000, -0.000000000000000000 ) ) ;
#1782 = FACE_OUTER_BOUND ( 'NONE', #2633, .T. ) ;
#1783 = CIRCLE ( 'NONE', #1019, 1.050000015646217477 ) ;
#1784 = ORIENTED_EDGE ( 'NONE', *, *, #1245, .T. ) ;
#1785 = ADVANCED_FACE ( 'NONE', ( #2134 ), #1534, .T. ) ;
#1786 = AXIS2_PLACEMENT_3D ( 'NONE', #2109, #1539, #1216 ) ;
#1787 = ORIENTED_EDGE ( 'NONE', *, *, #1176, .F. ) ;
#1788 = CARTESIAN_POINT ( 'NONE',  ( 14.18368442274654129, 5.649269529859576977, 2.283211809898462175 ) ) ;
#1789 = LINE ( 'NONE', #3635, #3042 ) ;
#1790 = VECTOR ( 'NONE', #1410, 1000.000000000000000 ) ;
#1791 = ORIENTED_EDGE ( 'NONE', *, *, #1830, .T. ) ;
#1792 = FACE_OUTER_BOUND ( 'NONE', #1926, .T. ) ;
#1793 = CARTESIAN_POINT ( 'NONE',  ( 13.40729121006570779, 6.549269529859585326, 5.783211862052528573 ) ) ;
#1794 = AXIS2_PLACEMENT_3D ( 'NONE', #1637, #1329, #2831 ) ;
#1795 = PLANE ( 'NONE',  #2378 ) ;
#1796 = MANIFOLD_SOLID_BREP ( 'Fillet3', #1433 ) ;
#1797 = LINE ( 'NONE', #1709, #1158 ) ;
#1798 = CARTESIAN_POINT ( 'NONE',  ( 14.03588396621539225, 2.982790332003145028, 5.533421669608991067 ) ) ;
#1799 = VERTEX_POINT ( 'NONE', #584 ) ;
#1800 = CARTESIAN_POINT ( 'NONE',  ( 11.47214085549942553, 2.149269540290390523, 1.583211799467650227 ) ) ;
#1801 = VERTEX_POINT ( 'NONE', #621 ) ;
#1802 = CARTESIAN_POINT ( 'NONE',  ( 9.936176590896238281, 6.549269529859585326, 1.672654518567642024 ) ) ;
#1803 = CARTESIAN_POINT ( 'NONE',  ( 11.48970279241824421, 7.349269540290390701, 5.765623475697482903 ) ) ;
#1804 = PRODUCT ( 'Cable_ChainLink_6.3x4.9_ID3.5mm', 'Cable_ChainLink_6.3x4.9_ID3.5mm', '', ( #1304 ) ) ;
#1805 = ORIENTED_EDGE ( 'NONE', *, *, #1610, .T. ) ;
#1806 = AXIS2_PLACEMENT_3D ( 'NONE', #3807, #3246, #1438 ) ;
#1807 = VERTEX_POINT ( 'NONE', #2739 ) ;
#1808 = CIRCLE ( 'NONE', #2802, 0.6500000156462177880 ) ;
#1809 = CARTESIAN_POINT ( 'NONE',  ( 14.13518651413476945, 6.014660214694695917, 2.358653001072413602 ) ) ;
#1810 = EDGE_CURVE ( 'NONE', #3884, #971, #3360, .T. ) ;
#1811 = CARTESIAN_POINT ( 'NONE',  ( 13.74228463742814021, 6.144244276690161932, 5.578186608883112463 ) ) ;
#1812 = CONICAL_SURFACE ( 'NONE', #465, 1.050000015646217477, 0.7853981633974476129 ) ;
#1813 = VERTEX_POINT ( 'NONE', #1268 ) ;
#1814 = CARTESIAN_POINT ( 'NONE',  ( 9.057291147480848181, 6.549269529859585326, 2.983211809898461908 ) ) ;
#1815 = CARTESIAN_POINT ( 'NONE',  ( 9.730897945230827517, 6.349269529859585148, 2.083211809898462441 ) ) ;
#1816 = FACE_OUTER_BOUND ( 'NONE', #1734, .T. ) ;
#1817 = CALENDAR_DATE ( 2024, 29, 4 ) ;
#1818 = LINE ( 'NONE', #1546, #199 ) ;
#1819 = ORIENTED_EDGE ( 'NONE', *, *, #1371, .F. ) ;
#1820 = ADVANCED_FACE ( 'NONE', ( #2413 ), #3781, .T. ) ;
#1821 = ORIENTED_EDGE ( 'NONE', *, *, #1901, .T. ) ;
#1822 = CARTESIAN_POINT ( 'NONE',  ( 9.401840441159937001, 2.849269550721202471, 2.795079038453178288 ) ) ;
#1823 = CARTESIAN_POINT ( 'NONE',  ( 13.81787223472671755, 6.170258144083593521, 6.059748548525546674 ) ) ;
#1824 = CIRCLE ( 'NONE', #119, 0.2000000000000000944 ) ;
#1825 = EDGE_CURVE ( 'NONE', #1187, #623, #2757, .T. ) ;
#1826 = EDGE_CURVE ( 'NONE', #2171, #3086, #1145, .T. ) ;
#1827 = ORIENTED_EDGE ( 'NONE', *, *, #2001, .F. ) ;
#1828 = DIRECTION ( 'NONE',  ( -1.000000000000000000, 0.000000000000000000, 0.000000000000000000 ) ) ;
#1829 = EDGE_CURVE ( 'NONE', #3230, #47, #3662, .T. ) ;
#1830 = EDGE_CURVE ( 'NONE', #612, #2601, #242, .T. ) ;
#1831 = ORIENTED_EDGE ( 'NONE', *, *, #2664, .F. ) ;
#1832 = CYLINDRICAL_SURFACE ( 'NONE', #1933, 0.7000000000000003997 ) ;
#1833 = CYLINDRICAL_SURFACE ( 'NONE', #1152, 0.2000000000000000944 ) ;
#1834 = DIRECTION ( 'NONE',  ( 0.8944271909999159664, 0.000000000000000000, 0.4472135954999579832 ) ) ;
#1835 = CARTESIAN_POINT ( 'NONE',  ( 13.81787223472671755, 3.028280936497186993, 6.059748548525546674 ) ) ;
#1836 = EDGE_LOOP ( 'NONE', ( #1163, #3657, #34, #988 ) ) ;
#1837 = CARTESIAN_POINT ( 'NONE',  ( 13.60729121006570885, 6.549269529859585326, 3.683211830760089178 ) ) ;
#1838 = ORIENTED_EDGE ( 'NONE', *, *, #2135, .T. ) ;
#1839 = CARTESIAN_POINT ( 'NONE',  ( 14.65729122571193699, 2.349269540290390701, 1.583211799467650227 ) ) ;
#1840 = LINE ( 'NONE', #347, #3037 ) ;
#1841 = ORIENTED_EDGE ( 'NONE', *, *, #3047, .F. ) ;
#1842 = VERTEX_POINT ( 'NONE', #1511 ) ;
#1843 = VECTOR ( 'NONE', #3806, 1000.000000000000000 ) ;
#1844 = CYLINDRICAL_SURFACE ( 'NONE', #3100, 0.2000000000000000944 ) ;
#1845 = AXIS2_PLACEMENT_3D ( 'NONE', #1528, #970, #310 ) ;
#1846 = CARTESIAN_POINT ( 'NONE',  ( 11.88970279241824457, 1.449269540290390568, 5.765623475697482903 ) ) ;
#1847 = ORIENTED_EDGE ( 'NONE', *, *, #518, .T. ) ;
#1848 = AXIS2_PLACEMENT_3D ( 'NONE', #1793, #282, #3008 ) ;
#1849 = CARTESIAN_POINT ( 'NONE',  ( 8.707291137050036767, 6.938712259390380055, 3.730425426260042698 ) ) ;
#1850 = EDGE_CURVE ( 'NONE', #230, #3060, #2698, .T. ) ;
#1851 = CYLINDRICAL_SURFACE ( 'NONE', #2840, 0.2000000000000000944 ) ;
#1852 = AXIS2_PLACEMENT_3D ( 'NONE', #278, #609, #1555 ) ;
#1853 = DIRECTION ( 'NONE',  ( 1.000000000000000000, 0.000000000000000000, 0.000000000000000000 ) ) ;
#1854 = AXIS2_PLACEMENT_3D ( 'NONE', #1755, #3273, #845 ) ;
#1855 = CALENDAR_DATE ( 2024, 29, 4 ) ;
#1856 = DIRECTION ( 'NONE',  ( 0.000000000000000000, 0.000000000000000000, -1.000000000000000000 ) ) ;
#1857 = EDGE_CURVE ( 'NONE', #929, #3762, #3759, .T. ) ;
#1858 = ORIENTED_EDGE ( 'NONE', *, *, #3504, .F. ) ;
#1859 = CARTESIAN_POINT ( 'NONE',  ( 10.32178882311826129, 2.649269550785088079, 5.396029767836322044 ) ) ;
#1860 = ORIENTED_EDGE ( 'NONE', *, *, #2279, .F. ) ;
#1861 = DIRECTION ( 'NONE',  ( 0.000000000000000000, 0.000000000000000000, 1.000000000000000000 ) ) ;
#1862 = DIRECTION ( 'NONE',  ( 0.5255740506694687175, 2.168404344971005713E-15, -0.8507478576305006479 ) ) ;
#1863 = ORIENTED_EDGE ( 'NONE', *, *, #2638, .T. ) ;
#1864 = LINE ( 'NONE', #3064, #2532 ) ;
#1865 = CIRCLE ( 'NONE', #468, 0.2000000000000005107 ) ;
#1866 = CARTESIAN_POINT ( 'NONE',  ( 12.55729126743518975, 1.949269540290390568, 1.783211799467650405 ) ) ;
#1867 = ORIENTED_EDGE ( 'NONE', *, *, #3149, .T. ) ;
#1868 = AXIS2_PLACEMENT_3D ( 'NONE', #3788, #2608, #2006 ) ;
#1869 = CARTESIAN_POINT ( 'NONE',  ( 9.880897950446232869, 2.349269540290390701, 1.783211799467650405 ) ) ;
#1870 = FACE_OUTER_BOUND ( 'NONE', #985, .T. ) ;
#1871 = FACE_OUTER_BOUND ( 'NONE', #3275, .T. ) ;
#1872 = ADVANCED_FACE ( 'NONE', ( #157 ), #826, .T. ) ;
#1873 = CARTESIAN_POINT ( 'NONE',  ( 8.728405700490897701, 2.501776454937783889, 3.640982703878362425 ) ) ;
#1874 = VECTOR ( 'NONE', #1004, 1000.000000000000000 ) ;
#1875 = CARTESIAN_POINT ( 'NONE',  ( 14.18509956065411259, 2.649369830808020687, 5.173183357797627835 ) ) ;
#1876 = ORIENTED_EDGE ( 'NONE', *, *, #3369, .F. ) ;
#1877 =( BOUNDED_CURVE ( )  B_SPLINE_CURVE ( 3, ( #253, #910, #3313, #1510 ),
 .UNSPECIFIED., .F., .T. ) 
 B_SPLINE_CURVE_WITH_KNOTS ( ( 4, 4 ),
 ( 0.000000000000000000, 1.570796326794894782 ),
 .UNSPECIFIED. ) 
 CURVE ( )  GEOMETRIC_REPRESENTATION_ITEM ( )  RATIONAL_B_SPLINE_CURVE ( ( 1.000000000000000000, 0.8047378541243654926, 0.8047378541243654926, 1.000000000000000000 ) ) 
 REPRESENTATION_ITEM ( '' )  );
#1878 = EDGE_CURVE ( 'NONE', #3266, #1213, #2324, .T. ) ;
#1879 = CARTESIAN_POINT ( 'NONE',  ( 10.50656472962021759, 2.849269550721202027, 5.266986143739210036 ) ) ;
#1880 = ORIENTED_EDGE ( 'NONE', *, *, #679, .F. ) ;
#1881 = FACE_OUTER_BOUND ( 'NONE', #3017, .T. ) ;
#1882 = CARTESIAN_POINT ( 'NONE',  ( 13.67143816358011676, 3.187324762342996998, 5.711216567335491767 ) ) ;
#1883 = VERTEX_POINT ( 'NONE', #2527 ) ;
#1884 = ORIENTED_EDGE ( 'NONE', *, *, #50, .F. ) ;
#1885 = ORIENTED_EDGE ( 'NONE', *, *, #1587, .F. ) ;
#1886 = EDGE_CURVE ( 'NONE', #214, #3173, #1374, .T. ) ;
#1887 = CARTESIAN_POINT ( 'NONE',  ( 9.107291137050037122, 6.349269529859585148, 3.683211830760089178 ) ) ;
#1888 = DIRECTION ( 'NONE',  ( 1.000000000000000000, 0.000000000000000000, 0.000000000000000000 ) ) ;
#1889 = B_SPLINE_CURVE_WITH_KNOTS ( 'NONE', 3,
 ( #222, #2902, #2024, #1987 ),
 .UNSPECIFIED., .F., .F.,
 ( 4, 4 ),
 ( 0.000000000000000000, 2.112940213387180918E-05 ),
 .UNSPECIFIED. ) ;
#1890 = FACE_OUTER_BOUND ( 'NONE', #716, .T. ) ;
#1891 = CARTESIAN_POINT ( 'NONE',  ( 14.18509956065411259, 6.549169249772760715, 5.173183357797626947 ) ) ;
#1892 = PERSON_AND_ORGANIZATION ( #1045, #396 ) ;
#1893 = LINE ( 'NONE', #3115, #3038 ) ;
#1894 = ORIENTED_EDGE ( 'NONE', *, *, #2124, .F. ) ;
#1895 = B_SPLINE_CURVE_WITH_KNOTS ( 'NONE', 3,
 ( #719, #1931, #3130, #996, #128, #784 ),
 .UNSPECIFIED., .F., .F.,
 ( 4, 2, 4 ),
 ( 0.000000000000000000, 0.0001568051734606302865, 0.0003136103469212605729 ),
 .UNSPECIFIED. ) ;
#1896 = CARTESIAN_POINT ( 'NONE',  ( 10.98859283569086287, 2.149269540290390523, 6.483211872483341409 ) ) ;
#1897 = ORIENTED_EDGE ( 'NONE', *, *, #2159, .T. ) ;
#1898 = CARTESIAN_POINT ( 'NONE',  ( 14.13740173328558747, 6.011214318237783516, 2.355207104615499869 ) ) ;
#1899 = CARTESIAN_POINT ( 'NONE',  ( 14.30729121006571880, 1.449269540290390568, 4.033211835975495596 ) ) ;
#1900 = VERTEX_POINT ( 'NONE', #3465 ) ;
#1901 = EDGE_CURVE ( 'NONE', #3061, #3613, #762, .T. ) ;
#1902 = EDGE_CURVE ( 'NONE', #1603, #587, #3658, .T. ) ;
#1903 = ORIENTED_EDGE ( 'NONE', *, *, #1610, .F. ) ;
#1904 = VERTEX_POINT ( 'NONE', #2237 ) ;
#1905 = ORIENTED_EDGE ( 'NONE', *, *, #3396, .F. ) ;
#1906 = CARTESIAN_POINT ( 'NONE',  ( 13.50883225519194930, 2.499269545505796053, 6.283211872483342120 ) ) ;
#1907 = EDGE_CURVE ( 'NONE', #3866, #2173, #3032, .T. ) ;
#1908 = VERTEX_POINT ( 'NONE', #1899 ) ;
#1909 = CARTESIAN_POINT ( 'NONE',  ( 14.00032365415185609, 6.699269608090674843, 5.096646671324609024 ) ) ;
#1910 = DIRECTION ( 'NONE',  ( -0.4472135954999579277, 0.000000000000000000, 0.8944271909999158554 ) ) ;
#1911 = CARTESIAN_POINT ( 'NONE',  ( 13.50883225519194930, 7.049269540290389990, 6.283211872483342120 ) ) ;
#1912 = VECTOR ( 'NONE', #2393, 1000.000000000000000 ) ;
#1913 = CARTESIAN_POINT ( 'NONE',  ( 14.00032365415185609, 6.349191534236497958, 5.093661158153036439 ) ) ;
#1914 = CONICAL_SURFACE ( 'NONE', #1026, 1.050000015646217477, 0.7853981633974476129 ) ;
#1915 = CARTESIAN_POINT ( 'NONE',  ( 13.63309632822446282, 5.649269529859577865, 5.783211862052528573 ) ) ;
#1916 = ORIENTED_EDGE ( 'NONE', *, *, #1810, .T. ) ;
#1917 = AXIS2_PLACEMENT_3D ( 'NONE', #993, #2495, #1642 ) ;
#1918 = AXIS2_PLACEMENT_3D ( 'NONE', #103, #2511, #1861 ) ;
#1919 = DIRECTION ( 'NONE',  ( -0.8944271909999159664, 0.000000000000000000, -0.4472135954999579832 ) ) ;
#1920 = ORIENTED_EDGE ( 'NONE', *, *, #2922, .F. ) ;
#1921 = DIRECTION ( 'NONE',  ( 0.000000000000000000, 1.000000000000000000, 0.000000000000000000 ) ) ;
#1922 = DIRECTION ( 'NONE',  ( 0.000000000000000000, 0.000000000000000000, 1.000000000000000000 ) ) ;
#1923 = VERTEX_POINT ( 'NONE', #2512 ) ;
#1924 = CARTESIAN_POINT ( 'NONE',  ( 8.907291137050036056, 6.749269529859585504, 3.730425426260045363 ) ) ;
#1925 = EDGE_CURVE ( 'NONE', #2049, #1995, #3849, .T. ) ;
#1926 = EDGE_LOOP ( 'NONE', ( #2063, #2742, #1059, #2253 ) ) ;
#1927 = DIRECTION ( 'NONE',  ( 0.000000000000000000, 1.000000000000000000, 0.000000000000000000 ) ) ;
#1928 = ORIENTED_EDGE ( 'NONE', *, *, #950, .F. ) ;
#1929 = ADVANCED_FACE ( 'NONE', ( #3153 ), #759, .T. ) ;
#1930 = CARTESIAN_POINT ( 'NONE',  ( 10.90575012321624193, 7.049269540290389990, 6.283211872483342120 ) ) ;
#1931 = CARTESIAN_POINT ( 'NONE',  ( 10.29231591129586398, 2.149269540290390079, 4.938230259441536596 ) ) ;
#1932 = DIRECTION ( 'NONE',  ( 0.000000000000000000, 1.000000000000000000, 0.000000000000000000 ) ) ;
#1933 = AXIS2_PLACEMENT_3D ( 'NONE', #3872, #2088, #2727 ) ;
#1934 = FACE_OUTER_BOUND ( 'NONE', #2544, .T. ) ;
#1935 = CARTESIAN_POINT ( 'NONE',  ( 9.280897945230828228, 2.849269550721202471, 2.983211809898461908 ) ) ;
#1936 = CIRCLE ( 'NONE', #109, 0.2000000000000000944 ) ;
#1937 = CARTESIAN_POINT ( 'NONE',  ( 13.60729121006570885, 2.649269550721203181, 3.683211830760089178 ) ) ;
#1938 = EDGE_CURVE ( 'NONE', #1714, #1134, #1023, .T. ) ;
#1939 = ORIENTED_EDGE ( 'NONE', *, *, #2577, .T. ) ;
#1940 = DIRECTION ( 'NONE',  ( 0.000000000000000000, 1.000000000000000000, 0.000000000000000000 ) ) ;
#1941 = CARTESIAN_POINT ( 'NONE',  ( 14.65729122571193699, 6.549269529859585326, 4.033211835975495596 ) ) ;
#1942 = EDGE_LOOP ( 'NONE', ( #1314, #949, #691, #1404 ) ) ;
#1943 = FACE_OUTER_BOUND ( 'NONE', #670, .T. ) ;
#1944 = ORIENTED_EDGE ( 'NONE', *, *, #2284, .F. ) ;
#1945 = DIRECTION ( 'NONE',  ( 0.000000000000000000, 0.000000000000000000, 1.000000000000000000 ) ) ;
#1946 = EDGE_CURVE ( 'NONE', #3884, #2260, #2282, .T. ) ;
#1947 = CARTESIAN_POINT ( 'NONE',  ( 8.728405698850052019, 6.749269529859585504, 3.640982707160053344 ) ) ;
#1948 = DIRECTION ( 'NONE',  ( -0.000000000000000000, 0.000000000000000000, 1.000000000000000000 ) ) ;
#1949 = EDGE_CURVE ( 'NONE', #535, #3189, #1330, .T. ) ;
#1950 = AXIS2_PLACEMENT_3D ( 'NONE', #1911, #1630, #359 ) ;
#1951 = LINE ( 'NONE', #2865, #48 ) ;
#1952 = CARTESIAN_POINT ( 'NONE',  ( 9.730897945190452702, 3.365495268391998529, 2.283211809898461730 ) ) ;
#1953 = EDGE_CURVE ( 'NONE', #1908, #1530, #2779, .T. ) ;
#1954 = DIRECTION ( 'NONE',  ( 0.000000000000000000, -1.000000000000000000, 0.000000000000000000 ) ) ;
#1955 = ORIENTED_EDGE ( 'NONE', *, *, #3132, .F. ) ;
#1956 = CARTESIAN_POINT ( 'NONE',  ( 9.757291152696254244, 7.049269540290389990, 4.033211835975495596 ) ) ;
#1957 = CARTESIAN_POINT ( 'NONE',  ( 9.757291152696254244, 2.149269540290390523, 4.033211835975495596 ) ) ;
#1958 = ORIENTED_EDGE ( 'NONE', *, *, #555, .T. ) ;
#1959 = EDGE_LOOP ( 'NONE', ( #617, #669, #2182, #2873, #1579 ) ) ;
#1960 = DIRECTION ( 'NONE',  ( 0.000000000000000000, 0.000000000000000000, 1.000000000000000000 ) ) ;
#1961 = ORIENTED_EDGE ( 'NONE', *, *, #1878, .F. ) ;
#1962 = CARTESIAN_POINT ( 'NONE',  ( 14.36256986094652532, 3.549269550721202648, 2.172654528998454015 ) ) ;
#1963 = VERTEX_POINT ( 'NONE', #1657 ) ;
#1964 = CARTESIAN_POINT ( 'NONE',  ( 8.707291137050036767, 7.044487120371687894, 4.033211835975495596 ) ) ;
#1965 = CARTESIAN_POINT ( 'NONE',  ( 13.60729121006570885, 6.699269608090674843, 5.258211854229417170 ) ) ;
#1966 = FACE_OUTER_BOUND ( 'NONE', #1608, .T. ) ;
#1967 = DIRECTION ( 'NONE',  ( 0.000000000000000000, 1.000000000000000000, 0.000000000000000000 ) ) ;
#1968 = AXIS2_PLACEMENT_3D ( 'NONE', #640, #3646, #1566 ) ;
#1969 = CARTESIAN_POINT ( 'NONE',  ( 9.730897945230823964, 5.837402301304861041, 2.283211809898461286 ) ) ;
#1970 = AXIS2_PLACEMENT_3D ( 'NONE', #1426, #3208, #2309 ) ;
#1971 = DIRECTION ( 'NONE',  ( 0.4472135954999579832, 1.939479807224435648E-15, -0.8944271909999159664 ) ) ;
#1972 = EDGE_CURVE ( 'NONE', #3762, #2178, #3449, .T. ) ;
#1973 = ORIENTED_EDGE ( 'NONE', *, *, #1468, .T. ) ;
#1974 = DIRECTION ( 'NONE',  ( 0.000000000000000000, 0.000000000000000000, 1.000000000000000000 ) ) ;
#1975 = DIRECTION ( 'NONE',  ( 0.000000000000000000, 0.000000000000000000, 1.000000000000000000 ) ) ;
#1976 = ORIENTED_EDGE ( 'NONE', *, *, #2350, .F. ) ;
#1977 = AXIS2_PLACEMENT_3D ( 'NONE', #973, #2181, #3142 ) ;
#1978 = CARTESIAN_POINT ( 'NONE',  ( 10.77211439563238393, 7.349269540290390701, 6.083211872483341054 ) ) ;
#1979 = EDGE_LOOP ( 'NONE', ( #3862, #2456, #2150, #2420 ) ) ;
#1980 = VECTOR ( 'NONE', #3684, 1000.000000000000000 ) ;
#1981 = LINE ( 'NONE', #2604, #1718 ) ;
#1982 = CC_DESIGN_SECURITY_CLASSIFICATION ( #2915, ( #451 ) ) ;
#1983 = DIRECTION ( 'NONE',  ( 0.000000000000000000, -1.000000000000000000, 0.000000000000000000 ) ) ;
#1984 = CARTESIAN_POINT ( 'NONE',  ( 14.00032365415185609, 2.149269540290390523, 5.096646671324609024 ) ) ;
#1985 = LINE ( 'NONE', #2899, #3527 ) ;
#1986 = LINE ( 'NONE', #1091, #2496 ) ;
#1987 = CARTESIAN_POINT ( 'NONE',  ( 14.08757551546012898, 6.549269529859585326, 4.915211859983055653 ) ) ;
#1988 = CIRCLE ( 'NONE', #279, 0.3500000156462182987 ) ;
#1989 = ADVANCED_FACE ( 'NONE', ( #2872 ), #684, .F. ) ;
#1990 = AXIS2_PLACEMENT_3D ( 'NONE', #3471, #234, #2043 ) ;
#1991 = DIRECTION ( 'NONE',  ( 0.000000000000000000, 0.000000000000000000, -1.000000000000000000 ) ) ;
#1992 = ORIENTED_EDGE ( 'NONE', *, *, #713, .F. ) ;
#1993 = CARTESIAN_POINT ( 'NONE',  ( 14.65729122571193699, 7.049269540290389990, 1.583211799467650227 ) ) ;
#1994 = CARTESIAN_POINT ( 'NONE',  ( 13.69360816169422179, 6.699269608090674843, 6.359748558956365372 ) ) ;
#1995 = VERTEX_POINT ( 'NONE', #1007 ) ;
#1996 = EDGE_CURVE ( 'NONE', #139, #1254, #2978, .T. ) ;
#1997 = LINE ( 'NONE', #3175, #2806 ) ;
#1998 = ORIENTED_EDGE ( 'NONE', *, *, #1829, .T. ) ;
#1999 = FACE_OUTER_BOUND ( 'NONE', #2553, .T. ) ;
#2000 = CARTESIAN_POINT ( 'NONE',  ( 14.28971605885961615, 7.749269540290391056, 4.033211835975495596 ) ) ;
#2001 = EDGE_CURVE ( 'NONE', #1711, #929, #836, .T. ) ;
#2002 = CARTESIAN_POINT ( 'NONE',  ( 13.85462691867565255, 6.349269529859578931, 2.795079038453178288 ) ) ;
#2003 = DIRECTION ( 'NONE',  ( 0.000000000000000000, 0.000000000000000000, -1.000000000000000000 ) ) ;
#2004 = EDGE_CURVE ( 'NONE', #1134, #2734, #3354, .T. ) ;
#2005 = DIRECTION ( 'NONE',  ( 0.000000000000000000, 1.000000000000000000, 0.000000000000000000 ) ) ;
#2006 = DIRECTION ( 'NONE',  ( 0.000000000000000000, -0.7071067811865477948, -0.7071067811865471286 ) ) ;
#2007 = CARTESIAN_POINT ( 'NONE',  ( 10.40869384404794395, 2.849269550721202915, 5.083211862052529284 ) ) ;
#2008 = CARTESIAN_POINT ( 'NONE',  ( 13.15229120328568335, 6.699269608090674843, 4.593211844320146398 ) ) ;
#2009 = ORIENTED_EDGE ( 'NONE', *, *, #540, .F. ) ;
#2010 = DIRECTION ( 'NONE',  ( 0.000000000000000000, 1.000000000000000000, 0.000000000000000000 ) ) ;
#2011 = CARTESIAN_POINT ( 'NONE',  ( 13.73368442274654377, 6.549269529859585326, 2.983211809898461020 ) ) ;
#2012 = VERTEX_POINT ( 'NONE', #1994 ) ;
#2013 = CARTESIAN_POINT ( 'NONE',  ( 11.68643784473785630, 1.489421560259510224, 5.845532272598418899 ) ) ;
#2014 = EDGE_LOOP ( 'NONE', ( #2491, #972, #3106, #2616 ) ) ;
#2015 = ADVANCED_FACE ( 'NONE', ( #1118 ), #1914, .F. ) ;
#2016 = DIRECTION ( 'NONE',  ( 0.3826470364055234441, 0.01379149759726983580, -0.9237916648920874163 ) ) ;
#2017 = CARTESIAN_POINT ( 'NONE',  ( 14.26026652642203807, 3.148022830559795260, 2.377261198047272206 ) ) ;
#2018 = ORIENTED_EDGE ( 'NONE', *, *, #2523, .F. ) ;
#2019 = DIRECTION ( 'NONE',  ( 1.000000000000000000, 0.000000000000000000, 0.000000000000000000 ) ) ;
#2020 = ADVANCED_FACE ( 'NONE', ( #3501, #2369 ), #559, .F. ) ;
#2021 = CARTESIAN_POINT ( 'NONE',  ( 14.28971605885961615, 1.449269540290390568, 4.033211835975495596 ) ) ;
#2022 = DIRECTION ( 'NONE',  ( -1.000000000000000000, 0.000000000000000000, -0.000000000000000000 ) ) ;
#2023 = DIRECTION ( 'NONE',  ( 0.000000000000000000, 1.000000000000000000, 0.000000000000000000 ) ) ;
#2024 = CARTESIAN_POINT ( 'NONE',  ( 14.09349174813049110, 6.549269529859578221, 4.919033368606712031 ) ) ;
#2025 =( BOUNDED_CURVE ( )  B_SPLINE_CURVE ( 3, ( #1837, #364, #3372, #661 ),
 .UNSPECIFIED., .F., .T. ) 
 B_SPLINE_CURVE_WITH_KNOTS ( ( 4, 4 ),
 ( 0.000000000000000000, 1.570796326794896558 ),
 .UNSPECIFIED. ) 
 CURVE ( )  GEOMETRIC_REPRESENTATION_ITEM ( )  RATIONAL_B_SPLINE_CURVE ( ( 1.000000000000000000, 0.8047378541243649375, 0.8047378541243649375, 1.000000000000000000 ) ) 
 REPRESENTATION_ITEM ( '' )  );
#2026 = ORIENTED_EDGE ( 'NONE', *, *, #822, .F. ) ;
#2027 = CARTESIAN_POINT ( 'NONE',  ( 9.160927982740824760, 6.549269529830725745, 2.775938139378509639 ) ) ;
#2028 = VERTEX_POINT ( 'NONE', #2346 ) ;
#2029 = CARTESIAN_POINT ( 'NONE',  ( 10.13257397309701879, 6.423758736402731984, 4.844340254618172636 ) ) ;
#2030 = CARTESIAN_POINT ( 'NONE',  ( 9.757291152696254244, 1.849269540290390479, 4.033211835975495596 ) ) ;
#2031 = ORIENTED_EDGE ( 'NONE', *, *, #372, .T. ) ;
#2032 = VECTOR ( 'NONE', #2215, 1000.000000000000000 ) ;
#2033 = CARTESIAN_POINT ( 'NONE',  ( 13.91256986094652781, 6.549269529859578221, 3.072654528998452594 ) ) ;
#2034 = EDGE_LOOP ( 'NONE', ( #174, #1998, #2366, #2970 ) ) ;
#2035 = CARTESIAN_POINT ( 'NONE',  ( 12.20729118920410095, 5.649269529859577865, 2.983211809898461908 ) ) ;
#2036 = AXIS2_PLACEMENT_3D ( 'NONE', #2809, #862, #3830 ) ;
#2037 = LINE ( 'NONE', #1192, #1912 ) ;
#2038 = DIRECTION ( 'NONE',  ( 1.000000000000000000, 0.000000000000000000, 0.000000000000000000 ) ) ;
#2039 = AXIS2_PLACEMENT_3D ( 'NONE', #3666, #371, #1945 ) ;
#2040 = EDGE_CURVE ( 'NONE', #1041, #351, #159, .T. ) ;
#2041 = AXIS2_PLACEMENT_3D ( 'NONE', #3604, #3834, #2345 ) ;
#2042 = VERTEX_POINT ( 'NONE', #1162 ) ;
#2043 = DIRECTION ( 'NONE',  ( 0.8944271909999159664, 0.000000000000000000, 0.4472135954999579832 ) ) ;
#2044 = CARTESIAN_POINT ( 'NONE',  ( 12.20729118920410095, 5.649269529859577865, 5.083211862052529284 ) ) ;
#2045 = ADVANCED_FACE ( 'NONE', ( #3229 ), #573, .T. ) ;
#2046 = CARTESIAN_POINT ( 'NONE',  ( 14.65729122571193699, 2.149269540290390523, 1.783211799467650405 ) ) ;
#2047 = CYLINDRICAL_SURFACE ( 'NONE', #1868, 0.7000000000000000666 ) ;
#2048 = CARTESIAN_POINT ( 'NONE',  ( 8.707291137050036767, 2.449269550721202560, 3.730425426260042698 ) ) ;
#2049 = VERTEX_POINT ( 'NONE', #1776 ) ;
#2050 = LINE ( 'NONE', #814, #779 ) ;
#2051 = VERTEX_POINT ( 'NONE', #3566 ) ;
#2052 = DIRECTION ( 'NONE',  ( -0.7071067811865470176, -0.7071067811865480168, 8.659560562354926695E-17 ) ) ;
#2053 = VECTOR ( 'NONE', #3812, 1000.000000000000000 ) ;
#2054 = CARTESIAN_POINT ( 'NONE',  ( 10.59671014368147191, 3.549269550721202648, 6.059748548525545786 ) ) ;
#2055 = EDGE_LOOP ( 'NONE', ( #3077, #1760, #732, #912, #3, #3570 ) ) ;
#2056 = VECTOR ( 'NONE', #430, 1000.000000000000000 ) ;
#2057 = ADVANCED_FACE ( 'NONE', ( #797 ), #2969, .T. ) ;
#2058 = CARTESIAN_POINT ( 'NONE',  ( 10.77211439563238393, 1.949269540290390568, 6.283211872483342120 ) ) ;
#2059 = EDGE_LOOP ( 'NONE', ( #3213, #3679, #638, #1523, #1958, #1568 ) ) ;
#2060 = DIRECTION ( 'NONE',  ( 1.000000000000000000, 0.000000000000000000, 0.000000000000000000 ) ) ;
#2061 = CARTESIAN_POINT ( 'NONE',  ( 8.728405698850053795, 6.632112242334205376, 3.640982707160053344 ) ) ;
#2062 = CARTESIAN_POINT ( 'NONE',  ( 8.707291137050036767, 2.449269550721202560, 3.730425426260042698 ) ) ;
#2063 = ORIENTED_EDGE ( 'NONE', *, *, #2196, .T. ) ;
#2064 = CIRCLE ( 'NONE', #861, 1.050000015646217477 ) ;
#2065 = ORIENTED_EDGE ( 'NONE', *, *, #134, .T. ) ;
#2066 = CARTESIAN_POINT ( 'NONE',  ( 12.55729126743518975, 4.599269540290389813, 6.483211872483341409 ) ) ;
#2067 = ADVANCED_FACE ( 'NONE', ( #3795 ), #1595, .T. ) ;
#2068 = DIRECTION ( 'NONE',  ( 1.000000000000000000, 0.000000000000000000, 0.000000000000000000 ) ) ;
#2069 = ORIENTED_EDGE ( 'NONE', *, *, #977, .F. ) ;
#2070 = CARTESIAN_POINT ( 'NONE',  ( 14.05188247428048776, 3.054294803890619026, 2.488237063067879173 ) ) ;
#2071 = EDGE_CURVE ( 'NONE', #3866, #1765, #2930, .T. ) ;
#2072 = CARTESIAN_POINT ( 'NONE',  ( 14.00032365415185609, 6.549169249772760715, 5.096646671324609024 ) ) ;
#2073 = ADVANCED_FACE ( 'NONE', ( #1486 ), #2285, .T. ) ;
#2074 = ORIENTED_EDGE ( 'NONE', *, *, #2241, .T. ) ;
#2075 = CARTESIAN_POINT ( 'NONE',  ( 9.107291137050037122, 2.849269550721202915, 3.330425426260045008 ) ) ;
#2076 = ORIENTED_EDGE ( 'NONE', *, *, #303, .F. ) ;
#2077 = CARTESIAN_POINT ( 'NONE',  ( 10.17874369741362806, 6.349269529859585148, 4.528063099378281997 ) ) ;
#2078 = CARTESIAN_POINT ( 'NONE',  ( 10.44229455595304046, 2.649269550721203181, 5.686956342389761332 ) ) ;
#2079 = EDGE_CURVE ( 'NONE', #214, #3226, #3852, .T. ) ;
#2080 = EDGE_LOOP ( 'NONE', ( #622, #1526, #3816, #2394 ) ) ;
#2081 = CARTESIAN_POINT ( 'NONE',  ( 11.88970279241824457, 7.749269540290391056, 6.083211872483341054 ) ) ;
#2082 = ORIENTED_EDGE ( 'NONE', *, *, #505, .T. ) ;
#2083 = CYLINDRICAL_SURFACE ( 'NONE', #3670, 0.2000000000000002331 ) ;
#2084 = ORIENTED_EDGE ( 'NONE', *, *, #453, .T. ) ;
#2085 = CARTESIAN_POINT ( 'NONE',  ( 13.85147097993667664, 6.331050397581195810, 2.799988276491562011 ) ) ;
#2086 = DIRECTION ( 'NONE',  ( -0.000000000000000000, 1.000000000000000000, -0.000000000000000000 ) ) ;
#2087 = ORIENTED_EDGE ( 'NONE', *, *, #397, .F. ) ;
#2088 = DIRECTION ( 'NONE',  ( 1.000000000000000000, 0.000000000000000000, 0.000000000000000000 ) ) ;
#2089 = LINE ( 'NONE', #3025, #3355 ) ;
#2090 = ORIENTED_EDGE ( 'NONE', *, *, #863, .T. ) ;
#2091 = CARTESIAN_POINT ( 'NONE',  ( 8.728405698850052019, 2.449269550721202116, 3.640982707160053344 ) ) ;
#2092 = ORIENTED_EDGE ( 'NONE', *, *, #1651, .F. ) ;
#2093 = CARTESIAN_POINT ( 'NONE',  ( 11.48970279241824421, 2.149269540290390523, 5.258211854229417170 ) ) ;
#2094 = DIRECTION ( 'NONE',  ( 0.000000000000000000, 0.000000000000000000, 1.000000000000000000 ) ) ;
#2095 = ORIENTED_EDGE ( 'NONE', *, *, #3895, .T. ) ;
#2096 = ADVANCED_FACE ( 'NONE', ( #2635 ), #2373, .T. ) ;
#2097 = CARTESIAN_POINT ( 'NONE',  ( 12.20729118920410095, 3.549269550721202648, 2.983211809898461908 ) ) ;
#2098 = ORIENTED_EDGE ( 'NONE', *, *, #1182, .T. ) ;
#2099 = CARTESIAN_POINT ( 'NONE',  ( 9.280897945230828228, 2.849269550721202915, 2.983211809898461908 ) ) ;
#2100 = DIRECTION ( 'NONE',  ( 0.000000000000000000, 0.7071067811865481278, -0.7071067811865467956 ) ) ;
#2101 = VECTOR ( 'NONE', #911, 1000.000000000000000 ) ;
#2102 = ORIENTED_EDGE ( 'NONE', *, *, #115, .F. ) ;
#2103 = AXIS2_PLACEMENT_3D ( 'NONE', #2011, #1710, #492 ) ;
#2104 = CIRCLE ( 'NONE', #390, 1.050000015646217477 ) ;
#2105 = CARTESIAN_POINT ( 'NONE',  ( 10.15910876266714880, 7.049269540290389990, 5.003285359567566815 ) ) ;
#2106 = VECTOR ( 'NONE', #2448, 1000.000000000000000 ) ;
#2107 = ORIENTED_EDGE ( 'NONE', *, *, #1953, .T. ) ;
#2108 = DIRECTION ( 'NONE',  ( -1.000000000000000000, 0.000000000000000000, 0.000000000000000000 ) ) ;
#2109 = CARTESIAN_POINT ( 'NONE',  ( 14.65729122571193699, 7.349269540290390701, 1.983211799467650360 ) ) ;
#2110 = AXIS2_PLACEMENT_3D ( 'NONE', #3367, #632, #656 ) ;
#2111 = CARTESIAN_POINT ( 'NONE',  ( 14.65729122571193699, 2.149269540290390523, 4.033211835975495596 ) ) ;
#2112 = CARTESIAN_POINT ( 'NONE',  ( 13.93241748075756092, 3.549269550721201760, 5.783211862052526797 ) ) ;
#2113 = ORIENTED_EDGE ( 'NONE', *, *, #3212, .F. ) ;
#2114 = ADVANCED_FACE ( 'NONE', ( #904 ), #3309, .T. ) ;
#2115 = CARTESIAN_POINT ( 'NONE',  ( 10.55653316023809474, 3.079481526261264257, 5.962752730201303919 ) ) ;
#2116 = EDGE_LOOP ( 'NONE', ( #847, #1499, #365, #2906, #2583 ) ) ;
#2117 = CARTESIAN_POINT ( 'NONE',  ( 11.88970279241824457, 1.849269540290390479, 4.033211835975495596 ) ) ;
#2118 = ADVANCED_FACE ( 'NONE', ( #286 ), #320, .F. ) ;
#2119 = VECTOR ( 'NONE', #2126, 1000.000000000000000 ) ;
#2120 = ORIENTED_EDGE ( 'NONE', *, *, #3145, .F. ) ;
#2121 = CONICAL_SURFACE ( 'NONE', #407, 1.050000015646217477, 0.7853981633974476129 ) ;
#2122 = CARTESIAN_POINT ( 'NONE',  ( 9.401840441159937001, 6.349269529859578931, 2.795079038453178288 ) ) ;
#2123 = DIRECTION ( 'NONE',  ( 0.000000000000000000, 1.000000000000000000, 0.000000000000000000 ) ) ;
#2124 = EDGE_CURVE ( 'NONE', #708, #1963, #3640, .T. ) ;
#2125 = VERTEX_POINT ( 'NONE', #598 ) ;
#2126 = DIRECTION ( 'NONE',  ( 0.000000000000000000, 0.000000000000000000, 1.000000000000000000 ) ) ;
#2127 = CARTESIAN_POINT ( 'NONE',  ( 11.87214085549942411, 1.449269540290390568, 2.122737826037631059 ) ) ;
#2128 = DIRECTION ( 'NONE',  ( 0.000000000000000000, 0.000000000000000000, -1.000000000000000000 ) ) ;
#2129 = CARTESIAN_POINT ( 'NONE',  ( 13.81787223475993898, 3.315257978019645169, 6.059748548445345051 ) ) ;
#2130 = VERTEX_POINT ( 'NONE', #942 ) ;
#2131 = CARTESIAN_POINT ( 'NONE',  ( 10.50888588821012348, 6.349269529859578931, 5.271344633497812460 ) ) ;
#2132 = ORIENTED_EDGE ( 'NONE', *, *, #1660, .F. ) ;
#2133 = CARTESIAN_POINT ( 'NONE',  ( 10.74130906674047381, 6.014660215550554412, 5.707770670022721760 ) ) ;
#2134 = FACE_OUTER_BOUND ( 'NONE', #2955, .T. ) ;
#2135 = EDGE_CURVE ( 'NONE', #1801, #1799, #2348, .T. ) ;
#2136 = DIRECTION ( 'NONE',  ( 0.000000000000000000, 0.000000000000000000, 1.000000000000000000 ) ) ;
#2137 = CARTESIAN_POINT ( 'NONE',  ( 13.63309632822446282, 5.649269529859577865, 5.783211862052528573 ) ) ;
#2138 = EDGE_CURVE ( 'NONE', #2171, #99, #2177, .T. ) ;
#2139 = CARTESIAN_POINT ( 'NONE',  ( 11.88970279241824457, 1.449269540290390568, 5.924063709304787650 ) ) ;
#2140 = CARTESIAN_POINT ( 'NONE',  ( 14.08757551546012543, 6.349269529859577155, 4.915211859983055653 ) ) ;
#2141 = CARTESIAN_POINT ( 'NONE',  ( 9.365616403962951253, 2.649269550721202293, 2.366561296934255765 ) ) ;
#2142 = DIRECTION ( 'NONE',  ( 0.000000000000000000, 0.000000000000000000, -1.000000000000000000 ) ) ;
#2143 = ORIENTED_EDGE ( 'NONE', *, *, #3767, .T. ) ;
#2144 = AXIS2_PLACEMENT_3D ( 'NONE', #3455, #2003, #1744 ) ;
#2145 = LINE ( 'NONE', #2695, #3178 ) ;
#2146 = ORIENTED_EDGE ( 'NONE', *, *, #2211, .F. ) ;
#2147 = DIRECTION ( 'NONE',  ( 0.000000000000000000, 0.000000000000000000, -1.000000000000000000 ) ) ;
#2148 =( BOUNDED_CURVE ( )  B_SPLINE_CURVE ( 3, ( #3214, #2376, #2061, #1449 ),
 .UNSPECIFIED., .F., .F. ) 
 B_SPLINE_CURVE_WITH_KNOTS ( ( 4, 4 ),
 ( 4.712388980384687898, 6.283185307179586232 ),
 .UNSPECIFIED. ) 
 CURVE ( )  GEOMETRIC_REPRESENTATION_ITEM ( )  RATIONAL_B_SPLINE_CURVE ( ( 1.000000000000000000, 0.8047378541243646044, 0.8047378541243646044, 1.000000000000000000 ) ) 
 REPRESENTATION_ITEM ( '' )  );
#2149 = DIRECTION ( 'NONE',  ( 1.000000000000000000, -0.000000000000000000, 0.000000000000000000 ) ) ;
#2150 = ORIENTED_EDGE ( 'NONE', *, *, #453, .F. ) ;
#2151 =( BOUNDED_CURVE ( )  B_SPLINE_CURVE ( 3, ( #1525, #3349, #2131, #3659 ),
 .UNSPECIFIED., .F., .F. ) 
 B_SPLINE_CURVE_WITH_KNOTS ( ( 4, 4 ),
 ( 0.7853981633974492782, 1.570796326794895670 ),
 .UNSPECIFIED. ) 
 CURVE ( )  GEOMETRIC_REPRESENTATION_ITEM ( )  RATIONAL_B_SPLINE_CURVE ( ( 1.000000000000000000, 0.9492530216741912330, 0.9492530216741912330, 1.000000000000000000 ) ) 
 REPRESENTATION_ITEM ( '' )  );
#2152 = CIRCLE ( 'NONE', #3157, 0.2000000000000000944 ) ;
#2153 = VERTEX_POINT ( 'NONE', #2170 ) ;
#2154 = ORIENTED_EDGE ( 'NONE', *, *, #288, .T. ) ;
#2155 = DIRECTION ( 'NONE',  ( 1.000000000000000000, 0.000000000000000000, 0.000000000000000000 ) ) ;
#2156 = CIRCLE ( 'NONE', #441, 0.1999999999999996503 ) ;
#2157 = DIRECTION ( 'NONE',  ( -0.4472135954999579832, 1.939479807224435648E-15, 0.8944271909999159664 ) ) ;
#2158 = EDGE_CURVE ( 'NONE', #711, #1021, #1818, .T. ) ;
#2159 = EDGE_CURVE ( 'NONE', #2852, #641, #3346, .T. ) ;
#2160 = AXIS2_PLACEMENT_3D ( 'NONE', #81, #1284, #981 ) ;
#2161 = DIRECTION ( 'NONE',  ( 0.4472135954999588714, 0.000000000000000000, -0.8944271909999156334 ) ) ;
#2162 = CARTESIAN_POINT ( 'NONE',  ( 14.28971605885961615, 7.049269540290389990, 6.283211872483342120 ) ) ;
#2163 = CARTESIAN_POINT ( 'NONE',  ( 14.09945774500851456, 6.549234920046112407, 4.922802337797921091 ) ) ;
#2164 = EDGE_CURVE ( 'NONE', #490, #3337, #2, .T. ) ;
#2165 = AXIS2_PLACEMENT_3D ( 'NONE', #1259, #1910, #1629 ) ;
#2166 = APPROVAL ( #1222, 'UNSPECIFIED' ) ;
#2167 = DIRECTION ( 'NONE',  ( -0.000000000000000000, -0.000000000000000000, 1.000000000000000000 ) ) ;
#2168 = AXIS2_PLACEMENT_3D ( 'NONE', #3571, #3885, #3863 ) ;
#2169 = DATE_TIME_ROLE ( 'classification_date' ) ;
#2170 = CARTESIAN_POINT ( 'NONE',  ( 9.107291137050037122, 6.349269529859585148, 4.033211835975495596 ) ) ;
#2171 = VERTEX_POINT ( 'NONE', #1875 ) ;
#2172 = CYLINDRICAL_SURFACE ( 'NONE', #1180, 0.2000000000000000944 ) ;
#2173 = VERTEX_POINT ( 'NONE', #886 ) ;
#2174 = CARTESIAN_POINT ( 'NONE',  ( 11.48970279241824421, 7.049269540290389990, 6.483211872483341409 ) ) ;
#2175 = CARTESIAN_POINT ( 'NONE',  ( 8.928405698850053085, 2.649269550721202737, 3.240982707160052989 ) ) ;
#2176 = VERTEX_POINT ( 'NONE', #40 ) ;
#2177 =( BOUNDED_CURVE ( )  B_SPLINE_CURVE ( 3, ( #616, #3585, #1835, #3029 ),
 .UNSPECIFIED., .F., .T. ) 
 B_SPLINE_CURVE_WITH_KNOTS ( ( 4, 4 ),
 ( 4.727317100688602558, 6.283185307179586232 ),
 .UNSPECIFIED. ) 
 CURVE ( )  GEOMETRIC_REPRESENTATION_ITEM ( )  RATIONAL_B_SPLINE_CURVE ( ( 1.000000000000000000, 0.8082432817230530420, 0.8082432817230530420, 1.000000000000000000 ) ) 
 REPRESENTATION_ITEM ( '' )  );
#2178 = VERTEX_POINT ( 'NONE', #1201 ) ;
#2179 =( BOUNDED_CURVE ( )  B_SPLINE_CURVE ( 3, ( #1056, #2827, #1969, #1597 ),
 .UNSPECIFIED., .F., .T. ) 
 B_SPLINE_CURVE_WITH_KNOTS ( ( 4, 4 ),
 ( 2.356194490192343949, 3.141592653589793116 ),
 .UNSPECIFIED. ) 
 CURVE ( )  GEOMETRIC_REPRESENTATION_ITEM ( )  RATIONAL_B_SPLINE_CURVE ( ( 1.000000000000000000, 0.9492530216741910110, 0.9492530216741910110, 1.000000000000000000 ) ) 
 REPRESENTATION_ITEM ( '' )  );
#2180 = EDGE_CURVE ( 'NONE', #275, #490, #1522, .T. ) ;
#2181 = DIRECTION ( 'NONE',  ( -0.000000000000000000, 0.000000000000000000, 1.000000000000000000 ) ) ;
#2182 = ORIENTED_EDGE ( 'NONE', *, *, #2242, .F. ) ;
#2183 = CIRCLE ( 'NONE', #2611, 0.2000000000000000944 ) ;
#2184 = CARTESIAN_POINT ( 'NONE',  ( 10.77211439563238393, 2.149269540290390523, 6.483211872483341409 ) ) ;
#2185 = CARTESIAN_POINT ( 'NONE',  ( 10.82229793957100838, 2.196429401863853492, 6.483211872483341409 ) ) ;
#2186 = CARTESIAN_POINT ( 'NONE',  ( 14.65729122571193699, 7.049269540290389990, 4.033211835975495596 ) ) ;
#2187 = AXIS2_PLACEMENT_3D ( 'NONE', #2934, #1189, #1102 ) ;
#2188 = DIRECTION ( 'NONE',  ( 0.000000000000000000, -1.000000000000000000, 0.000000000000000000 ) ) ;
#2189 = AXIS2_PLACEMENT_3D ( 'NONE', #2464, #681, #3094 ) ;
#2190 = EDGE_CURVE ( 'NONE', #971, #2753, #2781, .T. ) ;
#2191 = ADVANCED_FACE ( 'NONE', ( #3605 ), #340, .T. ) ;
#2192 = PERSON_AND_ORGANIZATION ( #1045, #396 ) ;
#2193 = LINE ( 'NONE', #3388, #631 ) ;
#2194 = VERTEX_POINT ( 'NONE', #579 ) ;
#2195 = DIRECTION ( 'NONE',  ( 0.000000000000000000, 0.000000000000000000, 1.000000000000000000 ) ) ;
#2196 = EDGE_CURVE ( 'NONE', #3296, #1883, #1416, .T. ) ;
#2197 = ORIENTED_EDGE ( 'NONE', *, *, #1176, .T. ) ;
#2198 = CARTESIAN_POINT ( 'NONE',  ( 10.78148605018372841, 5.649269529859577865, 5.983211862052527863 ) ) ;
#2199 = DIRECTION ( 'NONE',  ( 1.000000000000000000, 0.000000000000000000, 0.000000000000000000 ) ) ;
#2200 = ORIENTED_EDGE ( 'NONE', *, *, #1419, .F. ) ;
#2201 = EDGE_LOOP ( 'NONE', ( #1791, #3648, #2485, #1880 ) ) ;
#2202 = EDGE_LOOP ( 'NONE', ( #2515, #3644, #2815, #2197, #2886, #3627, #3611, #818, #2216 ) ) ;
#2203 = SPHERICAL_SURFACE ( 'NONE', #2479, 0.2000000000000000111 ) ;
#2204 = ORIENTED_EDGE ( 'NONE', *, *, #3601, .F. ) ;
#2205 = FACE_OUTER_BOUND ( 'NONE', #2658, .T. ) ;
#2206 = DIRECTION ( 'NONE',  ( 1.000000000000000000, 0.000000000000000000, 0.000000000000000000 ) ) ;
#2207 = FACE_OUTER_BOUND ( 'NONE', #2374, .T. ) ;
#2208 = DIRECTION ( 'NONE',  ( 0.000000000000000000, -1.000000000000000000, 0.000000000000000000 ) ) ;
#2209 = LINE ( 'NONE', #3404, #3107 ) ;
#2210 = EDGE_LOOP ( 'NONE', ( #2009, #3376 ) ) ;
#2211 = EDGE_CURVE ( 'NONE', #1562, #1041, #98, .T. ) ;
#2212 = CARTESIAN_POINT ( 'NONE',  ( 11.47214085549942553, 7.049269540290389990, 3.158313173888804837 ) ) ;
#2213 = VERTEX_POINT ( 'NONE', #452 ) ;
#2214 = CARTESIAN_POINT ( 'NONE',  ( 10.37662177133990049, 6.220221188575237647, 5.528408215098209233 ) ) ;
#2215 = DIRECTION ( 'NONE',  ( -0.3826834323650898928, 0.000000000000000000, -0.9238795325112867385 ) ) ;
#2216 = ORIENTED_EDGE ( 'NONE', *, *, #3668, .T. ) ;
#2217 = ORIENTED_EDGE ( 'NONE', *, *, #1093, .F. ) ;
#2218 = ORIENTED_EDGE ( 'NONE', *, *, #2520, .F. ) ;
#2219 = EDGE_CURVE ( 'NONE', #2755, #866, #3092, .T. ) ;
#2220 = CARTESIAN_POINT ( 'NONE',  ( 8.928405698850053085, 2.649269550721202737, 3.240982707160052989 ) ) ;
#2221 = ORIENTED_EDGE ( 'NONE', *, *, #464, .T. ) ;
#2222 = AXIS2_PLACEMENT_3D ( 'NONE', #915, #2379, #258 ) ;
#2223 = DIRECTION ( 'NONE',  ( 0.000000000000000000, 0.000000000000000000, -1.000000000000000000 ) ) ;
#2224 = FACE_OUTER_BOUND ( 'NONE', #2055, .T. ) ;
#2225 = LINE ( 'NONE', #399, #1257 ) ;
#2226 = CIRCLE ( 'NONE', #3290, 0.2000000000000002887 ) ;
#2227 = ADVANCED_FACE ( 'NONE', ( #379 ), #2947, .T. ) ;
#2228 = FACE_OUTER_BOUND ( 'NONE', #1464, .T. ) ;
#2229 = AXIS2_PLACEMENT_3D ( 'NONE', #2030, #1460, #3835 ) ;
#2230 = DIRECTION ( 'NONE',  ( 1.000000000000000000, -0.000000000000000000, -0.000000000000000000 ) ) ;
#2231 = AXIS2_PLACEMENT_3D ( 'NONE', #2000, #2893, #2038 ) ;
#2232 = AXIS2_PLACEMENT_3D ( 'NONE', #3384, #1888, #273 ) ;
#2233 = CARTESIAN_POINT ( 'NONE',  ( 9.682400036619053907, 6.014660214694670159, 2.358653001072386957 ) ) ;
#2234 = ORIENTED_EDGE ( 'NONE', *, *, #950, .T. ) ;
#2235 = CARTESIAN_POINT ( 'NONE',  ( 14.33368442796194842, 6.699269608090674843, 1.583211799467650227 ) ) ;
#2236 = ADVANCED_FACE ( 'NONE', ( #754 ), #1633, .F. ) ;
#2237 = CARTESIAN_POINT ( 'NONE',  ( 13.69360816169421824, 2.499269545505796053, 6.359748558956363595 ) ) ;
#2238 = ORIENTED_EDGE ( 'NONE', *, *, #654, .F. ) ;
#2239 = DIRECTION ( 'NONE',  ( 1.000000000000000000, -0.000000000000000000, 0.000000000000000000 ) ) ;
#2240 = VERTEX_POINT ( 'NONE', #1358 ) ;
#2241 = EDGE_CURVE ( 'NONE', #982, #2996, #2179, .T. ) ;
#2242 = EDGE_CURVE ( 'NONE', #1194, #13, #2209, .T. ) ;
#2243 = CARTESIAN_POINT ( 'NONE',  ( 9.757291152696254244, 7.049269540290389990, 1.583211799467650227 ) ) ;
#2244 = CARTESIAN_POINT ( 'NONE',  ( 8.731776636058851793, 6.586402086172626014, 3.634240832742321459 ) ) ;
#2245 = PLANE ( 'NONE',  #2595 ) ;
#2246 = DIRECTION ( 'NONE',  ( 0.000000000000000000, -1.000000000000000000, 0.000000000000000000 ) ) ;
#2247 = CIRCLE ( 'NONE', #3248, 2.450000036507845369 ) ;
#2248 = CARTESIAN_POINT ( 'NONE',  ( 8.925470783203728331, 2.211916918816005495, 3.367934049900525029 ) ) ;
#2249 = VECTOR ( 'NONE', #210, 1000.000000000000000 ) ;
#2250 = CARTESIAN_POINT ( 'NONE',  ( 12.55729126743518975, 6.699269608090674843, 6.483211872483341409 ) ) ;
#2251 = VECTOR ( 'NONE', #1310, 1000.000000000000227 ) ;
#2252 = CARTESIAN_POINT ( 'NONE',  ( 9.407291147480847826, 5.649269529859577865, 2.283211809898462619 ) ) ;
#2253 = ORIENTED_EDGE ( 'NONE', *, *, #1113, .F. ) ;
#2254 = LINE ( 'NONE', #2850, #3478 ) ;
#2255 = CARTESIAN_POINT ( 'NONE',  ( 14.36256986094652355, 6.176477323723791990, 2.172654528998454015 ) ) ;
#2256 = ORIENTED_EDGE ( 'NONE', *, *, #2279, .T. ) ;
#2257 = DIRECTION ( 'NONE',  ( 0.8944271909999159664, 0.000000000000000000, 0.4472135954999579832 ) ) ;
#2258 = EDGE_LOOP ( 'NONE', ( #946, #1708, #3663, #2132 ) ) ;
#2259 = CARTESIAN_POINT ( 'NONE',  ( 14.10543846428575065, 2.149269540290390523, 4.926497099798508472 ) ) ;
#2260 = VERTEX_POINT ( 'NONE', #1915 ) ;
#2261 = CARTESIAN_POINT ( 'NONE',  ( 8.707291138522805340, 6.669082028481055247, 3.683211827814729666 ) ) ;
#2262 = DIRECTION ( 'NONE',  ( -0.000000000000000000, 1.000000000000000000, 0.000000000000000000 ) ) ;
#2263 = ADVANCED_FACE ( 'NONE', ( #2771 ), #1618, .T. ) ;
#2264 = B_SPLINE_CURVE_WITH_KNOTS ( 'NONE', 3,
 ( #1667, #789, #3784, #1685, #3472, #2862 ),
 .UNSPECIFIED., .F., .F.,
 ( 4, 2, 4 ),
 ( 0.000000000000000000, 0.0003245464165493808098, 0.0006490928330987616197 ),
 .UNSPECIFIED. ) ;
#2265 = LINE ( 'NONE', #3090, #652 ) ;
#2266 = CARTESIAN_POINT ( 'NONE',  ( 9.407291147480847826, 3.549269550721203537, 2.283211809898462619 ) ) ;
#2267 = CARTESIAN_POINT ( 'NONE',  ( 11.47214085549942553, 7.349269540290390701, 1.583211799467650227 ) ) ;
#2268 = ORIENTED_EDGE ( 'NONE', *, *, #2880, .T. ) ;
#2269 = FACE_OUTER_BOUND ( 'NONE', #440, .T. ) ;
#2270 = CARTESIAN_POINT ( 'NONE',  ( 14.36256986094652710, 5.649269529859577865, 2.172654528998454015 ) ) ;
#2271 = ORIENTED_EDGE ( 'NONE', *, *, #1583, .F. ) ;
#2272 = DIRECTION ( 'NONE',  ( 0.000000000000000000, -1.000000000000000000, 0.000000000000000000 ) ) ;
#2273 = ORIENTED_EDGE ( 'NONE', *, *, #1394, .F. ) ;
#2274 = CARTESIAN_POINT ( 'NONE',  ( 14.14981514553318043, 2.953405146677818838, 2.598163959825233071 ) ) ;
#2275 = EDGE_LOOP ( 'NONE', ( #51, #3519, #3463, #2870, #3688, #2817 ) ) ;
#2276 =( BOUNDED_CURVE ( )  B_SPLINE_CURVE ( 3, ( #1811, #935, #550, #2137 ),
 .UNSPECIFIED., .F., .T. ) 
 B_SPLINE_CURVE_WITH_KNOTS ( ( 4, 4 ),
 ( 2.356194490192343949, 3.141592653589793116 ),
 .UNSPECIFIED. ) 
 CURVE ( )  GEOMETRIC_REPRESENTATION_ITEM ( )  RATIONAL_B_SPLINE_CURVE ( ( 1.000000000000000000, 0.9492530216741910110, 0.9492530216741910110, 1.000000000000000000 ) ) 
 REPRESENTATION_ITEM ( '' )  );
#2277 = FACE_OUTER_BOUND ( 'NONE', #2493, .T. ) ;
#2278 = PLANE ( 'NONE',  #3593 ) ;
#2279 = EDGE_CURVE ( 'NONE', #1288, #214, #2193, .T. ) ;
#2280 = CARTESIAN_POINT ( 'NONE',  ( 9.757291152696254244, 7.049269540290389990, 4.033211835975495596 ) ) ;
#2281 = DIRECTION ( 'NONE',  ( 0.000000000000000000, 1.000000000000000000, 0.000000000000000000 ) ) ;
#2282 = CIRCLE ( 'NONE', #3470, 0.1999999999999996503 ) ;
#2283 = CYLINDRICAL_SURFACE ( 'NONE', #1848, 0.2000000000000005107 ) ;
#2284 = EDGE_CURVE ( 'NONE', #1029, #2194, #1893, .T. ) ;
#2285 = TOROIDAL_SURFACE ( 'NONE', #2474, 1.250000015646217877, 0.2000000000000000111 ) ;
#2286 = CARTESIAN_POINT ( 'NONE',  ( 10.98859283569086109, 7.049269540290389990, 6.483211872483341409 ) ) ;
#2287 =( BOUNDED_SURFACE ( )  B_SPLINE_SURFACE ( 3, 2, ( 
 ( #2811, #2252, #2509 ),
 ( #3150, #118, #3698 ),
 ( #2233, #434, #1654 ),
 ( #153, #2559, #3756 ),
 ( #756, #1399, #3582 ),
 ( #794, #223, #264 ),
 ( #1457, #3205, #2027 ),
 ( #2946, #536, #3876 ) ),
 .UNSPECIFIED., .F., .F., .F. ) 
 B_SPLINE_SURFACE_WITH_KNOTS ( ( 4, 2, 2, 4 ),
 ( 3, 3 ),
 ( 3.141592653589793116, 3.926990816987241395, 4.319689898685965090, 4.712388980384689674 ),
 ( 0.000000000000000000, 1.000000000000000000 ),
 .UNSPECIFIED. ) 
 GEOMETRIC_REPRESENTATION_ITEM ( )  RATIONAL_B_SPLINE_SURFACE ( (
 ( 1.000000000000000000, 0.5257311121191335923, 1.000000000000000000),
 ( 1.000000000000000000, 0.5251791499115160411, 1.000000000000000000),
 ( 1.000000000000000000, 0.5493131766847488828, 1.000000000000000000),
 ( 1.000000000000000000, 0.6024088386532757688, 1.000000000000000000),
 ( 1.000000000000000000, 0.6227587882504435068, 1.000000000000000000),
 ( 1.000000000000000000, 0.6647650105771685247, 1.000000000000000000),
 ( 1.000000000000000000, 0.6864243626167332302, 1.000000000000000000),
 ( 1.000000000000000000, 0.7071067811865494601, 1.000000000000000000) ) ) 
 REPRESENTATION_ITEM ( '' )  SURFACE ( )  );
#2288 = ORIENTED_EDGE ( 'NONE', *, *, #2330, .T. ) ;
#2289 = AXIS2_PLACEMENT_3D ( 'NONE', #2823, #374, #3708 ) ;
#2290 = CARTESIAN_POINT ( 'NONE',  ( 14.65729122571193699, 7.749269540290391056, 4.033211835975495596 ) ) ;
#2291 = CARTESIAN_POINT ( 'NONE',  ( 14.00032365415185609, 2.849347546344283000, 5.093661158153035551 ) ) ;
#2292 = EDGE_CURVE ( 'NONE', #1639, #1603, #1408, .T. ) ;
#2293 = ORIENTED_EDGE ( 'NONE', *, *, #115, .T. ) ;
#2294 = CIRCLE ( 'NONE', #3358, 0.3999999999999995781 ) ;
#2295 = PLANE ( 'NONE',  #3065 ) ;
#2296 = ORIENTED_EDGE ( 'NONE', *, *, #1689, .F. ) ;
#2297 = AXIS2_PLACEMENT_3D ( 'NONE', #1993, #2596, #758 ) ;
#2298 = CARTESIAN_POINT ( 'NONE',  ( 14.18509956065412503, 2.499269545505796053, 5.173183357797631388 ) ) ;
#2299 = DIRECTION ( 'NONE',  ( 1.000000000000000000, 0.000000000000000000, 0.000000000000000000 ) ) ;
#2300 = FACE_OUTER_BOUND ( 'NONE', #3304, .T. ) ;
#2301 = DIRECTION ( 'NONE',  ( 0.000000000000000000, 0.000000000000000000, -1.000000000000000000 ) ) ;
#2302 = CARTESIAN_POINT ( 'NONE',  ( 11.47214085549942730, 7.459066608402720178, 2.283414511802114077 ) ) ;
#2303 = CARTESIAN_POINT ( 'NONE',  ( 8.707291137050036767, 2.683584125771965034, 3.730425426260045363 ) ) ;
#2304 = EDGE_CURVE ( 'NONE', #3333, #918, #3224, .T. ) ;
#2305 = VECTOR ( 'NONE', #3199, 1000.000000000000000 ) ;
#2306 = LINE ( 'NONE', #2632, #2053 ) ;
#2307 = ORIENTED_EDGE ( 'NONE', *, *, #2336, .T. ) ;
#2308 = DIRECTION ( 'NONE',  ( 0.000000000000000000, -1.000000000000000000, 0.000000000000000000 ) ) ;
#2309 = DIRECTION ( 'NONE',  ( 1.000000000000000000, 0.000000000000000000, 0.000000000000000000 ) ) ;
#2310 = ORIENTED_EDGE ( 'NONE', *, *, #2292, .F. ) ;
#2311 = AXIS2_PLACEMENT_3D ( 'NONE', #2097, #2313, #2995 ) ;
#2312 = EDGE_CURVE ( 'NONE', #1270, #2958, #3223, .T. ) ;
#2313 = DIRECTION ( 'NONE',  ( 1.000000000000000000, 0.000000000000000000, 0.000000000000000000 ) ) ;
#2314 = ORIENTED_EDGE ( 'NONE', *, *, #830, .F. ) ;
#2315 = LINE ( 'NONE', #2352, #1339 ) ;
#2316 = PLANE ( 'NONE',  #2231 ) ;
#2317 = ORIENTED_EDGE ( 'NONE', *, *, #2501, .T. ) ;
#2318 = CARTESIAN_POINT ( 'NONE',  ( 10.82229793957100838, 7.002109678716928798, 6.483211872483341409 ) ) ;
#2319 = DESIGN_CONTEXT ( 'detailed design', #3678, 'design' ) ;
#2320 = CARTESIAN_POINT ( 'NONE',  ( 9.880897950446232869, 7.049269540290389990, 1.783211799467650405 ) ) ;
#2321 = LINE ( 'NONE', #2882, #697 ) ;
#2322 = CARTESIAN_POINT ( 'NONE',  ( 11.87214085549942411, 7.349269540290390701, 2.283414511802114522 ) ) ;
#2323 = CARTESIAN_POINT ( 'NONE',  ( 9.757291152696254244, 1.449269540290390568, 4.033211835975495596 ) ) ;
#2324 =( BOUNDED_CURVE ( )  B_SPLINE_CURVE ( 3, ( #104, #3409, #2562, #3738 ),
 .UNSPECIFIED., .F., .F. ) 
 B_SPLINE_CURVE_WITH_KNOTS ( ( 4, 4 ),
 ( 4.712388980384689674, 5.497787143782137065 ),
 .UNSPECIFIED. ) 
 CURVE ( )  GEOMETRIC_REPRESENTATION_ITEM ( )  RATIONAL_B_SPLINE_CURVE ( ( 1.000000000000000000, 0.9492530216741912330, 0.9492530216741912330, 1.000000000000000000 ) ) 
 REPRESENTATION_ITEM ( '' )  );
#2325 = CARTESIAN_POINT ( 'NONE',  ( 11.47214085549942553, 7.049269540290389990, 2.283414511802114522 ) ) ;
#2326 = ORIENTED_EDGE ( 'NONE', *, *, #50, .T. ) ;
#2327 = DIRECTION ( 'NONE',  ( -0.000000000000000000, -1.000000000000000000, -0.000000000000000000 ) ) ;
#2328 = CARTESIAN_POINT ( 'NONE',  ( 11.48970279241824599, 7.583584115341151843, 6.483211872483341409 ) ) ;
#2329 = ORIENTED_EDGE ( 'NONE', *, *, #3051, .T. ) ;
#2330 = EDGE_CURVE ( 'NONE', #1205, #3325, #1082, .T. ) ;
#2331 = FACE_OUTER_BOUND ( 'NONE', #699, .T. ) ;
#2332 = ORIENTED_EDGE ( 'NONE', *, *, #72, .T. ) ;
#2333 = FACE_OUTER_BOUND ( 'NONE', #2981, .T. ) ;
#2334 = CYLINDRICAL_SURFACE ( 'NONE', #629, 0.7000000000000003997 ) ;
#2335 = LINE ( 'NONE', #1699, #3165 ) ;
#2336 = EDGE_CURVE ( 'NONE', #2753, #2049, #1889, .T. ) ;
#2337 = DIRECTION ( 'NONE',  ( 0.000000000000000000, 1.000000000000000000, 0.000000000000000000 ) ) ;
#2338 = CARTESIAN_POINT ( 'NONE',  ( 8.707291137050036767, 6.938712259390380055, 3.730425426260042698 ) ) ;
#2339 = CARTESIAN_POINT ( 'NONE',  ( 10.78148605018372841, 3.361136779275918585, 5.783211862052528573 ) ) ;
#2340 = LINE ( 'NONE', #1747, #3308 ) ;
#2341 = CARTESIAN_POINT ( 'NONE',  ( 10.98859283569086109, 7.049269540290389990, 6.483211872483341409 ) ) ;
#2342 = CARTESIAN_POINT ( 'NONE',  ( 8.875898794576787765, 2.649269550574457011, 3.345996515706582297 ) ) ;
#2343 = VECTOR ( 'NONE', #1409, 1000.000000000000000 ) ;
#2344 = ORIENTED_EDGE ( 'NONE', *, *, #277, .F. ) ;
#2345 = DIRECTION ( 'NONE',  ( 0.000000000000000000, 0.000000000000000000, 1.000000000000000000 ) ) ;
#2346 = CARTESIAN_POINT ( 'NONE',  ( 11.48970279241824421, 1.849269540290390479, 6.483211872483341409 ) ) ;
#2347 = ORIENTED_EDGE ( 'NONE', *, *, #3718, .F. ) ;
#2348 = CIRCLE ( 'NONE', #2973, 0.3999999999999993006 ) ;
#2349 = CARTESIAN_POINT ( 'NONE',  ( 9.107291137050037122, 2.449269550721202560, 3.683211830760089178 ) ) ;
#2350 = EDGE_CURVE ( 'NONE', #2753, #287, #963, .T. ) ;
#2351 = ORIENTED_EDGE ( 'NONE', *, *, #2433, .F. ) ;
#2352 = CARTESIAN_POINT ( 'NONE',  ( 11.47214085549942553, 2.149269540290390523, 2.283414511802114522 ) ) ;
#2353 = DIRECTION ( 'NONE',  ( 0.9238795325112867385, 0.000000000000000000, -0.3826834323650898928 ) ) ;
#2354 = EDGE_LOOP ( 'NONE', ( #2951, #1297, #2273, #3389 ) ) ;
#2355 = CIRCLE ( 'NONE', #1027, 0.2000000000000000944 ) ;
#2356 = EDGE_CURVE ( 'NONE', #2778, #3230, #2571, .T. ) ;
#2357 = AXIS2_PLACEMENT_3D ( 'NONE', #1124, #2060, #3015 ) ;
#2358 = ORIENTED_EDGE ( 'NONE', *, *, #1543, .F. ) ;
#2359 = CARTESIAN_POINT ( 'NONE',  ( 9.757291152696254244, 6.349269529859585148, 4.033211835975495596 ) ) ;
#2360 = DIRECTION ( 'NONE',  ( -1.000000000000000000, 0.000000000000000000, 0.000000000000000000 ) ) ;
#2361 = DIRECTION ( 'NONE',  ( 1.000000000000000000, 0.000000000000000000, 0.000000000000000000 ) ) ;
#2362 = ADVANCED_FACE ( 'NONE', ( #471 ), #239, .T. ) ;
#2363 = CARTESIAN_POINT ( 'NONE',  ( 14.18509956065411259, 7.049269540290389990, 5.173183357797627835 ) ) ;
#2364 = PLANE ( 'NONE',  #3725 ) ;
#2365 = CARTESIAN_POINT ( 'NONE',  ( 14.65729122571193699, 7.349269540290390701, 1.983211799467650360 ) ) ;
#2366 = ORIENTED_EDGE ( 'NONE', *, *, #2730, .T. ) ;
#2367 = LINE ( 'NONE', #2671, #512 ) ;
#2368 = AXIS2_PLACEMENT_3D ( 'NONE', #432, #2808, #1016 ) ;
#2369 = FACE_OUTER_BOUND ( 'NONE', #1008, .T. ) ;
#2370 = VERTEX_POINT ( 'NONE', #3561 ) ;
#2371 = AXIS2_PLACEMENT_3D ( 'NONE', #1930, #1013, #2223 ) ;
#2372 = CARTESIAN_POINT ( 'NONE',  ( 14.00032365415185609, 6.349191534236497958, 5.093661158153035551 ) ) ;
#2373 =( BOUNDED_SURFACE ( )  B_SPLINE_SURFACE ( 3, 2, ( 
 ( #2291, #3483, #475 ),
 ( #1693, #2425, #2711 ),
 ( #60, #1798, #362 ),
 ( #926, #1243, #1223 ),
 ( #3656, #3623, #2129 ),
 ( #1578, #2112, #3011 ) ),
 .UNSPECIFIED., .F., .F., .F. ) 
 B_SPLINE_SURFACE_WITH_KNOTS ( ( 4, 2, 4 ),
 ( 3, 3 ),
 ( 4.727317100688600782, 5.505251203934093951, 6.283185307179586232 ),
 ( 0.000000000000000000, 1.000000000000000000 ),
 .UNSPECIFIED. ) 
 GEOMETRIC_REPRESENTATION_ITEM ( )  RATIONAL_B_SPLINE_SURFACE ( (
 ( 1.000000000000000000, 0.7050842034326989527, 1.000000000000000000),
 ( 1.000000000000000000, 0.6700196596924913317, 1.000000000000000000),
 ( 1.000000000000000000, 0.6319415209347293283, 1.000000000000000000),
 ( 1.000000000000000000, 0.5742008805493101775, 1.000000000000000000),
 ( 1.000000000000000000, 0.5551500478448273546, 1.000000000000000000),
 ( 1.000000000000000000, 0.5555702330195974037, 1.000000000000000000) ) ) 
 REPRESENTATION_ITEM ( '' )  SURFACE ( )  );
#2374 = EDGE_LOOP ( 'NONE', ( #155, #730, #2400 ) ) ;
#2375 = CYLINDRICAL_SURFACE ( 'NONE', #3860, 0.3999999999999993006 ) ;
#2376 = CARTESIAN_POINT ( 'NONE',  ( 8.811248411324671181, 6.549269529859587990, 3.475297282210815020 ) ) ;
#2377 = VECTOR ( 'NONE', #3276, 1000.000000000000000 ) ;
#2378 = AXIS2_PLACEMENT_3D ( 'NONE', #615, #923, #1200 ) ;
#2379 = DIRECTION ( 'NONE',  ( 0.000000000000000000, -1.000000000000000000, 0.000000000000000000 ) ) ;
#2380 = FACE_OUTER_BOUND ( 'NONE', #3686, .T. ) ;
#2381 = ORIENTED_EDGE ( 'NONE', *, *, #1500, .T. ) ;
#2382 = CARTESIAN_POINT ( 'NONE',  ( 14.18509956065411259, 6.549169249772760715, 5.173183357797627835 ) ) ;
#2383 = FACE_OUTER_BOUND ( 'NONE', #764, .T. ) ;
#2384 = EDGE_CURVE ( 'NONE', #490, #1562, #1772, .T. ) ;
#2385 = ORIENTED_EDGE ( 'NONE', *, *, #3843, .T. ) ;
#2386 = CARTESIAN_POINT ( 'NONE',  ( 8.707291137050036767, 6.514954954808823473, 3.730425426260045363 ) ) ;
#2387 = VERTEX_POINT ( 'NONE', #2867 ) ;
#2388 = CARTESIAN_POINT ( 'NONE',  ( 9.757291152696254244, 2.149269540290390523, 4.033211835975495596 ) ) ;
#2389 = EDGE_LOOP ( 'NONE', ( #2758, #2447, #2391, #1078, #2945, #3370 ) ) ;
#2390 = DIRECTION ( 'NONE',  ( 0.000000000000000000, 0.000000000000000000, 1.000000000000000000 ) ) ;
#2391 = ORIENTED_EDGE ( 'NONE', *, *, #3767, .F. ) ;
#2392 = CARTESIAN_POINT ( 'NONE',  ( 13.63309632822446282, 3.549269550721202648, 5.783211862052528573 ) ) ;
#2393 = DIRECTION ( 'NONE',  ( -0.000000000000000000, -1.000000000000000000, -0.000000000000000000 ) ) ;
#2394 = ORIENTED_EDGE ( 'NONE', *, *, #1188, .F. ) ;
#2395 = EDGE_CURVE ( 'NONE', #1492, #3881, #1398, .T. ) ;
#2396 = VECTOR ( 'NONE', #857, 1000.000000000000227 ) ;
#2397 = ORIENTED_EDGE ( 'NONE', *, *, #420, .T. ) ;
#2398 = DIRECTION ( 'NONE',  ( -0.3826834323650898928, -0.000000000000000000, -0.9238795325112867385 ) ) ;
#2399 = DIRECTION ( 'NONE',  ( 0.000000000000000000, 1.000000000000000000, 0.000000000000000000 ) ) ;
#2400 = ORIENTED_EDGE ( 'NONE', *, *, #1778, .F. ) ;
#2401 = CARTESIAN_POINT ( 'NONE',  ( 14.65729122571193699, 7.049269540290389990, 6.283211872483341232 ) ) ;
#2402 = AXIS2_PLACEMENT_3D ( 'NONE', #2044, #3530, #1109 ) ;
#2403 = DIRECTION ( 'NONE',  ( 0.000000000000000000, 0.000000000000000000, -1.000000000000000000 ) ) ;
#2404 = CARTESIAN_POINT ( 'NONE',  ( 9.552012507030843480, 3.022061756856987635, 1.993769090798470422 ) ) ;
#2405 = EDGE_CURVE ( 'NONE', #1900, #932, #899, .T. ) ;
#2406 = CARTESIAN_POINT ( 'NONE',  ( 12.55729126743518975, 7.049269540290389990, 6.483211872483341409 ) ) ;
#2407 = DIRECTION ( 'NONE',  ( 0.000000000000000000, 1.000000000000000000, 0.000000000000000000 ) ) ;
#2408 = VERTEX_POINT ( 'NONE', #793 ) ;
#2409 = VECTOR ( 'NONE', #3003, 1000.000000000000000 ) ;
#2410 = DIRECTION ( 'NONE',  ( 0.7071067811865473507, 0.000000000000000000, 0.7071067811865476838 ) ) ;
#2411 = ORIENTED_EDGE ( 'NONE', *, *, #1723, .F. ) ;
#2412 = DIRECTION ( 'NONE',  ( 0.000000000000000000, -0.7071067811865477948, 0.7071067811865471286 ) ) ;
#2413 = FACE_OUTER_BOUND ( 'NONE', #5, .T. ) ;
#2414 = VECTOR ( 'NONE', #851, 1000.000000000000000 ) ;
#2415 = AXIS2_PLACEMENT_3D ( 'NONE', #2752, #3292, #3074 ) ;
#2416 = ORIENTED_EDGE ( 'NONE', *, *, #2138, .F. ) ;
#2417 = CARTESIAN_POINT ( 'NONE',  ( 9.102012507030844191, 2.649269550721203181, 2.893769090798470334 ) ) ;
#2418 = CARTESIAN_POINT ( 'NONE',  ( 13.50883225519194930, 6.699269608090674843, 6.283211872483342120 ) ) ;
#2419 = VECTOR ( 'NONE', #3590, 1000.000000000000000 ) ;
#2420 = ORIENTED_EDGE ( 'NONE', *, *, #1468, .F. ) ;
#2421 = CARTESIAN_POINT ( 'NONE',  ( 14.18509956065411259, 7.049269540290389990, 5.173183357797627835 ) ) ;
#2422 = CARTESIAN_POINT ( 'NONE',  ( 13.40729121006570779, 2.849269550721202915, 3.683211830760089178 ) ) ;
#2423 = CARTESIAN_POINT ( 'NONE',  ( 8.707291137050036767, 7.049269540290389990, 3.730425426260042698 ) ) ;
#2424 = APPROVAL_DATE_TIME ( #3695, #2901 ) ;
#2425 = CARTESIAN_POINT ( 'NONE',  ( 14.10316580320023050, 2.874696294774654604, 5.370988946259205754 ) ) ;
#2426 = ORIENTED_EDGE ( 'NONE', *, *, #1695, .F. ) ;
#2427 = EDGE_CURVE ( 'NONE', #2715, #2240, #2590, .T. ) ;
#2428 = EDGE_CURVE ( 'NONE', #3230, #1923, #1215, .T. ) ;
#2429 = CARTESIAN_POINT ( 'NONE',  ( 9.942067059198510748, 2.349269540290390701, 3.956675149502477673 ) ) ;
#2430 = VERTEX_POINT ( 'NONE', #3789 ) ;
#2431 = CARTESIAN_POINT ( 'NONE',  ( 13.63309632822446105, 3.361136779275918585, 5.783211862052528573 ) ) ;
#2432 = AXIS2_PLACEMENT_3D ( 'NONE', #1869, #2161, #627 ) ;
#2433 = EDGE_CURVE ( 'NONE', #1285, #2051, #651, .T. ) ;
#2434 = ORIENTED_EDGE ( 'NONE', *, *, #3317, .T. ) ;
#2435 = CARTESIAN_POINT ( 'NONE',  ( 14.10493462727596281, 6.294403744699970105, 2.687924996339745576 ) ) ;
#2436 = CIRCLE ( 'NONE', #2187, 0.1999999999999997058 ) ;
#2437 = DIRECTION ( 'NONE',  ( 8.673617379884051249E-15, 0.000000000000000000, -1.000000000000000000 ) ) ;
#2438 = AXIS2_PLACEMENT_3D ( 'NONE', #1924, #175, #1960 ) ;
#2439 = EDGE_LOOP ( 'NONE', ( #1569, #2799, #368, #312 ) ) ;
#2440 = LINE ( 'NONE', #2421, #2924 ) ;
#2441 = FACE_OUTER_BOUND ( 'NONE', #990, .T. ) ;
#2442 = CARTESIAN_POINT ( 'NONE',  ( 9.757291152696254244, 7.749269540290391056, 4.033211835975495596 ) ) ;
#2443 = DATE_TIME_ROLE ( 'creation_date' ) ;
#2444 = DIRECTION ( 'NONE',  ( 0.000000000000000000, 1.000000000000000000, 0.000000000000000000 ) ) ;
#2445 = ORIENTED_EDGE ( 'NONE', *, *, #3271, .T. ) ;
#2446 = DIRECTION ( 'NONE',  ( -1.000000000000000000, 0.000000000000000000, 0.000000000000000000 ) ) ;
#2447 = ORIENTED_EDGE ( 'NONE', *, *, #2953, .T. ) ;
#2448 = DIRECTION ( 'NONE',  ( 0.7071067811865470176, -0.7071067811865480168, 0.000000000000000000 ) ) ;
#2449 = ADVANCED_FACE ( 'NONE', ( #488 ), #2364, .F. ) ;
#2450 = CARTESIAN_POINT ( 'NONE',  ( 14.18509956065411259, 6.549169249772760715, 5.173183357797627835 ) ) ;
#2451 = EDGE_LOOP ( 'NONE', ( #42, #3083, #748 ) ) ;
#2452 = VECTOR ( 'NONE', #1575, 1000.000000000000000 ) ;
#2453 = DIRECTION ( 'NONE',  ( 0.000000000000000000, 1.000000000000000000, 0.000000000000000000 ) ) ;
#2454 = EDGE_CURVE ( 'NONE', #849, #3095, #510, .T. ) ;
#2455 = CARTESIAN_POINT ( 'NONE',  ( 14.18368442274654306, 5.649269529859577865, 2.283211809898462175 ) ) ;
#2456 = ORIENTED_EDGE ( 'NONE', *, *, #555, .F. ) ;
#2457 =( BOUNDED_CURVE ( )  B_SPLINE_CURVE ( 3, ( #703, #683, #1898, #2795 ),
 .UNSPECIFIED., .F., .T. ) 
 B_SPLINE_CURVE_WITH_KNOTS ( ( 4, 4 ),
 ( 3.141592653589793116, 3.926990816987242283 ),
 .UNSPECIFIED. ) 
 CURVE ( )  GEOMETRIC_REPRESENTATION_ITEM ( )  RATIONAL_B_SPLINE_CURVE ( ( 1.000000000000000000, 0.9492530216741910110, 0.9492530216741910110, 1.000000000000000000 ) ) 
 REPRESENTATION_ITEM ( '' )  );
#2458 = CARTESIAN_POINT ( 'NONE',  ( 13.40729121006571845, 6.549269529859585326, 4.033211835975495596 ) ) ;
#2459 = DIRECTION ( 'NONE',  ( 0.000000000000000000, 0.000000000000000000, -1.000000000000000000 ) ) ;
#2460 = CARTESIAN_POINT ( 'NONE',  ( 8.728405698850053795, 6.849269540290390701, 3.640982707160051124 ) ) ;
#2461 = CARTESIAN_POINT ( 'NONE',  ( 13.50883225519194930, 7.049269540290389990, 6.483211872483341409 ) ) ;
#2462 = EDGE_LOOP ( 'NONE', ( #647, #659, #1903, #108, #409 ) ) ;
#2463 = ADVANCED_FACE ( 'NONE', ( #1072 ), #2283, .T. ) ;
#2464 = CARTESIAN_POINT ( 'NONE',  ( 10.00603538972111117, 6.749269529859585504, 4.633733546563052919 ) ) ;
#2465 = VERTEX_POINT ( 'NONE', #2988 ) ;
#2466 = CARTESIAN_POINT ( 'NONE',  ( 10.50656472962061549, 6.349269529859578931, 5.266986143739181614 ) ) ;
#2467 = CARTESIAN_POINT ( 'NONE',  ( 14.00032365415185609, 2.649369830808020687, 5.096646671324609024 ) ) ;
#2468 = VERTEX_POINT ( 'NONE', #2127 ) ;
#2469 = ORIENTED_EDGE ( 'NONE', *, *, #130, .F. ) ;
#2470 = ORIENTED_EDGE ( 'NONE', *, *, #1219, .T. ) ;
#2471 = CARTESIAN_POINT ( 'NONE',  ( 8.707291137050036767, 2.259826821190400015, 3.730425426260042698 ) ) ;
#2472 = AXIS2_PLACEMENT_3D ( 'NONE', #3394, #3701, #1975 ) ;
#2473 = CARTESIAN_POINT ( 'NONE',  ( 13.97905823893396082, 2.849269550721202915, 5.083211862052529284 ) ) ;
#2474 = AXIS2_PLACEMENT_3D ( 'NONE', #846, #1403, #2950 ) ;
#2475 = ADVANCED_FACE ( 'NONE', ( #2441 ), #3341, .T. ) ;
#2476 = CARTESIAN_POINT ( 'NONE',  ( 10.24636725906240287, 7.027926842542870034, 4.963095279264580384 ) ) ;
#2477 = LINE ( 'NONE', #2162, #3786 ) ;
#2478 = DIRECTION ( 'NONE',  ( -1.000000000000000000, 0.000000000000000000, 0.000000000000000000 ) ) ;
#2479 = AXIS2_PLACEMENT_3D ( 'NONE', #671, #1927, #3066 ) ;
#2480 = ADVANCED_FACE ( 'NONE', ( #2383 ), #1851, .T. ) ;
#2481 = CARTESIAN_POINT ( 'NONE',  ( 8.898496370700215152, 2.806160209320621490, 3.539220192609835003 ) ) ;
#2482 = CIRCLE ( 'NONE', #770, 0.1999999999999996503 ) ;
#2483 = COORDINATED_UNIVERSAL_TIME_OFFSET ( 1, 0, .AHEAD. ) ;
#2484 = DIRECTION ( 'NONE',  ( -1.000000000000000000, 0.000000000000000000, 0.000000000000000000 ) ) ;
#2485 = ORIENTED_EDGE ( 'NONE', *, *, #1996, .F. ) ;
#2486 =( GEOMETRIC_REPRESENTATION_CONTEXT ( 3 ) GLOBAL_UNCERTAINTY_ASSIGNED_CONTEXT ( ( #1087 ) ) GLOBAL_UNIT_ASSIGNED_CONTEXT ( ( #2691, #3814, #1242 ) ) REPRESENTATION_CONTEXT ( 'NONE', 'WORKASPACE' ) );
#2487 = DIRECTION ( 'NONE',  ( 0.000000000000000000, 0.000000000000000000, 1.000000000000000000 ) ) ;
#2488 = ORIENTED_EDGE ( 'NONE', *, *, #956, .F. ) ;
#2489 = CARTESIAN_POINT ( 'NONE',  ( 10.60328641521962467, 6.273828337829773005, 5.448602547743501390 ) ) ;
#2490 = DIRECTION ( 'NONE',  ( 0.000000000000000000, 1.000000000000000000, 0.000000000000000000 ) ) ;
#2491 = ORIENTED_EDGE ( 'NONE', *, *, #999, .F. ) ;
#2492 = EDGE_LOOP ( 'NONE', ( #2113, #3448, #1754, #211, #255 ) ) ;
#2493 = EDGE_LOOP ( 'NONE', ( #240, #2385, #3521, #2670 ) ) ;
#2494 = AXIS2_PLACEMENT_3D ( 'NONE', #2365, #3498, #2965 ) ;
#2495 = DIRECTION ( 'NONE',  ( 0.000000000000000000, -1.000000000000000000, 0.000000000000000000 ) ) ;
#2496 = VECTOR ( 'NONE', #3851, 1000.000000000000000 ) ;
#2497 = CARTESIAN_POINT ( 'NONE',  ( 8.928405698850053085, 6.549269529859586214, 3.240982707160053433 ) ) ;
#2498 = CARTESIAN_POINT ( 'NONE',  ( 10.75290998478970472, 2.265817356645156266, 6.436848323369564362 ) ) ;
#2499 = ADVANCED_FACE ( 'NONE', ( #1260 ), #2728, .T. ) ;
#2500 = CARTESIAN_POINT ( 'NONE',  ( 14.65729122571193699, 7.049269540290389990, 4.033211835975495596 ) ) ;
#2501 = EDGE_CURVE ( 'NONE', #1842, #849, #146, .T. ) ;
#2502 = AXIS2_PLACEMENT_3D ( 'NONE', #3486, #2272, #192 ) ;
#2503 = B_SPLINE_CURVE_WITH_KNOTS ( 'NONE', 3,
 ( #1572, #2763, #734, #2473 ),
 .UNSPECIFIED., .F., .F.,
 ( 4, 4 ),
 ( 0.0002012261141979652804, 0.0002248536215480128025 ),
 .UNSPECIFIED. ) ;
#2504 = CARTESIAN_POINT ( 'NONE',  ( 8.762411620694873449, 2.214072159685481100, 3.686108168809608010 ) ) ;
#2505 = CALENDAR_DATE ( 2024, 29, 4 ) ;
#2506 = CARTESIAN_POINT ( 'NONE',  ( 9.378558538637667752, 2.829569407799063185, 2.340677027584823655 ) ) ;
#2507 = ADVANCED_FACE ( 'NONE', ( #1558 ), #1833, .T. ) ;
#2508 = ORIENTED_EDGE ( 'NONE', *, *, #1114, .T. ) ;
#2509 = CARTESIAN_POINT ( 'NONE',  ( 9.552012507030843480, 5.649269529859577865, 1.993769090798470645 ) ) ;
#2510 = ORIENTED_EDGE ( 'NONE', *, *, #3783, .F. ) ;
#2511 = DIRECTION ( 'NONE',  ( 0.000000000000000000, 1.000000000000000000, 0.000000000000000000 ) ) ;
#2512 = CARTESIAN_POINT ( 'NONE',  ( 8.728405698850053795, 2.449269550721202560, 3.640982707160051124 ) ) ;
#2513 = ORIENTED_EDGE ( 'NONE', *, *, #998, .T. ) ;
#2514 = ORIENTED_EDGE ( 'NONE', *, *, #2079, .T. ) ;
#2515 = ORIENTED_EDGE ( 'NONE', *, *, #2242, .T. ) ;
#2516 = CYLINDRICAL_SURFACE ( 'NONE', #1917, 2.450000036507846701 ) ;
#2517 = FACE_OUTER_BOUND ( 'NONE', #2859, .T. ) ;
#2518 = CARTESIAN_POINT ( 'NONE',  ( 12.55729126743518975, 6.699269608090674843, 6.483211872483341409 ) ) ;
#2519 = LINE ( 'NONE', #720, #419 ) ;
#2520 = EDGE_CURVE ( 'NONE', #1769, #391, #2089, .T. ) ;
#2521 = ADVANCED_FACE ( 'NONE', ( #56 ), #614, .T. ) ;
#2522 = CARTESIAN_POINT ( 'NONE',  ( 9.398684502420948661, 2.867488682999582483, 2.799988276491568229 ) ) ;
#2523 = EDGE_CURVE ( 'NONE', #1270, #1714, #1475, .T. ) ;
#2524 = DIRECTION ( 'NONE',  ( 0.000000000000000000, -0.7071067811865477948, 0.7071067811865471286 ) ) ;
#2525 = ORIENTED_EDGE ( 'NONE', *, *, #780, .T. ) ;
#2526 = CARTESIAN_POINT ( 'NONE',  ( 14.08757551546012898, 2.649269550721202293, 4.915211859983055653 ) ) ;
#2527 = CARTESIAN_POINT ( 'NONE',  ( 10.67229774098005102, 6.144244276690161932, 5.578186608883112463 ) ) ;
#2528 = ORIENTED_EDGE ( 'NONE', *, *, #585, .T. ) ;
#2529 = LINE ( 'NONE', #3450, #2999 ) ;
#2530 = VERTEX_POINT ( 'NONE', #1199 ) ;
#2531 = DIRECTION ( 'NONE',  ( -0.000000000000000000, -1.000000000000000000, -0.000000000000000000 ) ) ;
#2532 = VECTOR ( 'NONE', #2155, 1000.000000000000000 ) ;
#2533 = DIRECTION ( 'NONE',  ( 1.000000000000000000, 0.000000000000000000, 0.000000000000000000 ) ) ;
#2534 = DIRECTION ( 'NONE',  ( 1.000000000000000000, 0.000000000000000000, 0.000000000000000000 ) ) ;
#2535 = CARTESIAN_POINT ( 'NONE',  ( 12.55729126743518975, 2.149269540290390523, 1.783211799467650405 ) ) ;
#2536 = AXIS2_PLACEMENT_3D ( 'NONE', #1623, #705, #1061 ) ;
#2537 = LINE ( 'NONE', #3732, #1359 ) ;
#2538 = VECTOR ( 'NONE', #2692, 1000.000000000000000 ) ;
#2539 = CARTESIAN_POINT ( 'NONE',  ( 9.552012506990367413, 3.312988330584125674, 1.993769090879422334 ) ) ;
#2540 = CIRCLE ( 'NONE', #2039, 2.450000036507845369 ) ;
#2541 = ORIENTED_EDGE ( 'NONE', *, *, #1440, .F. ) ;
#2542 = CIRCLE ( 'NONE', #1854, 0.1999999999999996503 ) ;
#2543 = CARTESIAN_POINT ( 'NONE',  ( 8.928405698850053085, 6.549269529859586214, 3.240982707160052545 ) ) ;
#2544 = EDGE_LOOP ( 'NONE', ( #1720, #668, #331, #3196, #806 ) ) ;
#2545 = CARTESIAN_POINT ( 'NONE',  ( 14.09303007090944959, 2.848420469146056622, 4.918735156147966414 ) ) ;
#2546 = VERTEX_POINT ( 'NONE', #594 ) ;
#2547 = ADVANCED_FACE ( 'NONE', ( #2706 ), #494, .T. ) ;
#2548 = EDGE_CURVE ( 'NONE', #644, #3780, #1238, .T. ) ;
#2549 = CARTESIAN_POINT ( 'NONE',  ( 8.728405698850053795, 2.449269550721202560, 3.640982707160051124 ) ) ;
#2550 = ORIENTED_EDGE ( 'NONE', *, *, #605, .T. ) ;
#2551 = CARTESIAN_POINT ( 'NONE',  ( 14.10543846428575065, 2.649369830808020687, 4.926497099798509360 ) ) ;
#2552 = ADVANCED_FACE ( 'NONE', ( #3638 ), #3382, .T. ) ;
#2553 = EDGE_LOOP ( 'NONE', ( #1939, #2909, #41 ) ) ;
#2554 = AXIS2_PLACEMENT_3D ( 'NONE', #2442, #3621, #1853 ) ;
#2555 = CARTESIAN_POINT ( 'NONE',  ( 8.707291137050034990, 6.749269529859585504, 3.730425426260044919 ) ) ;
#2556 = DIRECTION ( 'NONE',  ( 0.000000000000000000, -1.000000000000000000, 0.000000000000000000 ) ) ;
#2557 = CIRCLE ( 'NONE', #983, 0.2000000000000000944 ) ;
#2558 = AXIS2_PLACEMENT_3D ( 'NONE', #2325, #3225, #3515 ) ;
#2559 = CARTESIAN_POINT ( 'NONE',  ( 9.312424501037860125, 6.145571933522668395, 2.472945102784255056 ) ) ;
#2560 = ORIENTED_EDGE ( 'NONE', *, *, #1327, .T. ) ;
#2561 = DIRECTION ( 'NONE',  ( 0.000000000000000000, -1.000000000000000000, 0.000000000000000000 ) ) ;
#2562 = CARTESIAN_POINT ( 'NONE',  ( 13.96636321527538804, 2.921264845438240165, 2.621267021520258034 ) ) ;
#2563 = ORIENTED_EDGE ( 'NONE', *, *, #3416, .F. ) ;
#2564 = ORIENTED_EDGE ( 'NONE', *, *, #799, .F. ) ;
#2565 = ADVANCED_FACE ( 'NONE', ( #1871 ), #3402, .T. ) ;
#2566 = ORIENTED_EDGE ( 'NONE', *, *, #3110, .F. ) ;
#2567 = FACE_OUTER_BOUND ( 'NONE', #3397, .T. ) ;
#2568 = EDGE_CURVE ( 'NONE', #2719, #1021, #3826, .T. ) ;
#2569 = CARTESIAN_POINT ( 'NONE',  ( 10.72097421671398543, 6.849269540290390701, 6.359748558956360043 ) ) ;
#2570 = CC_DESIGN_PERSON_AND_ORGANIZATION_ASSIGNMENT ( #1283, #925, ( #1397 ) ) ;
#2571 =( BOUNDED_CURVE ( )  B_SPLINE_CURVE ( 3, ( #2943, #1420, #2303, #2048 ),
 .UNSPECIFIED., .F., .F. ) 
 B_SPLINE_CURVE_WITH_KNOTS ( ( 4, 4 ),
 ( 4.712388980384689674, 6.283185307179586232 ),
 .UNSPECIFIED. ) 
 CURVE ( )  GEOMETRIC_REPRESENTATION_ITEM ( )  RATIONAL_B_SPLINE_CURVE ( ( 1.000000000000000000, 0.8047378541243649375, 0.8047378541243649375, 1.000000000000000000 ) ) 
 REPRESENTATION_ITEM ( '' )  );
#2572 = DIRECTION ( 'NONE',  ( 1.000000000000000000, 0.000000000000000000, -2.774754023183460056E-16 ) ) ;
#2573 = ADVANCED_FACE ( 'NONE', ( #1890 ), #1015, .T. ) ;
#2574 = DIRECTION ( 'NONE',  ( 1.000000000000000000, -0.000000000000000000, 0.000000000000000000 ) ) ;
#2575 = DIRECTION ( 'NONE',  ( 0.000000000000000000, 0.000000000000000000, -1.000000000000000000 ) ) ;
#2576 = LINE ( 'NONE', #1361, #1370 ) ;
#2577 = EDGE_CURVE ( 'NONE', #2719, #105, #1824, .T. ) ;
#2578 = ORIENTED_EDGE ( 'NONE', *, *, #1634, .T. ) ;
#2579 = CARTESIAN_POINT ( 'NONE',  ( 10.78148605018373019, 3.549269550721202648, 5.983211862052528751 ) ) ;
#2580 = DIRECTION ( 'NONE',  ( 0.000000000000000000, 0.000000000000000000, 1.000000000000000000 ) ) ;
#2581 = ORIENTED_EDGE ( 'NONE', *, *, #1058, .T. ) ;
#2582 = DIRECTION ( 'NONE',  ( 0.000000000000000000, 0.000000000000000000, 1.000000000000000000 ) ) ;
#2583 = ORIENTED_EDGE ( 'NONE', *, *, #2433, .T. ) ;
#2584 = CARTESIAN_POINT ( 'NONE',  ( 13.85147097993667664, 2.867488682999589589, 2.799988276491548689 ) ) ;
#2585 = CARTESIAN_POINT ( 'NONE',  ( 14.28971605885961615, 1.849269540290390479, 1.983211799467650360 ) ) ;
#2586 = CARTESIAN_POINT ( 'NONE',  ( 8.707291137050036767, 2.167362714104918098, 3.899563178570982114 ) ) ;
#2587 = FACE_OUTER_BOUND ( 'NONE', #1484, .T. ) ;
#2588 = CYLINDRICAL_SURFACE ( 'NONE', #462, 0.3999999999999993006 ) ;
#2589 = CIRCLE ( 'NONE', #1845, 1.050000015646217477 ) ;
#2590 = LINE ( 'NONE', #169, #835 ) ;
#2591 = EDGE_CURVE ( 'NONE', #2546, #3102, #1037, .T. ) ;
#2592 = VECTOR ( 'NONE', #3496, 1000.000000000000000 ) ;
#2593 = LINE ( 'NONE', #3563, #166 ) ;
#2594 = ORIENTED_EDGE ( 'NONE', *, *, #369, .T. ) ;
#2595 = AXIS2_PLACEMENT_3D ( 'NONE', #2749, #3438, #2534 ) ;
#2596 = DIRECTION ( 'NONE',  ( 0.000000000000000000, 0.000000000000000000, 1.000000000000000000 ) ) ;
#2597 = VERTEX_POINT ( 'NONE', #3729 ) ;
#2598 = VERTEX_POINT ( 'NONE', #674 ) ;
#2599 = VECTOR ( 'NONE', #137, 1000.000000000000000 ) ;
#2600 = LINE ( 'NONE', #2639, #1106 ) ;
#2601 = VERTEX_POINT ( 'NONE', #3071 ) ;
#2602 = DIRECTION ( 'NONE',  ( -1.000000000000000000, 0.000000000000000000, 0.000000000000000000 ) ) ;
#2603 = AXIS2_PLACEMENT_3D ( 'NONE', #1459, #3857, #3584 ) ;
#2604 = CARTESIAN_POINT ( 'NONE',  ( 11.48970279241824421, 2.149269540290390523, 6.483211872483341409 ) ) ;
#2605 = CARTESIAN_POINT ( 'NONE',  ( 10.40869384404794395, 2.849269550721202915, 5.083211862052529284 ) ) ;
#2606 = CARTESIAN_POINT ( 'NONE',  ( 8.707291137050036767, 2.205057713879938319, 3.791659149766628545 ) ) ;
#2607 = DIRECTION ( 'NONE',  ( 0.7071067811865470176, 0.7071067811865480168, 0.000000000000000000 ) ) ;
#2608 = DIRECTION ( 'NONE',  ( 1.000000000000000000, 0.000000000000000000, 0.000000000000000000 ) ) ;
#2609 = EDGE_CURVE ( 'NONE', #1535, #563, #3112, .T. ) ;
#2610 = DIRECTION ( 'NONE',  ( 0.000000000000000000, 0.000000000000000000, 1.000000000000000000 ) ) ;
#2611 = AXIS2_PLACEMENT_3D ( 'NONE', #357, #3652, #54 ) ;
#2612 = CARTESIAN_POINT ( 'NONE',  ( 13.60729121006570530, 2.766426838246583753, 3.683211830760090066 ) ) ;
#2613 = EDGE_CURVE ( 'NONE', #918, #3325, #1592, .T. ) ;
#2614 = EDGE_LOOP ( 'NONE', ( #954, #476, #3817, #2087, #2849 ) ) ;
#2615 = CYLINDRICAL_SURFACE ( 'NONE', #2041, 0.2000000000000000944 ) ;
#2616 = ORIENTED_EDGE ( 'NONE', *, *, #3608, .F. ) ;
#2617 = AXIS2_PLACEMENT_3D ( 'NONE', #1174, #2724, #1212 ) ;
#2618 = DIRECTION ( 'NONE',  ( 0.000000000000000000, -1.000000000000000000, 0.000000000000000000 ) ) ;
#2619 = ORIENTED_EDGE ( 'NONE', *, *, #3249, .F. ) ;
#2620 = DIRECTION ( 'NONE',  ( 0.000000000000000000, 1.000000000000000000, 0.000000000000000000 ) ) ;
#2621 = CARTESIAN_POINT ( 'NONE',  ( 12.30840575517642854, 6.549269529859585326, 5.833769145038692372 ) ) ;
#2622 = DIRECTION ( 'NONE',  ( -0.000000000000000000, -1.000000000000000000, -0.000000000000000000 ) ) ;
#2623 = EDGE_LOOP ( 'NONE', ( #3036, #2792, #2967, #619, #2416 ) ) ;
#2624 = LINE ( 'NONE', #3846, #1305 ) ;
#2625 = EDGE_CURVE ( 'NONE', #1142, #2042, #1646, .T. ) ;
#2626 = LINE ( 'NONE', #1090, #1843 ) ;
#2627 = CARTESIAN_POINT ( 'NONE',  ( 8.728405698850053795, 6.749269529859585504, 3.640982707160051124 ) ) ;
#2628 = DIRECTION ( 'NONE',  ( 0.000000000000000000, 0.000000000000000000, 1.000000000000000000 ) ) ;
#2629 = ORIENTED_EDGE ( 'NONE', *, *, #2211, .T. ) ;
#2630 = ADVANCED_FACE ( 'NONE', ( #2207 ), #375, .T. ) ;
#2631 = EDGE_CURVE ( 'NONE', #3780, #3266, #2225, .T. ) ;
#2632 = CARTESIAN_POINT ( 'NONE',  ( 11.87214085549942411, 7.749269540290391056, 2.283414511802114522 ) ) ;
#2633 = EDGE_LOOP ( 'NONE', ( #3235, #1821, #3697, #3838, #3573, #831, #604, #1441, #3845, #3159 ) ) ;
#2634 = CARTESIAN_POINT ( 'NONE',  ( 10.13860081933534651, 6.549269529859585326, 4.953774804639559548 ) ) ;
#2635 = FACE_OUTER_BOUND ( 'NONE', #2623, .T. ) ;
#2636 = ORIENTED_EDGE ( 'NONE', *, *, #1946, .F. ) ;
#2637 = ADVANCED_FACE ( 'NONE', ( #1053 ), #737, .T. ) ;
#2638 = EDGE_CURVE ( 'NONE', #1813, #2042, #3673, .T. ) ;
#2639 = CARTESIAN_POINT ( 'NONE',  ( 13.42840577186572482, 6.349269529859585148, 3.593769111660098048 ) ) ;
#2640 = ORIENTED_EDGE ( 'NONE', *, *, #534, .T. ) ;
#2641 = DIRECTION ( 'NONE',  ( 0.000000000000000000, 0.000000000000000000, 1.000000000000000000 ) ) ;
#2642 = DIRECTION ( 'NONE',  ( 0.3826834323650898928, -0.000000000000000000, 0.9238795325112867385 ) ) ;
#2643 = CARTESIAN_POINT ( 'NONE',  ( 14.51256986616193245, 7.049269540290389990, 1.872654518567642645 ) ) ;
#2644 = EDGE_CURVE ( 'NONE', #2740, #2778, #2519, .T. ) ;
#2645 = CARTESIAN_POINT ( 'NONE',  ( 9.757291152696254244, 1.449269540290390568, 4.033211835975495596 ) ) ;
#2646 = CARTESIAN_POINT ( 'NONE',  ( 11.48970279241824421, 1.849269540290390479, 5.765623475697482903 ) ) ;
#2647 = CARTESIAN_POINT ( 'NONE',  ( 8.907291137050037833, 7.049269540290389990, 3.730425426260042698 ) ) ;
#2648 = CARTESIAN_POINT ( 'NONE',  ( 10.77211439563238393, 1.849269540290390257, 6.483211872483341409 ) ) ;
#2649 = CARTESIAN_POINT ( 'NONE',  ( 10.60145126713202934, 2.921264845438240609, 5.445156650430732270 ) ) ;
#2650 = DIRECTION ( 'NONE',  ( 1.000000000000000000, 0.000000000000000000, 0.000000000000000000 ) ) ;
#2651 = AXIS2_PLACEMENT_3D ( 'NONE', #1941, #122, #3098 ) ;
#2652 = ORIENTED_EDGE ( 'NONE', *, *, #1003, .F. ) ;
#2653 = CARTESIAN_POINT ( 'NONE',  ( 13.60729121006571951, 7.049269540290389990, 4.033211835975495596 ) ) ;
#2654 = CARTESIAN_POINT ( 'NONE',  ( 14.28971605885961615, 7.049269540290389990, 4.033211835975495596 ) ) ;
#2655 = ORIENTED_EDGE ( 'NONE', *, *, #1767, .T. ) ;
#2656 = AXIS2_PLACEMENT_3D ( 'NONE', #3269, #841, #2610 ) ;
#2657 = DIRECTION ( 'NONE',  ( 0.000000000000000000, 0.000000000000000000, -1.000000000000000000 ) ) ;
#2658 = EDGE_LOOP ( 'NONE', ( #1428, #1307, #1643, #2031 ) ) ;
#2659 = DIRECTION ( 'NONE',  ( -1.000000000000000000, 0.000000000000000000, 0.000000000000000000 ) ) ;
#2660 = CARTESIAN_POINT ( 'NONE',  ( 14.65729122571193699, 2.649269550721202737, 4.033211835975495596 ) ) ;
#2661 = ORIENTED_EDGE ( 'NONE', *, *, #2898, .F. ) ;
#2662 = VECTOR ( 'NONE', #1768, 1000.000000000000000 ) ;
#2663 = CARTESIAN_POINT ( 'NONE',  ( 9.513576737759672497, 6.277274235142541237, 2.621267021520258034 ) ) ;
#2664 = EDGE_CURVE ( 'NONE', #3891, #535, #2768, .T. ) ;
#2665 = CARTESIAN_POINT ( 'NONE',  ( 13.60729121006570885, 2.499269545505796053, 4.033211835975495596 ) ) ;
#2666 = ORIENTED_EDGE ( 'NONE', *, *, #3503, .F. ) ;
#2667 = CARTESIAN_POINT ( 'NONE',  ( 9.880897950446234645, 2.349269540290390701, 1.783211799467650405 ) ) ;
#2668 = DIRECTION ( 'NONE',  ( 0.000000000000000000, 0.000000000000000000, -1.000000000000000000 ) ) ;
#2669 = DIRECTION ( 'NONE',  ( 1.000000000000000000, 0.000000000000000000, 0.000000000000000000 ) ) ;
#2670 = ORIENTED_EDGE ( 'NONE', *, *, #3339, .F. ) ;
#2671 = CARTESIAN_POINT ( 'NONE',  ( 11.47214085549942553, 6.849269540290390701, 1.583211799467650227 ) ) ;
#2672 = VECTOR ( 'NONE', #1672, 1000.000000000000000 ) ;
#2673 = ORIENTED_EDGE ( 'NONE', *, *, #205, .F. ) ;
#2674 =( BOUNDED_CURVE ( )  B_SPLINE_CURVE ( 3, ( #3825, #3782, #180, #3510 ),
 .UNSPECIFIED., .F., .T. ) 
 B_SPLINE_CURVE_WITH_KNOTS ( ( 4, 4 ),
 ( 4.712388980384691450, 6.283185307179586232 ),
 .UNSPECIFIED. ) 
 CURVE ( )  GEOMETRIC_REPRESENTATION_ITEM ( )  RATIONAL_B_SPLINE_CURVE ( ( 1.000000000000000000, 0.8047378541243654926, 0.8047378541243654926, 1.000000000000000000 ) ) 
 REPRESENTATION_ITEM ( '' )  );
#2675 = CIRCLE ( 'NONE', #3687, 0.2000000000000000944 ) ;
#2676 = DIRECTION ( 'NONE',  ( -0.4472135954999579277, 0.000000000000000000, 0.8944271909999158554 ) ) ;
#2677 = ORIENTED_EDGE ( 'NONE', *, *, #198, .T. ) ;
#2678 = CARTESIAN_POINT ( 'NONE',  ( 9.513576737759672497, 2.921264845438240609, 2.621267021520258034 ) ) ;
#2679 = DIRECTION ( 'NONE',  ( -0.000000000000000000, -1.000000000000000000, -0.000000000000000000 ) ) ;
#2680 = ORIENTED_EDGE ( 'NONE', *, *, #3731, .F. ) ;
#2681 = AXIS2_PLACEMENT_3D ( 'NONE', #344, #3626, #2195 ) ;
#2682 = ORIENTED_EDGE ( 'NONE', *, *, #1542, .T. ) ;
#2683 = CARTESIAN_POINT ( 'NONE',  ( 8.707291137050036767, 2.149269540290390523, 4.033211835975495596 ) ) ;
#2684 = DIRECTION ( 'NONE',  ( -0.000000000000000000, 1.000000000000000000, 0.000000000000000000 ) ) ;
#2685 = EDGE_CURVE ( 'NONE', #2130, #702, #3711, .T. ) ;
#2686 = ORIENTED_EDGE ( 'NONE', *, *, #2548, .F. ) ;
#2687 = CARTESIAN_POINT ( 'NONE',  ( 11.48970279241824421, 7.049269540290389990, 5.258211854229417170 ) ) ;
#2688 = DIRECTION ( 'NONE',  ( -0.000000000000000000, 1.000000000000000000, -0.000000000000000000 ) ) ;
#2689 = ADVANCED_FACE ( 'NONE', ( #2839 ), #129, .T. ) ;
#2690 = CARTESIAN_POINT ( 'NONE',  ( 8.749960369550333183, 2.553666933896098445, 3.597873365759492348 ) ) ;
#2691 =( LENGTH_UNIT ( ) NAMED_UNIT ( * ) SI_UNIT ( .MILLI., .METRE. ) );
#2692 = DIRECTION ( 'NONE',  ( 0.000000000000000000, 1.000000000000000000, 0.000000000000000000 ) ) ;
#2693 = ORIENTED_EDGE ( 'NONE', *, *, #1902, .F. ) ;
#2694 = ADVANCED_FACE ( 'NONE', ( #1415 ), #2278, .F. ) ;
#2695 = CARTESIAN_POINT ( 'NONE',  ( 8.886176575250019027, 7.049269540290389990, 3.772654549860080309 ) ) ;
#2696 = EDGE_LOOP ( 'NONE', ( #1444, #1369, #1294, #537 ) ) ;
#2697 = LINE ( 'NONE', #291, #1292 ) ;
#2698 = LINE ( 'NONE', #7, #2101 ) ;
#2699 = ORIENTED_EDGE ( 'NONE', *, *, #752, .T. ) ;
#2700 = ORIENTED_EDGE ( 'NONE', *, *, #1427, .T. ) ;
#2701 = DIRECTION ( 'NONE',  ( -1.000000000000000000, 0.000000000000000000, 0.000000000000000000 ) ) ;
#2702 = CARTESIAN_POINT ( 'NONE',  ( 9.107291137050037122, 2.649269550721202737, 3.330425426260044564 ) ) ;
#2703 = ORIENTED_EDGE ( 'NONE', *, *, #1092, .F. ) ;
#2704 = DIRECTION ( 'NONE',  ( -1.000000000000000000, 8.673617379884032317E-15, 0.000000000000000000 ) ) ;
#2705 = ADVANCED_FACE ( 'NONE', ( #217 ), #808, .T. ) ;
#2706 = FACE_OUTER_BOUND ( 'NONE', #787, .T. ) ;
#2707 = EDGE_CURVE ( 'NONE', #3209, #711, #11, .T. ) ;
#2708 = CARTESIAN_POINT ( 'NONE',  ( 13.42840577186572482, 2.649269550721203181, 3.593769111660097604 ) ) ;
#2709 = COORDINATED_UNIVERSAL_TIME_OFFSET ( 1, 0, .AHEAD. ) ;
#2710 = AXIS2_PLACEMENT_3D ( 'NONE', #1480, #3579, #1503 ) ;
#2711 = CARTESIAN_POINT ( 'NONE',  ( 14.08817816373859877, 2.652863105574861713, 5.407172308715208153 ) ) ;
#2712 = ADVANCED_FACE ( 'NONE', ( #3805 ), #1393, .F. ) ;
#2713 = VERTEX_POINT ( 'NONE', #503 ) ;
#2714 = FACE_OUTER_BOUND ( 'NONE', #3136, .T. ) ;
#2715 = VERTEX_POINT ( 'NONE', #527 ) ;
#2716 = DIRECTION ( 'NONE',  ( 0.000000000000000000, 0.000000000000000000, -1.000000000000000000 ) ) ;
#2717 = CARTESIAN_POINT ( 'NONE',  ( 11.47214085549942553, 1.849269540290390479, 1.583211799467650227 ) ) ;
#2718 = AXIS2_PLACEMENT_3D ( 'NONE', #1697, #1207, #3079 ) ;
#2719 = VERTEX_POINT ( 'NONE', #2320 ) ;
#2720 = AXIS2_PLACEMENT_3D ( 'NONE', #2250, #3754, #1039 ) ;
#2721 = EDGE_LOOP ( 'NONE', ( #3380, #2928, #326, #1495 ) ) ;
#2722 = FACE_OUTER_BOUND ( 'NONE', #893, .T. ) ;
#2723 = AXIS2_PLACEMENT_3D ( 'NONE', #177, #3469, #1066 ) ;
#2724 = DIRECTION ( 'NONE',  ( 2.774754023183460056E-16, -0.000000000000000000, 1.000000000000000000 ) ) ;
#2725 = AXIS2_PLACEMENT_3D ( 'NONE', #3565, #3291, #1117 ) ;
#2726 = EDGE_LOOP ( 'NONE', ( #2514, #1447, #265, #3525, #3624 ) ) ;
#2727 = DIRECTION ( 'NONE',  ( 0.000000000000000000, 0.7071067811865481278, 0.7071067811865467956 ) ) ;
#2728 = CYLINDRICAL_SURFACE ( 'NONE', #2710, 0.1999999999999993727 ) ;
#2729 = LOCAL_TIME ( 17, 54, 16.00000000000000000, #3010 ) ;
#2730 = EDGE_CURVE ( 'NONE', #47, #1644, #1083, .T. ) ;
#2731 = CYLINDRICAL_SURFACE ( 'NONE', #3440, 0.2000000000000002331 ) ;
#2732 = PERSON_AND_ORGANIZATION_ROLE ( 'classification_officer' ) ;
#2733 = DIRECTION ( 'NONE',  ( 0.4472135954999579277, -0.000000000000000000, -0.8944271909999158554 ) ) ;
#2734 = VERTEX_POINT ( 'NONE', #2646 ) ;
#2735 = ADVANCED_FACE ( 'NONE', ( #3848, #467 ), #3511, .F. ) ;
#2736 = LINE ( 'NONE', #3013, #733 ) ;
#2737 = VERTEX_POINT ( 'NONE', #1702 ) ;
#2738 = CARTESIAN_POINT ( 'NONE',  ( 10.46564649415673642, 5.950225083156903239, 5.743332908308492080 ) ) ;
#2739 = CARTESIAN_POINT ( 'NONE',  ( 11.47214085549942553, 2.149269540290390523, 1.783211799467650405 ) ) ;
#2740 = VERTEX_POINT ( 'NONE', #834 ) ;
#2741 = AXIS2_PLACEMENT_3D ( 'NONE', #810, #508, #3267 ) ;
#2742 = ORIENTED_EDGE ( 'NONE', *, *, #3890, .T. ) ;
#2743 = ORIENTED_EDGE ( 'NONE', *, *, #1886, .T. ) ;
#2744 = LINE ( 'NONE', #3316, #1589 ) ;
#2745 = AXIS2_PLACEMENT_3D ( 'NONE', #2975, #3883, #1429 ) ;
#2746 = DIRECTION ( 'NONE',  ( -0.000000000000000000, 1.000000000000000000, -0.000000000000000000 ) ) ;
#2747 = ORIENTED_EDGE ( 'NONE', *, *, #2764, .F. ) ;
#2748 = CARTESIAN_POINT ( 'NONE',  ( 11.48970279241824421, 1.849269540290390479, 6.483211872483341409 ) ) ;
#2749 = CARTESIAN_POINT ( 'NONE',  ( 14.28971605885961615, 2.149269540290390523, 4.033211835975495596 ) ) ;
#2750 = CARTESIAN_POINT ( 'NONE',  ( 14.09303007090946025, 6.350118611434720783, 4.918735156147957532 ) ) ;
#2751 = APPROVAL_ROLE ( '' ) ;
#2752 = CARTESIAN_POINT ( 'NONE',  ( 11.48970279241824421, 2.149269540290390523, 6.483211872483341409 ) ) ;
#2753 = VERTEX_POINT ( 'NONE', #3766 ) ;
#2754 = CARTESIAN_POINT ( 'NONE',  ( 12.55729126743518975, 7.049269540290389990, 6.283211872483342120 ) ) ;
#2755 = VERTEX_POINT ( 'NONE', #3242 ) ;
#2756 = CARTESIAN_POINT ( 'NONE',  ( 10.59671014368147191, 5.649269529859576089, 6.059748548525546674 ) ) ;
#2757 = LINE ( 'NONE', #1584, #3722 ) ;
#2758 = ORIENTED_EDGE ( 'NONE', *, *, #1850, .F. ) ;
#2759 = EDGE_CURVE ( 'NONE', #3777, #3546, #2919, .T. ) ;
#2760 = EDGE_CURVE ( 'NONE', #1529, #1471, #1436, .T. ) ;
#2761 = ORIENTED_EDGE ( 'NONE', *, *, #3436, .F. ) ;
#2762 = CARTESIAN_POINT ( 'NONE',  ( 8.714457122552477841, 2.318079575499664369, 3.668879859755206585 ) ) ;
#2763 = CARTESIAN_POINT ( 'NONE',  ( 13.99320958213301225, 2.849296514151815174, 5.090242884415125957 ) ) ;
#2764 = EDGE_CURVE ( 'NONE', #1134, #2468, #2264, .T. ) ;
#2765 = VERTEX_POINT ( 'NONE', #165 ) ;
#2766 = DIRECTION ( 'NONE',  ( -0.000000000000000000, -1.000000000000000000, -0.000000000000000000 ) ) ;
#2767 = FACE_BOUND ( 'NONE', #1516, .T. ) ;
#2768 = LINE ( 'NONE', #1279, #116 ) ;
#2769 = CARTESIAN_POINT ( 'NONE',  ( 13.81787223472671933, 5.649269529859577865, 6.059748548525546674 ) ) ;
#2770 = PERSON_AND_ORGANIZATION ( #1045, #396 ) ;
#2771 = FACE_OUTER_BOUND ( 'NONE', #2034, .T. ) ;
#2772 = ORIENTED_EDGE ( 'NONE', *, *, #2826, .T. ) ;
#2773 = CARTESIAN_POINT ( 'NONE',  ( 10.41851050871749251, 2.746265369045353122, 5.629536572985573528 ) ) ;
#2774 = ORIENTED_EDGE ( 'NONE', *, *, #3744, .F. ) ;
#2775 = CARTESIAN_POINT ( 'NONE',  ( 10.59671014364792896, 5.885550749170180396, 6.059748548444567007 ) ) ;
#2776 = CARTESIAN_POINT ( 'NONE',  ( 11.68642607842634717, 7.709109914168658761, 5.845527586010846655 ) ) ;
#2777 = ADVANCED_FACE ( 'NONE', ( #1377 ), #769, .T. ) ;
#2778 = VERTEX_POINT ( 'NONE', #181 ) ;
#2779 = CIRCLE ( 'NONE', #1079, 0.3500000156462182987 ) ;
#2780 = CYLINDRICAL_SURFACE ( 'NONE', #3665, 0.2000000000000000944 ) ;
#2781 = CIRCLE ( 'NONE', #1147, 0.1999999999999996503 ) ;
#2782 = AXIS2_PLACEMENT_3D ( 'NONE', #3617, #625, #298 ) ;
#2783 = DIRECTION ( 'NONE',  ( 0.000000000000000000, 0.000000000000000000, -1.000000000000000000 ) ) ;
#2784 = DIRECTION ( 'NONE',  ( 0.000000000000000000, -1.000000000000000000, 0.000000000000000000 ) ) ;
#2785 = CARTESIAN_POINT ( 'NONE',  ( 14.00032365415185609, 2.649369830808020687, 5.096646671324609024 ) ) ;
#2786 = CC_DESIGN_PERSON_AND_ORGANIZATION_ASSIGNMENT ( #2770, #3091, ( #451 ) ) ;
#2787 = CIRCLE ( 'NONE', #2910, 2.450000036507846701 ) ;
#2788 = DIRECTION ( 'NONE',  ( -0.4472135954999579277, 0.000000000000000000, 0.8944271909999158554 ) ) ;
#2789 = VECTOR ( 'NONE', #1098, 1000.000000000000000 ) ;
#2790 = DATE_AND_TIME ( #338, #908 ) ;
#2791 = CARTESIAN_POINT ( 'NONE',  ( 14.28971605885961615, 7.049269540290389990, 1.783211799467650405 ) ) ;
#2792 = ORIENTED_EDGE ( 'NONE', *, *, #1599, .F. ) ;
#2793 = DIRECTION ( 'NONE',  ( 1.000000000000000000, 0.000000000000000000, 0.000000000000000000 ) ) ;
#2794 = ORIENTED_EDGE ( 'NONE', *, *, #1120, .T. ) ;
#2795 = CARTESIAN_POINT ( 'NONE',  ( 14.05188247428048776, 6.144244276690161932, 2.488237063067879173 ) ) ;
#2796 = DIRECTION ( 'NONE',  ( 0.000000000000000000, 1.000000000000000000, 0.000000000000000000 ) ) ;
#2797 = ORIENTED_EDGE ( 'NONE', *, *, #3790, .F. ) ;
#2798 = ORIENTED_EDGE ( 'NONE', *, *, #3212, .T. ) ;
#2799 = ORIENTED_EDGE ( 'NONE', *, *, #1391, .T. ) ;
#2800 = AXIS2_PLACEMENT_3D ( 'NONE', #3577, #937, #3287 ) ;
#2801 = CARTESIAN_POINT ( 'NONE',  ( 10.78148605018372841, 5.649269529859577865, 5.783211862052528573 ) ) ;
#2802 = AXIS2_PLACEMENT_3D ( 'NONE', #2359, #1666, #3555 ) ;
#2803 = LINE ( 'NONE', #2184, #3062 ) ;
#2804 = DIRECTION ( 'NONE',  ( 0.000000000000000000, 0.000000000000000000, -1.000000000000000000 ) ) ;
#2805 = DIRECTION ( 'NONE',  ( 0.4472135954999579277, -0.000000000000000000, -0.8944271909999158554 ) ) ;
#2806 = VECTOR ( 'NONE', #3195, 1000.000000000000000 ) ;
#2807 = ADVANCED_FACE ( 'NONE', ( #2300 ), #3492, .F. ) ;
#2808 = DIRECTION ( 'NONE',  ( -0.3826834323650898928, 0.000000000000000000, -0.9238795325112867385 ) ) ;
#2809 = CARTESIAN_POINT ( 'NONE',  ( 9.757291152696254244, 2.149269540290390523, 4.033211835975495596 ) ) ;
#2810 = EDGE_CURVE ( 'NONE', #812, #1507, #197, .T. ) ;
#2811 = CARTESIAN_POINT ( 'NONE',  ( 9.730897945230825741, 5.649269529859577865, 2.283211809898462175 ) ) ;
#2812 = EDGE_LOOP ( 'NONE', ( #2856, #473, #3589, #1388 ) ) ;
#2813 = LINE ( 'NONE', #2093, #842 ) ;
#2814 = CARTESIAN_POINT ( 'NONE',  ( 10.13257515744873594, 2.774787767133603200, 4.844330134177596392 ) ) ;
#2815 = ORIENTED_EDGE ( 'NONE', *, *, #1246, .T. ) ;
#2816 = ORIENTED_EDGE ( 'NONE', *, *, #2568, .T. ) ;
#2817 = ORIENTED_EDGE ( 'NONE', *, *, #2312, .T. ) ;
#2818 = LINE ( 'NONE', #123, #3808 ) ;
#2819 = VERTEX_POINT ( 'NONE', #3020 ) ;
#2820 = VECTOR ( 'NONE', #2246, 1000.000000000000000 ) ;
#2821 = FACE_OUTER_BOUND ( 'NONE', #2014, .T. ) ;
#2822 = CARTESIAN_POINT ( 'NONE',  ( 8.872361222655761992, 6.391042546399316571, 3.353071659548475747 ) ) ;
#2823 = CARTESIAN_POINT ( 'NONE',  ( 14.65729122571193699, 7.349269540290390701, 6.083211872483341054 ) ) ;
#2824 = DIRECTION ( 'NONE',  ( -8.673617379884030739E-15, 0.000000000000000000, 1.000000000000000000 ) ) ;
#2825 = CARTESIAN_POINT ( 'NONE',  ( 13.74228463742814021, 6.144244276690161932, 5.578186608883112463 ) ) ;
#2826 = EDGE_CURVE ( 'NONE', #501, #2837, #3770, .T. ) ;
#2827 = CARTESIAN_POINT ( 'NONE',  ( 9.684615255769873698, 6.011214318237783516, 2.355207104615499869 ) ) ;
#2828 = DIRECTION ( 'NONE',  ( 0.000000000000000000, 0.000000000000000000, -1.000000000000000000 ) ) ;
#2829 = ADVANCED_FACE ( 'NONE', ( #1473 ), #589, .F. ) ;
#2830 = ORIENTED_EDGE ( 'NONE', *, *, #1225, .T. ) ;
#2831 = DIRECTION ( 'NONE',  ( -1.387778763410654390E-15, 0.000000000000000000, -1.000000000000000000 ) ) ;
#2832 = DIRECTION ( 'NONE',  ( 1.000000000000000000, 0.000000000000000000, 0.000000000000000000 ) ) ;
#2833 = ORIENTED_EDGE ( 'NONE', *, *, #3127, .T. ) ;
#2834 = CARTESIAN_POINT ( 'NONE',  ( 10.40869384404794395, 6.549269529859578221, 5.083211862052529284 ) ) ;
#2835 = EDGE_LOOP ( 'NONE', ( #3154, #493, #1401, #2564, #3468, #783, #887, #1209, #1148 ) ) ;
#2836 = CARTESIAN_POINT ( 'NONE',  ( 13.95963667166041589, 2.837891751669487483, 2.978520907570916698 ) ) ;
#2837 = VERTEX_POINT ( 'NONE', #569 ) ;
#2838 = DIRECTION ( 'NONE',  ( 0.7071067811865473507, 0.000000000000000000, 0.7071067811865476838 ) ) ;
#2839 = FACE_OUTER_BOUND ( 'NONE', #689, .T. ) ;
#2840 = AXIS2_PLACEMENT_3D ( 'NONE', #1815, #3893, #3288 ) ;
#2841 = CYLINDRICAL_SURFACE ( 'NONE', #3256, 0.2000000000000002331 ) ;
#2842 = AXIS2_PLACEMENT_3D ( 'NONE', #263, #880, #2668 ) ;
#2843 = CARTESIAN_POINT ( 'NONE',  ( 9.407291147575781665, 3.412338520666003294, 2.283211809709533746 ) ) ;
#2844 = VECTOR ( 'NONE', #3842, 1000.000000000000000 ) ;
#2845 = ADVANCED_FACE ( 'NONE', ( #314 ), #3285, .T. ) ;
#2846 = EDGE_CURVE ( 'NONE', #909, #3312, #3556, .T. ) ;
#2847 = AXIS2_PLACEMENT_3D ( 'NONE', #156, #3152, #438 ) ;
#2848 = DIRECTION ( 'NONE',  ( 0.000000000000000000, 1.000000000000000000, 0.000000000000000000 ) ) ;
#2849 = ORIENTED_EDGE ( 'NONE', *, *, #2196, .F. ) ;
#2850 = CARTESIAN_POINT ( 'NONE',  ( 13.60729121006570885, 7.049269540290389990, 4.033211835975495596 ) ) ;
#2851 = CARTESIAN_POINT ( 'NONE',  ( 10.15540498495745680, 2.837425637537893675, 4.692595897112378012 ) ) ;
#2852 = VERTEX_POINT ( 'NONE', #2665 ) ;
#2853 = AXIS2_PLACEMENT_3D ( 'NONE', #2388, #2968, #491 ) ;
#2854 = ADVANCED_FACE ( 'NONE', ( #2380 ), #259, .T. ) ;
#2855 = CYLINDRICAL_SURFACE ( 'NONE', #3630, 0.4000000000000001887 ) ;
#2856 = ORIENTED_EDGE ( 'NONE', *, *, #3127, .F. ) ;
#2857 = CARTESIAN_POINT ( 'NONE',  ( 14.18368442274654129, 3.549269550721202648, 2.283211809898462175 ) ) ;
#2858 = EDGE_CURVE ( 'NONE', #1777, #2778, #1411, .T. ) ;
#2859 = EDGE_LOOP ( 'NONE', ( #2445, #2146, #280, #1944 ) ) ;
#2860 = ORIENTED_EDGE ( 'NONE', *, *, #686, .F. ) ;
#2861 = DIRECTION ( 'NONE',  ( 1.000000000000000000, 0.000000000000000000, 0.000000000000000000 ) ) ;
#2862 = CARTESIAN_POINT ( 'NONE',  ( 11.87214085549942411, 1.449269540290390568, 2.122737826037631059 ) ) ;
#2863 = CIRCLE ( 'NONE', #785, 0.2000000000000000944 ) ;
#2864 = CARTESIAN_POINT ( 'NONE',  ( 10.80729116834247172, 2.149269540290390523, 4.033211835975495596 ) ) ;
#2865 = CARTESIAN_POINT ( 'NONE',  ( 9.757291152696254244, 2.349269540290390701, 1.583211799467650227 ) ) ;
#2866 = VECTOR ( 'NONE', #800, 1000.000000000000000 ) ;
#2867 = CARTESIAN_POINT ( 'NONE',  ( 11.47214085549942553, 2.149269540290390523, 2.283414511802114522 ) ) ;
#2868 = AXIS2_PLACEMENT_3D ( 'NONE', #1508, #1204, #2410 ) ;
#2869 = CARTESIAN_POINT ( 'NONE',  ( 9.757291152696254244, 2.649269550721203181, 1.583211799467650227 ) ) ;
#2870 = ORIENTED_EDGE ( 'NONE', *, *, #2918, .T. ) ;
#2871 = CARTESIAN_POINT ( 'NONE',  ( 14.09944679447836791, 2.649304043968331968, 4.922795572791775598 ) ) ;
#2872 = FACE_OUTER_BOUND ( 'NONE', #3330, .T. ) ;
#2873 = ORIENTED_EDGE ( 'NONE', *, *, #126, .T. ) ;
#2874 = DIRECTION ( 'NONE',  ( -0.000000000000000000, 1.000000000000000000, 0.000000000000000000 ) ) ;
#2875 = ORIENTED_EDGE ( 'NONE', *, *, #3811, .T. ) ;
#2876 = EDGE_CURVE ( 'NONE', #3310, #2176, #1217, .T. ) ;
#2877 = DIRECTION ( 'NONE',  ( -0.000000000000000000, 1.000000000000000000, 0.000000000000000000 ) ) ;
#2878 = ORIENTED_EDGE ( 'NONE', *, *, #2577, .F. ) ;
#2879 = CYLINDRICAL_SURFACE ( 'NONE', #3778, 0.3999999999999999667 ) ;
#2880 = EDGE_CURVE ( 'NONE', #2042, #2530, #3539, .T. ) ;
#2881 = DIRECTION ( 'NONE',  ( 0.000000000000000000, 0.000000000000000000, 1.000000000000000000 ) ) ;
#2882 = CARTESIAN_POINT ( 'NONE',  ( 12.20729118920410095, 2.849269550721202915, 2.983211809898461908 ) ) ;
#2883 = CARTESIAN_POINT ( 'NONE',  ( 11.51948730634172513, 7.564770136667959832, 2.263371085330714294 ) ) ;
#2884 = CARTESIAN_POINT ( 'NONE',  ( 10.93209969929562853, 7.044128993008073714, 6.483211872483341409 ) ) ;
#2885 = CARTESIAN_POINT ( 'NONE',  ( 13.60729121006570885, 2.649269550721202737, 3.683211830760089178 ) ) ;
#2886 = ORIENTED_EDGE ( 'NONE', *, *, #2846, .T. ) ;
#2887 = CARTESIAN_POINT ( 'NONE',  ( 14.00032365415185609, 2.849347546344283444, 5.093661158153035551 ) ) ;
#2888 = DIRECTION ( 'NONE',  ( 0.000000000000000000, 1.000000000000000000, 0.000000000000000000 ) ) ;
#2889 = ORIENTED_EDGE ( 'NONE', *, *, #131, .T. ) ;
#2890 = CARTESIAN_POINT ( 'NONE',  ( 9.280897945230828228, 6.549269529859578221, 2.983211809898461908 ) ) ;
#2891 = ORIENTED_EDGE ( 'NONE', *, *, #2644, .T. ) ;
#2892 = CARTESIAN_POINT ( 'NONE',  ( 9.757291152696254244, 2.149269540290390523, 4.033211835975495596 ) ) ;
#2893 = DIRECTION ( 'NONE',  ( -0.000000000000000000, 1.000000000000000000, 0.000000000000000000 ) ) ;
#2894 = EDGE_CURVE ( 'NONE', #99, #3884, #1789, .T. ) ;
#2895 = ADVANCED_FACE ( 'NONE', ( #1533 ), #1286, .T. ) ;
#2896 = LINE ( 'NONE', #1375, #106 ) ;
#2897 = DIRECTION ( 'NONE',  ( 0.000000000000000000, 0.000000000000000000, 1.000000000000000000 ) ) ;
#2898 = EDGE_CURVE ( 'NONE', #2530, #1458, #1498, .T. ) ;
#2899 = CARTESIAN_POINT ( 'NONE',  ( 11.47214085549942553, 7.349269540290390701, 1.583211799467650449 ) ) ;
#2900 = DIRECTION ( 'NONE',  ( 1.000000000000000000, 0.000000000000000000, 0.000000000000000000 ) ) ;
#2901 = APPROVAL ( #1545, 'UNSPECIFIED' ) ;
#2902 = CARTESIAN_POINT ( 'NONE',  ( 14.09944679447836791, 6.549235036612448546, 4.922795572791775598 ) ) ;
#2903 = ORIENTED_EDGE ( 'NONE', *, *, #1371, .T. ) ;
#2904 = VECTOR ( 'NONE', #3514, 1000.000000000000000 ) ;
#2905 = DIRECTION ( 'NONE',  ( 0.000000000000000000, 1.000000000000000000, 0.000000000000000000 ) ) ;
#2906 = ORIENTED_EDGE ( 'NONE', *, *, #3475, .T. ) ;
#2907 = VECTOR ( 'NONE', #3823, 1000.000000000000000 ) ;
#2908 = CYLINDRICAL_SURFACE ( 'NONE', #2725, 1.050000015646217477 ) ;
#2909 = ORIENTED_EDGE ( 'NONE', *, *, #95, .T. ) ;
#2910 = AXIS2_PLACEMENT_3D ( 'NONE', #1022, #2561, #1656 ) ;
#2911 = EDGE_CURVE ( 'NONE', #2597, #2260, #2276, .T. ) ;
#2912 = LINE ( 'NONE', #251, #2249 ) ;
#2913 = ORIENTED_EDGE ( 'NONE', *, *, #2548, .T. ) ;
#2914 = DIRECTION ( 'NONE',  ( 0.000000000000000000, -1.000000000000000000, 0.000000000000000000 ) ) ;
#2915 = SECURITY_CLASSIFICATION ( '', '', #58 ) ;
#2916 = CARTESIAN_POINT ( 'NONE',  ( 14.13919839288494806, 2.762861793557244816, 2.619397465121604984 ) ) ;
#2917 = LINE ( 'NONE', #856, #2305 ) ;
#2918 = EDGE_CURVE ( 'NONE', #1005, #2468, #1218, .T. ) ;
#2919 = LINE ( 'NONE', #1965, #1762 ) ;
#2920 = DIRECTION ( 'NONE',  ( 0.000000000000000000, 0.000000000000000000, -1.000000000000000000 ) ) ;
#2921 = CARTESIAN_POINT ( 'NONE',  ( 14.65729122571193699, 1.949269540290390568, 6.483211872483341409 ) ) ;
#2922 = EDGE_CURVE ( 'NONE', #1963, #2012, #147, .T. ) ;
#2923 = CARTESIAN_POINT ( 'NONE',  ( 14.18368442274654306, 5.649269529859577865, 2.283211809898462175 ) ) ;
#2924 = VECTOR ( 'NONE', #1258, 1000.000000000000000 ) ;
#2925 = ORIENTED_EDGE ( 'NONE', *, *, #2591, .T. ) ;
#2926 = CARTESIAN_POINT ( 'NONE',  ( 8.928405698850053085, 2.649269550721202737, 3.240982707160053433 ) ) ;
#2927 = CIRCLE ( 'NONE', #1670, 0.1999999999999996503 ) ;
#2928 = ORIENTED_EDGE ( 'NONE', *, *, #906, .F. ) ;
#2929 = DIRECTION ( 'NONE',  ( 0.000000000000000000, 0.000000000000000000, -1.000000000000000000 ) ) ;
#2930 = LINE ( 'NONE', #777, #3785 ) ;
#2931 = EDGE_CURVE ( 'NONE', #3430, #1005, #3303, .T. ) ;
#2932 = ORIENTED_EDGE ( 'NONE', *, *, #2040, .F. ) ;
#2933 = AXIS2_PLACEMENT_3D ( 'NONE', #2111, #3322, #3009 ) ;
#2934 = CARTESIAN_POINT ( 'NONE',  ( 10.40869384404794218, 2.649269550721202737, 5.083211862052530172 ) ) ;
#2935 = ORIENTED_EDGE ( 'NONE', *, *, #1308, .T. ) ;
#2936 = FACE_OUTER_BOUND ( 'NONE', #455, .T. ) ;
#2937 = CARTESIAN_POINT ( 'NONE',  ( 8.707291137050036767, 2.154051960209093952, 4.033211835975495596 ) ) ;
#2938 = DIRECTION ( 'NONE',  ( 0.000000000000000000, 0.000000000000000000, -1.000000000000000000 ) ) ;
#2939 = FACE_OUTER_BOUND ( 'NONE', #2201, .T. ) ;
#2940 = CARTESIAN_POINT ( 'NONE',  ( 8.707291137050036767, 6.910815106795226370, 3.699235461469315478 ) ) ;
#2941 = CARTESIAN_POINT ( 'NONE',  ( 11.87214085549942411, 7.749269540290391056, 1.983211799467650360 ) ) ;
#2942 = CYLINDRICAL_SURFACE ( 'NONE', #3493, 1.050000015646217477 ) ;
#2943 = CARTESIAN_POINT ( 'NONE',  ( 9.107291137050037122, 2.849269550721202915, 3.330425426260045008 ) ) ;
#2944 = AXIS2_PLACEMENT_3D ( 'NONE', #2785, #3089, #1355 ) ;
#2945 = ORIENTED_EDGE ( 'NONE', *, *, #3739, .F. ) ;
#2946 = CARTESIAN_POINT ( 'NONE',  ( 9.280897945230828228, 6.349269529859578043, 2.983211809898462796 ) ) ;
#2947 =( BOUNDED_SURFACE ( )  B_SPLINE_SURFACE ( 3, 2, ( 
 ( #1935, #3148, #1325 ),
 ( #1001, #1306, #1650 ),
 ( #2522, #698, #3677 ),
 ( #1340, #3712, #3134 ),
 ( #740, #152, #2506 ),
 ( #3424, #3460, #3696 ),
 ( #1952, #2843, #2539 ),
 ( #1018, #2266, #3442 ) ),
 .UNSPECIFIED., .F., .F., .F. ) 
 B_SPLINE_SURFACE_WITH_KNOTS ( ( 4, 2, 2, 4 ),
 ( 3, 3 ),
 ( 4.712388980384689674, 5.105088062083414258, 5.497787143782137953, 6.283185307179586232 ),
 ( 0.000000000000000000, 1.000000000000000000 ),
 .UNSPECIFIED. ) 
 GEOMETRIC_REPRESENTATION_ITEM ( )  RATIONAL_B_SPLINE_SURFACE ( (
 ( 1.000000000000000000, 0.7071067811865475727, 1.000000000000000000),
 ( 1.000000000000000000, 0.6864243626167114698, 1.000000000000000000),
 ( 1.000000000000000000, 0.6647650105771987228, 1.000000000000000000),
 ( 1.000000000000000000, 0.6227587882504161954, 1.000000000000000000),
 ( 1.000000000000000000, 0.6024088386533841266, 1.000000000000000000),
 ( 1.000000000000000000, 0.5493131766845259500, 1.000000000000000000),
 ( 1.000000000000000000, 0.5251791499116833517, 1.000000000000000000),
 ( 1.000000000000000000, 0.5257311121191335923, 1.000000000000000000) ) ) 
 REPRESENTATION_ITEM ( '' )  SURFACE ( )  );
#2948 = ORIENTED_EDGE ( 'NONE', *, *, #879, .T. ) ;
#2949 = CARTESIAN_POINT ( 'NONE',  ( 14.65729122571193699, 7.249269540290389280, 6.483211872483341409 ) ) ;
#2950 = DIRECTION ( 'NONE',  ( 0.000000000000000000, 0.000000000000000000, -1.000000000000000000 ) ) ;
#2951 = ORIENTED_EDGE ( 'NONE', *, *, #2428, .T. ) ;
#2952 =( BOUNDED_CURVE ( )  B_SPLINE_CURVE ( 3, ( #3059, #2431, #1882, #1229 ),
 .UNSPECIFIED., .F., .F. ) 
 B_SPLINE_CURVE_WITH_KNOTS ( ( 4, 4 ),
 ( 0.000000000000000000, 0.7853981633974489451 ),
 .UNSPECIFIED. ) 
 CURVE ( )  GEOMETRIC_REPRESENTATION_ITEM ( )  RATIONAL_B_SPLINE_CURVE ( ( 1.000000000000000000, 0.9492530216741910110, 0.9492530216741910110, 1.000000000000000000 ) ) 
 REPRESENTATION_ITEM ( '' )  );
#2953 = EDGE_CURVE ( 'NONE', #230, #2755, #3418, .T. ) ;
#2954 = DIRECTION ( 'NONE',  ( 0.000000000000000000, 0.000000000000000000, -1.000000000000000000 ) ) ;
#2955 = EDGE_LOOP ( 'NONE', ( #1847, #706, #2076, #936 ) ) ;
#2956 = DIRECTION ( 'NONE',  ( 1.000000000000000000, -0.000000000000000000, 0.000000000000000000 ) ) ;
#2957 = CARTESIAN_POINT ( 'NONE',  ( 10.33652811850152098, 2.149269540290390523, 4.908988388699856209 ) ) ;
#2958 = VERTEX_POINT ( 'NONE', #3085 ) ;
#2959 = CARTESIAN_POINT ( 'NONE',  ( 14.28971605885961615, 1.849269540290390479, 6.083211872483341054 ) ) ;
#2960 = CARTESIAN_POINT ( 'NONE',  ( 9.286176575250019383, 6.349269529859585148, 2.972654549860079154 ) ) ;
#2961 = ORIENTED_EDGE ( 'NONE', *, *, #2638, .F. ) ;
#2962 = CARTESIAN_POINT ( 'NONE',  ( 9.757291152696254244, 2.149269540290390523, 4.033211835975495596 ) ) ;
#2963 = CARTESIAN_POINT ( 'NONE',  ( 14.10543846428575065, 6.549169249772760715, 4.926497099798508472 ) ) ;
#2964 = ORIENTED_EDGE ( 'NONE', *, *, #3552, .T. ) ;
#2965 = DIRECTION ( 'NONE',  ( 0.000000000000000000, 0.000000000000000000, -1.000000000000000000 ) ) ;
#2966 = AXIS2_PLACEMENT_3D ( 'NONE', #1957, #745, #1365 ) ;
#2967 = ORIENTED_EDGE ( 'NONE', *, *, #1767, .F. ) ;
#2968 = DIRECTION ( 'NONE',  ( 0.000000000000000000, 1.000000000000000000, 0.000000000000000000 ) ) ;
#2969 = PLANE ( 'NONE',  #1538 ) ;
#2970 = ORIENTED_EDGE ( 'NONE', *, *, #955, .T. ) ;
#2971 = EDGE_CURVE ( 'NONE', #3173, #1842, #3381, .T. ) ;
#2972 = ADVANCED_FACE ( 'NONE', ( #1318 ), #2203, .T. ) ;
#2973 = AXIS2_PLACEMENT_3D ( 'NONE', #22, #2142, #3324 ) ;
#2974 =( BOUNDED_CURVE ( )  B_SPLINE_CURVE ( 3, ( #1490, #2678, #1822, #2099 ),
 .UNSPECIFIED., .F., .T. ) 
 B_SPLINE_CURVE_WITH_KNOTS ( ( 4, 4 ),
 ( 0.7853981633974488341, 1.570796326794896558 ),
 .UNSPECIFIED. ) 
 CURVE ( )  GEOMETRIC_REPRESENTATION_ITEM ( )  RATIONAL_B_SPLINE_CURVE ( ( 1.000000000000000000, 0.9492530216741912330, 0.9492530216741912330, 1.000000000000000000 ) ) 
 REPRESENTATION_ITEM ( '' )  );
#2975 = CARTESIAN_POINT ( 'NONE',  ( 12.55729126743518975, 7.249269540290389280, 6.283211872483342120 ) ) ;
#2976 = ORIENTED_EDGE ( 'NONE', *, *, #3843, .F. ) ;
#2977 = DIRECTION ( 'NONE',  ( 0.000000000000000000, 0.000000000000000000, 1.000000000000000000 ) ) ;
#2978 =( BOUNDED_CURVE ( )  B_SPLINE_CURVE ( 3, ( #3815, #3541, #2328, #1443 ),
 .UNSPECIFIED., .F., .T. ) 
 B_SPLINE_CURVE_WITH_KNOTS ( ( 4, 4 ),
 ( 4.712388980384689674, 6.283185307179586232 ),
 .UNSPECIFIED. ) 
 CURVE ( )  GEOMETRIC_REPRESENTATION_ITEM ( )  RATIONAL_B_SPLINE_CURVE ( ( 1.000000000000000000, 0.8047378541243649375, 0.8047378541243649375, 1.000000000000000000 ) ) 
 REPRESENTATION_ITEM ( '' )  );
#2979 = CARTESIAN_POINT ( 'NONE',  ( 11.48970279241824421, 7.349269540290390701, 6.483211872483341409 ) ) ;
#2980 = ADVANCED_FACE ( 'NONE', ( #3415 ), #3227, .T. ) ;
#2981 = EDGE_LOOP ( 'NONE', ( #1885, #1784, #2069, #566 ) ) ;
#2982 = AXIS2_PLACEMENT_3D ( 'NONE', #2418, #2746, #2437 ) ;
#2983 = CIRCLE ( 'NONE', #2357, 0.3999999999999999667 ) ;
#2984 = CARTESIAN_POINT ( 'NONE',  ( 13.91256986094652603, 6.549269529859578221, 3.072654528998453927 ) ) ;
#2985 = CIRCLE ( 'NONE', #2603, 1.050000015646217477 ) ;
#2986 = ORIENTED_EDGE ( 'NONE', *, *, #3625, .F. ) ;
#2987 = CARTESIAN_POINT ( 'NONE',  ( 9.599095996764773986, 6.144244276690161932, 2.488237063067879173 ) ) ;
#2988 = CARTESIAN_POINT ( 'NONE',  ( 14.65729122571193699, 7.349269540290390701, 1.583211799467650227 ) ) ;
#2989 = CARTESIAN_POINT ( 'NONE',  ( 13.93241748071312891, 5.796299108766488573, 5.783211862159427064 ) ) ;
#2990 = DIRECTION ( 'NONE',  ( 0.000000000000000000, 0.000000000000000000, 1.000000000000000000 ) ) ;
#2991 = VECTOR ( 'NONE', #2167, 1000.000000000000000 ) ;
#2992 = DIRECTION ( 'NONE',  ( 0.000000000000000000, 1.000000000000000000, 0.000000000000000000 ) ) ;
#2993 = ORIENTED_EDGE ( 'NONE', *, *, #1236, .T. ) ;
#2994 = CIRCLE ( 'NONE', #1990, 0.2000000000000002331 ) ;
#2995 = DIRECTION ( 'NONE',  ( 0.000000000000000000, -0.7071067811865477948, -0.7071067811865471286 ) ) ;
#2996 = VERTEX_POINT ( 'NONE', #1626 ) ;
#2997 = DIRECTION ( 'NONE',  ( -0.8944271909999159664, 0.000000000000000000, -0.4472135954999579832 ) ) ;
#2998 = DIRECTION ( 'NONE',  ( -0.000000000000000000, 1.000000000000000000, 0.000000000000000000 ) ) ;
#2999 = VECTOR ( 'NONE', #1759, 1000.000000000000000 ) ;
#3000 = ORIENTED_EDGE ( 'NONE', *, *, #2971, .F. ) ;
#3001 = ADVANCED_FACE ( 'NONE', ( #646 ), #2516, .F. ) ;
#3002 = ORIENTED_EDGE ( 'NONE', *, *, #459, .F. ) ;
#3003 = DIRECTION ( 'NONE',  ( -0.7071067811865470176, 0.7071067811865480168, -8.659560562354926695E-17 ) ) ;
#3004 = DIRECTION ( 'NONE',  ( 0.000000000000000000, 0.000000000000000000, -1.000000000000000000 ) ) ;
#3005 = ORIENTED_EDGE ( 'NONE', *, *, #369, .F. ) ;
#3006 = ADVANCED_FACE ( 'NONE', ( #2821 ), #2780, .T. ) ;
#3007 = DIRECTION ( 'NONE',  ( 0.000000000000000000, 1.000000000000000000, 0.000000000000000000 ) ) ;
#3008 = DIRECTION ( 'NONE',  ( -1.000000000000000000, 0.000000000000000000, 0.000000000000000000 ) ) ;
#3009 = DIRECTION ( 'NONE',  ( 0.000000000000000000, 0.000000000000000000, 1.000000000000000000 ) ) ;
#3010 = COORDINATED_UNIVERSAL_TIME_OFFSET ( 1, 0, .AHEAD. ) ;
#3011 = CARTESIAN_POINT ( 'NONE',  ( 13.81787223472671933, 3.549269550721201760, 6.059748548525546674 ) ) ;
#3012 = ORIENTED_EDGE ( 'NONE', *, *, #464, .F. ) ;
#3013 = CARTESIAN_POINT ( 'NONE',  ( 10.59671014368147191, 3.549269550721202648, 6.059748548525545786 ) ) ;
#3014 = ORIENTED_EDGE ( 'NONE', *, *, #3301, .T. ) ;
#3015 = DIRECTION ( 'NONE',  ( 0.000000000000000000, 0.000000000000000000, -1.000000000000000000 ) ) ;
#3016 = CARTESIAN_POINT ( 'NONE',  ( 10.59671014368147191, 3.549269550721202648, 6.059748548525545786 ) ) ;
#3017 = EDGE_LOOP ( 'NONE', ( #2528, #2563, #3633, #3699 ) ) ;
#3018 = ORIENTED_EDGE ( 'NONE', *, *, #2405, .F. ) ;
#3019 = CARTESIAN_POINT ( 'NONE',  ( 13.95963667166052957, 6.360647328911458231, 2.978520907571000631 ) ) ;
#3020 = CARTESIAN_POINT ( 'NONE',  ( 11.47214085549942553, 7.349269540290390701, 2.283414511802114522 ) ) ;
#3021 = PRODUCT_DEFINITION_SHAPE ( 'NONE', 'NONE',  #1397 ) ;
#3022 = ORIENTED_EDGE ( 'NONE', *, *, #3204, .F. ) ;
#3023 = LINE ( 'NONE', #1354, #1671 ) ;
#3024 = AXIS2_PLACEMENT_3D ( 'NONE', #431, #1932, #3131 ) ;
#3025 = CARTESIAN_POINT ( 'NONE',  ( 9.552012507030845256, 5.649269529859577865, 1.993769090798470645 ) ) ;
#3026 = EDGE_CURVE ( 'NONE', #3086, #1512, #2503, .T. ) ;
#3027 = CARTESIAN_POINT ( 'NONE',  ( 11.88970279241824457, 7.749269540290391056, 6.483211872483341409 ) ) ;
#3028 = DATE_AND_TIME ( #1855, #3865 ) ;
#3029 = CARTESIAN_POINT ( 'NONE',  ( 13.81787223472671933, 3.549269550721202648, 6.059748548525546674 ) ) ;
#3030 = ORIENTED_EDGE ( 'NONE', *, *, #2764, .T. ) ;
#3031 = ORIENTED_EDGE ( 'NONE', *, *, #2931, .F. ) ;
#3032 = CIRCLE ( 'NONE', #896, 2.450000036507845369 ) ;
#3033 = ORIENTED_EDGE ( 'NONE', *, *, #3745, .F. ) ;
#3034 = DIRECTION ( 'NONE',  ( -1.000000000000000000, -0.000000000000000000, 0.000000000000000000 ) ) ;
#3035 = DIRECTION ( 'NONE',  ( 0.000000000000000000, 0.000000000000000000, 1.000000000000000000 ) ) ;
#3036 = ORIENTED_EDGE ( 'NONE', *, *, #1826, .T. ) ;
#3037 = VECTOR ( 'NONE', #948, 1000.000000000000000 ) ;
#3038 = VECTOR ( 'NONE', #401, 1000.000000000000000 ) ;
#3039 = ORIENTED_EDGE ( 'NONE', *, *, #528, .F. ) ;
#3040 = ORIENTED_EDGE ( 'NONE', *, *, #1188, .T. ) ;
#3041 = LINE ( 'NONE', #2683, #2409 ) ;
#3042 = VECTOR ( 'NONE', #1196, 1000.000000000000000 ) ;
#3043 = CARTESIAN_POINT ( 'NONE',  ( 9.730897945230823964, 3.361136779275918585, 2.283211809898461286 ) ) ;
#3044 = EDGE_LOOP ( 'NONE', ( #2747, #1317, #2018, #102 ) ) ;
#3045 = VECTOR ( 'NONE', #2052, 1000.000000000000000 ) ;
#3046 = DIRECTION ( 'NONE',  ( -8.673617379884030739E-15, -1.000000000000000000, 0.000000000000000000 ) ) ;
#3047 = EDGE_CURVE ( 'NONE', #3325, #3831, #2540, .T. ) ;
#3048 = DIRECTION ( 'NONE',  ( -0.000000000000000000, -0.000000000000000000, -1.000000000000000000 ) ) ;
#3049 = CARTESIAN_POINT ( 'NONE',  ( 13.60729121006570885, 2.649269550721202737, 4.033211835975495596 ) ) ;
#3050 = ADVANCED_FACE ( 'NONE', ( #715 ), #1588, .T. ) ;
#3051 = EDGE_CURVE ( 'NONE', #1021, #3128, #3105, .T. ) ;
#3052 = APPROVAL_STATUS ( 'not_yet_approved' ) ;
#3053 = CARTESIAN_POINT ( 'NONE',  ( 14.00032365415185609, 6.549169249772760715, 5.096646671324609024 ) ) ;
#3054 = ORIENTED_EDGE ( 'NONE', *, *, #1587, .T. ) ;
#3055 = VECTOR ( 'NONE', #1379, 1000.000000000000000 ) ;
#3056 = CARTESIAN_POINT ( 'NONE',  ( 10.46564649415673287, 3.248313997423860844, 5.743332908308255824 ) ) ;
#3057 = ORIENTED_EDGE ( 'NONE', *, *, #1253, .F. ) ;
#3058 = CARTESIAN_POINT ( 'NONE',  ( 10.55653316023816046, 6.119057554319463854, 5.962752730201470008 ) ) ;
#3059 = CARTESIAN_POINT ( 'NONE',  ( 13.63309632822446282, 3.549269550721202648, 5.783211862052528573 ) ) ;
#3060 = VERTEX_POINT ( 'NONE', #1609 ) ;
#3061 = VERTEX_POINT ( 'NONE', #1334 ) ;
#3062 = VECTOR ( 'NONE', #3087, 1000.000000000000000 ) ;
#3063 = ORIENTED_EDGE ( 'NONE', *, *, #2004, .T. ) ;
#3064 = CARTESIAN_POINT ( 'NONE',  ( 12.20729118920410095, 3.054294803890619026, 2.488237063067879173 ) ) ;
#3065 = AXIS2_PLACEMENT_3D ( 'NONE', #782, #477, #1350 ) ;
#3066 = DIRECTION ( 'NONE',  ( 1.000000000000000000, 0.000000000000000000, 0.000000000000000000 ) ) ;
#3067 = ORIENTED_EDGE ( 'NONE', *, *, #3332, .F. ) ;
#3068 = CIRCLE ( 'NONE', #2868, 2.450000036507846701 ) ;
#3069 = CARTESIAN_POINT ( 'NONE',  ( 11.65538821736748254, 1.449269540290390124, 6.317526447534103085 ) ) ;
#3070 = SPHERICAL_SURFACE ( 'NONE', #2232, 0.2000000000000000111 ) ;
#3071 = CARTESIAN_POINT ( 'NONE',  ( 11.48970279241824421, 7.349269540290390701, 5.765623475697482903 ) ) ;
#3072 = LINE ( 'NONE', #2423, #1169 ) ;
#3073 = PERSON_AND_ORGANIZATION ( #1045, #396 ) ;
#3074 = DIRECTION ( 'NONE',  ( 0.000000000000000000, 0.000000000000000000, 1.000000000000000000 ) ) ;
#3075 = ORIENTED_EDGE ( 'NONE', *, *, #179, .T. ) ;
#3076 = CARTESIAN_POINT ( 'NONE',  ( 10.30797582726073891, 2.870566836753485784, 5.362682245900800559 ) ) ;
#3077 = ORIENTED_EDGE ( 'NONE', *, *, #1394, .T. ) ;
#3078 = CARTESIAN_POINT ( 'NONE',  ( 9.730897945230827517, 3.549269550721202648, 2.283211809898462175 ) ) ;
#3079 = DIRECTION ( 'NONE',  ( -0.5425863826308434668, 0.000000000000000000, 0.8400000103473663771 ) ) ;
#3080 = VERTEX_POINT ( 'NONE', #3690 ) ;
#3081 = AXIS2_PLACEMENT_3D ( 'NONE', #2500, #78, #1336 ) ;
#3082 = EDGE_CURVE ( 'NONE', #2715, #3296, #410, .T. ) ;
#3083 = ORIENTED_EDGE ( 'NONE', *, *, #961, .T. ) ;
#3084 = ORIENTED_EDGE ( 'NONE', *, *, #3739, .T. ) ;
#3085 = CARTESIAN_POINT ( 'NONE',  ( 14.65729122571193699, 1.449269540290390568, 1.983211799467650360 ) ) ;
#3086 = VERTEX_POINT ( 'NONE', #690 ) ;
#3087 = DIRECTION ( 'NONE',  ( 1.000000000000000000, 0.000000000000000000, 0.000000000000000000 ) ) ;
#3088 = CYLINDRICAL_SURFACE ( 'NONE', #3609, 0.1999999999999996503 ) ;
#3089 = DIRECTION ( 'NONE',  ( 0.000000000000000000, 1.000000000000000000, 0.000000000000000000 ) ) ;
#3090 = CARTESIAN_POINT ( 'NONE',  ( 10.77211439563238393, 7.249269540290389280, 6.483211872483341409 ) ) ;
#3091 = PERSON_AND_ORGANIZATION_ROLE ( 'design_supplier' ) ;
#3092 = LINE ( 'NONE', #2791, #24 ) ;
#3093 = EDGE_LOOP ( 'NONE', ( #402, #3714, #3406, #2686 ) ) ;
#3094 = DIRECTION ( 'NONE',  ( -0.3826834323650885605, 0.000000000000000000, -0.9238795325112872936 ) ) ;
#3095 = VERTEX_POINT ( 'NONE', #2455 ) ;
#3096 = DIRECTION ( 'NONE',  ( 0.000000000000000000, 1.000000000000000000, 0.000000000000000000 ) ) ;
#3097 = EDGE_CURVE ( 'NONE', #1904, #708, #3477, .T. ) ;
#3098 = DIRECTION ( 'NONE',  ( 0.000000000000000000, 0.000000000000000000, -1.000000000000000000 ) ) ;
#3099 = ORIENTED_EDGE ( 'NONE', *, *, #288, .F. ) ;
#3100 = AXIS2_PLACEMENT_3D ( 'NONE', #3868, #1828, #3649 ) ;
#3101 = ORIENTED_EDGE ( 'NONE', *, *, #1830, .F. ) ;
#3102 = VERTEX_POINT ( 'NONE', #3723 ) ;
#3103 = VECTOR ( 'NONE', #2022, 1000.000000000000000 ) ;
#3104 = ADVANCED_FACE ( 'NONE', ( #1031 ), #3706, .F. ) ;
#3105 = LINE ( 'NONE', #1295, #709 ) ;
#3106 = ORIENTED_EDGE ( 'NONE', *, *, #1032, .F. ) ;
#3107 = VECTOR ( 'NONE', #2484, 1000.000000000000000 ) ;
#3108 = AXIS2_PLACEMENT_3D ( 'NONE', #953, #2157, #1011 ) ;
#3109 = LINE ( 'NONE', #1611, #1101 ) ;
#3110 = EDGE_CURVE ( 'NONE', #496, #909, #3294, .T. ) ;
#3111 = CARTESIAN_POINT ( 'NONE',  ( 9.365616403962951253, 6.549269529859578221, 2.366561296934255765 ) ) ;
#3112 = LINE ( 'NONE', #2535, #2452 ) ;
#3113 = CARTESIAN_POINT ( 'NONE',  ( 13.71677669431339552, 6.699269608090674843, 6.303814773286874562 ) ) ;
#3114 = CC_DESIGN_APPROVAL ( #2901, ( #2915 ) ) ;
#3115 = CARTESIAN_POINT ( 'NONE',  ( 10.72097421671398543, 7.049269540290389990, 6.359748558956359155 ) ) ;
#3116 = ORIENTED_EDGE ( 'NONE', *, *, #2384, .T. ) ;
#3117 = CYLINDRICAL_SURFACE ( 'NONE', #3741, 0.7000000000000000666 ) ;
#3118 = ORIENTED_EDGE ( 'NONE', *, *, #2501, .F. ) ;
#3119 = DIRECTION ( 'NONE',  ( 0.000000000000000000, 0.000000000000000000, 1.000000000000000000 ) ) ;
#3120 = CARTESIAN_POINT ( 'NONE',  ( 13.91256986094652781, 6.549269529859578221, 3.072654528998452594 ) ) ;
#3121 = ORIENTED_EDGE ( 'NONE', *, *, #1427, .F. ) ;
#3122 = CARTESIAN_POINT ( 'NONE',  ( 13.99320958213302113, 6.349242566428966228, 5.090242884415131286 ) ) ;
#3123 = VERTEX_POINT ( 'NONE', #3359 ) ;
#3124 = AXIS2_PLACEMENT_3D ( 'NONE', #470, #2023, #202 ) ;
#3125 = DIRECTION ( 'NONE',  ( 0.000000000000000000, 0.000000000000000000, 1.000000000000000000 ) ) ;
#3126 = ORIENTED_EDGE ( 'NONE', *, *, #1202, .T. ) ;
#3127 = EDGE_CURVE ( 'NONE', #563, #3189, #2355, .T. ) ;
#3128 = VERTEX_POINT ( 'NONE', #3801 ) ;
#3129 = CARTESIAN_POINT ( 'NONE',  ( 8.749960369550315420, 6.644872146684671854, 3.597873365759527431 ) ) ;
#3130 = CARTESIAN_POINT ( 'NONE',  ( 10.24649199913458375, 2.170528851624942579, 4.963030981920859119 ) ) ;
#3131 = DIRECTION ( 'NONE',  ( 0.000000000000000000, 0.000000000000000000, 1.000000000000000000 ) ) ;
#3132 = EDGE_CURVE ( 'NONE', #3170, #2125, #804, .T. ) ;
#3133 = CARTESIAN_POINT ( 'NONE',  ( 14.65729122571193699, 2.149269540290390523, 1.583211799467650227 ) ) ;
#3134 = CARTESIAN_POINT ( 'NONE',  ( 9.328641038969269772, 2.762861793557254586, 2.440512026921621391 ) ) ;
#3135 = CARTESIAN_POINT ( 'NONE',  ( 9.880897950446234645, 7.049269540290389990, 1.583211799467650227 ) ) ;
#3136 = EDGE_LOOP ( 'NONE', ( #308, #2932, #158, #1103, #3067 ) ) ;
#3137 = CARTESIAN_POINT ( 'NONE',  ( 14.08757551546012898, 2.849269550721202471, 4.915211859983054765 ) ) ;
#3138 = CARTESIAN_POINT ( 'NONE',  ( 9.757291152696254244, 2.649269550721203181, 4.033211835975495596 ) ) ;
#3139 = ORIENTED_EDGE ( 'NONE', *, *, #3193, .F. ) ;
#3140 = CARTESIAN_POINT ( 'NONE',  ( 14.65729122571193699, 7.049269540290389990, 4.033211835975495596 ) ) ;
#3141 = ORIENTED_EDGE ( 'NONE', *, *, #3871, .T. ) ;
#3142 = DIRECTION ( 'NONE',  ( 1.000000000000000000, 0.000000000000000000, 0.000000000000000000 ) ) ;
#3143 = AXIS2_PLACEMENT_3D ( 'NONE', #3200, #485, #2897 ) ;
#3144 = DIRECTION ( 'NONE',  ( 0.000000000000000000, 0.000000000000000000, 1.000000000000000000 ) ) ;
#3145 = EDGE_CURVE ( 'NONE', #2173, #230, #2335, .T. ) ;
#3146 = DIRECTION ( 'NONE',  ( -0.4472135954999579277, -0.000000000000000000, 0.8944271909999158554 ) ) ;
#3147 = CARTESIAN_POINT ( 'NONE',  ( 14.10316580320042412, 6.323842785805881661, 5.370988946259188879 ) ) ;
#3148 = CARTESIAN_POINT ( 'NONE',  ( 9.102012507030844191, 2.849269550721202471, 2.893769090798470334 ) ) ;
#3149 = EDGE_CURVE ( 'NONE', #3417, #2028, #1981, .T. ) ;
#3150 = CARTESIAN_POINT ( 'NONE',  ( 9.730897945190452702, 5.833043812188779320, 2.283211809898462175 ) ) ;
#3151 = ORIENTED_EDGE ( 'NONE', *, *, #3396, .T. ) ;
#3152 = DIRECTION ( 'NONE',  ( 0.4472135954999579277, 0.000000000000000000, -0.8944271909999158554 ) ) ;
#3153 = FACE_OUTER_BOUND ( 'NONE', #120, .T. ) ;
#3154 = ORIENTED_EDGE ( 'NONE', *, *, #436, .F. ) ;
#3155 = DIRECTION ( 'NONE',  ( -0.3826834323650930569, -0.000000000000000000, -0.9238795325112854062 ) ) ;
#3156 = VERTEX_POINT ( 'NONE', #2298 ) ;
#3157 = AXIS2_PLACEMENT_3D ( 'NONE', #3245, #1686, #2301 ) ;
#3158 = CARTESIAN_POINT ( 'NONE',  ( 14.18368442270616647, 3.365495268391997197, 2.283211809898462175 ) ) ;
#3159 = ORIENTED_EDGE ( 'NONE', *, *, #2759, .F. ) ;
#3160 = CARTESIAN_POINT ( 'NONE',  ( 9.757291152696254244, 7.749269540290391056, 4.033211835975495596 ) ) ;
#3161 = CARTESIAN_POINT ( 'NONE',  ( 11.47214085549942553, 7.749269540290391056, 1.983211799467650360 ) ) ;
#3162 = CARTESIAN_POINT ( 'NONE',  ( 9.102012507030844191, 6.549269529859578221, 2.893769090798470334 ) ) ;
#3163 = DIRECTION ( 'NONE',  ( 1.000000000000000000, 0.000000000000000000, 0.000000000000000000 ) ) ;
#3164 = CARTESIAN_POINT ( 'NONE',  ( 10.78148605018372841, 5.837402301304861041, 5.783211862052528573 ) ) ;
#3165 = VECTOR ( 'NONE', #1105, 1000.000000000000000 ) ;
#3166 = EDGE_CURVE ( 'NONE', #351, #1603, #194, .T. ) ;
#3167 = ADVANCED_FACE ( 'NONE', ( #1664, #786 ), #2316, .T. ) ;
#3168 = AXIS2_PLACEMENT_3D ( 'NONE', #2035, #2659, #3839 ) ;
#3169 = DIRECTION ( 'NONE',  ( 2.774754023183460056E-16, 0.000000000000000000, 1.000000000000000000 ) ) ;
#3170 = VERTEX_POINT ( 'NONE', #2551 ) ;
#3171 = CARTESIAN_POINT ( 'NONE',  ( 13.98611519191471153, 2.849269550721202915, 5.086757237481347893 ) ) ;
#3172 = CARTESIAN_POINT ( 'NONE',  ( 12.55729126743518975, 4.599269540290389813, 1.583211799467650227 ) ) ;
#3173 = VERTEX_POINT ( 'NONE', #498 ) ;
#3174 = ADVANCED_FACE ( 'NONE', ( #2567 ), #1504, .T. ) ;
#3175 = CARTESIAN_POINT ( 'NONE',  ( 13.60729121006570885, 2.649269550721202737, 4.033211835975495596 ) ) ;
#3176 = ORIENTED_EDGE ( 'NONE', *, *, #65, .T. ) ;
#3177 = CARTESIAN_POINT ( 'NONE',  ( 13.73368442274654200, 2.849269550721202471, 2.983211809898461908 ) ) ;
#3178 = VECTOR ( 'NONE', #1287, 1000.000000000000227 ) ;
#3179 = FACE_OUTER_BOUND ( 'NONE', #2721, .T. ) ;
#3180 = CARTESIAN_POINT ( 'NONE',  ( 8.707291137050036767, 2.259826821190400015, 3.730425426260042698 ) ) ;
#3181 = AXIS2_PLACEMENT_3D ( 'NONE', #3160, #672, #1573 ) ;
#3182 = B_SPLINE_CURVE_WITH_KNOTS ( 'NONE', 3,
 ( #3458, #1303, #979, #2504, #1632, #2248, #1038, #739 ),
 .UNSPECIFIED., .F., .F.,
 ( 4, 2, 2, 4 ),
 ( 0.000000000000000000, 0.0002674015625478719021, 0.0005348031250957438042, 0.001069606250191486091 ),
 .UNSPECIFIED. ) ;
#3183 = DIRECTION ( 'NONE',  ( 0.000000000000000000, 1.000000000000000000, 0.000000000000000000 ) ) ;
#3184 = CARTESIAN_POINT ( 'NONE',  ( 8.707291137050036767, 2.149269540290390523, 4.033211835975495596 ) ) ;
#3185 = VECTOR ( 'NONE', #562, 1000.000000000000000 ) ;
#3186 = DIRECTION ( 'NONE',  ( -0.8507216701677831061, 0.007846173994380591446, -0.5255578726083243168 ) ) ;
#3187 = AXIS2_PLACEMENT_3D ( 'NONE', #2429, #3326, #1563 ) ;
#3188 = CARTESIAN_POINT ( 'NONE',  ( 8.728405698850053795, 2.349269540290390701, 3.640982707160051124 ) ) ;
#3189 = VERTEX_POINT ( 'NONE', #3779 ) ;
#3190 = FACE_OUTER_BOUND ( 'NONE', #3554, .T. ) ;
#3191 = DIRECTION ( 'NONE',  ( 0.000000000000000000, 0.000000000000000000, -1.000000000000000000 ) ) ;
#3192 = ORIENTED_EDGE ( 'NONE', *, *, #2428, .F. ) ;
#3193 = EDGE_CURVE ( 'NONE', #1205, #3430, #3197, .T. ) ;
#3194 = ADVANCED_FACE ( 'NONE', ( #827 ), #523, .T. ) ;
#3195 = DIRECTION ( 'NONE',  ( -0.000000000000000000, 0.000000000000000000, 1.000000000000000000 ) ) ;
#3196 = ORIENTED_EDGE ( 'NONE', *, *, #2384, .F. ) ;
#3197 = LINE ( 'NONE', #1373, #2907 ) ;
#3198 = ADVANCED_FACE ( 'NONE', ( #144 ), #3747, .T. ) ;
#3199 = DIRECTION ( 'NONE',  ( 1.000000000000000000, -0.000000000000000000, 0.000000000000000000 ) ) ;
#3200 = CARTESIAN_POINT ( 'NONE',  ( 12.55729126743518975, 2.149269540290390523, 6.483211872483341409 ) ) ;
#3201 = DIRECTION ( 'NONE',  ( 0.000000000000000000, 0.000000000000000000, -1.000000000000000000 ) ) ;
#3202 = LINE ( 'NONE', #1111, #215 ) ;
#3203 = DIRECTION ( 'NONE',  ( -1.000000000000000000, 0.000000000000000000, 0.000000000000000000 ) ) ;
#3204 = EDGE_CURVE ( 'NONE', #641, #3615, #636, .T. ) ;
#3205 = CARTESIAN_POINT ( 'NONE',  ( 9.151937653237700587, 6.337200764699090882, 2.793918798383610902 ) ) ;
#3206 = EDGE_LOOP ( 'NONE', ( #3259, #3587, #1773, #2271 ) ) ;
#3207 = DIRECTION ( 'NONE',  ( 1.000000000000000000, 0.000000000000000000, 0.000000000000000000 ) ) ;
#3208 = DIRECTION ( 'NONE',  ( 0.000000000000000000, 1.000000000000000000, 0.000000000000000000 ) ) ;
#3209 = VERTEX_POINT ( 'NONE', #3262 ) ;
#3210 = DIRECTION ( 'NONE',  ( 0.000000000000000000, 0.000000000000000000, 1.000000000000000000 ) ) ;
#3211 = EDGE_CURVE ( 'NONE', #2408, #3061, #233, .T. ) ;
#3212 = EDGE_CURVE ( 'NONE', #3762, #812, #2294, .T. ) ;
#3213 = ORIENTED_EDGE ( 'NONE', *, *, #679, .T. ) ;
#3214 = CARTESIAN_POINT ( 'NONE',  ( 8.928405698850053085, 6.549269529859586214, 3.240982707160052545 ) ) ;
#3215 = CARTESIAN_POINT ( 'NONE',  ( 13.96031295468498890, 2.937619072927012187, 2.630678537994250110 ) ) ;
#3216 = ORIENTED_EDGE ( 'NONE', *, *, #3810, .T. ) ;
#3217 = LINE ( 'NONE', #2066, #595 ) ;
#3218 = DIRECTION ( 'NONE',  ( 0.000000000000000000, 0.000000000000000000, 1.000000000000000000 ) ) ;
#3219 = AXIS2_PLACEMENT_3D ( 'NONE', #1437, #3787, #3494 ) ;
#3220 = LINE ( 'NONE', #3768, #140 ) ;
#3221 = DIRECTION ( 'NONE',  ( 1.000000000000000000, 0.000000000000000000, 0.000000000000000000 ) ) ;
#3222 = VECTOR ( 'NONE', #2149, 1000.000000000000000 ) ;
#3223 = LINE ( 'NONE', #3535, #2904 ) ;
#3224 = CIRCLE ( 'NONE', #1341, 2.450000036507845369 ) ;
#3225 = DIRECTION ( 'NONE',  ( 1.000000000000000000, 0.000000000000000000, -2.774754023183460056E-16 ) ) ;
#3226 = VERTEX_POINT ( 'NONE', #852 ) ;
#3227 = TOROIDAL_SURFACE ( 'NONE', #200, 2.250000036507845191, 0.2000000000000000111 ) ;
#3228 = LINE ( 'NONE', #1775, #3730 ) ;
#3229 = FACE_OUTER_BOUND ( 'NONE', #3597, .T. ) ;
#3230 = VERTEX_POINT ( 'NONE', #2062 ) ;
#3231 =( BOUNDED_SURFACE ( )  B_SPLINE_SURFACE ( 3, 2, ( 
 ( #1497, #933, #2984 ),
 ( #1173, #3019, #875 ),
 ( #2085, #1210, #3335 ),
 ( #3595, #2435, #568 ),
 ( #313, #3302, #3634 ),
 ( #1809, #624, #332 ),
 ( #1554, #952, #894 ),
 ( #1788, #3264, #588 ) ),
 .UNSPECIFIED., .F., .F., .F. ) 
 B_SPLINE_SURFACE_WITH_KNOTS ( ( 4, 2, 2, 4 ),
 ( 3, 3 ),
 ( 1.570796326794896558, 1.963495408493620697, 2.356194490192344837, 3.141592653589793116 ),
 ( 0.000000000000000000, 1.000000000000000000 ),
 .UNSPECIFIED. ) 
 GEOMETRIC_REPRESENTATION_ITEM ( )  RATIONAL_B_SPLINE_SURFACE ( (
 ( 1.000000000000000000, 0.7071067811865490160, 1.000000000000000000),
 ( 1.000000000000000000, 0.7278170130782501968, 1.000000000000000000),
 ( 1.000000000000000000, 0.7475565620624833318, 1.000000000000000000),
 ( 1.000000000000000000, 0.7828951580033640667, 1.000000000000000000),
 ( 1.000000000000000000, 0.7984857870196568896, 1.000000000000000000),
 ( 1.000000000000000000, 0.8367549814873737057, 1.000000000000000000),
 ( 1.000000000000000000, 0.8507963260701602026, 1.000000000000000000),
 ( 1.000000000000000000, 0.8506508083520399888, 1.000000000000000000) ) ) 
 REPRESENTATION_ITEM ( '' )  SURFACE ( )  );
#3232 =( BOUNDED_SURFACE ( )  B_SPLINE_SURFACE ( 3, 2, ( 
 ( #984, #1265, #325 ),
 ( #1548, #945, #3643 ),
 ( #44, #3056, #2115 ),
 ( #637, #1247, #2773 ),
 ( #1879, #3076, #1859 ),
 ( #84, #3391, #600 ) ),
 .UNSPECIFIED., .F., .F., .F. ) 
 B_SPLINE_SURFACE_WITH_KNOTS ( ( 4, 2, 4 ),
 ( 3, 3 ),
 ( 3.141592653589793116, 3.926990816987241395, 4.712388980384689674 ),
 ( 0.000000000000000000, 1.000000000000000000 ),
 .UNSPECIFIED. ) 
 GEOMETRIC_REPRESENTATION_ITEM ( )  RATIONAL_B_SPLINE_SURFACE ( (
 ( 1.000000000000000000, 0.5555702330196073957, 1.000000000000000000),
 ( 1.000000000000000000, 0.5551370482990510835, 1.000000000000000000),
 ( 1.000000000000000000, 0.5745779704673847910, 1.000000000000000000),
 ( 1.000000000000000000, 0.6332315757168636150, 1.000000000000000000),
 ( 1.000000000000000000, 0.6718098167796370257, 1.000000000000000000),
 ( 1.000000000000000000, 0.7071067811865475727, 1.000000000000000000) ) ) 
 REPRESENTATION_ITEM ( '' )  SURFACE ( )  );
#3233 = CIRCLE ( 'NONE', #1544, 2.250000036507845635 ) ;
#3234 = LINE ( 'NONE', #542, #1367 ) ;
#3235 = ORIENTED_EDGE ( 'NONE', *, *, #534, .F. ) ;
#3236 = CARTESIAN_POINT ( 'NONE',  ( 12.20729118920410095, 2.849269550721202915, 5.083211862052529284 ) ) ;
#3237 = CARTESIAN_POINT ( 'NONE',  ( 12.20729118920410095, 5.649269529859577865, 2.983211809898461908 ) ) ;
#3238 = LOCAL_TIME ( 17, 54, 16.00000000000000000, #2709 ) ;
#3239 = CARTESIAN_POINT ( 'NONE',  ( 14.18911589255335137, 2.829569407799047642, 2.519562465784801475 ) ) ;
#3240 = CARTESIAN_POINT ( 'NONE',  ( 11.48970279241824421, 7.349269540290390701, 6.483211872483341409 ) ) ;
#3241 =( BOUNDED_CURVE ( )  B_SPLINE_CURVE ( 3, ( #3270, #2386, #472, #882 ),
 .UNSPECIFIED., .F., .T. ) 
 B_SPLINE_CURVE_WITH_KNOTS ( ( 4, 4 ),
 ( 0.000000000000000000, 1.570796326794897224 ),
 .UNSPECIFIED. ) 
 CURVE ( )  GEOMETRIC_REPRESENTATION_ITEM ( )  RATIONAL_B_SPLINE_CURVE ( ( 1.000000000000000000, 0.8047378541243649375, 0.8047378541243649375, 1.000000000000000000 ) ) 
 REPRESENTATION_ITEM ( '' )  );
#3242 = CARTESIAN_POINT ( 'NONE',  ( 12.55729126743518975, 7.049269540290389990, 1.783211799467649961 ) ) ;
#3243 = EDGE_CURVE ( 'NONE', #663, #3060, #93, .T. ) ;
#3244 = ADVANCED_FACE ( 'NONE', ( #1870 ), #3088, .T. ) ;
#3245 = CARTESIAN_POINT ( 'NONE',  ( 14.65729122571193699, 7.249269540290389280, 1.783211799467650405 ) ) ;
#3246 = DIRECTION ( 'NONE',  ( 0.000000000000000000, -1.000000000000000000, 0.000000000000000000 ) ) ;
#3247 = DIRECTION ( 'NONE',  ( 0.3826834323650898928, 0.000000000000000000, 0.9238795325112867385 ) ) ;
#3248 = AXIS2_PLACEMENT_3D ( 'NONE', #1645, #2766, #3144 ) ;
#3249 = EDGE_CURVE ( 'NONE', #391, #1461, #3529, .T. ) ;
#3250 = CARTESIAN_POINT ( 'NONE',  ( 9.002277328503078380, 2.849269550721202915, 3.435439234806952680 ) ) ;
#3251 = AXIS2_PLACEMENT_3D ( 'NONE', #2058, #3258, #2657 ) ;
#3252 = ORIENTED_EDGE ( 'NONE', *, *, #420, .F. ) ;
#3253 = CARTESIAN_POINT ( 'NONE',  ( 10.13860081933534651, 2.649269550721203625, 4.953774804639559548 ) ) ;
#3254 = DIRECTION ( 'NONE',  ( 1.000000000000000000, 0.000000000000000000, 0.000000000000000000 ) ) ;
#3255 = ORIENTED_EDGE ( 'NONE', *, *, #3586, .T. ) ;
#3256 = AXIS2_PLACEMENT_3D ( 'NONE', #721, #151, #1357 ) ;
#3257 = ORIENTED_EDGE ( 'NONE', *, *, #1327, .F. ) ;
#3258 = DIRECTION ( 'NONE',  ( 1.000000000000000000, -0.000000000000000000, 0.000000000000000000 ) ) ;
#3259 = ORIENTED_EDGE ( 'NONE', *, *, #3277, .T. ) ;
#3260 = DIRECTION ( 'NONE',  ( -0.000000000000000000, 1.000000000000000000, -0.000000000000000000 ) ) ;
#3261 = CYLINDRICAL_SURFACE ( 'NONE', #3532, 0.2000000000000002331 ) ;
#3262 = CARTESIAN_POINT ( 'NONE',  ( 8.707291137050036767, 6.938712259390380055, 3.730425426260042698 ) ) ;
#3263 = ORIENTED_EDGE ( 'NONE', *, *, #1748, .T. ) ;
#3264 = CARTESIAN_POINT ( 'NONE',  ( 14.30729122049651991, 5.649269529859577865, 2.283211809898462619 ) ) ;
#3265 = DIRECTION ( 'NONE',  ( -0.8944271909999159664, 0.000000000000000000, -0.4472135954999579832 ) ) ;
#3266 = VERTEX_POINT ( 'NONE', #1612 ) ;
#3267 = DIRECTION ( 'NONE',  ( 0.000000000000000000, 0.000000000000000000, 1.000000000000000000 ) ) ;
#3268 = ADVANCED_FACE ( 'NONE', ( #2224 ), #1591, .T. ) ;
#3269 = CARTESIAN_POINT ( 'NONE',  ( 14.65729122571193699, 1.849269540290390479, 6.083211872483341054 ) ) ;
#3270 = CARTESIAN_POINT ( 'NONE',  ( 8.707291137050036767, 6.749269529859585504, 3.730425426260042698 ) ) ;
#3271 = EDGE_CURVE ( 'NONE', #1029, #1041, #803, .T. ) ;
#3272 = ORIENTED_EDGE ( 'NONE', *, *, #3818, .T. ) ;
#3273 = DIRECTION ( 'NONE',  ( -0.000000000000000000, -1.000000000000000000, -0.000000000000000000 ) ) ;
#3274 = CARTESIAN_POINT ( 'NONE',  ( 10.59671014368147368, 3.022061756856988524, 6.059748548525547562 ) ) ;
#3275 = EDGE_LOOP ( 'NONE', ( #3484, #1139, #1316, #2794 ) ) ;
#3276 = DIRECTION ( 'NONE',  ( -2.774754023183460056E-16, 0.000000000000000000, -1.000000000000000000 ) ) ;
#3277 = EDGE_CURVE ( 'NONE', #1765, #1244, #966, .T. ) ;
#3278 = ORIENTED_EDGE ( 'NONE', *, *, #3651, .T. ) ;
#3279 = CYLINDRICAL_SURFACE ( 'NONE', #31, 0.7000000000000000666 ) ;
#3280 = CARTESIAN_POINT ( 'NONE',  ( 8.707291137050036767, 2.149269540290390523, 4.033211835975495596 ) ) ;
#3281 = ORIENTED_EDGE ( 'NONE', *, *, #3694, .T. ) ;
#3282 = ORIENTED_EDGE ( 'NONE', *, *, #250, .F. ) ;
#3283 = DIRECTION ( 'NONE',  ( 0.000000000000000000, 0.000000000000000000, -1.000000000000000000 ) ) ;
#3284 = EDGE_CURVE ( 'NONE', #3173, #3095, #575, .T. ) ;
#3285 = CYLINDRICAL_SURFACE ( 'NONE', #2617, 0.3999999999999993006 ) ;
#3286 = ORIENTED_EDGE ( 'NONE', *, *, #2190, .T. ) ;
#3287 = DIRECTION ( 'NONE',  ( -0.5425863826308434668, 0.000000000000000000, 0.8400000103473663771 ) ) ;
#3288 = DIRECTION ( 'NONE',  ( 0.000000000000000000, 0.000000000000000000, 1.000000000000000000 ) ) ;
#3289 = CARTESIAN_POINT ( 'NONE',  ( 8.707291137050036767, 2.449269550721202560, 3.683211830760089178 ) ) ;
#3290 = AXIS2_PLACEMENT_3D ( 'NONE', #931, #66, #1862 ) ;
#3291 = DIRECTION ( 'NONE',  ( 0.000000000000000000, 1.000000000000000000, 0.000000000000000000 ) ) ;
#3292 = DIRECTION ( 'NONE',  ( -1.000000000000000000, 0.000000000000000000, 0.000000000000000000 ) ) ;
#3293 = ORIENTED_EDGE ( 'NONE', *, *, #3667, .T. ) ;
#3294 = CIRCLE ( 'NONE', #3108, 0.2000000000000002331 ) ;
#3295 = CARTESIAN_POINT ( 'NONE',  ( 10.33652811850152098, 7.049269540290389990, 4.908988388699857985 ) ) ;
#3296 = VERTEX_POINT ( 'NONE', #958 ) ;
#3297 = DIRECTION ( 'NONE',  ( 0.000000000000000000, -0.000000000000000000, 1.000000000000000000 ) ) ;
#3298 = DIRECTION ( 'NONE',  ( 0.000000000000000000, 0.000000000000000000, 1.000000000000000000 ) ) ;
#3299 = VERTEX_POINT ( 'NONE', #358 ) ;
#3300 = CIRCLE ( 'NONE', #150, 2.050000036507845014 ) ;
#3301 = EDGE_CURVE ( 'NONE', #1010, #412, #2477, .T. ) ;
#3302 = CARTESIAN_POINT ( 'NONE',  ( 14.14981514553305608, 6.245133933902932810, 2.598163959825346314 ) ) ;
#3303 = LINE ( 'NONE', #1846, #2662 ) ;
#3304 = EDGE_LOOP ( 'NONE', ( #3407, #1230, #3057, #311, #2964, #2833 ) ) ;
#3305 = CARTESIAN_POINT ( 'NONE',  ( 10.90575012321624193, 2.164493633788133753, 6.483211872483341409 ) ) ;
#3306 = FACE_OUTER_BOUND ( 'NONE', #1165, .T. ) ;
#3307 = PERSON_AND_ORGANIZATION_ROLE ( 'design_owner' ) ;
#3308 = VECTOR ( 'NONE', #3534, 1000.000000000000000 ) ;
#3309 = PLANE ( 'NONE',  #504 ) ;
#3310 = VERTEX_POINT ( 'NONE', #112 ) ;
#3311 = FACE_OUTER_BOUND ( 'NONE', #1345, .T. ) ;
#3312 = VERTEX_POINT ( 'NONE', #77 ) ;
#3313 = CARTESIAN_POINT ( 'NONE',  ( 14.17617375787862954, 2.649269550721203181, 2.545446735134238914 ) ) ;
#3314 = AXIS2_PLACEMENT_3D ( 'NONE', #2890, #1624, #2257 ) ;
#3315 = EDGE_LOOP ( 'NONE', ( #2976, #3278, #1625, #1248 ) ) ;
#3316 = CARTESIAN_POINT ( 'NONE',  ( 10.15910876266714702, 6.849269540290390701, 5.003285359567566815 ) ) ;
#3317 = EDGE_CURVE ( 'NONE', #3546, #1203, #2104, .T. ) ;
#3318 = DIRECTION ( 'NONE',  ( 1.000000000000000000, 0.000000000000000000, 0.000000000000000000 ) ) ;
#3319 = EDGE_LOOP ( 'NONE', ( #191, #2925, #3126, #3413, #3743, #1571, #2798, #1737, #2578, #1607, #1177, #2661 ) ) ;
#3320 = DIRECTION ( 'NONE',  ( 0.000000000000000000, 0.000000000000000000, 1.000000000000000000 ) ) ;
#3321 = DIRECTION ( 'NONE',  ( 1.000000000000000000, 0.000000000000000000, 0.000000000000000000 ) ) ;
#3322 = DIRECTION ( 'NONE',  ( 0.000000000000000000, -1.000000000000000000, 0.000000000000000000 ) ) ;
#3323 = PERSON_AND_ORGANIZATION ( #1045, #396 ) ;
#3324 = DIRECTION ( 'NONE',  ( -1.000000000000000000, 0.000000000000000000, 0.000000000000000000 ) ) ;
#3325 = VERTEX_POINT ( 'NONE', #649 ) ;
#3326 = DIRECTION ( 'NONE',  ( 0.3826834323650898928, -0.000000000000000000, 0.9238795325112867385 ) ) ;
#3327 = ORIENTED_EDGE ( 'NONE', *, *, #930, .T. ) ;
#3328 = LINE ( 'NONE', #1839, #1412 ) ;
#3329 = CARTESIAN_POINT ( 'NONE',  ( 14.65729122571193699, 1.949269540290390568, 4.033211835975495596 ) ) ;
#3330 = EDGE_LOOP ( 'NONE', ( #3356, #1190, #315, #1897, #3669 ) ) ;
#3331 =( BOUNDED_CURVE ( )  B_SPLINE_CURVE ( 3, ( #1536, #35, #1237, #1849 ),
 .UNSPECIFIED., .F., .F. ) 
 B_SPLINE_CURVE_WITH_KNOTS ( ( 4, 4 ),
 ( 4.931514561103273131, 5.819537698178789853 ),
 .UNSPECIFIED. ) 
 CURVE ( )  GEOMETRIC_REPRESENTATION_ITEM ( )  RATIONAL_B_SPLINE_CURVE ( ( 1.000000000000000000, 0.9353571350100664539, 0.9353571350100664539, 1.000000000000000000 ) ) 
 REPRESENTATION_ITEM ( '' )  );
#3332 = EDGE_CURVE ( 'NONE', #1603, #1507, #1895, .T. ) ;
#3333 = VERTEX_POINT ( 'NONE', #1335 ) ;
#3334 = ORIENTED_EDGE ( 'NONE', *, *, #767, .F. ) ;
#3335 = CARTESIAN_POINT ( 'NONE',  ( 14.03035641813666956, 6.525844931215938338, 2.837081414618163766 ) ) ;
#3336 = DIRECTION ( 'NONE',  ( 0.000000000000000000, 0.000000000000000000, 1.000000000000000000 ) ) ;
#3337 = VERTEX_POINT ( 'NONE', #3401 ) ;
#3338 = ADVANCED_FACE ( 'NONE', ( #3363, #2767 ), #2245, .T. ) ;
#3339 = EDGE_CURVE ( 'NONE', #3764, #702, #693, .T. ) ;
#3340 = DIRECTION ( 'NONE',  ( 1.000000000000000000, 0.000000000000000000, 0.000000000000000000 ) ) ;
#3341 = CYLINDRICAL_SURFACE ( 'NONE', #1786, 0.4000000000000001887 ) ;
#3342 = ADVANCED_FACE ( 'NONE', ( #1999 ), #3070, .T. ) ;
#3343 = CARTESIAN_POINT ( 'NONE',  ( 13.50883225519194930, 2.499269545505796053, 6.483211872483341409 ) ) ;
#3344 = DATE_AND_TIME ( #1817, #1724 ) ;
#3345 = TOROIDAL_SURFACE ( 'NONE', #2222, 0.6500000156462177880, 0.4000000000000000222 ) ;
#3346 = LINE ( 'NONE', #3368, #2538 ) ;
#3347 = ORIENTED_EDGE ( 'NONE', *, *, #1419, .T. ) ;
#3348 = AXIS2_PLACEMENT_3D ( 'NONE', #2467, #1290, #3374 ) ;
#3349 = CARTESIAN_POINT ( 'NONE',  ( 10.60145126713202934, 6.277274235142540348, 5.445156650430732270 ) ) ;
#3350 = ORIENTED_EDGE ( 'NONE', *, *, #1520, .F. ) ;
#3351 = CARTESIAN_POINT ( 'NONE',  ( 10.22391793754568567, 6.549269529859579109, 5.159748548525546319 ) ) ;
#3352 = LINE ( 'NONE', #29, #3222 ) ;
#3353 = ORIENTED_EDGE ( 'NONE', *, *, #1825, .F. ) ;
#3354 = CIRCLE ( 'NONE', #2229, 2.450000036507845369 ) ;
#3355 = VECTOR ( 'NONE', #2688, 1000.000000000000000 ) ;
#3356 = ORIENTED_EDGE ( 'NONE', *, *, #3731, .T. ) ;
#3357 = CARTESIAN_POINT ( 'NONE',  ( 8.728405698850053795, 2.349269540290390701, 3.640982707160051124 ) ) ;
#3358 = AXIS2_PLACEMENT_3D ( 'NONE', #1146, #2353, #3550 ) ;
#3359 = CARTESIAN_POINT ( 'NONE',  ( 11.48970279241824421, 7.049269540290389990, 5.765623475697482903 ) ) ;
#3360 =( BOUNDED_CURVE ( )  B_SPLINE_CURVE ( 3, ( #1250, #1823, #292, #2450 ),
 .UNSPECIFIED., .F., .F. ) 
 B_SPLINE_CURVE_WITH_KNOTS ( ( 4, 4 ),
 ( 3.141592653589793116, 4.697460860080776790 ),
 .UNSPECIFIED. ) 
 CURVE ( )  GEOMETRIC_REPRESENTATION_ITEM ( )  RATIONAL_B_SPLINE_CURVE ( ( 1.000000000000000000, 0.8082432817230530420, 0.8082432817230530420, 1.000000000000000000 ) ) 
 REPRESENTATION_ITEM ( '' )  );
#3361 = EDGE_LOOP ( 'NONE', ( #49, #3031, #546, #3542 ) ) ;
#3362 = CARTESIAN_POINT ( 'NONE',  ( 12.20729118920410095, 6.349269529859585148, 2.983211809898461908 ) ) ;
#3363 = FACE_OUTER_BOUND ( 'NONE', #1942, .T. ) ;
#3364 = CARTESIAN_POINT ( 'NONE',  ( 8.707291137050036767, 6.749269529859585504, 4.033211835975495596 ) ) ;
#3365 = APPROVAL_PERSON_ORGANIZATION ( #3323, #2166, #2751 ) ;
#3366 = DIRECTION ( 'NONE',  ( 0.000000000000000000, -1.000000000000000000, 0.000000000000000000 ) ) ;
#3367 = CARTESIAN_POINT ( 'NONE',  ( 0.000000000000000000, 0.000000000000000000, 0.000000000000000000 ) ) ;
#3368 = CARTESIAN_POINT ( 'NONE',  ( 13.60729121006570885, 2.149269540290390523, 4.033211835975495596 ) ) ;
#3369 = EDGE_CURVE ( 'NONE', #2837, #501, #3614, .T. ) ;
#3370 = ORIENTED_EDGE ( 'NONE', *, *, #3243, .T. ) ;
#3371 = AXIS2_PLACEMENT_3D ( 'NONE', #753, #1967, #3163 ) ;
#3372 = CARTESIAN_POINT ( 'NONE',  ( 13.52444849759108969, 6.349269529859585148, 3.663655319175610270 ) ) ;
#3373 = EDGE_LOOP ( 'NONE', ( #1976, #1606, #143 ) ) ;
#3374 = DIRECTION ( 'NONE',  ( 0.9238795325112854062, 0.000000000000000000, 0.3826834323650931124 ) ) ;
#3375 = EDGE_LOOP ( 'NONE', ( #3538, #3606, #2652, #74 ) ) ;
#3376 = ORIENTED_EDGE ( 'NONE', *, *, #3651, .F. ) ;
#3377 = AXIS2_PLACEMENT_3D ( 'NONE', #2667, #2704, #3046 ) ;
#3378 = B_SPLINE_CURVE_WITH_KNOTS ( 'NONE', 3,
 ( #1628, #1319, #3400, #2476, #736, #3727 ),
 .UNSPECIFIED., .F., .F.,
 ( 4, 2, 4 ),
 ( 0.000000000000000000, 0.0001567976641151031848, 0.0003135953282302063696 ),
 .UNSPECIFIED. ) ;
#3379 = EDGE_LOOP ( 'NONE', ( #1831, #23, #1366, #1081, #3798, #2594, #1269, #427, #3002, #2508 ) ) ;
#3380 = ORIENTED_EDGE ( 'NONE', *, *, #2523, .T. ) ;
#3381 = LINE ( 'NONE', #3434, #1348 ) ;
#3382 =( BOUNDED_SURFACE ( )  B_SPLINE_SURFACE ( 3, 2, ( 
 ( #3873, #2140, #1181 ),
 ( #3654, #2750, #959 ),
 ( #2163, #553, #1771 ),
 ( #2963, #3385, #94 ) ),
 .UNSPECIFIED., .F., .F., .F. ) 
 B_SPLINE_SURFACE_WITH_KNOTS ( ( 4, 4 ),
 ( 3, 3 ),
 ( -1.897353801849632760E-18, 2.476040640396314567E-05 ),
 ( 0.000000000000000000, 1.000000000000000000 ),
 .UNSPECIFIED. ) 
 GEOMETRIC_REPRESENTATION_ITEM ( )  RATIONAL_B_SPLINE_SURFACE ( (
 ( 1.000000000000000000, 0.7071067811865473507, 1.000000000000000000),
 ( 1.000000000000000000, 0.7086109587191892212, 1.000000000000000000),
 ( 1.000000000000000000, 0.7101033832287068082, 1.000000000000000000),
 ( 1.000000000000000000, 0.7115826005015927214, 1.000000000000000000) ) ) 
 REPRESENTATION_ITEM ( '' )  SURFACE ( )  );
#3383 = CARTESIAN_POINT ( 'NONE',  ( 12.55729126743518975, 2.499269545505796053, 6.483211872483341409 ) ) ;
#3384 = CARTESIAN_POINT ( 'NONE',  ( 9.880897950446232869, 6.849269540290390701, 1.783211799467650405 ) ) ;
#3385 = CARTESIAN_POINT ( 'NONE',  ( 14.10412028909354554, 6.351699322275857540, 4.925682759016989820 ) ) ;
#3386 = DIRECTION ( 'NONE',  ( 1.000000000000000000, 0.000000000000000000, 0.000000000000000000 ) ) ;
#3387 = COORDINATED_UNIVERSAL_TIME_OFFSET ( 1, 0, .AHEAD. ) ;
#3388 = CARTESIAN_POINT ( 'NONE',  ( 13.95729122049652737, 6.549269529859585326, 2.983211809898451250 ) ) ;
#3389 = ORIENTED_EDGE ( 'NONE', *, *, #1829, .F. ) ;
#3390 = ADVANCED_FACE ( 'NONE', ( #564 ), #2375, .T. ) ;
#3391 = CARTESIAN_POINT ( 'NONE',  ( 10.22391793754568567, 2.849269550721202471, 5.159748548525545431 ) ) ;
#3392 = ORIENTED_EDGE ( 'NONE', *, *, #3051, .F. ) ;
#3393 = LINE ( 'NONE', #46, #3544 ) ;
#3394 = CARTESIAN_POINT ( 'NONE',  ( 14.00032365415185609, 7.049269540290389990, 5.096646671324609024 ) ) ;
#3395 = EDGE_LOOP ( 'NONE', ( #2961, #3636, #1787, #943 ) ) ;
#3396 = EDGE_CURVE ( 'NONE', #2176, #2740, #2974, .T. ) ;
#3397 = EDGE_LOOP ( 'NONE', ( #2317, #2026, #1961, #82, #666 ) ) ;
#3398 = DIRECTION ( 'NONE',  ( -0.000000000000000000, 1.000000000000000000, -0.000000000000000000 ) ) ;
#3399 = ORIENTED_EDGE ( 'NONE', *, *, #1252, .T. ) ;
#3400 = CARTESIAN_POINT ( 'NONE',  ( 10.17946321867392889, 6.954146202915236330, 4.995318588175883256 ) ) ;
#3401 = CARTESIAN_POINT ( 'NONE',  ( 11.48970279241824421, 7.049269540290389990, 6.483211872483341409 ) ) ;
#3402 = CYLINDRICAL_SURFACE ( 'NONE', #3081, 2.450000036507845369 ) ;
#3403 = DIRECTION ( 'NONE',  ( -1.000000000000000000, 0.000000000000000000, 0.000000000000000000 ) ) ;
#3404 = CARTESIAN_POINT ( 'NONE',  ( 12.20729118920410095, 6.349269529859585148, 5.083211862052529284 ) ) ;
#3405 = APPLICATION_CONTEXT ( 'configuration controlled 3d designs of mechanical parts and assemblies' ) ;
#3406 = ORIENTED_EDGE ( 'NONE', *, *, #605, .F. ) ;
#3407 = ORIENTED_EDGE ( 'NONE', *, *, #1949, .F. ) ;
#3408 = CARTESIAN_POINT ( 'NONE',  ( 10.41851050871742324, 6.452273711535482903, 5.629536572985405662 ) ) ;
#3409 = CARTESIAN_POINT ( 'NONE',  ( 13.85462691867565255, 2.849269550721202471, 2.795079038453178288 ) ) ;
#3410 = EDGE_CURVE ( 'NONE', #1842, #3451, #1877, .T. ) ;
#3411 = EDGE_CURVE ( 'NONE', #932, #3509, #824, .T. ) ;
#3412 = DIRECTION ( 'NONE',  ( 0.000000000000000000, 1.000000000000000000, 0.000000000000000000 ) ) ;
#3413 = ORIENTED_EDGE ( 'NONE', *, *, #294, .T. ) ;
#3414 = VECTOR ( 'NONE', #3685, 1000.000000000000000 ) ;
#3415 = FACE_OUTER_BOUND ( 'NONE', #1291, .T. ) ;
#3416 = EDGE_CURVE ( 'NONE', #1244, #1529, #3300, .T. ) ;
#3417 = VERTEX_POINT ( 'NONE', #602 ) ;
#3418 = CIRCLE ( 'NONE', #3726, 0.2000000000000000944 ) ;
#3419 = CARTESIAN_POINT ( 'NONE',  ( 8.928405698850053085, 6.349269529859586925, 3.240982707160053877 ) ) ;
#3420 = DIRECTION ( 'NONE',  ( 0.000000000000000000, 1.000000000000000000, 0.000000000000000000 ) ) ;
#3421 = CARTESIAN_POINT ( 'NONE',  ( 12.20729118920410095, 6.349269529859585148, 2.283211809898462175 ) ) ;
#3422 = TOROIDAL_SURFACE ( 'NONE', #1918, 2.050000036507845014, 0.4000000000000000222 ) ;
#3423 = FACE_OUTER_BOUND ( 'NONE', #207, .T. ) ;
#3424 = CARTESIAN_POINT ( 'NONE',  ( 9.682400036619018380, 3.183878865886108578, 2.358653001072387845 ) ) ;
#3425 = CARTESIAN_POINT ( 'NONE',  ( 13.40729121006571845, 2.649269550721202737, 4.033211835975495596 ) ) ;
#3426 = EDGE_LOOP ( 'NONE', ( #353, #3075, #2774, #2581 ) ) ;
#3427 = CARTESIAN_POINT ( 'NONE',  ( 14.10543846428575065, 2.649369830808020687, 4.926497099798508472 ) ) ;
#3428 = DIRECTION ( 'NONE',  ( 0.000000000000000000, -1.000000000000000000, 0.000000000000000000 ) ) ;
#3429 = ORIENTED_EDGE ( 'NONE', *, *, #343, .F. ) ;
#3430 = VERTEX_POINT ( 'NONE', #544 ) ;
#3431 = DIRECTION ( 'NONE',  ( 0.000000000000000000, 1.000000000000000000, 0.000000000000000000 ) ) ;
#3432 = ORIENTED_EDGE ( 'NONE', *, *, #2826, .F. ) ;
#3433 = TOROIDAL_SURFACE ( 'NONE', #1360, 2.850000036507845280, 0.4000000000000000222 ) ;
#3434 = CARTESIAN_POINT ( 'NONE',  ( 14.36256986094652710, 3.549269550721202648, 2.172654528998454015 ) ) ;
#3435 = AXIS2_PLACEMENT_3D ( 'NONE', #2834, #3155, #747 ) ;
#3436 = EDGE_CURVE ( 'NONE', #2260, #2240, #583, .T. ) ;
#3437 = CARTESIAN_POINT ( 'NONE',  ( 8.811587126300466366, 6.449067356372663262, 3.474619852259368091 ) ) ;
#3438 = DIRECTION ( 'NONE',  ( -0.000000000000000000, 1.000000000000000000, 0.000000000000000000 ) ) ;
#3439 = DIRECTION ( 'NONE',  ( 0.000000000000000000, -1.000000000000000000, 0.000000000000000000 ) ) ;
#3440 = AXIS2_PLACEMENT_3D ( 'NONE', #2708, #18, #1834 ) ;
#3441 = DIRECTION ( 'NONE',  ( 0.000000000000000000, 1.000000000000000000, 0.000000000000000000 ) ) ;
#3442 = CARTESIAN_POINT ( 'NONE',  ( 9.552012507030843480, 3.549269550721203981, 1.993769090798470645 ) ) ;
#3443 = LINE ( 'NONE', #2212, #1502 ) ;
#3444 = EDGE_CURVE ( 'NONE', #2958, #3831, #2983, .T. ) ;
#3445 = VERTEX_POINT ( 'NONE', #309 ) ;
#3446 = DIRECTION ( 'NONE',  ( 1.000000000000000000, 0.000000000000000000, 0.000000000000000000 ) ) ;
#3447 = DIRECTION ( 'NONE',  ( 2.774754023183460056E-16, -0.000000000000000000, 1.000000000000000000 ) ) ;
#3448 = ORIENTED_EDGE ( 'NONE', *, *, #1972, .T. ) ;
#3449 = B_SPLINE_CURVE_WITH_KNOTS ( 'NONE', 3,
 ( #457, #727, #2814, #2851, #138, #1675 ),
 .UNSPECIFIED., .F., .F.,
 ( 4, 2, 4 ),
 ( 0.000000000000000000, 0.0002470179167849493717, 0.0004940358335698987434 ),
 .UNSPECIFIED. ) ;
#3450 = CARTESIAN_POINT ( 'NONE',  ( 14.65729122571193699, 6.699269608090674843, 1.583211799467650227 ) ) ;
#3451 = VERTEX_POINT ( 'NONE', #850 ) ;
#3452 = CARTESIAN_POINT ( 'NONE',  ( 14.13518651413474991, 3.183878865886111242, 2.358653001072386957 ) ) ;
#3453 = ADVANCED_FACE ( 'NONE', ( #1206 ), #2083, .T. ) ;
#3454 = CARTESIAN_POINT ( 'NONE',  ( 8.824008315675170522, 6.570824200559879813, 3.449777473509817671 ) ) ;
#3455 = CARTESIAN_POINT ( 'NONE',  ( 13.40729121006570779, 2.649269550721202737, 4.033211835975495596 ) ) ;
#3456 = EDGE_CURVE ( 'NONE', #927, #711, #2697, .T. ) ;
#3457 = ADVANCED_FACE ( 'NONE', ( #2936 ), #3279, .F. ) ;
#3458 = CARTESIAN_POINT ( 'NONE',  ( 8.707291137050036767, 2.154051960209093952, 4.033211835975495596 ) ) ;
#3459 = VECTOR ( 'NONE', #1515, 1000.000000000000000 ) ;
#3460 = CARTESIAN_POINT ( 'NONE',  ( 9.392436117765786463, 3.266062078776995392, 2.312921869328700364 ) ) ;
#3461 = ADVANCED_FACE ( 'NONE', ( #2333 ), #3522, .F. ) ;
#3462 = CARTESIAN_POINT ( 'NONE',  ( 11.47214085549942553, 7.583584115341151843, 1.583211799467650227 ) ) ;
#3463 = ORIENTED_EDGE ( 'NONE', *, *, #2931, .T. ) ;
#3464 = PLANE ( 'NONE',  #2297 ) ;
#3465 = CARTESIAN_POINT ( 'NONE',  ( 12.55729126743518975, 1.949269540290390568, 6.483211872483341409 ) ) ;
#3466 = EDGE_LOOP ( 'NONE', ( #582, #2102, #3192, #3567 ) ) ;
#3467 = DIRECTION ( 'NONE',  ( 0.000000000000000000, 0.000000000000000000, 1.000000000000000000 ) ) ;
#3468 = ORIENTED_EDGE ( 'NONE', *, *, #3871, .F. ) ;
#3469 = DIRECTION ( 'NONE',  ( 0.000000000000000000, 0.000000000000000000, -1.000000000000000000 ) ) ;
#3470 = AXIS2_PLACEMENT_3D ( 'NONE', #424, #385, #2580 ) ;
#3471 = CARTESIAN_POINT ( 'NONE',  ( 13.73368442274654377, 2.649269550721202293, 2.983211809898460576 ) ) ;
#3472 = CARTESIAN_POINT ( 'NONE',  ( 11.77118033436438616, 1.449269540290390568, 2.161605285764454987 ) ) ;
#3473 = DIRECTION ( 'NONE',  ( 1.000000000000000000, 0.000000000000000000, 0.000000000000000000 ) ) ;
#3474 = CARTESIAN_POINT ( 'NONE',  ( 13.60729121006570885, 6.549269529859585326, 3.683211830760089178 ) ) ;
#3475 = EDGE_CURVE ( 'NONE', #1512, #1285, #1143, .T. ) ;
#3476 = CARTESIAN_POINT ( 'NONE',  ( 14.65729122571193699, 1.949269540290390568, 4.033211835975495596 ) ) ;
#3477 = CIRCLE ( 'NONE', #1085, 0.1999999999999996503 ) ;
#3478 = VECTOR ( 'NONE', #2308, 1000.000000000000000 ) ;
#3479 = CARTESIAN_POINT ( 'NONE',  ( 8.907291137050037833, 7.049269540290389990, 3.730425426260042698 ) ) ;
#3480 = ADVANCED_FACE ( 'NONE', ( #1761 ), #1738, .F. ) ;
#3481 = ORIENTED_EDGE ( 'NONE', *, *, #680, .F. ) ;
#3482 = CARTESIAN_POINT ( 'NONE',  ( 9.757291152696254244, 7.749269540290391056, 4.033211835975495596 ) ) ;
#3483 = CARTESIAN_POINT ( 'NONE',  ( 14.18616116339838307, 2.850496488842384935, 5.170620422054566845 ) ) ;
#3484 = ORIENTED_EDGE ( 'NONE', *, *, #2071, .F. ) ;
#3485 = CC_DESIGN_PERSON_AND_ORGANIZATION_ASSIGNMENT ( #2192, #3307, ( #1804 ) ) ;
#3486 = CARTESIAN_POINT ( 'NONE',  ( 14.33368442796194842, 7.049269540290389990, 1.783211799467650405 ) ) ;
#3487 = ORIENTED_EDGE ( 'NONE', *, *, #1025, .T. ) ;
#3488 = CARTESIAN_POINT ( 'NONE',  ( 10.22397678650724373, 2.149269540290390523, 4.637265436536121221 ) ) ;
#3489 = CIRCLE ( 'NONE', #3124, 2.450000036507845369 ) ;
#3490 = FACE_OUTER_BOUND ( 'NONE', #1208, .T. ) ;
#3491 = EDGE_CURVE ( 'NONE', #2958, #1205, #204, .T. ) ;
#3492 = PLANE ( 'NONE',  #3143 ) ;
#3493 = AXIS2_PLACEMENT_3D ( 'NONE', #2962, #238, #2900 ) ;
#3494 = DIRECTION ( 'NONE',  ( -1.000000000000000000, 0.000000000000000000, 0.000000000000000000 ) ) ;
#3495 = CARTESIAN_POINT ( 'NONE',  ( 10.59671014368147191, 5.649269529859577865, 6.059748548525545786 ) ) ;
#3496 = DIRECTION ( 'NONE',  ( -0.7071067811865470176, -0.7071067811865480168, 8.659560562354926695E-17 ) ) ;
#3497 = ADVANCED_FACE ( 'NONE', ( #1881 ), #3422, .T. ) ;
#3498 = DIRECTION ( 'NONE',  ( 1.000000000000000000, -0.000000000000000000, 0.000000000000000000 ) ) ;
#3499 = ORIENTED_EDGE ( 'NONE', *, *, #2591, .F. ) ;
#3500 = LINE ( 'NONE', #796, #1089 ) ;
#3501 = FACE_BOUND ( 'NONE', #3833, .T. ) ;
#3502 = EDGE_LOOP ( 'NONE', ( #2935, #3040, #1266, #2090, #2913, #1046, #3121, #2891, #3703 ) ) ;
#3503 = EDGE_CURVE ( 'NONE', #1586, #1142, #610, .T. ) ;
#3504 = EDGE_CURVE ( 'NONE', #2996, #3310, #1006, .T. ) ;
#3505 = CARTESIAN_POINT ( 'NONE',  ( 14.30729121006571880, 7.749269540290391056, 4.033211835975495596 ) ) ;
#3506 = ORIENTED_EDGE ( 'NONE', *, *, #3082, .T. ) ;
#3507 = CARTESIAN_POINT ( 'NONE',  ( 13.90214596339933983, 2.852099755386695801, 5.278011534570855368 ) ) ;
#3508 = CARTESIAN_POINT ( 'NONE',  ( 14.30729122049651991, 3.549269550721202648, 2.283211809898462619 ) ) ;
#3509 = VERTEX_POINT ( 'NONE', #3628 ) ;
#3510 = CARTESIAN_POINT ( 'NONE',  ( 10.59671014368147191, 5.649269529859577865, 6.059748548525545786 ) ) ;
#3511 = PLANE ( 'NONE',  #3840 ) ;
#3512 = LINE ( 'NONE', #1703, #3103 ) ;
#3513 = FACE_OUTER_BOUND ( 'NONE', #3878, .T. ) ;
#3514 = DIRECTION ( 'NONE',  ( 1.000000000000000000, 0.000000000000000000, 0.000000000000000000 ) ) ;
#3515 = DIRECTION ( 'NONE',  ( -2.774754023183460056E-16, 0.000000000000000000, -1.000000000000000000 ) ) ;
#3516 = ORIENTED_EDGE ( 'NONE', *, *, #1482, .T. ) ;
#3517 = FACE_OUTER_BOUND ( 'NONE', #991, .T. ) ;
#3518 = CARTESIAN_POINT ( 'NONE',  ( 10.22391793754568745, 2.649269550721202293, 5.159748548525547207 ) ) ;
#3519 = ORIENTED_EDGE ( 'NONE', *, *, #3193, .T. ) ;
#3520 = CARTESIAN_POINT ( 'NONE',  ( 10.19081129622336768, 6.349269529859585148, 4.557196860090034107 ) ) ;
#3521 = ORIENTED_EDGE ( 'NONE', *, *, #2685, .T. ) ;
#3522 = CYLINDRICAL_SURFACE ( 'NONE', #3168, 0.7000000000000003997 ) ;
#3523 = CARTESIAN_POINT ( 'NONE',  ( 12.20729118920410095, 6.144244276690161932, 2.488237063067879173 ) ) ;
#3524 = CARTESIAN_POINT ( 'NONE',  ( 14.01014979233953994, 2.845617881432554341, 2.877494666212278229 ) ) ;
#3525 = ORIENTED_EDGE ( 'NONE', *, *, #3284, .F. ) ;
#3526 = CARTESIAN_POINT ( 'NONE',  ( 14.65729122571193699, 7.749269540290391056, 6.083211872483341054 ) ) ;
#3527 = VECTOR ( 'NONE', #182, 1000.000000000000000 ) ;
#3528 = ADVANCED_FACE ( 'NONE', ( #3645 ), #154, .T. ) ;
#3529 =( BOUNDED_CURVE ( )  B_SPLINE_CURVE ( 3, ( #1036, #414, #3111, #1299 ),
 .UNSPECIFIED., .F., .T. ) 
 B_SPLINE_CURVE_WITH_KNOTS ( ( 4, 4 ),
 ( 3.141592653589793116, 4.712388980384689674 ),
 .UNSPECIFIED. ) 
 CURVE ( )  GEOMETRIC_REPRESENTATION_ITEM ( )  RATIONAL_B_SPLINE_CURVE ( ( 1.000000000000000000, 0.8047378541243649375, 0.8047378541243649375, 1.000000000000000000 ) ) 
 REPRESENTATION_ITEM ( '' )  );
#3530 = DIRECTION ( 'NONE',  ( 1.000000000000000000, 0.000000000000000000, 0.000000000000000000 ) ) ;
#3531 = B_SPLINE_CURVE_WITH_KNOTS ( 'NONE', 3,
 ( #2526, #1363, #2871, #3758 ),
 .UNSPECIFIED., .F., .F.,
 ( 4, 4 ),
 ( 0.000000000000000000, 2.112940213387181257E-05 ),
 .UNSPECIFIED. ) ;
#3532 = AXIS2_PLACEMENT_3D ( 'NONE', #2621, #565, #1431 ) ;
#3533 = LINE ( 'NONE', #809, #819 ) ;
#3534 = DIRECTION ( 'NONE',  ( -0.000000000000000000, -0.000000000000000000, 1.000000000000000000 ) ) ;
#3535 = CARTESIAN_POINT ( 'NONE',  ( 14.28971605885961615, 1.449269540290390568, 1.983211799467650360 ) ) ;
#3536 = ORIENTED_EDGE ( 'NONE', *, *, #2330, .F. ) ;
#3537 = CARTESIAN_POINT ( 'NONE',  ( 8.872361222655781532, 2.807496534181487924, 3.353071659548437555 ) ) ;
#3538 = ORIENTED_EDGE ( 'NONE', *, *, #1901, .F. ) ;
#3539 = CIRCLE ( 'NONE', #446, 1.050000015646217477 ) ;
#3540 = FACE_OUTER_BOUND ( 'NONE', #2812, .T. ) ;
#3541 = CARTESIAN_POINT ( 'NONE',  ( 11.65538821736748254, 7.749269540290391056, 6.317526447534103085 ) ) ;
#3542 = ORIENTED_EDGE ( 'NONE', *, *, #934, .F. ) ;
#3543 = ORIENTED_EDGE ( 'NONE', *, *, #499, .F. ) ;
#3544 = VECTOR ( 'NONE', #2716, 1000.000000000000000 ) ;
#3545 = CARTESIAN_POINT ( 'NONE',  ( 12.55729126743518975, 7.249269540290389280, 1.583211799467650227 ) ) ;
#3546 = VERTEX_POINT ( 'NONE', #1604 ) ;
#3547 = DIRECTION ( 'NONE',  ( 0.000000000000000000, 0.000000000000000000, -1.000000000000000000 ) ) ;
#3548 = CARTESIAN_POINT ( 'NONE',  ( 14.10543846428575065, 7.049269540290389990, 4.926497099798508472 ) ) ;
#3549 = CC_DESIGN_APPROVAL ( #117, ( #451 ) ) ;
#3550 = DIRECTION ( 'NONE',  ( -0.3826834323650885605, 0.000000000000000000, -0.9238795325112872936 ) ) ;
#3551 = ORIENTED_EDGE ( 'NONE', *, *, #3301, .F. ) ;
#3552 = EDGE_CURVE ( 'NONE', #932, #563, #639, .T. ) ;
#3553 = ADVANCED_FACE ( 'NONE', ( #1267 ), #3661, .F. ) ;
#3554 = EDGE_LOOP ( 'NONE', ( #871, #30, #3252, #3012 ) ) ;
#3555 = DIRECTION ( 'NONE',  ( 0.000000000000000000, 0.000000000000000000, -1.000000000000000000 ) ) ;
#3556 = LINE ( 'NONE', #2960, #2396 ) ;
#3557 = EDGE_CURVE ( 'NONE', #2852, #634, #3393, .T. ) ;
#3558 = CIRCLE ( 'NONE', #531, 0.2000000000000002331 ) ;
#3559 = DIRECTION ( 'NONE',  ( 0.000000000000000000, 0.000000000000000000, -1.000000000000000000 ) ) ;
#3560 = CARTESIAN_POINT ( 'NONE',  ( 14.18368442274654306, 3.549269550721202648, 2.283211809898462175 ) ) ;
#3561 = CARTESIAN_POINT ( 'NONE',  ( 11.47214085549942553, 7.049269540290389990, 1.783211799467650405 ) ) ;
#3562 = CIRCLE ( 'NONE', #1496, 0.3500000156462182987 ) ;
#3563 = CARTESIAN_POINT ( 'NONE',  ( 8.728405698850053795, 2.449269550721202560, 3.640982707160051124 ) ) ;
#3564 = ORIENTED_EDGE ( 'NONE', *, *, #1537, .T. ) ;
#3565 = CARTESIAN_POINT ( 'NONE',  ( 9.757291152696254244, 7.049269540290389990, 4.033211835975495596 ) ) ;
#3566 = CARTESIAN_POINT ( 'NONE',  ( 10.67229774098005102, 3.054294803890619026, 5.578186608883112463 ) ) ;
#3567 = ORIENTED_EDGE ( 'NONE', *, *, #2356, .F. ) ;
#3568 = VECTOR ( 'NONE', #724, 1000.000000000000227 ) ;
#3569 = CARTESIAN_POINT ( 'NONE',  ( 9.757291152696254244, 7.049269540290389990, 4.033211835975495596 ) ) ;
#3570 = ORIENTED_EDGE ( 'NONE', *, *, #2730, .F. ) ;
#3571 = CARTESIAN_POINT ( 'NONE',  ( 14.65729122571193699, 2.149269540290390523, 4.033211835975495596 ) ) ;
#3572 = CARTESIAN_POINT ( 'NONE',  ( 14.00032365415185609, 6.549169249772760715, 5.096646671324609912 ) ) ;
#3573 = ORIENTED_EDGE ( 'NONE', *, *, #1542, .F. ) ;
#3574 = FACE_OUTER_BOUND ( 'NONE', #2492, .T. ) ;
#3575 = CARTESIAN_POINT ( 'NONE',  ( 9.730897945230827517, 3.549269550721202648, 2.283211809898462175 ) ) ;
#3576 = ORIENTED_EDGE ( 'NONE', *, *, #805, .T. ) ;
#3577 = CARTESIAN_POINT ( 'NONE',  ( 13.97905823893396082, 2.649269550721202293, 5.083211862052529284 ) ) ;
#3578 = EDGE_CURVE ( 'NONE', #3095, #1673, #2457, .T. ) ;
#3579 = DIRECTION ( 'NONE',  ( -0.3826834323650898928, 0.000000000000000000, -0.9238795325112867385 ) ) ;
#3580 = EDGE_CURVE ( 'NONE', #3296, #823, #2482, .T. ) ;
#3581 = EDGE_LOOP ( 'NONE', ( #3257, #2903, #1136, #2693, #2310 ) ) ;
#3582 = CARTESIAN_POINT ( 'NONE',  ( 9.328641038969246679, 6.435677287023525039, 2.440512026921664024 ) ) ;
#3583 = EDGE_LOOP ( 'NONE', ( #881, #1819 ) ) ;
#3584 = DIRECTION ( 'NONE',  ( 1.000000000000000000, 0.000000000000000000, 0.000000000000000000 ) ) ;
#3585 = CARTESIAN_POINT ( 'NONE',  ( 13.96932305579819911, 2.657146922658049526, 5.694113922262237892 ) ) ;
#3586 = EDGE_CURVE ( 'NONE', #3080, #2598, #1527, .T. ) ;
#3587 = ORIENTED_EDGE ( 'NONE', *, *, #1445, .F. ) ;
#3588 = CARTESIAN_POINT ( 'NONE',  ( 11.48970279241824421, 1.849269540290390479, 5.765623475697482903 ) ) ;
#3589 = ORIENTED_EDGE ( 'NONE', *, *, #518, .F. ) ;
#3590 = DIRECTION ( 'NONE',  ( 0.000000000000000000, -1.000000000000000000, 0.000000000000000000 ) ) ;
#3591 = DIRECTION ( 'NONE',  ( 0.000000000000000000, 1.000000000000000000, 0.000000000000000000 ) ) ;
#3592 = ORIENTED_EDGE ( 'NONE', *, *, #2158, .T. ) ;
#3593 = AXIS2_PLACEMENT_3D ( 'NONE', #236, #3827, #1068 ) ;
#3594 = EDGE_LOOP ( 'NONE', ( #974, #1351, #1273, #560, #1331 ) ) ;
#3595 = CARTESIAN_POINT ( 'NONE',  ( 13.96031295468498890, 6.260920007653761665, 2.630678537994235899 ) ) ;
#3596 = CARTESIAN_POINT ( 'NONE',  ( 14.65729122571193699, 2.149269540290390523, 4.033211835975495596 ) ) ;
#3597 = EDGE_LOOP ( 'NONE', ( #2470, #2560, #2426, #2411, #2541 ) ) ;
#3598 = DIRECTION ( 'NONE',  ( 0.000000000000000000, -1.000000000000000000, 0.000000000000000000 ) ) ;
#3599 = CARTESIAN_POINT ( 'NONE',  ( 11.47214085549942553, 1.614954965239628448, 1.583211799467650227 ) ) ;
#3600 = AXIS2_PLACEMENT_3D ( 'NONE', #3664, #645, #3201 ) ;
#3601 = EDGE_CURVE ( 'NONE', #429, #2213, #86, .T. ) ;
#3602 = CARTESIAN_POINT ( 'NONE',  ( 13.94864037819524683, 5.947260870823221524, 5.744046323037665047 ) ) ;
#3603 = AXIS2_PLACEMENT_3D ( 'NONE', #254, #2914, #1125 ) ;
#3604 = CARTESIAN_POINT ( 'NONE',  ( 14.65729122571193699, 1.949269540290390568, 1.783211799467650405 ) ) ;
#3605 = FACE_OUTER_BOUND ( 'NONE', #404, .T. ) ;
#3606 = ORIENTED_EDGE ( 'NONE', *, *, #3211, .F. ) ;
#3607 = AXIS2_PLACEMENT_3D ( 'NONE', #2072, #3186, #3809 ) ;
#3608 = EDGE_CURVE ( 'NONE', #3299, #1662, #3328, .T. ) ;
#3609 = AXIS2_PLACEMENT_3D ( 'NONE', #1574, #398, #3672 ) ;
#3610 = CARTESIAN_POINT ( 'NONE',  ( 10.17874369741362806, 6.349269529859585148, 4.528063099378281997 ) ) ;
#3611 = ORIENTED_EDGE ( 'NONE', *, *, #164, .T. ) ;
#3612 = CARTESIAN_POINT ( 'NONE',  ( 8.707291137050036767, 2.149269540290390079, 3.730425426260042698 ) ) ;
#3613 = VERTEX_POINT ( 'NONE', #2235 ) ;
#3614 = CIRCLE ( 'NONE', #2168, 1.050000015646217477 ) ;
#3615 = VERTEX_POINT ( 'NONE', #726 ) ;
#3616 = LINE ( 'NONE', #3888, #1532 ) ;
#3617 = CARTESIAN_POINT ( 'NONE',  ( 14.65729122571193699, 6.849269540290390701, 1.783211799467650405 ) ) ;
#3618 = ORIENTED_EDGE ( 'NONE', *, *, #695, .F. ) ;
#3619 = DIRECTION ( 'NONE',  ( 0.000000000000000000, 1.000000000000000000, -0.000000000000000000 ) ) ;
#3620 = CARTESIAN_POINT ( 'NONE',  ( 14.65729122571193699, 1.849269540290390479, 4.033211835975495596 ) ) ;
#3621 = DIRECTION ( 'NONE',  ( 0.000000000000000000, 1.000000000000000000, 0.000000000000000000 ) ) ;
#3622 = VECTOR ( 'NONE', #184, 1000.000000000000000 ) ;
#3623 = CARTESIAN_POINT ( 'NONE',  ( 13.93241748071312891, 3.402239971814356334, 5.783211862159427952 ) ) ;
#3624 = ORIENTED_EDGE ( 'NONE', *, *, #1886, .F. ) ;
#3625 = EDGE_CURVE ( 'NONE', #3095, #2996, #1060, .T. ) ;
#3626 = DIRECTION ( 'NONE',  ( -0.000000000000000000, -1.000000000000000000, -0.000000000000000000 ) ) ;
#3627 = ORIENTED_EDGE ( 'NONE', *, *, #977, .T. ) ;
#3628 = CARTESIAN_POINT ( 'NONE',  ( 14.65729122571193699, 2.149269540290390523, 6.283211872483341232 ) ) ;
#3629 = CARTESIAN_POINT ( 'NONE',  ( 14.65729122571193699, 7.349269540290390701, 6.483211872483341409 ) ) ;
#3630 = AXIS2_PLACEMENT_3D ( 'NONE', #1978, #2239, #3742 ) ;
#3631 = ADVANCED_FACE ( 'NONE', ( #1692 ), #833, .T. ) ;
#3632 = EDGE_CURVE ( 'NONE', #3546, #1995, #2254, .T. ) ;
#3633 = ORIENTED_EDGE ( 'NONE', *, *, #3277, .F. ) ;
#3634 = CARTESIAN_POINT ( 'NONE',  ( 14.18911589255334249, 6.368969672781696900, 2.519562465784818794 ) ) ;
#3635 = CARTESIAN_POINT ( 'NONE',  ( 13.81787223472671933, 5.649269529859577865, 6.059748548525545786 ) ) ;
#3636 = ORIENTED_EDGE ( 'NONE', *, *, #554, .T. ) ;
#3637 = DIRECTION ( 'NONE',  ( 1.000000000000000000, -0.000000000000000000, -2.774754023183460056E-16 ) ) ;
#3638 = FACE_OUTER_BOUND ( 'NONE', #2696, .T. ) ;
#3639 = CARTESIAN_POINT ( 'NONE',  ( 15.70729124135815447, 7.049269540290389990, 4.033211835975495596 ) ) ;
#3640 = LINE ( 'NONE', #2461, #323 ) ;
#3641 =( BOUNDED_CURVE ( )  B_SPLINE_CURVE ( 3, ( #37, #2141, #2404, #360 ),
 .UNSPECIFIED., .F., .F. ) 
 B_SPLINE_CURVE_WITH_KNOTS ( ( 4, 4 ),
 ( 4.712388980384689674, 6.283185307179586232 ),
 .UNSPECIFIED. ) 
 CURVE ( )  GEOMETRIC_REPRESENTATION_ITEM ( )  RATIONAL_B_SPLINE_CURVE ( ( 1.000000000000000000, 0.8047378541243649375, 0.8047378541243649375, 1.000000000000000000 ) ) 
 REPRESENTATION_ITEM ( '' )  );
#3642 = ORIENTED_EDGE ( 'NONE', *, *, #3503, .T. ) ;
#3643 = CARTESIAN_POINT ( 'NONE',  ( 10.59671014364792896, 3.312988331410640086, 6.059748548444567007 ) ) ;
#3644 = ORIENTED_EDGE ( 'NONE', *, *, #250, .T. ) ;
#3645 = FACE_OUTER_BOUND ( 'NONE', #2614, .T. ) ;
#3646 = DIRECTION ( 'NONE',  ( 0.000000000000000000, -1.000000000000000000, 0.000000000000000000 ) ) ;
#3647 = ORIENTED_EDGE ( 'NONE', *, *, #183, .F. ) ;
#3648 = ORIENTED_EDGE ( 'NONE', *, *, #179, .F. ) ;
#3649 = DIRECTION ( 'NONE',  ( 0.000000000000000000, 0.000000000000000000, 1.000000000000000000 ) ) ;
#3650 = DIRECTION ( 'NONE',  ( 0.000000000000000000, -1.000000000000000000, 0.000000000000000000 ) ) ;
#3651 = EDGE_CURVE ( 'NONE', #257, #3764, #1719, .T. ) ;
#3652 = DIRECTION ( 'NONE',  ( -0.000000000000000000, -1.000000000000000000, -0.000000000000000000 ) ) ;
#3653 = CARTESIAN_POINT ( 'NONE',  ( 14.18368442274654306, 5.649269529859577865, 2.083211809898461997 ) ) ;
#3654 = CARTESIAN_POINT ( 'NONE',  ( 14.09350335522789166, 6.549269526019496190, 4.919040866050657712 ) ) ;
#3655 = CARTESIAN_POINT ( 'NONE',  ( 8.731776636059001007, 2.612136994408142066, 3.634240832742304583 ) ) ;
#3656 = CARTESIAN_POINT ( 'NONE',  ( 13.63309632825774997, 3.367260549730686670, 5.783211862052529462 ) ) ;
#3657 = ORIENTED_EDGE ( 'NONE', *, *, #2454, .T. ) ;
#3658 = CIRCLE ( 'NONE', #2966, 1.050000015646217477 ) ;
#3659 = CARTESIAN_POINT ( 'NONE',  ( 10.40869384404794395, 6.349269529859585148, 5.083211862052529284 ) ) ;
#3660 = EDGE_LOOP ( 'NONE', ( #3293, #176 ) ) ;
#3661 = PLANE ( 'NONE',  #270 ) ;
#3662 = LINE ( 'NONE', #3612, #3414 ) ;
#3663 = ORIENTED_EDGE ( 'NONE', *, *, #76, .F. ) ;
#3664 = CARTESIAN_POINT ( 'NONE',  ( 10.77211439563238393, 7.249269540290389280, 6.283211872483342120 ) ) ;
#3665 = AXIS2_PLACEMENT_3D ( 'NONE', #53, #1275, #1255 ) ;
#3666 = CARTESIAN_POINT ( 'NONE',  ( 14.65729122571193699, 1.849269540290390479, 4.033211835975495596 ) ) ;
#3667 = EDGE_CURVE ( 'NONE', #3080, #1492, #714, .T. ) ;
#3668 = EDGE_CURVE ( 'NONE', #2213, #1194, #642, .T. ) ;
#3669 = ORIENTED_EDGE ( 'NONE', *, *, #3204, .T. ) ;
#3670 = AXIS2_PLACEMENT_3D ( 'NONE', #1802, #3821, #2997 ) ;
#3671 = LINE ( 'NONE', #1887, #3874 ) ;
#3672 = DIRECTION ( 'NONE',  ( 0.000000000000000000, 0.000000000000000000, 1.000000000000000000 ) ) ;
#3673 = LINE ( 'NONE', #3364, #549 ) ;
#3674 = APPROVAL_PERSON_ORGANIZATION ( #378, #2901, #97 ) ;
#3675 = ADVANCED_FACE ( 'NONE', ( #1384 ), #1402, .F. ) ;
#3676 = FACE_OUTER_BOUND ( 'NONE', #70, .T. ) ;
#3677 = CARTESIAN_POINT ( 'NONE',  ( 9.219799064220998375, 2.672694149364832850, 2.658195976418160633 ) ) ;
#3678 = APPLICATION_CONTEXT ( 'configuration controlled 3d designs of mechanical parts and assemblies' ) ;
#3679 = ORIENTED_EDGE ( 'NONE', *, *, #1445, .T. ) ;
#3680 = ADVANCED_FACE ( 'NONE', ( #3190 ), #776, .T. ) ;
#3681 = VECTOR ( 'NONE', #2848, 1000.000000000000000 ) ;
#3682 = DIRECTION ( 'NONE',  ( 0.000000000000000000, -1.000000000000000000, 0.000000000000000000 ) ) ;
#3683 = ORIENTED_EDGE ( 'NONE', *, *, #2918, .F. ) ;
#3684 = DIRECTION ( 'NONE',  ( 0.000000000000000000, -1.000000000000000000, 0.000000000000000000 ) ) ;
#3685 = DIRECTION ( 'NONE',  ( -0.000000000000000000, -1.000000000000000000, -0.000000000000000000 ) ) ;
#3686 = EDGE_LOOP ( 'NONE', ( #2200, #795, #2878, #3350 ) ) ;
#3687 = AXIS2_PLACEMENT_3D ( 'NONE', #1214, #3637, #878 ) ;
#3688 = ORIENTED_EDGE ( 'NONE', *, *, #235, .T. ) ;
#3689 = CIRCLE ( 'NONE', #285, 1.050000015646217477 ) ;
#3690 = CARTESIAN_POINT ( 'NONE',  ( 10.10729116834247243, 7.749269540290391056, 4.033211835975495596 ) ) ;
#3691 = CARTESIAN_POINT ( 'NONE',  ( 9.002277328503042853, 6.349269529859586036, 3.435439234806986430 ) ) ;
#3692 = CARTESIAN_POINT ( 'NONE',  ( 10.19221540398946502, 6.549269529859585326, 5.083211862052529284 ) ) ;
#3693 = LINE ( 'NONE', #450, #3752 ) ;
#3694 = EDGE_CURVE ( 'NONE', #2387, #461, #2787, .T. ) ;
#3695 = DATE_AND_TIME ( #2505, #3238 ) ;
#3696 = CARTESIAN_POINT ( 'NONE',  ( 9.503514598419034343, 3.079481527361796367, 2.090764908022090474 ) ) ;
#3697 = ORIENTED_EDGE ( 'NONE', *, *, #134, .F. ) ;
#3698 = CARTESIAN_POINT ( 'NONE',  ( 9.552012506990367413, 5.885550749996625974, 1.993769090879422334 ) ) ;
#3699 = ORIENTED_EDGE ( 'NONE', *, *, #1120, .F. ) ;
#3700 = CARTESIAN_POINT ( 'NONE',  ( 10.32178882311831281, 6.549269529795692435, 5.396029767836446389 ) ) ;
#3701 = DIRECTION ( 'NONE',  ( 0.000000000000000000, 1.000000000000000000, 0.000000000000000000 ) ) ;
#3702 = ORIENTED_EDGE ( 'NONE', *, *, #3411, .F. ) ;
#3703 = ORIENTED_EDGE ( 'NONE', *, *, #484, .T. ) ;
#3704 = CARTESIAN_POINT ( 'NONE',  ( 9.880897950446232869, 2.349269540290390701, 1.783211799467649961 ) ) ;
#3705 = ORIENTED_EDGE ( 'NONE', *, *, #1253, .T. ) ;
#3706 = PLANE ( 'NONE',  #1476 ) ;
#3707 = CYLINDRICAL_SURFACE ( 'NONE', #2371, 0.1999999999999996503 ) ;
#3708 = DIRECTION ( 'NONE',  ( 0.000000000000000000, 0.000000000000000000, 1.000000000000000000 ) ) ;
#3709 = DIRECTION ( 'NONE',  ( 0.000000000000000000, -1.000000000000000000, 0.000000000000000000 ) ) ;
#3710 = CARTESIAN_POINT ( 'NONE',  ( 14.03588396621538337, 6.215748748577709648, 5.533421669609011495 ) ) ;
#3711 = CIRCLE ( 'NONE', #813, 1.050000015646217477 ) ;
#3712 = CARTESIAN_POINT ( 'NONE',  ( 9.278982951948380631, 2.989852374414129432, 2.539828200963628824 ) ) ;
#3713 = LINE ( 'NONE', #3135, #3681 ) ;
#3714 = ORIENTED_EDGE ( 'NONE', *, *, #65, .F. ) ;
#3715 = DIRECTION ( 'NONE',  ( 0.000000000000000000, 1.000000000000000000, 0.000000000000000000 ) ) ;
#3716 = ORIENTED_EDGE ( 'NONE', *, *, #1364, .F. ) ;
#3717 = ORIENTED_EDGE ( 'NONE', *, *, #913, .T. ) ;
#3718 = EDGE_CURVE ( 'NONE', #2715, #1711, #393, .T. ) ;
#3719 = FACE_OUTER_BOUND ( 'NONE', #3375, .T. ) ;
#3720 = PRODUCT_RELATED_PRODUCT_CATEGORY ( 'detail', '', ( #1804 ) ) ;
#3721 = VERTEX_POINT ( 'NONE', #1077 ) ;
#3722 = VECTOR ( 'NONE', #2490, 1000.000000000000000 ) ;
#3723 = CARTESIAN_POINT ( 'NONE',  ( 10.22391793754568745, 6.549269529859578221, 5.159748548525547207 ) ) ;
#3724 = ORIENTED_EDGE ( 'NONE', *, *, #1356, .F. ) ;
#3725 = AXIS2_PLACEMENT_3D ( 'NONE', #2323, #1706, #811 ) ;
#3726 = AXIS2_PLACEMENT_3D ( 'NONE', #1151, #2360, #73 ) ;
#3727 = CARTESIAN_POINT ( 'NONE',  ( 10.33652811850152098, 7.049269540290389990, 4.908988388699857985 ) ) ;
#3728 = DIRECTION ( 'NONE',  ( 0.7071067811865470176, -0.7071067811865480168, 0.000000000000000000 ) ) ;
#3729 = CARTESIAN_POINT ( 'NONE',  ( 13.74228463742814021, 6.144244276690161932, 5.578186608883112463 ) ) ;
#3730 = VECTOR ( 'NONE', #1732, 1000.000000000000000 ) ;
#3731 = EDGE_CURVE ( 'NONE', #3615, #3170, #3531, .T. ) ;
#3732 = CARTESIAN_POINT ( 'NONE',  ( 14.33368442796194842, 7.049269540290389990, 1.583211799467650227 ) ) ;
#3733 = CARTESIAN_POINT ( 'NONE',  ( 10.74314421482807091, 6.011214318237783516, 5.711216567335491767 ) ) ;
#3734 = DIRECTION ( 'NONE',  ( -1.000000000000000000, 0.000000000000000000, 0.000000000000000000 ) ) ;
#3735 = ORIENTED_EDGE ( 'NONE', *, *, #934, .T. ) ;
#3736 = CARTESIAN_POINT ( 'NONE',  ( 13.97905823893396082, 2.849269550721202915, 5.083211862052529284 ) ) ;
#3737 = ADVANCED_FACE ( 'NONE', ( #2269 ), #3464, .F. ) ;
#3738 = CARTESIAN_POINT ( 'NONE',  ( 14.05188247428048776, 3.054294803890619026, 2.488237063067879173 ) ) ;
#3739 = EDGE_CURVE ( 'NONE', #663, #2765, #1674, .T. ) ;
#3740 = ORIENTED_EDGE ( 'NONE', *, *, #2427, .F. ) ;
#3741 = AXIS2_PLACEMENT_3D ( 'NONE', #1620, #1020, #2524 ) ;
#3742 = DIRECTION ( 'NONE',  ( 0.000000000000000000, 0.000000000000000000, -1.000000000000000000 ) ) ;
#3743 = ORIENTED_EDGE ( 'NONE', *, *, #2001, .T. ) ;
#3744 = EDGE_CURVE ( 'NONE', #3123, #2601, #3500, .T. ) ;
#3745 = EDGE_CURVE ( 'NONE', #461, #3417, #2813, .T. ) ;
#3746 = AXIS2_PLACEMENT_3D ( 'NONE', #2458, #957, #2108 ) ;
#3747 = PLANE ( 'NONE',  #324 ) ;
#3748 = AXIS2_PLACEMENT_3D ( 'NONE', #3140, #460, #1678 ) ;
#3749 = DIRECTION ( 'NONE',  ( 0.000000000000000000, -1.000000000000000000, 0.000000000000000000 ) ) ;
#3750 = ADVANCED_FACE ( 'NONE', ( #3517 ), #2908, .T. ) ;
#3751 = DIRECTION ( 'NONE',  ( -0.4472135954999570950, -1.939479807224436437E-15, 0.8944271909999162995 ) ) ;
#3752 = VECTOR ( 'NONE', #3403, 1000.000000000000000 ) ;
#3753 = CARTESIAN_POINT ( 'NONE',  ( 13.90214596339934161, 6.346439325194086045, 5.278011534570852703 ) ) ;
#3754 = DIRECTION ( 'NONE',  ( -1.000000000000000000, 0.000000000000000000, 0.000000000000000000 ) ) ;
#3755 =( BOUNDED_CURVE ( )  B_SPLINE_CURVE ( 3, ( #2267, #3462, #454, #741 ),
 .UNSPECIFIED., .F., .F. ) 
 B_SPLINE_CURVE_WITH_KNOTS ( ( 4, 4 ),
 ( 3.141592653589793116, 4.712388980384689674 ),
 .UNSPECIFIED. ) 
 CURVE ( )  GEOMETRIC_REPRESENTATION_ITEM ( )  RATIONAL_B_SPLINE_CURVE ( ( 1.000000000000000000, 0.8047378541243649375, 0.8047378541243649375, 1.000000000000000000 ) ) 
 REPRESENTATION_ITEM ( '' )  );
#3756 = CARTESIAN_POINT ( 'NONE',  ( 9.378558538637660646, 6.368969672781696900, 2.340677027584836534 ) ) ;
#3757 = ORIENTED_EDGE ( 'NONE', *, *, #1704, .T. ) ;
#3758 = CARTESIAN_POINT ( 'NONE',  ( 14.10543846428575065, 2.649369830808020687, 4.926497099798509360 ) ) ;
#3759 = LINE ( 'NONE', #3138, #2032 ) ;
#3760 = ORIENTED_EDGE ( 'NONE', *, *, #294, .F. ) ;
#3761 = CARTESIAN_POINT ( 'NONE',  ( 14.65729122571193699, 7.249269540290389280, 6.283211872483341232 ) ) ;
#3762 = VERTEX_POINT ( 'NONE', #3253 ) ;
#3763 = CARTESIAN_POINT ( 'NONE',  ( 14.36256986090604748, 3.312988330584099472, 2.172654529079405705 ) ) ;
#3764 = VERTEX_POINT ( 'NONE', #1442 ) ;
#3765 = CARTESIAN_POINT ( 'NONE',  ( 10.75290998478970472, 6.932721723935624247, 6.436848323369565250 ) ) ;
#3766 = CARTESIAN_POINT ( 'NONE',  ( 14.10543846428575065, 6.549169249772760715, 4.926497099798509360 ) ) ;
#3767 = EDGE_CURVE ( 'NONE', #412, #2755, #1185, .T. ) ;
#3768 = CARTESIAN_POINT ( 'NONE',  ( 12.71470281067218089, 6.699269608090674843, 6.483211872483341409 ) ) ;
#3769 = DIRECTION ( 'NONE',  ( -0.000000000000000000, 0.000000000000000000, -1.000000000000000000 ) ) ;
#3770 = CIRCLE ( 'NONE', #1698, 1.050000015646217477 ) ;
#3771 = CARTESIAN_POINT ( 'NONE',  ( 13.40729121006570779, 6.349269529859585148, 3.635998235260132105 ) ) ;
#3772 = ORIENTED_EDGE ( 'NONE', *, *, #2356, .T. ) ;
#3773 = CARTESIAN_POINT ( 'NONE',  ( 12.55729126743518975, 6.874269574190515542, 6.483211872483341409 ) ) ;
#3774 = DIRECTION ( 'NONE',  ( 0.000000000000000000, 1.000000000000000000, 0.000000000000000000 ) ) ;
#3775 = ORIENTED_EDGE ( 'NONE', *, *, #2664, .T. ) ;
#3776 = CYLINDRICAL_SURFACE ( 'NONE', #2502, 0.2000000000000000944 ) ;
#3777 = VERTEX_POINT ( 'NONE', #226 ) ;
#3778 = AXIS2_PLACEMENT_3D ( 'NONE', #2585, #2019, #1721 ) ;
#3779 = CARTESIAN_POINT ( 'NONE',  ( 12.55729126743518975, 1.949269540290390568, 1.583211799467650227 ) ) ;
#3780 = VERTEX_POINT ( 'NONE', #267 ) ;
#3781 = CONICAL_SURFACE ( 'NONE', #1968, 1.050000015646217477, 0.7853981633974476129 ) ;
#3782 = CARTESIAN_POINT ( 'NONE',  ( 10.44229455595304046, 6.549269529859577332, 5.686956342389761332 ) ) ;
#3783 = EDGE_CURVE ( 'NONE', #866, #1010, #3233, .T. ) ;
#3784 = CARTESIAN_POINT ( 'NONE',  ( 11.51949043128772310, 1.633762279024043140, 2.263369759038895257 ) ) ;
#3785 = VECTOR ( 'NONE', #227, 1000.000000000000000 ) ;
#3786 = VECTOR ( 'NONE', #673, 1000.000000000000000 ) ;
#3787 = DIRECTION ( 'NONE',  ( -0.000000000000000000, -0.000000000000000000, -1.000000000000000000 ) ) ;
#3788 = CARTESIAN_POINT ( 'NONE',  ( 12.20729118920410095, 3.549269550721202648, 2.983211809898461908 ) ) ;
#3789 = CARTESIAN_POINT ( 'NONE',  ( 9.201235478273847690, 2.149269540290390523, 3.142536743812421651 ) ) ;
#3790 = EDGE_CURVE ( 'NONE', #386, #2546, #1239, .T. ) ;
#3791 = VECTOR ( 'NONE', #2147, 1000.000000000000000 ) ;
#3792 = LINE ( 'NONE', #2008, #989 ) ;
#3793 = ORIENTED_EDGE ( 'NONE', *, *, #2395, .F. ) ;
#3794 = CARTESIAN_POINT ( 'NONE',  ( 14.09854523470811571, 2.847611092601193494, 4.922226387642410828 ) ) ;
#3795 = FACE_OUTER_BOUND ( 'NONE', #392, .T. ) ;
#3796 = ADVANCED_FACE ( 'NONE', ( #3540 ), #2615, .T. ) ;
#3797 = ORIENTED_EDGE ( 'NONE', *, *, #299, .T. ) ;
#3798 = ORIENTED_EDGE ( 'NONE', *, *, #704, .F. ) ;
#3799 = LINE ( 'NONE', #3819, #1677 ) ;
#3800 = ORIENTED_EDGE ( 'NONE', *, *, #1347, .F. ) ;
#3801 = CARTESIAN_POINT ( 'NONE',  ( 9.702012512246250608, 2.349269540290390701, 1.693769080367658386 ) ) ;
#3802 = ORIENTED_EDGE ( 'NONE', *, *, #526, .T. ) ;
#3803 = CIRCLE ( 'NONE', #3746, 0.2000000000000005107 ) ;
#3804 = DIRECTION ( 'NONE',  ( 1.000000000000000000, 0.000000000000000000, 0.000000000000000000 ) ) ;
#3805 = FACE_OUTER_BOUND ( 'NONE', #1959, .T. ) ;
#3806 = DIRECTION ( 'NONE',  ( 0.000000000000000000, -1.000000000000000000, 0.000000000000000000 ) ) ;
#3807 = CARTESIAN_POINT ( 'NONE',  ( 14.65729122571193699, 2.849269550721202915, 4.033211835975495596 ) ) ;
#3808 = VECTOR ( 'NONE', #1332, 1000.000000000000227 ) ;
#3809 = DIRECTION ( 'NONE',  ( 0.5255740506694687175, 0.000000000000000000, -0.8507478576305006479 ) ) ;
#3810 = EDGE_CURVE ( 'NONE', #3445, #2819, #3228, .T. ) ;
#3811 = EDGE_CURVE ( 'NONE', #634, #1381, #578, .T. ) ;
#3812 = DIRECTION ( 'NONE',  ( 2.774754023183460056E-16, -0.000000000000000000, 1.000000000000000000 ) ) ;
#3813 = ORIENTED_EDGE ( 'NONE', *, *, #2625, .F. ) ;
#3814 =( NAMED_UNIT ( * ) PLANE_ANGLE_UNIT ( ) SI_UNIT ( $, .RADIAN. ) );
#3815 = CARTESIAN_POINT ( 'NONE',  ( 11.88970279241824457, 7.749269540290391056, 6.083211872483341054 ) ) ;
#3816 = ORIENTED_EDGE ( 'NONE', *, *, #224, .F. ) ;
#3817 = ORIENTED_EDGE ( 'NONE', *, *, #15, .F. ) ;
#3818 = EDGE_CURVE ( 'NONE', #3170, #2171, #2542, .T. ) ;
#3819 = CARTESIAN_POINT ( 'NONE',  ( 11.48970279241824421, 7.349269540290390701, 5.765623475697482903 ) ) ;
#3820 = EDGE_LOOP ( 'NONE', ( #3717, #1231, #3101, #1556 ) ) ;
#3821 = DIRECTION ( 'NONE',  ( 0.4472135954999579277, 0.000000000000000000, -0.8944271909999158554 ) ) ;
#3822 = FACE_OUTER_BOUND ( 'NONE', #300, .T. ) ;
#3823 = DIRECTION ( 'NONE',  ( -1.000000000000000000, 0.000000000000000000, 0.000000000000000000 ) ) ;
#3824 = ORIENTED_EDGE ( 'NONE', *, *, #2613, .F. ) ;
#3825 = CARTESIAN_POINT ( 'NONE',  ( 10.22391793754568745, 6.549269529859578221, 5.159748548525547207 ) ) ;
#3826 = CIRCLE ( 'NONE', #1758, 0.2000000000000001499 ) ;
#3827 = DIRECTION ( 'NONE',  ( -0.9238795325112867385, 0.000000000000000000, -0.3826834323650899483 ) ) ;
#3828 = CARTESIAN_POINT ( 'NONE',  ( 14.65729122571193699, 7.749269540290391056, 1.983211799467650360 ) ) ;
#3829 = CARTESIAN_POINT ( 'NONE',  ( 10.22391793754568745, 2.649269550721202293, 5.159748548525547207 ) ) ;
#3830 = DIRECTION ( 'NONE',  ( 1.000000000000000000, 0.000000000000000000, 0.000000000000000000 ) ) ;
#3831 = VERTEX_POINT ( 'NONE', #903 ) ;
#3832 = FACE_OUTER_BOUND ( 'NONE', #3660, .T. ) ;
#3833 = EDGE_LOOP ( 'NONE', ( #2703, #1184 ) ) ;
#3834 = DIRECTION ( 'NONE',  ( -1.000000000000000000, 0.000000000000000000, 0.000000000000000000 ) ) ;
#3835 = DIRECTION ( 'NONE',  ( 0.000000000000000000, 0.000000000000000000, 1.000000000000000000 ) ) ;
#3836 = ORIENTED_EDGE ( 'NONE', *, *, #2846, .F. ) ;
#3837 = LINE ( 'NONE', #1488, #3185 ) ;
#3838 = ORIENTED_EDGE ( 'NONE', *, *, #3243, .F. ) ;
#3839 = DIRECTION ( 'NONE',  ( 0.000000000000000000, 0.7071067811865481278, -0.7071067811865467956 ) ) ;
#3840 = AXIS2_PLACEMENT_3D ( 'NONE', #2021, #2262, #1722 ) ;
#3841 = CARTESIAN_POINT ( 'NONE',  ( 12.20729118920410095, 3.054294803890619026, 5.578186608883112463 ) ) ;
#3842 = DIRECTION ( 'NONE',  ( -0.000000000000000000, 1.000000000000000000, -0.000000000000000000 ) ) ;
#3843 = EDGE_CURVE ( 'NONE', #257, #2130, #515, .T. ) ;
#3844 = CC_DESIGN_PERSON_AND_ORGANIZATION_ASSIGNMENT ( #1262, #2732, ( #2915 ) ) ;
#3845 = ORIENTED_EDGE ( 'NONE', *, *, #3317, .F. ) ;
#3846 = CARTESIAN_POINT ( 'NONE',  ( 13.56300775749144094, 2.499269545505796053, 6.675045826034115670 ) ) ;
#3847 = VECTOR ( 'NONE', #2607, 1000.000000000000000 ) ;
#3848 = FACE_OUTER_BOUND ( 'NONE', #2275, .T. ) ;
#3849 = CIRCLE ( 'NONE', #2651, 1.050000015646217477 ) ;
#3850 = LINE ( 'NONE', #2864, #3847 ) ;
#3851 = DIRECTION ( 'NONE',  ( 1.000000000000000000, 0.000000000000000000, 0.000000000000000000 ) ) ;
#3852 = CIRCLE ( 'NONE', #2103, 0.2000000000000002331 ) ;
#3853 = CARTESIAN_POINT ( 'NONE',  ( 10.67229774098005102, 3.054294803890619026, 5.578186608883112463 ) ) ;
#3854 = VECTOR ( 'NONE', #3048, 1000.000000000000000 ) ;
#3855 = CARTESIAN_POINT ( 'NONE',  ( 12.55729126743518975, 2.149269540290390523, 1.783211799467649961 ) ) ;
#3856 = ORIENTED_EDGE ( 'NONE', *, *, #1753, .T. ) ;
#3857 = DIRECTION ( 'NONE',  ( 0.000000000000000000, 1.000000000000000000, 0.000000000000000000 ) ) ;
#3858 = CARTESIAN_POINT ( 'NONE',  ( 10.90575012321624193, 2.164493633788133753, 6.483211872483341409 ) ) ;
#3859 = ORIENTED_EDGE ( 'NONE', *, *, #3145, .T. ) ;
#3860 = AXIS2_PLACEMENT_3D ( 'NONE', #2117, #3297, #891 ) ;
#3861 = DIRECTION ( 'NONE',  ( -1.000000000000000000, 0.000000000000000000, 0.000000000000000000 ) ) ;
#3862 = ORIENTED_EDGE ( 'NONE', *, *, #913, .F. ) ;
#3863 = DIRECTION ( 'NONE',  ( 1.000000000000000000, 0.000000000000000000, 0.000000000000000000 ) ) ;
#3864 = CARTESIAN_POINT ( 'NONE',  ( 14.00032365415184010, 2.849347546344283444, 5.093661158153028445 ) ) ;
#3865 = LOCAL_TIME ( 17, 54, 16.00000000000000000, #2483 ) ;
#3866 = VERTEX_POINT ( 'NONE', #2949 ) ;
#3867 = ADVANCED_FACE ( 'NONE', ( #245 ), #1483, .T. ) ;
#3868 = CARTESIAN_POINT ( 'NONE',  ( 14.65729122571193699, 7.249269540290389280, 1.783211799467650405 ) ) ;
#3869 = DIRECTION ( 'NONE',  ( 0.4472135954999579832, 0.000000000000000000, -0.8944271909999159664 ) ) ;
#3870 = ORIENTED_EDGE ( 'NONE', *, *, #95, .F. ) ;
#3871 = EDGE_CURVE ( 'NONE', #275, #2598, #2985, .T. ) ;
#3872 = CARTESIAN_POINT ( 'NONE',  ( 12.20729118920410095, 5.649269529859577865, 5.083211862052529284 ) ) ;
#3873 = CARTESIAN_POINT ( 'NONE',  ( 14.08757551546012898, 6.549269529859578221, 4.915211859983056542 ) ) ;
#3874 = VECTOR ( 'NONE', #975, 1000.000000000000000 ) ;
#3875 = ORIENTED_EDGE ( 'NONE', *, *, #3580, .F. ) ;
#3876 = CARTESIAN_POINT ( 'NONE',  ( 9.102012507030844191, 6.549269529859578221, 2.893769090798471666 ) ) ;
#3877 = CIRCLE ( 'NONE', #2745, 0.1999999999999996503 ) ;
#3878 = EDGE_LOOP ( 'NONE', ( #1585, #3151, #2700, #334 ) ) ;
#3879 = DIRECTION ( 'NONE',  ( 1.000000000000000000, -0.000000000000000000, 0.000000000000000000 ) ) ;
#3880 = DIRECTION ( 'NONE',  ( -1.000000000000000000, 0.000000000000000000, 2.774754023183460056E-16 ) ) ;
#3881 = VERTEX_POINT ( 'NONE', #1161 ) ;
#3882 = CIRCLE ( 'NONE', #1742, 1.050000015646217477 ) ;
#3883 = DIRECTION ( 'NONE',  ( -1.000000000000000000, 0.000000000000000000, 0.000000000000000000 ) ) ;
#3884 = VERTEX_POINT ( 'NONE', #558 ) ;
#3885 = DIRECTION ( 'NONE',  ( 0.000000000000000000, 1.000000000000000000, 0.000000000000000000 ) ) ;
#3886 = CARTESIAN_POINT ( 'NONE',  ( 13.81171448435501148, 2.923924876491688973, 5.447816681484182411 ) ) ;
#3887 = ORIENTED_EDGE ( 'NONE', *, *, #1276, .F. ) ;
#3888 = CARTESIAN_POINT ( 'NONE',  ( 13.60729121006571951, 2.149269540290390523, 4.033211835975495596 ) ) ;
#3889 = DIRECTION ( 'NONE',  ( 0.000000000000000000, 1.000000000000000000, 0.000000000000000000 ) ) ;
#3890 = EDGE_CURVE ( 'NONE', #1883, #2597, #1797, .T. ) ;
#3891 = VERTEX_POINT ( 'NONE', #885 ) ;
#3892 = FACE_OUTER_BOUND ( 'NONE', #3820, .T. ) ;
#3893 = DIRECTION ( 'NONE',  ( 0.000000000000000000, 1.000000000000000000, 0.000000000000000000 ) ) ;
#3894 =( BOUNDED_SURFACE ( )  B_SPLINE_SURFACE ( 3, 2, ( 
 ( #2926, #865, #2075 ),
 ( #2342, #3537, #3250 ),
 ( #556, #596, #2481 ),
 ( #2690, #3655, #79 ),
 ( #1873, #962, #304 ),
 ( #2091, #1, #319 ) ),
 .UNSPECIFIED., .F., .F., .F. ) 
 B_SPLINE_SURFACE_WITH_KNOTS ( ( 4, 2, 4 ),
 ( 3, 3 ),
 ( 4.712388980384689674, 5.497787143782137953, 6.283185307179586232 ),
 ( 0.000000000000000000, 1.000000000000000000 ),
 .UNSPECIFIED. ) 
 GEOMETRIC_REPRESENTATION_ITEM ( )  RATIONAL_B_SPLINE_SURFACE ( (
 ( 1.000000000000000000, 0.7071067811865471286, 1.000000000000000000),
 ( 1.000000000000000000, 0.7900730586710137393, 1.000000000000000000),
 ( 1.000000000000000000, 0.8576355999437995647, 1.000000000000000000),
 ( 1.000000000000000000, 0.9492708901843841529, 1.000000000000000000),
 ( 1.000000000000000000, 0.9733837824213206202, 1.000000000000000000),
 ( 1.000000000000000000, 0.9732489894677301967, 1.000000000000000000) ) ) 
 REPRESENTATION_ITEM ( '' )  SURFACE ( )  );
#3895 = EDGE_CURVE ( 'NONE', #105, #1187, #2367, .T. ) ;
ENDSEC;
END-ISO-10303-21;
