ISO-10303-21;
HEADER;
FILE_DESCRIPTION (( 'STEP AP203' ),
    '1' );
FILE_NAME ('Female_End_6.3x4.9_ID3.5mm.STEP',
    '2024-04-29T15:58:34',
    ( '' ),
    ( '' ),
    'SwSTEP 2.0',
    'SolidWorks 2022',
    '' );
FILE_SCHEMA (( 'CONFIG_CONTROL_DESIGN' ));
ENDSEC;

DATA;
#1 = ORIENTED_EDGE ( 'NONE', *, *, #117, .F. ) ;
#2 = EDGE_CURVE ( 'NONE', #1151, #1075, #995, .T. ) ;
#3 = EDGE_LOOP ( 'NONE', ( #1131, #271, #761, #615, #895, #512, #620, #739 ) ) ;
#4 = COORDINATED_UNIVERSAL_TIME_OFFSET ( 1, 0, .AHEAD. ) ;
#5 = CARTESIAN_POINT ( 'NONE',  ( -9.668001098604165122, 9.449999724960381542, -0.9867153539310745680 ) ) ;
#6 = CIRCLE ( 'NONE', #1118, 1.050000015646217477 ) ;
#7 = VECTOR ( 'NONE', #1193, 1000.000000000000000 ) ;
#8 = CARTESIAN_POINT ( 'NONE',  ( -9.019818692928836867, 8.749999714529577588, -0.01664183033900305114 ) ) ;
#9 = CARTESIAN_POINT ( 'NONE',  ( -10.36800111946578973, 6.999999724960383141, -3.436715390438920270 ) ) ;
#10 = EDGE_CURVE ( 'NONE', #989, #1028, #494, .T. ) ;
#11 = CARTESIAN_POINT ( 'NONE',  ( -9.257950587420571864, 5.455024988560611909, 0.5582594189765417436 ) ) ;
#12 = DIRECTION ( 'NONE',  ( 0.000000000000000000, 1.000000000000000000, 0.000000000000000000 ) ) ;
#13 = LINE ( 'NONE', #558, #582 ) ;
#14 = ORIENTED_EDGE ( 'NONE', *, *, #774, .T. ) ;
#15 = DATE_AND_TIME ( #1349, #927 ) ;
#16 = EDGE_CURVE ( 'NONE', #570, #817, #476, .T. ) ;
#17 = DIRECTION ( 'NONE',  ( 1.000000000000000000, 0.000000000000000000, 0.000000000000000000 ) ) ;
#18 = DIRECTION ( 'NONE',  ( -0.4472135954999579277, 0.000000000000000000, 0.8944271909999158554 ) ) ;
#19 = EDGE_LOOP ( 'NONE', ( #1254, #1101, #85, #14, #1408 ) ) ;
#20 = DIRECTION ( 'NONE',  ( 0.000000000000000000, 0.000000000000000000, -1.000000000000000000 ) ) ;
#21 = DIRECTION ( 'NONE',  ( 0.000000000000000000, -1.000000000000000000, 0.000000000000000000 ) ) ;
#22 = AXIS2_PLACEMENT_3D ( 'NONE', #9, #453, #218 ) ;
#23 = CARTESIAN_POINT ( 'NONE',  ( -11.94300120552000877, 6.999999761468229664, -3.436715390438920270 ) ) ;
#24 = AXIS2_PLACEMENT_3D ( 'NONE', #138, #1002, #1210 ) ;
#25 = EDGE_CURVE ( 'NONE', #1075, #173, #209, .T. ) ;
#26 = CIRCLE ( 'NONE', #474, 0.2999999999999999334 ) ;
#27 = CARTESIAN_POINT ( 'NONE',  ( -8.618001082957942316, 9.449999724960381542, -0.9867153539310745680 ) ) ;
#28 = VECTOR ( 'NONE', #666, 1000.000000000000000 ) ;
#29 = DIRECTION ( 'NONE',  ( 0.000000000000000000, 0.000000000000000000, -1.000000000000000000 ) ) ;
#30 = ORIENTED_EDGE ( 'NONE', *, *, #1183, .T. ) ;
#31 = CARTESIAN_POINT ( 'NONE',  ( -8.268001067311724128, 3.849999724960383674, -0.9867153539310745680 ) ) ;
#32 = CARTESIAN_POINT ( 'NONE',  ( -9.019818692928836867, 4.549999724960382963, -0.01664183033900305114 ) ) ;
#33 = DIRECTION ( 'NONE',  ( 0.000000000000000000, 0.000000000000000000, -1.000000000000000000 ) ) ;
#34 = VERTEX_POINT ( 'NONE', #1088 ) ;
#35 = ORIENTED_EDGE ( 'NONE', *, *, #1020, .F. ) ;
#36 = DIRECTION ( 'NONE',  ( -0.3826834323650898928, 0.000000000000000000, 0.9238795325112867385 ) ) ;
#37 = ORIENTED_EDGE ( 'NONE', *, *, #1174, .F. ) ;
#38 = ORIENTED_EDGE ( 'NONE', *, *, #751, .F. ) ;
#39 = EDGE_CURVE ( 'NONE', #320, #1103, #159, .T. ) ;
#40 = DIRECTION ( 'NONE',  ( 0.000000000000000000, -0.7071067811865483499, 0.7071067811865467956 ) ) ;
#41 = FACE_OUTER_BOUND ( 'NONE', #19, .T. ) ;
#42 = AXIS2_PLACEMENT_3D ( 'NONE', #1017, #52, #698 ) ;
#43 = DIRECTION ( 'NONE',  ( 0.000000000000000000, 0.000000000000000000, 1.000000000000000000 ) ) ;
#44 = AXIS2_PLACEMENT_3D ( 'NONE', #527, #326, #220 ) ;
#45 = ORIENTED_EDGE ( 'NONE', *, *, #628, .F. ) ;
#46 = VECTOR ( 'NONE', #403, 1000.000000000000000 ) ;
#47 = EDGE_CURVE ( 'NONE', #752, #1294, #660, .T. ) ;
#48 = EDGE_LOOP ( 'NONE', ( #386, #444, #247, #599 ) ) ;
#49 = DIRECTION ( 'NONE',  ( 0.000000000000000000, 1.000000000000000000, 0.000000000000000000 ) ) ;
#50 = EDGE_CURVE ( 'NONE', #631, #1390, #886, .T. ) ;
#51 = CARTESIAN_POINT ( 'NONE',  ( -9.019818692928836867, 4.549999724960382963, -0.01664183033900305114 ) ) ;
#52 = DIRECTION ( 'NONE',  ( 0.000000000000000000, -1.000000000000000000, 0.000000000000000000 ) ) ;
#53 = VERTEX_POINT ( 'NONE', #118 ) ;
#54 = ORIENTED_EDGE ( 'NONE', *, *, #1123, .F. ) ;
#55 = CARTESIAN_POINT ( 'NONE',  ( -8.618001082957942316, 9.449999724960381542, -0.9867153539310745680 ) ) ;
#56 = EDGE_CURVE ( 'NONE', #1241, #1120, #13, .T. ) ;
#57 = AXIS2_PLACEMENT_3D ( 'NONE', #661, #561, #1403 ) ;
#58 = DATE_TIME_ROLE ( 'classification_date' ) ;
#59 = LINE ( 'NONE', #65, #46 ) ;
#60 = DIRECTION ( 'NONE',  ( 0.000000000000000000, 1.000000000000000000, 0.000000000000000000 ) ) ;
#61 = VERTEX_POINT ( 'NONE', #359 ) ;
#62 = CARTESIAN_POINT ( 'NONE',  ( -8.968001088173350510, 9.099999719744962690, -2.736715380008108323 ) ) ;
#63 = ORIENTED_EDGE ( 'NONE', *, *, #47, .T. ) ;
#64 = PERSON_AND_ORGANIZATION_ROLE ( 'classification_officer' ) ;
#65 = CARTESIAN_POINT ( 'NONE',  ( -13.51800115597362328, 3.849999724960383674, -3.436715390438920270 ) ) ;
#66 = DIRECTION ( 'NONE',  ( 1.000000000000000000, 0.000000000000000000, 0.000000000000000000 ) ) ;
#67 = ORIENTED_EDGE ( 'NONE', *, *, #1209, .T. ) ;
#68 = CIRCLE ( 'NONE', #323, 1.050000015646217477 ) ;
#69 = AXIS2_PLACEMENT_3D ( 'NONE', #1069, #470, #748 ) ;
#70 = ORIENTED_EDGE ( 'NONE', *, *, #836, .T. ) ;
#71 = AXIS2_PLACEMENT_3D ( 'NONE', #55, #493, #912 ) ;
#72 = DIRECTION ( 'NONE',  ( 1.000000000000000000, 0.000000000000000000, 0.000000000000000000 ) ) ;
#73 = CARTESIAN_POINT ( 'NONE',  ( -10.36800111946578973, 6.999999724960383141, -2.736715390438920092 ) ) ;
#74 = EDGE_CURVE ( 'NONE', #240, #1004, #134, .T. ) ;
#75 = CARTESIAN_POINT ( 'NONE',  ( -11.06800111946578902, 5.949999735391195976, -2.736715380008108323 ) ) ;
#76 = ORIENTED_EDGE ( 'NONE', *, *, #413, .F. ) ;
#77 = EDGE_CURVE ( 'NONE', #402, #1240, #915, .T. ) ;
#78 = ORIENTED_EDGE ( 'NONE', *, *, #675, .T. ) ;
#79 = LINE ( 'NONE', #870, #715 ) ;
#80 = LINE ( 'NONE', #89, #563 ) ;
#81 = CARTESIAN_POINT ( 'NONE',  ( -10.06800111946578902, 8.749999714529577588, 0.06328467214595895340 ) ) ;
#82 = ORIENTED_EDGE ( 'NONE', *, *, #1237, .F. ) ;
#83 = DIRECTION ( 'NONE',  ( 1.000000000000000000, 0.000000000000000000, 0.000000000000000000 ) ) ;
#84 = EDGE_CURVE ( 'NONE', #1103, #752, #230, .T. ) ;
#85 = ORIENTED_EDGE ( 'NONE', *, *, #822, .T. ) ;
#86 = EDGE_CURVE ( 'NONE', #1262, #405, #1230, .T. ) ;
#87 = FACE_BOUND ( 'NONE', #746, .T. ) ;
#88 = CARTESIAN_POINT ( 'NONE',  ( -12.50300120552000926, 6.999999761468229664, -3.436715390438920270 ) ) ;
#89 = CARTESIAN_POINT ( 'NONE',  ( -11.06800111946578902, 8.544974461360155260, -2.531690126838690880 ) ) ;
#90 = DIRECTION ( 'NONE',  ( 0.000000000000000000, -1.000000000000000000, 0.000000000000000000 ) ) ;
#91 = ORIENTED_EDGE ( 'NONE', *, *, #10, .F. ) ;
#92 = PLANE ( 'NONE',  #1211 ) ;
#93 = ORIENTED_EDGE ( 'NONE', *, *, #372, .T. ) ;
#94 = APPROVAL_STATUS ( 'not_yet_approved' ) ;
#95 = CIRCLE ( 'NONE', #690, 1.000000000000000000 ) ;
#96 = PRODUCT_DEFINITION_SHAPE ( 'NONE', 'NONE',  #640 ) ;
#97 = VECTOR ( 'NONE', #298, 1000.000000000000000 ) ;
#98 = DIRECTION ( 'NONE',  ( -0.3826834323650898928, 0.000000000000000000, 0.9238795325112867385 ) ) ;
#99 = CARTESIAN_POINT ( 'NONE',  ( -9.070513714758060786, 8.544974461360155260, -2.531690126838690880 ) ) ;
#100 = ORIENTED_EDGE ( 'NONE', *, *, #675, .F. ) ;
#101 = CARTESIAN_POINT ( 'NONE',  ( -13.20300121595082032, 6.999999761468229664, -2.736715380008108323 ) ) ;
#102 = ORIENTED_EDGE ( 'NONE', *, *, #426, .F. ) ;
#103 = CC_DESIGN_PERSON_AND_ORGANIZATION_ASSIGNMENT ( #184, #64, ( #621 ) ) ;
#104 = LINE ( 'NONE', #1394, #449 ) ;
#105 = ORIENTED_EDGE ( 'NONE', *, *, #1183, .F. ) ;
#106 = DIRECTION ( 'NONE',  ( 0.000000000000000000, 0.000000000000000000, 1.000000000000000000 ) ) ;
#107 = CARTESIAN_POINT ( 'NONE',  ( -10.06800111946578902, 5.949999735391195976, -2.036715380008108145 ) ) ;
#108 = ORIENTED_EDGE ( 'NONE', *, *, #16, .F. ) ;
#109 = EDGE_CURVE ( 'NONE', #459, #225, #608, .T. ) ;
#110 = FACE_OUTER_BOUND ( 'NONE', #1383, .T. ) ;
#111 = DIRECTION ( 'NONE',  ( 0.000000000000000000, -1.000000000000000000, 0.000000000000000000 ) ) ;
#112 = DIRECTION ( 'NONE',  ( -0.000000000000000000, 0.000000000000000000, 1.000000000000000000 ) ) ;
#113 = CARTESIAN_POINT ( 'NONE',  ( -10.06800111946578902, 5.949999735391195976, -2.736715380008108323 ) ) ;
#114 = AXIS2_PLACEMENT_3D ( 'NONE', #468, #999, #478 ) ;
#115 = CARTESIAN_POINT ( 'NONE',  ( -10.36800111946578973, 5.949999735391195976, -2.036715380008108145 ) ) ;
#116 = CONICAL_SURFACE ( 'NONE', #716, 0.5599999999999997202, 0.7853981633974476129 ) ;
#117 = EDGE_CURVE ( 'NONE', #1241, #676, #68, .T. ) ;
#118 = CARTESIAN_POINT ( 'NONE',  ( -10.06800111946578902, 8.049999714529571193, 0.7632846721459588535 ) ) ;
#119 = EDGE_LOOP ( 'NONE', ( #1332, #510, #1340, #30, #838, #108, #339, #316, #93, #1343, #809, #521 ) ) ;
#120 = DIRECTION ( 'NONE',  ( 0.000000000000000000, 0.000000000000000000, 1.000000000000000000 ) ) ;
#121 = CARTESIAN_POINT ( 'NONE',  ( -11.06800111946578902, 5.455024988560611909, -2.531690126838690880 ) ) ;
#122 = LINE ( 'NONE', #578, #214 ) ;
#123 = CARTESIAN_POINT ( 'NONE',  ( -9.070513714758060786, 5.455024988560611909, -2.531690126838690880 ) ) ;
#124 = DIRECTION ( 'NONE',  ( 0.000000000000000000, 1.000000000000000000, 0.000000000000000000 ) ) ;
#125 = ORIENTED_EDGE ( 'NONE', *, *, #1318, .F. ) ;
#126 = COORDINATED_UNIVERSAL_TIME_OFFSET ( 1, 0, .AHEAD. ) ;
#127 = CARTESIAN_POINT ( 'NONE',  ( -9.342874827912321933, 8.049999714529571193, 0.7632846721459588535 ) ) ;
#128 = CARTESIAN_POINT ( 'NONE',  ( -8.968001088173350510, 5.949999735391195976, -2.736715380008108323 ) ) ;
#129 = FACE_OUTER_BOUND ( 'NONE', #916, .T. ) ;
#130 = ADVANCED_FACE ( 'NONE', ( #1339 ), #395, .F. ) ;
#131 = CARTESIAN_POINT ( 'NONE',  ( -8.618001082957942316, 4.549999724960382963, -3.436715390438920270 ) ) ;
#132 = VERTEX_POINT ( 'NONE', #1027 ) ;
#133 = DIRECTION ( 'NONE',  ( 0.000000000000000000, 1.000000000000000000, 0.000000000000000000 ) ) ;
#134 = CIRCLE ( 'NONE', #1207, 0.6999999999999999556 ) ;
#135 = DIRECTION ( 'NONE',  ( -0.4472135954999579277, 0.000000000000000000, 0.8944271909999158554 ) ) ;
#136 = VECTOR ( 'NONE', #842, 1000.000000000000000 ) ;
#137 = AXIS2_PLACEMENT_3D ( 'NONE', #1001, #1107, #775 ) ;
#138 = CARTESIAN_POINT ( 'NONE',  ( -10.06800111946578902, 5.949999735391195976, -2.036715380008108145 ) ) ;
#139 = CIRCLE ( 'NONE', #937, 0.5599999999999997202 ) ;
#140 = CARTESIAN_POINT ( 'NONE',  ( -8.968001088173350510, 5.949999735391195976, -2.736715380008108323 ) ) ;
#141 = ORIENTED_EDGE ( 'NONE', *, *, #865, .F. ) ;
#142 = CARTESIAN_POINT ( 'NONE',  ( -9.019818692928836867, 9.449999724960381542, -0.01664183033900305114 ) ) ;
#143 = DIRECTION ( 'NONE',  ( 1.000000000000000000, 0.000000000000000000, 0.000000000000000000 ) ) ;
#144 = CARTESIAN_POINT ( 'NONE',  ( -11.06800111946578902, 5.949999735391195976, -2.036715380008108145 ) ) ;
#145 = EDGE_CURVE ( 'NONE', #1040, #53, #1041, .T. ) ;
#146 = FACE_OUTER_BOUND ( 'NONE', #1175, .T. ) ;
#147 = ADVANCED_FACE ( 'NONE', ( #1137 ), #515, .T. ) ;
#148 = DIRECTION ( 'NONE',  ( 1.000000000000000000, 0.000000000000000000, 0.000000000000000000 ) ) ;
#149 = ORIENTED_EDGE ( 'NONE', *, *, #882, .T. ) ;
#150 = ORIENTED_EDGE ( 'NONE', *, *, #273, .F. ) ;
#151 = DIRECTION ( 'NONE',  ( 0.000000000000000000, -0.000000000000000000, -1.000000000000000000 ) ) ;
#152 = CALENDAR_DATE ( 2024, 29, 4 ) ;
#153 = CARTESIAN_POINT ( 'NONE',  ( -12.50317791303750070, 9.449999724960381542, 1.463284682576770468 ) ) ;
#154 = DIRECTION ( 'NONE',  ( 0.000000000000000000, -1.000000000000000000, 0.000000000000000000 ) ) ;
#155 = ORIENTED_EDGE ( 'NONE', *, *, #167, .F. ) ;
#156 = ORIENTED_EDGE ( 'NONE', *, *, #1064, .T. ) ;
#157 = CARTESIAN_POINT ( 'NONE',  ( -9.052925334251154865, 8.749999714529577588, 0.06328467214595895340 ) ) ;
#158 = DIRECTION ( 'NONE',  ( 0.000000000000000000, -1.000000000000000000, 0.000000000000000000 ) ) ;
#159 = CIRCLE ( 'NONE', #22, 3.149999999999999467 ) ;
#160 = CARTESIAN_POINT ( 'NONE',  ( -10.06800111946578902, 9.049999714529571193, -2.036715380008108145 ) ) ;
#161 = AXIS2_PLACEMENT_3D ( 'NONE', #1071, #635, #1179 ) ;
#162 = ORIENTED_EDGE ( 'NONE', *, *, #836, .F. ) ;
#163 = EDGE_CURVE ( 'NONE', #1126, #552, #574, .T. ) ;
#164 =( BOUNDED_CURVE ( )  B_SPLINE_CURVE ( 3, ( #404, #1060, #431, #99 ),
 .UNSPECIFIED., .F., .T. ) 
 B_SPLINE_CURVE_WITH_KNOTS ( ( 4, 4 ),
 ( 4.712388980384689674, 5.497787143782137065 ),
 .UNSPECIFIED. ) 
 CURVE ( )  GEOMETRIC_REPRESENTATION_ITEM ( )  RATIONAL_B_SPLINE_CURVE ( ( 1.000000000000000000, 0.9492530216741912330, 0.9492530216741912330, 1.000000000000000000 ) ) 
 REPRESENTATION_ITEM ( '' )  );
#165 = AXIS2_PLACEMENT_3D ( 'NONE', #956, #853, #1173 ) ;
#166 = ADVANCED_FACE ( 'NONE', ( #367 ), #807, .F. ) ;
#167 = EDGE_CURVE ( 'NONE', #1268, #566, #95, .T. ) ;
#168 = ORIENTED_EDGE ( 'NONE', *, *, #1247, .T. ) ;
#169 = SECURITY_CLASSIFICATION_LEVEL ( 'unclassified' ) ;
#170 = CC_DESIGN_PERSON_AND_ORGANIZATION_ASSIGNMENT ( #787, #1221, ( #597 ) ) ;
#171 = DIRECTION ( 'NONE',  ( 0.000000000000000000, -1.000000000000000000, 0.000000000000000000 ) ) ;
#172 = EDGE_LOOP ( 'NONE', ( #412, #669, #1, #1213 ) ) ;
#173 = VERTEX_POINT ( 'NONE', #797 ) ;
#174 = EDGE_CURVE ( 'NONE', #530, #1250, #1356, .T. ) ;
#175 = LINE ( 'NONE', #629, #1068 ) ;
#176 = ORIENTED_EDGE ( 'NONE', *, *, #923, .F. ) ;
#177 = VERTEX_POINT ( 'NONE', #266 ) ;
#178 = EDGE_CURVE ( 'NONE', #676, #400, #385, .T. ) ;
#179 = ADVANCED_FACE ( 'NONE', ( #913 ), #391, .F. ) ;
#180 = CARTESIAN_POINT ( 'NONE',  ( -9.632824325894073780, 9.449999724960381542, 1.463284682576770468 ) ) ;
#181 = ORIENTED_EDGE ( 'NONE', *, *, #1168, .F. ) ;
#182 = CONICAL_SURFACE ( 'NONE', #976, 0.5599999999999997202, 0.7853981633974476129 ) ;
#183 = VERTEX_POINT ( 'NONE', #1346 ) ;
#184 = PERSON_AND_ORGANIZATION ( #442, #704 ) ;
#185 = VECTOR ( 'NONE', #466, 1000.000000000000000 ) ;
#186 = EDGE_CURVE ( 'NONE', #183, #1029, #262, .T. ) ;
#187 = FACE_OUTER_BOUND ( 'NONE', #1376, .T. ) ;
#188 = CARTESIAN_POINT ( 'NONE',  ( -8.618001082957942316, 4.549999724960382963, -0.9867153539310745680 ) ) ;
#189 = ORIENTED_EDGE ( 'NONE', *, *, #335, .F. ) ;
#190 = EDGE_CURVE ( 'NONE', #1170, #406, #777, .T. ) ;
#191 = ORIENTED_EDGE ( 'NONE', *, *, #946, .F. ) ;
#192 = DIRECTION ( 'NONE',  ( 0.000000000000000000, -1.000000000000000000, 0.000000000000000000 ) ) ;
#193 = DIRECTION ( 'NONE',  ( 0.000000000000000000, 0.000000000000000000, 1.000000000000000000 ) ) ;
#194 = CC_DESIGN_APPROVAL ( #514, ( #640 ) ) ;
#195 = DIRECTION ( 'NONE',  ( -1.000000000000000000, 0.000000000000000000, 0.000000000000000000 ) ) ;
#196 = FACE_OUTER_BOUND ( 'NONE', #868, .T. ) ;
#197 = ORIENTED_EDGE ( 'NONE', *, *, #1247, .F. ) ;
#198 = FACE_OUTER_BOUND ( 'NONE', #1389, .T. ) ;
#199 = ORIENTED_EDGE ( 'NONE', *, *, #341, .T. ) ;
#200 =( NAMED_UNIT ( * ) SI_UNIT ( $, .STERADIAN. ) SOLID_ANGLE_UNIT ( ) );
#201 = CARTESIAN_POINT ( 'NONE',  ( -9.342874827912321933, 8.049999714529571193, 0.7632846721459588535 ) ) ;
#202 = DIRECTION ( 'NONE',  ( 1.000000000000000000, 0.000000000000000000, 0.000000000000000000 ) ) ;
#203 = CARTESIAN_POINT ( 'NONE',  ( -10.06800111946578902, 8.049999714529571193, 0.7632846721459588535 ) ) ;
#204 = FACE_BOUND ( 'NONE', #486, .T. ) ;
#205 = DIRECTION ( 'NONE',  ( -0.9238795325112867385, 0.000000000000000000, -0.3826834323650899483 ) ) ;
#206 = ORIENTED_EDGE ( 'NONE', *, *, #174, .F. ) ;
#207 = CARTESIAN_POINT ( 'NONE',  ( -9.668001098604165122, 9.449999724960381542, -0.9867153539310745680 ) ) ;
#208 = ORIENTED_EDGE ( 'NONE', *, *, #526, .T. ) ;
#209 = CIRCLE ( 'NONE', #871, 1.260000010430811335 ) ;
#210 = ADVANCED_FACE ( 'NONE', ( #919 ), #928, .T. ) ;
#211 = PERSON_AND_ORGANIZATION_ROLE ( 'design_owner' ) ;
#212 = AXIS2_PLACEMENT_3D ( 'NONE', #1050, #441, #1160 ) ;
#213 = CARTESIAN_POINT ( 'NONE',  ( -10.32490079388480453, 8.503564684034463639, -2.736715380008107878 ) ) ;
#214 = VECTOR ( 'NONE', #244, 1000.000000000000000 ) ;
#215 = CIRCLE ( 'NONE', #401, 1.000000000000000000 ) ;
#216 = EDGE_LOOP ( 'NONE', ( #1022, #322, #1087, #1370, #155 ) ) ;
#217 = CARTESIAN_POINT ( 'NONE',  ( -11.06800111946578902, 8.049999714529571193, -2.736715380008108323 ) ) ;
#218 = DIRECTION ( 'NONE',  ( 0.000000000000000000, -1.000000000000000000, 0.000000000000000000 ) ) ;
#219 = DIRECTION ( 'NONE',  ( 1.000000000000000000, 0.000000000000000000, 0.000000000000000000 ) ) ;
#220 = DIRECTION ( 'NONE',  ( 1.000000000000000000, 0.000000000000000000, 0.000000000000000000 ) ) ;
#221 = EDGE_CURVE ( 'NONE', #1120, #1125, #6, .T. ) ;
#222 =( BOUNDED_CURVE ( )  B_SPLINE_CURVE ( 3, ( #127, #573, #799, #684 ),
 .UNSPECIFIED., .F., .F. ) 
 B_SPLINE_CURVE_WITH_KNOTS ( ( 4, 4 ),
 ( 6.938893903907239224E-16, 0.7853981633974506105 ),
 .UNSPECIFIED. ) 
 CURVE ( )  GEOMETRIC_REPRESENTATION_ITEM ( )  RATIONAL_B_SPLINE_CURVE ( ( 1.000000000000000000, 0.9492530216741910110, 0.9492530216741910110, 1.000000000000000000 ) ) 
 REPRESENTATION_ITEM ( '' )  );
#223 = VERTEX_POINT ( 'NONE', #274 ) ;
#224 = CARTESIAN_POINT ( 'NONE',  ( -10.36800111946578973, 10.14999972496038261, -3.436715390438920270 ) ) ;
#225 = VERTEX_POINT ( 'NONE', #614 ) ;
#226 = CYLINDRICAL_SURFACE ( 'NONE', #639, 0.2999999999999999334 ) ;
#227 = FACE_OUTER_BOUND ( 'NONE', #432, .T. ) ;
#228 = ADVANCED_FACE ( 'NONE', ( #618 ), #1034, .T. ) ;
#229 = CARTESIAN_POINT ( 'NONE',  ( -9.130852479710627634, 5.249999735391196687, 0.2514174435912421846 ) ) ;
#230 = LINE ( 'NONE', #1190, #447 ) ;
#231 = ORIENTED_EDGE ( 'NONE', *, *, #485, .T. ) ;
#232 = DIRECTION ( 'NONE',  ( 0.000000000000000000, 0.000000000000000000, 1.000000000000000000 ) ) ;
#233 = CARTESIAN_POINT ( 'NONE',  ( -11.06800111946578902, 8.049999714529571193, 0.7632846721459588535 ) ) ;
#234 = AXIS2_PLACEMENT_3D ( 'NONE', #1366, #790, #1225 ) ;
#235 = DIRECTION ( 'NONE',  ( 0.000000000000000000, 0.000000000000000000, 1.000000000000000000 ) ) ;
#236 = CARTESIAN_POINT ( 'NONE',  ( -10.36800111946578973, 3.849999724960383674, 1.463284682576770468 ) ) ;
#237 = AXIS2_PLACEMENT_3D ( 'NONE', #1319, #1116, #1336 ) ;
#238 = CARTESIAN_POINT ( 'NONE',  ( -10.06800111946578902, 5.949999735391195976, 0.06328467214595895340 ) ) ;
#239 = APPLICATION_CONTEXT ( 'configuration controlled 3d designs of mechanical parts and assemblies' ) ;
#240 = VERTEX_POINT ( 'NONE', #256 ) ;
#241 = EDGE_CURVE ( 'NONE', #965, #1028, #687, .T. ) ;
#242 = CYLINDRICAL_SURFACE ( 'NONE', #517, 2.450000036507845369 ) ;
#243 = CARTESIAN_POINT ( 'NONE',  ( -9.614169025001400470, 8.749999714529577588, 1.418246802151530206 ) ) ;
#244 = DIRECTION ( 'NONE',  ( 0.7071067811865470176, 0.000000000000000000, 0.7071067811865480168 ) ) ;
#245 = FACE_OUTER_BOUND ( 'NONE', #1269, .T. ) ;
#246 = VERTEX_POINT ( 'NONE', #1169 ) ;
#247 = ORIENTED_EDGE ( 'NONE', *, *, #163, .T. ) ;
#248 = PERSON_AND_ORGANIZATION ( #442, #704 ) ;
#249 = CARTESIAN_POINT ( 'NONE',  ( -10.06800111946578902, 8.749999714529577588, -2.036715380008108145 ) ) ;
#250 = VECTOR ( 'NONE', #622, 1000.000000000000000 ) ;
#251 = FACE_OUTER_BOUND ( 'NONE', #3, .T. ) ;
#252 = CARTESIAN_POINT ( 'NONE',  ( -9.668001098604165122, 9.449999724960381542, -1.336715359146480431 ) ) ;
#253 = LINE ( 'NONE', #901, #28 ) ;
#254 = CC_DESIGN_PERSON_AND_ORGANIZATION_ASSIGNMENT ( #248, #1112, ( #597 ) ) ;
#255 = DIRECTION ( 'NONE',  ( 1.000000000000000000, 0.000000000000000000, 0.000000000000000000 ) ) ;
#256 = CARTESIAN_POINT ( 'NONE',  ( -10.06800111946578902, 5.455024988560611909, 0.5582594189765416326 ) ) ;
#257 = ORIENTED_EDGE ( 'NONE', *, *, #445, .F. ) ;
#258 = CARTESIAN_POINT ( 'NONE',  ( -8.618001082957942316, 3.849999724960383674, 1.463284682576770468 ) ) ;
#259 = DIRECTION ( 'NONE',  ( 0.000000000000000000, -1.000000000000000000, 0.000000000000000000 ) ) ;
#260 = EDGE_CURVE ( 'NONE', #225, #605, #309, .T. ) ;
#261 = CARTESIAN_POINT ( 'NONE',  ( -10.36800111946578973, 4.949999735391195976, -0.9867153539310745680 ) ) ;
#262 = CIRCLE ( 'NONE', #847, 0.2999999999999999334 ) ;
#263 = DIRECTION ( 'NONE',  ( 1.000000000000000000, 0.000000000000000000, 0.000000000000000000 ) ) ;
#264 = AXIS2_PLACEMENT_3D ( 'NONE', #436, #1292, #1205 ) ;
#265 = VECTOR ( 'NONE', #802, 1000.000000000000000 ) ;
#266 = CARTESIAN_POINT ( 'NONE',  ( -9.342874827912321933, 5.949999735391195976, 0.7632846721459588535 ) ) ;
#267 = ORIENTED_EDGE ( 'NONE', *, *, #1397, .T. ) ;
#268 = DIRECTION ( 'NONE',  ( 0.000000000000000000, 1.000000000000000000, 0.000000000000000000 ) ) ;
#269 = DIRECTION ( 'NONE',  ( 1.000000000000000000, 0.000000000000000000, 0.000000000000000000 ) ) ;
#270 = ORIENTED_EDGE ( 'NONE', *, *, #786, .T. ) ;
#271 = ORIENTED_EDGE ( 'NONE', *, *, #1044, .T. ) ;
#272 = CARTESIAN_POINT ( 'NONE',  ( -8.618001082957942316, 4.549999724960382963, 1.463284682576770468 ) ) ;
#273 = EDGE_CURVE ( 'NONE', #1294, #183, #1320, .T. ) ;
#274 = CARTESIAN_POINT ( 'NONE',  ( -8.618001082957942316, 10.14999972496038261, -3.436715390438920270 ) ) ;
#275 = ORIENTED_EDGE ( 'NONE', *, *, #1393, .T. ) ;
#276 = ORIENTED_EDGE ( 'NONE', *, *, #1270, .F. ) ;
#277 = DIRECTION ( 'NONE',  ( -1.000000000000000000, 0.000000000000000000, 0.000000000000000000 ) ) ;
#278 = PRODUCT ( 'Female_End_6.3x4.9_ID3.5mm', 'Female_End_6.3x4.9_ID3.5mm', '', ( #550 ) ) ;
#279 = AXIS2_PLACEMENT_3D ( 'NONE', #293, #650, #749 ) ;
#280 = VECTOR ( 'NONE', #36, 1000.000000000000000 ) ;
#281 = CARTESIAN_POINT ( 'NONE',  ( -8.618001082957942316, 4.549999724960382963, -0.9867153539310745680 ) ) ;
#282 = VECTOR ( 'NONE', #1222, 1000.000000000000000 ) ;
#283 = ORIENTED_EDGE ( 'NONE', *, *, #426, .T. ) ;
#284 = VECTOR ( 'NONE', #350, 1000.000000000000000 ) ;
#285 = ORIENTED_EDGE ( 'NONE', *, *, #1297, .F. ) ;
#286 = DIRECTION ( 'NONE',  ( 0.000000000000000000, 0.000000000000000000, -1.000000000000000000 ) ) ;
#287 = APPROVAL_DATE_TIME ( #1015, #1327 ) ;
#288 = DIRECTION ( 'NONE',  ( 0.000000000000000000, -1.000000000000000000, 0.000000000000000000 ) ) ;
#289 = CARTESIAN_POINT ( 'NONE',  ( -8.618001082957942316, 9.449999724960381542, -3.436715390438920270 ) ) ;
#290 = VERTEX_POINT ( 'NONE', #964 ) ;
#291 = ORIENTED_EDGE ( 'NONE', *, *, #1365, .T. ) ;
#292 = CIRCLE ( 'NONE', #388, 0.6999999999999999556 ) ;
#293 = CARTESIAN_POINT ( 'NONE',  ( -10.06800111946578902, 8.049999714529571193, -2.036715380008108145 ) ) ;
#294 = EDGE_LOOP ( 'NONE', ( #368, #663, #1095, #1233, #667, #102, #105 ) ) ;
#295 = CARTESIAN_POINT ( 'NONE',  ( -10.36800111946578973, 8.049999714529571193, 1.063284672145958787 ) ) ;
#296 = ORIENTED_EDGE ( 'NONE', *, *, #1054, .F. ) ;
#297 = ADVANCED_FACE ( 'NONE', ( #314 ), #1272, .T. ) ;
#298 = DIRECTION ( 'NONE',  ( -0.000000000000000000, 0.000000000000000000, 1.000000000000000000 ) ) ;
#299 = CARTESIAN_POINT ( 'NONE',  ( -7.568001067311724839, 9.449999724960381542, -0.9867153539310745680 ) ) ;
#300 = DIRECTION ( 'NONE',  ( 0.000000000000000000, -1.000000000000000000, 0.000000000000000000 ) ) ;
#301 = ORIENTED_EDGE ( 'NONE', *, *, #751, .T. ) ;
#302 = AXIS2_PLACEMENT_3D ( 'NONE', #1124, #1253, #33 ) ;
#303 = AXIS2_PLACEMENT_3D ( 'NONE', #754, #672, #889 ) ;
#304 = ORIENTED_EDGE ( 'NONE', *, *, #1297, .T. ) ;
#305 = AXIS2_PLACEMENT_3D ( 'NONE', #832, #72, #722 ) ;
#306 = DIRECTION ( 'NONE',  ( -0.000000000000000000, 0.000000000000000000, 1.000000000000000000 ) ) ;
#307 = CARTESIAN_POINT ( 'NONE',  ( -8.618001082957942316, 3.849999724960383674, -0.9867153539310745680 ) ) ;
#308 = ADVANCED_FACE ( 'NONE', ( #196 ), #1375, .F. ) ;
#309 = LINE ( 'NONE', #410, #1021 ) ;
#310 = ORIENTED_EDGE ( 'NONE', *, *, #1123, .T. ) ;
#311 = ORIENTED_EDGE ( 'NONE', *, *, #534, .F. ) ;
#312 = CARTESIAN_POINT ( 'NONE',  ( -9.019818692928836867, 9.449999724960381542, -0.01664183033900305114 ) ) ;
#313 = ADVANCED_FACE ( 'NONE', ( #1286 ), #559, .F. ) ;
#314 = FACE_OUTER_BOUND ( 'NONE', #1047, .T. ) ;
#315 = ORIENTED_EDGE ( 'NONE', *, *, #1102, .F. ) ;
#316 = ORIENTED_EDGE ( 'NONE', *, *, #606, .T. ) ;
#317 =( NAMED_UNIT ( * ) PLANE_ANGLE_UNIT ( ) SI_UNIT ( $, .RADIAN. ) );
#318 = CARTESIAN_POINT ( 'NONE',  ( -11.94300120552000877, 6.999999761468229664, -3.436715390438920270 ) ) ;
#319 = CARTESIAN_POINT ( 'NONE',  ( -10.21141511961111270, 8.268757293159408661, -2.736715380008108323 ) ) ;
#320 = VERTEX_POINT ( 'NONE', #953 ) ;
#321 = CARTESIAN_POINT ( 'NONE',  ( -12.50317791303750070, 3.849999724960383674, 1.463284682576770468 ) ) ;
#322 = ORIENTED_EDGE ( 'NONE', *, *, #74, .F. ) ;
#323 = AXIS2_PLACEMENT_3D ( 'NONE', #1304, #331, #767 ) ;
#324 = ORIENTED_EDGE ( 'NONE', *, *, #186, .F. ) ;
#325 = CIRCLE ( 'NONE', #496, 0.6999999999999999556 ) ;
#326 = DIRECTION ( 'NONE',  ( 0.000000000000000000, 0.000000000000000000, 1.000000000000000000 ) ) ;
#327 = AXIS2_PLACEMENT_3D ( 'NONE', #498, #384, #1058 ) ;
#328 = CIRCLE ( 'NONE', #831, 1.050000015646217477 ) ;
#329 = VERTEX_POINT ( 'NONE', #942 ) ;
#330 = CARTESIAN_POINT ( 'NONE',  ( -9.668001098604165122, 8.749999714529577588, -1.336715359146480431 ) ) ;
#331 = DIRECTION ( 'NONE',  ( 0.000000000000000000, 1.000000000000000000, 0.000000000000000000 ) ) ;
#332 = APPROVAL_DATE_TIME ( #656, #514 ) ;
#333 = EDGE_CURVE ( 'NONE', #945, #405, #714, .T. ) ;
#334 = LINE ( 'NONE', #904, #541 ) ;
#335 = EDGE_CURVE ( 'NONE', #852, #997, #164, .T. ) ;
#336 = DIRECTION ( 'NONE',  ( 1.000000000000000000, 0.000000000000000000, 0.000000000000000000 ) ) ;
#337 = CARTESIAN_POINT ( 'NONE',  ( -11.94300120552000877, 6.999999761468229664, -3.436715390438920270 ) ) ;
#338 = ORIENTED_EDGE ( 'NONE', *, *, #961, .T. ) ;
#339 = ORIENTED_EDGE ( 'NONE', *, *, #1141, .F. ) ;
#340 = CARTESIAN_POINT ( 'NONE',  ( -11.94300120552000877, 6.999999761468229664, -3.436715390438920270 ) ) ;
#341 = EDGE_CURVE ( 'NONE', #1029, #378, #892, .T. ) ;
#342 = LINE ( 'NONE', #890, #284 ) ;
#343 = CARTESIAN_POINT ( 'NONE',  ( -9.632824325894073780, 4.549999724960382963, 1.463284682576770468 ) ) ;
#344 = CARTESIAN_POINT ( 'NONE',  ( -10.06800111946578902, 8.049999714529571193, 0.06328467214595895340 ) ) ;
#345 = ORIENTED_EDGE ( 'NONE', *, *, #1393, .F. ) ;
#346 = DIRECTION ( 'NONE',  ( 0.000000000000000000, -1.000000000000000000, 0.000000000000000000 ) ) ;
#347 = AXIS2_PLACEMENT_3D ( 'NONE', #717, #932, #171 ) ;
#348 = CARTESIAN_POINT ( 'NONE',  ( -8.968001098604160504, 3.849999724960383674, -0.9867153539310745680 ) ) ;
#349 = CIRCLE ( 'NONE', #469, 3.149999999999999467 ) ;
#350 = DIRECTION ( 'NONE',  ( 0.000000000000000000, 0.000000000000000000, -1.000000000000000000 ) ) ;
#351 = EDGE_CURVE ( 'NONE', #1103, #223, #175, .T. ) ;
#352 = DIRECTION ( 'NONE',  ( 0.000000000000000000, -1.000000000000000000, 0.000000000000000000 ) ) ;
#353 = ORIENTED_EDGE ( 'NONE', *, *, #1171, .F. ) ;
#354 = DATE_AND_TIME ( #990, #1289 ) ;
#355 = DIRECTION ( 'NONE',  ( -1.000000000000000000, -0.000000000000000000, -0.000000000000000000 ) ) ;
#356 = CARTESIAN_POINT ( 'NONE',  ( -8.618001082957942316, 8.749999714529577588, -0.9867153539310745680 ) ) ;
#357 = CARTESIAN_POINT ( 'NONE',  ( -8.618001082957942316, 4.549999724960382963, -0.9867153539310745680 ) ) ;
#358 = CARTESIAN_POINT ( 'NONE',  ( -9.318001088173351931, 5.249999735391195799, -2.036715380008108145 ) ) ;
#359 = CARTESIAN_POINT ( 'NONE',  ( -7.568001067311724839, 4.549999724960382963, -0.9867153539310745680 ) ) ;
#360 = ORIENTED_EDGE ( 'NONE', *, *, #533, .F. ) ;
#361 = APPROVAL_DATE_TIME ( #354, #1301 ) ;
#362 = DIRECTION ( 'NONE',  ( -0.000000000000000000, -1.000000000000000000, -0.000000000000000000 ) ) ;
#363 = AXIS2_PLACEMENT_3D ( 'NONE', #646, #869, #747 ) ;
#364 = CARTESIAN_POINT ( 'NONE',  ( -8.618001082957942316, 4.549999724960382963, -0.9867153539310745680 ) ) ;
#365 = CARTESIAN_POINT ( 'NONE',  ( -8.618001082957942316, 3.849999724960383674, -0.9867153539310745680 ) ) ;
#366 = CYLINDRICAL_SURFACE ( 'NONE', #397, 1.050000015646217477 ) ;
#367 = FACE_OUTER_BOUND ( 'NONE', #636, .T. ) ;
#368 = ORIENTED_EDGE ( 'NONE', *, *, #260, .F. ) ;
#369 = EDGE_CURVE ( 'NONE', #484, #177, #1388, .T. ) ;
#370 = ORIENTED_EDGE ( 'NONE', *, *, #369, .F. ) ;
#371 = DIRECTION ( 'NONE',  ( -0.000000000000000000, 1.000000000000000000, 0.000000000000000000 ) ) ;
#372 = EDGE_CURVE ( 'NONE', #940, #1073, #624, .T. ) ;
#373 = AXIS2_PLACEMENT_3D ( 'NONE', #1361, #709, #488 ) ;
#374 = TOROIDAL_SURFACE ( 'NONE', #114, 1.000000000000000000, 0.2999999999999999889 ) ;
#375 = VECTOR ( 'NONE', #443, 1000.000000000000000 ) ;
#376 = CARTESIAN_POINT ( 'NONE',  ( -8.618001082957942316, 9.449999724960381542, -0.9867153539310745680 ) ) ;
#377 = ORIENTED_EDGE ( 'NONE', *, *, #840, .T. ) ;
#378 = VERTEX_POINT ( 'NONE', #1046 ) ;
#379 = CARTESIAN_POINT ( 'NONE',  ( -10.21142586890311321, 5.731223252776981525, -2.736715380008107878 ) ) ;
#380 = EDGE_CURVE ( 'NONE', #552, #505, #1267, .T. ) ;
#381 = EDGE_CURVE ( 'NONE', #173, #1075, #421, .T. ) ;
#382 = ADVANCED_FACE ( 'NONE', ( #736 ), #1164, .F. ) ;
#383 = APPROVAL_STATUS ( 'not_yet_approved' ) ;
#384 = DIRECTION ( 'NONE',  ( 0.000000000000000000, -1.000000000000000000, 0.000000000000000000 ) ) ;
#385 = LINE ( 'NONE', #281, #280 ) ;
#386 = ORIENTED_EDGE ( 'NONE', *, *, #1199, .T. ) ;
#387 = ORIENTED_EDGE ( 'NONE', *, *, #1097, .T. ) ;
#388 = AXIS2_PLACEMENT_3D ( 'NONE', #609, #829, #286 ) ;
#389 = LINE ( 'NONE', #1115, #497 ) ;
#390 = DIRECTION ( 'NONE',  ( 0.000000000000000000, 0.000000000000000000, -1.000000000000000000 ) ) ;
#391 = CYLINDRICAL_SURFACE ( 'NONE', #1184, 1.050000015646217477 ) ;
#392 = ORIENTED_EDGE ( 'NONE', *, *, #1102, .T. ) ;
#393 = VERTEX_POINT ( 'NONE', #547 ) ;
#394 = DIRECTION ( 'NONE',  ( 0.000000000000000000, -1.000000000000000000, 0.000000000000000000 ) ) ;
#395 = CONICAL_SURFACE ( 'NONE', #42, 1.050000015646217477, 0.7853981633974476129 ) ;
#396 = LINE ( 'NONE', #73, #1093 ) ;
#397 = AXIS2_PLACEMENT_3D ( 'NONE', #1155, #1246, #1045 ) ;
#398 = DIRECTION ( 'NONE',  ( 0.000000000000000000, 0.000000000000000000, -1.000000000000000000 ) ) ;
#399 = AXIS2_PLACEMENT_3D ( 'NONE', #931, #394, #507 ) ;
#400 = VERTEX_POINT ( 'NONE', #1052 ) ;
#401 = AXIS2_PLACEMENT_3D ( 'NONE', #115, #336, #771 ) ;
#402 = VERTEX_POINT ( 'NONE', #850 ) ;
#403 = DIRECTION ( 'NONE',  ( 1.000000000000000000, 0.000000000000000000, 0.000000000000000000 ) ) ;
#404 = CARTESIAN_POINT ( 'NONE',  ( -9.318001088173351931, 8.749999714529577588, -2.036715380008108145 ) ) ;
#405 = VERTEX_POINT ( 'NONE', #81 ) ;
#406 = VERTEX_POINT ( 'NONE', #289 ) ;
#407 = ADVANCED_FACE ( 'NONE', ( #723 ), #1150, .F. ) ;
#408 = CARTESIAN_POINT ( 'NONE',  ( -10.36800111946578973, 8.764142547159615049, -2.736715390438920092 ) ) ;
#409 = VECTOR ( 'NONE', #202, 1000.000000000000000 ) ;
#410 = CARTESIAN_POINT ( 'NONE',  ( -11.06800111946578902, 5.249999735391195799, -2.036715380008108145 ) ) ;
#411 = ORIENTED_EDGE ( 'NONE', *, *, #341, .F. ) ;
#412 = ORIENTED_EDGE ( 'NONE', *, *, #221, .T. ) ;
#413 = EDGE_CURVE ( 'NONE', #132, #1294, #613, .T. ) ;
#414 = DIRECTION ( 'NONE',  ( 1.000000000000000000, 0.000000000000000000, 0.000000000000000000 ) ) ;
#415 = EDGE_CURVE ( 'NONE', #1125, #34, #104, .T. ) ;
#416 = DIRECTION ( 'NONE',  ( 1.000000000000000000, 0.000000000000000000, 0.000000000000000000 ) ) ;
#417 = DIRECTION ( 'NONE',  ( 0.000000000000000000, 0.000000000000000000, 1.000000000000000000 ) ) ;
#418 = ORIENTED_EDGE ( 'NONE', *, *, #25, .T. ) ;
#419 = AXIS2_PLACEMENT_3D ( 'NONE', #988, #1331, #458 ) ;
#420 = LINE ( 'NONE', #321, #694 ) ;
#421 = CIRCLE ( 'NONE', #1208, 1.260000010430811335 ) ;
#422 = ORIENTED_EDGE ( 'NONE', *, *, #369, .T. ) ;
#423 = DIRECTION ( 'NONE',  ( 0.000000000000000000, 1.000000000000000000, 0.000000000000000000 ) ) ;
#424 = VECTOR ( 'NONE', #1121, 1000.000000000000000 ) ;
#425 = DIRECTION ( 'NONE',  ( 0.000000000000000000, 0.000000000000000000, 1.000000000000000000 ) ) ;
#426 = EDGE_CURVE ( 'NONE', #290, #1120, #951, .T. ) ;
#427 = LINE ( 'NONE', #1177, #409 ) ;
#428 = EDGE_CURVE ( 'NONE', #677, #240, #325, .T. ) ;
#429 = CARTESIAN_POINT ( 'NONE',  ( -8.985576249810282690, 10.14999972496038261, -0.9867153539310745680 ) ) ;
#430 = ADVANCED_FACE ( 'NONE', ( #1379 ), #1409, .T. ) ;
#431 = CARTESIAN_POINT ( 'NONE',  ( -9.137028693984246885, 8.678004419812532788, -2.398660168386311575 ) ) ;
#432 = EDGE_LOOP ( 'NONE', ( #1358, #542, #125, #729, #54 ) ) ;
#433 = EDGE_LOOP ( 'NONE', ( #1290, #162, #1295, #778, #315, #1035, #651 ) ) ;
#434 = CARTESIAN_POINT ( 'NONE',  ( -10.36800111946578973, 3.849999724960383674, -0.9867153539310745680 ) ) ;
#435 = FACE_OUTER_BOUND ( 'NONE', #1309, .T. ) ;
#436 = CARTESIAN_POINT ( 'NONE',  ( -10.06800111946578902, 4.949999735391195976, 0.06328467214595895340 ) ) ;
#437 = CARTESIAN_POINT ( 'NONE',  ( -11.06800111946578902, 8.049999714529571193, -2.036715380008108145 ) ) ;
#438 = ORIENTED_EDGE ( 'NONE', *, *, #925, .T. ) ;
#439 = VERTEX_POINT ( 'NONE', #633 ) ;
#440 = DIRECTION ( 'NONE',  ( 0.000000000000000000, 0.000000000000000000, -1.000000000000000000 ) ) ;
#441 = DIRECTION ( 'NONE',  ( -0.000000000000000000, 1.000000000000000000, 0.000000000000000000 ) ) ;
#442 = PERSON ( 'UNSPECIFIED', 'UNSPECIFIED', 'UNSPECIFIED', ('UNSPECIFIED'), ('UNSPECIFIED'), ('UNSPECIFIED') ) ;
#443 = DIRECTION ( 'NONE',  ( -0.000000000000000000, 1.000000000000000000, 0.000000000000000000 ) ) ;
#444 = ORIENTED_EDGE ( 'NONE', *, *, #770, .T. ) ;
#445 = EDGE_CURVE ( 'NONE', #1170, #626, #79, .T. ) ;
#446 = DIRECTION ( 'NONE',  ( -0.7071067811865470176, 8.659560562354926695E-17, 0.7071067811865480168 ) ) ;
#447 = VECTOR ( 'NONE', #1314, 1000.000000000000000 ) ;
#448 = APPLICATION_PROTOCOL_DEFINITION ( 'international standard', 'config_control_design', 1994, #239 ) ;
#449 = VECTOR ( 'NONE', #967, 1000.000000000000000 ) ;
#450 = CARTESIAN_POINT ( 'NONE',  ( -9.003998735531867581, 8.411944502907777732, -2.664720085291070184 ) ) ;
#451 = VECTOR ( 'NONE', #277, 1000.000000000000000 ) ;
#452 = CARTESIAN_POINT ( 'NONE',  ( -8.268001067311724128, 10.14999972496038261, -0.9867153539310745680 ) ) ;
#453 = DIRECTION ( 'NONE',  ( 0.000000000000000000, 0.000000000000000000, -1.000000000000000000 ) ) ;
#454 = DIRECTION ( 'NONE',  ( 1.000000000000000000, 0.000000000000000000, 0.000000000000000000 ) ) ;
#455 = DIRECTION ( 'NONE',  ( -1.000000000000000000, 0.000000000000000000, 0.000000000000000000 ) ) ;
#456 = ADVANCED_FACE ( 'NONE', ( #87, #1298 ), #1386, .F. ) ;
#457 = DIRECTION ( 'NONE',  ( 0.000000000000000000, 0.000000000000000000, -1.000000000000000000 ) ) ;
#458 = DIRECTION ( 'NONE',  ( 1.000000000000000000, 0.000000000000000000, 0.000000000000000000 ) ) ;
#459 = VERTEX_POINT ( 'NONE', #662 ) ;
#460 = FACE_BOUND ( 'NONE', #525, .T. ) ;
#461 = ADVANCED_FACE ( 'NONE', ( #1083 ), #841, .F. ) ;
#462 = CARTESIAN_POINT ( 'NONE',  ( -10.22800110694880793, 5.249999735391195799, -0.2167153424571820752 ) ) ;
#463 = APPLICATION_CONTEXT ( 'configuration controlled 3d designs of mechanical parts and assemblies' ) ;
#464 = ORIENTED_EDGE ( 'NONE', *, *, #39, .F. ) ;
#465 = ORIENTED_EDGE ( 'NONE', *, *, #1128, .T. ) ;
#466 = DIRECTION ( 'NONE',  ( 1.000000000000000000, 0.000000000000000000, 0.000000000000000000 ) ) ;
#467 = CLOSED_SHELL ( 'NONE', ( #1077, #1384, #166, #1288, #313, #407, #130, #1114, #179, #909, #461, #589, #1149, #308, #1048, #1311, #503, #820, #732, #430, #577, #1085, #981, #1066, #1238, #456, #960, #297, #382, #731, #924, #867, #210, #811, #1244, #472, #596, #228, #147, #1378, #726 ) ) ;
#468 = CARTESIAN_POINT ( 'NONE',  ( -10.06800111946578902, 8.049999714529571193, 0.06328467214595895340 ) ) ;
#469 = AXIS2_PLACEMENT_3D ( 'NONE', #846, #740, #192 ) ;
#470 = DIRECTION ( 'NONE',  ( 0.000000000000000000, -1.000000000000000000, 0.000000000000000000 ) ) ;
#471 = VECTOR ( 'NONE', #590, 1000.000000000000000 ) ;
#472 = ADVANCED_FACE ( 'NONE', ( #435 ), #730, .T. ) ;
#473 = DIRECTION ( 'NONE',  ( 1.000000000000000000, 0.000000000000000000, 0.000000000000000000 ) ) ;
#474 = AXIS2_PLACEMENT_3D ( 'NONE', #896, #362, #20 ) ;
#475 = EDGE_CURVE ( 'NONE', #752, #532, #349, .T. ) ;
#476 = LINE ( 'NONE', #131, #668 ) ;
#477 = ORIENTED_EDGE ( 'NONE', *, *, #1064, .F. ) ;
#478 = DIRECTION ( 'NONE',  ( 0.000000000000000000, 0.000000000000000000, -1.000000000000000000 ) ) ;
#479 = DIRECTION ( 'NONE',  ( 0.000000000000000000, 1.000000000000000000, 0.000000000000000000 ) ) ;
#480 = FACE_OUTER_BOUND ( 'NONE', #1181, .T. ) ;
#481 = CARTESIAN_POINT ( 'NONE',  ( -11.06800111946578902, 6.999999688452536617, 0.7632846721459588535 ) ) ;
#482 = APPROVAL_PERSON_ORGANIZATION ( #1065, #514, #1296 ) ;
#483 = CARTESIAN_POINT ( 'NONE',  ( -9.003998735531867581, 5.588054947012991214, -2.664720085291070184 ) ) ;
#484 = VERTEX_POINT ( 'NONE', #201 ) ;
#485 = EDGE_CURVE ( 'NONE', #439, #225, #1185, .T. ) ;
#486 = EDGE_LOOP ( 'NONE', ( #360, #1157 ) ) ;
#487 = LINE ( 'NONE', #1108, #471 ) ;
#488 = DIRECTION ( 'NONE',  ( 0.000000000000000000, 0.000000000000000000, -1.000000000000000000 ) ) ;
#489 = ORIENTED_EDGE ( 'NONE', *, *, #1341, .T. ) ;
#490 = EDGE_CURVE ( 'NONE', #570, #989, #959, .T. ) ;
#491 = COORDINATED_UNIVERSAL_TIME_OFFSET ( 1, 0, .AHEAD. ) ;
#492 = EDGE_LOOP ( 'NONE', ( #592, #477, #844, #911, #78, #392, #565, #808 ) ) ;
#493 = DIRECTION ( 'NONE',  ( 0.000000000000000000, -1.000000000000000000, 0.000000000000000000 ) ) ;
#494 = CIRCLE ( 'NONE', #974, 2.450000036507845369 ) ;
#495 = CARTESIAN_POINT ( 'NONE',  ( -9.668001098604165122, 9.449999724960381542, -1.336715359146480431 ) ) ;
#496 = AXIS2_PLACEMENT_3D ( 'NONE', #1291, #753, #551 ) ;
#497 = VECTOR ( 'NONE', #693, 1000.000000000000000 ) ;
#498 = CARTESIAN_POINT ( 'NONE',  ( -8.618001082957942316, 9.449999724960381542, -0.9867153539310745680 ) ) ;
#499 = CARTESIAN_POINT ( 'NONE',  ( -8.618001082957942316, 9.449999724960381542, -0.9867153539310745680 ) ) ;
#500 = ORIENTED_EDGE ( 'NONE', *, *, #770, .F. ) ;
#501 = EDGE_LOOP ( 'NONE', ( #500, #903, #930, #943 ) ) ;
#502 = CARTESIAN_POINT ( 'NONE',  ( -8.618001082957942316, 3.849999724960383674, -3.436715390438920270 ) ) ;
#503 = ADVANCED_FACE ( 'NONE', ( #460, #251 ), #780, .T. ) ;
#504 = DIRECTION ( 'NONE',  ( 1.000000000000000000, 0.000000000000000000, 0.000000000000000000 ) ) ;
#505 = VERTEX_POINT ( 'NONE', #113 ) ;
#506 = VERTEX_POINT ( 'NONE', #5 ) ;
#507 = DIRECTION ( 'NONE',  ( 0.000000000000000000, 0.000000000000000000, 1.000000000000000000 ) ) ;
#508 = COORDINATED_UNIVERSAL_TIME_OFFSET ( 1, 0, .AHEAD. ) ;
#509 = CARTESIAN_POINT ( 'NONE',  ( -10.36800111946578973, 8.224999724960383674, 1.463284682576770468 ) ) ;
#510 = ORIENTED_EDGE ( 'NONE', *, *, #163, .F. ) ;
#511 = DIRECTION ( 'NONE',  ( 0.000000000000000000, 1.000000000000000000, 0.000000000000000000 ) ) ;
#512 = ORIENTED_EDGE ( 'NONE', *, *, #475, .T. ) ;
#513 = COORDINATED_UNIVERSAL_TIME_OFFSET ( 1, 0, .AHEAD. ) ;
#514 = APPROVAL ( #94, 'UNSPECIFIED' ) ;
#515 = TOROIDAL_SURFACE ( 'NONE', #302, 1.000000000000000000, 0.2999999999999999889 ) ;
#516 = EDGE_CURVE ( 'NONE', #53, #484, #567, .T. ) ;
#517 = AXIS2_PLACEMENT_3D ( 'NONE', #1105, #259, #562 ) ;
#518 = DIRECTION ( 'NONE',  ( 0.000000000000000000, 0.000000000000000000, -1.000000000000000000 ) ) ;
#519 = VECTOR ( 'NONE', #151, 1000.000000000000000 ) ;
#520 = EDGE_LOOP ( 'NONE', ( #197, #969, #1315, #549, #82 ) ) ;
#521 = ORIENTED_EDGE ( 'NONE', *, *, #628, .T. ) ;
#522 = LINE ( 'NONE', #918, #136 ) ;
#523 = DIRECTION ( 'NONE',  ( -1.000000000000000000, 0.000000000000000000, 0.000000000000000000 ) ) ;
#524 = ORIENTED_EDGE ( 'NONE', *, *, #805, .F. ) ;
#525 = EDGE_LOOP ( 'NONE', ( #1018, #418 ) ) ;
#526 = EDGE_CURVE ( 'NONE', #34, #677, #691, .T. ) ;
#527 = CARTESIAN_POINT ( 'NONE',  ( -8.618001082957942316, 9.449999724960381542, -3.436715390438920270 ) ) ;
#528 = CARTESIAN_POINT ( 'NONE',  ( -12.50317791303750070, 4.549999724960382963, 1.463284682576770468 ) ) ;
#529 = DIRECTION ( 'NONE',  ( 0.000000000000000000, 1.000000000000000000, 0.000000000000000000 ) ) ;
#530 = VERTEX_POINT ( 'NONE', #883 ) ;
#531 = LINE ( 'NONE', #1282, #630 ) ;
#532 = VERTEX_POINT ( 'NONE', #665 ) ;
#533 = EDGE_CURVE ( 'NONE', #1240, #402, #996, .T. ) ;
#534 = EDGE_CURVE ( 'NONE', #378, #132, #1042, .T. ) ;
#535 = CARTESIAN_POINT ( 'NONE',  ( -8.985576249810282690, 9.449999724960381542, -0.9867153539310745680 ) ) ;
#536 = CARTESIAN_POINT ( 'NONE',  ( -9.668001098604159793, 4.549999724960382963, -0.9867153539310747901 ) ) ;
#537 = PLANE ( 'NONE',  #1371 ) ;
#538 = DIRECTION ( 'NONE',  ( -0.3826834323650899483, 0.000000000000000000, 0.9238795325112867385 ) ) ;
#539 = ORIENTED_EDGE ( 'NONE', *, *, #865, .T. ) ;
#540 = VECTOR ( 'NONE', #446, 1000.000000000000000 ) ;
#541 = VECTOR ( 'NONE', #1214, 1000.000000000000000 ) ;
#542 = ORIENTED_EDGE ( 'NONE', *, *, #86, .F. ) ;
#543 = DIRECTION ( 'NONE',  ( 0.000000000000000000, -1.000000000000000000, 0.000000000000000000 ) ) ;
#544 = CIRCLE ( 'NONE', #399, 2.450000036507845369 ) ;
#545 = DIRECTION ( 'NONE',  ( -1.000000000000000000, 0.000000000000000000, 0.000000000000000000 ) ) ;
#546 = DIRECTION ( 'NONE',  ( 1.000000000000000000, 0.000000000000000000, 0.000000000000000000 ) ) ;
#547 = CARTESIAN_POINT ( 'NONE',  ( -10.36800111946578973, 5.235856902761152121, -2.736715390438920092 ) ) ;
#548 = ORIENTED_EDGE ( 'NONE', *, *, #1141, .T. ) ;
#549 = ORIENTED_EDGE ( 'NONE', *, *, #1365, .F. ) ;
#550 = MECHANICAL_CONTEXT ( 'NONE', #239, 'mechanical' ) ;
#551 = DIRECTION ( 'NONE',  ( 0.000000000000000000, 1.239088197126290866E-15, -1.000000000000000000 ) ) ;
#552 = VERTEX_POINT ( 'NONE', #128 ) ;
#553 = DIRECTION ( 'NONE',  ( 0.000000000000000000, 1.000000000000000000, 0.000000000000000000 ) ) ;
#554 = DIRECTION ( 'NONE',  ( -1.000000000000000000, -0.000000000000000000, -0.000000000000000000 ) ) ;
#555 = CYLINDRICAL_SURFACE ( 'NONE', #57, 0.7000000000000001776 ) ;
#556 = CARTESIAN_POINT ( 'NONE',  ( -10.36800111946578973, 8.631171260098586373, -2.736715390438920537 ) ) ;
#557 = ORIENTED_EDGE ( 'NONE', *, *, #516, .T. ) ;
#558 = CARTESIAN_POINT ( 'NONE',  ( -9.668001098604165122, 4.549999724960382963, -0.9867153539310745680 ) ) ;
#559 = CONICAL_SURFACE ( 'NONE', #894, 1.050000015646217477, 0.7853981633974476129 ) ;
#560 = EDGE_CURVE ( 'NONE', #406, #223, #334, .T. ) ;
#561 = DIRECTION ( 'NONE',  ( -1.000000000000000000, 0.000000000000000000, 0.000000000000000000 ) ) ;
#562 = DIRECTION ( 'NONE',  ( 0.000000000000000000, 0.000000000000000000, 1.000000000000000000 ) ) ;
#563 = VECTOR ( 'NONE', #195, 1000.000000000000000 ) ;
#564 = CARTESIAN_POINT ( 'NONE',  ( -10.36800111946578973, 8.764142547159615049, -2.736715390438920092 ) ) ;
#565 = ORIENTED_EDGE ( 'NONE', *, *, #445, .T. ) ;
#566 = VERTEX_POINT ( 'NONE', #1090 ) ;
#567 = LINE ( 'NONE', #233, #1142 ) ;
#568 = DIRECTION ( 'NONE',  ( 0.000000000000000000, 0.000000000000000000, 1.000000000000000000 ) ) ;
#569 = CARTESIAN_POINT ( 'NONE',  ( -10.36800111946578973, 3.849999724960383674, -0.9867153539310745680 ) ) ;
#570 = VERTEX_POINT ( 'NONE', #1204 ) ;
#571 = EDGE_LOOP ( 'NONE', ( #1348, #1014, #438, #1180 ) ) ;
#572 = APPROVAL_STATUS ( 'not_yet_approved' ) ;
#573 = CARTESIAN_POINT ( 'NONE',  ( -9.342874827912321933, 8.238132485974855257, 0.7632846721459598527 ) ) ;
#574 =( BOUNDED_CURVE ( )  B_SPLINE_CURVE ( 3, ( #1239, #483, #1231, #140 ),
 .UNSPECIFIED., .F., .T. ) 
 B_SPLINE_CURVE_WITH_KNOTS ( ( 4, 4 ),
 ( 5.497787143782137065, 6.283185307179586232 ),
 .UNSPECIFIED. ) 
 CURVE ( )  GEOMETRIC_REPRESENTATION_ITEM ( )  RATIONAL_B_SPLINE_CURVE ( ( 1.000000000000000000, 0.9492530216741910110, 0.9492530216741910110, 1.000000000000000000 ) ) 
 REPRESENTATION_ITEM ( '' )  );
#575 = EDGE_CURVE ( 'NONE', #329, #1151, #1299, .T. ) ;
#576 = LINE ( 'NONE', #788, #282 ) ;
#577 = ADVANCED_FACE ( 'NONE', ( #583 ), #678, .T. ) ;
#578 = CARTESIAN_POINT ( 'NONE',  ( -11.38300120552001005, 6.999999761468229664, -3.436715390438920270 ) ) ;
#579 = CARTESIAN_POINT ( 'NONE',  ( -9.342874827912321933, 5.761866963945911913, 0.7632846721459598527 ) ) ;
#580 = CARTESIAN_POINT ( 'NONE',  ( -8.618001082957942316, 9.449999724960381542, -0.9867153539310745680 ) ) ;
#581 = ORIENTED_EDGE ( 'NONE', *, *, #145, .T. ) ;
#582 = VECTOR ( 'NONE', #124, 1000.000000000000000 ) ;
#583 = FACE_OUTER_BOUND ( 'NONE', #839, .T. ) ;
#584 = VECTOR ( 'NONE', #346, 1000.000000000000000 ) ;
#585 = CARTESIAN_POINT ( 'NONE',  ( -8.968001088173350510, 8.049999714529571193, -2.736715380008108323 ) ) ;
#586 = VECTOR ( 'NONE', #135, 1000.000000000000000 ) ;
#587 = LINE ( 'NONE', #462, #586 ) ;
#588 = AXIS2_PLACEMENT_3D ( 'NONE', #495, #1135, #812 ) ;
#589 = ADVANCED_FACE ( 'NONE', ( #1098 ), #242, .T. ) ;
#590 = DIRECTION ( 'NONE',  ( -0.4472135954999579277, 0.000000000000000000, 0.8944271909999158554 ) ) ;
#591 = CARTESIAN_POINT ( 'NONE',  ( -10.36800111946578973, 5.949999735391195976, 0.06328467214595895340 ) ) ;
#592 = ORIENTED_EDGE ( 'NONE', *, *, #174, .T. ) ;
#593 = ORIENTED_EDGE ( 'NONE', *, *, #719, .T. ) ;
#594 = PLANE ( 'NONE',  #1323 ) ;
#595 = DIRECTION ( 'NONE',  ( 1.000000000000000000, 0.000000000000000000, 0.000000000000000000 ) ) ;
#596 = ADVANCED_FACE ( 'NONE', ( #227 ), #374, .T. ) ;
#597 = PRODUCT_DEFINITION_FORMATION_WITH_SPECIFIED_SOURCE ( 'ANY', '', #278, .NOT_KNOWN. ) ;
#598 = DIRECTION ( 'NONE',  ( 1.000000000000000000, 0.000000000000000000, 0.000000000000000000 ) ) ;
#599 = ORIENTED_EDGE ( 'NONE', *, *, #380, .T. ) ;
#600 = ORIENTED_EDGE ( 'NONE', *, *, #744, .T. ) ;
#601 = FACE_OUTER_BOUND ( 'NONE', #616, .T. ) ;
#602 = CARTESIAN_POINT ( 'NONE',  ( -8.618001082957942316, 9.449999724960381542, -3.436715390438920270 ) ) ;
#603 = DIRECTION ( 'NONE',  ( 0.000000000000000000, 1.000000000000000000, 0.000000000000000000 ) ) ;
#604 = VERTEX_POINT ( 'NONE', #1326 ) ;
#605 = VERTEX_POINT ( 'NONE', #793 ) ;
#606 = EDGE_CURVE ( 'NONE', #406, #940, #576, .T. ) ;
#607 = CARTESIAN_POINT ( 'NONE',  ( -9.668001098604165122, 4.549999724960382963, -0.9867153539310745680 ) ) ;
#608 = CIRCLE ( 'NONE', #826, 0.7000000000000000666 ) ;
#609 = CARTESIAN_POINT ( 'NONE',  ( -10.06800111946578902, 8.049999714529571193, 0.06328467214595895340 ) ) ;
#610 = AXIS2_PLACEMENT_3D ( 'NONE', #437, #1405, #757 ) ;
#611 = AXIS2_PLACEMENT_3D ( 'NONE', #307, #641, #1215 ) ;
#612 = PLANE ( 'NONE',  #804 ) ;
#613 = B_SPLINE_CURVE_WITH_KNOTS ( 'NONE', 3,
 ( #863, #1293, #319, #213, #556, #408 ),
 .UNSPECIFIED., .F., .F.,
 ( 4, 2, 4 ),
 ( -5.291502626699718742E-06, 0.0003855637784327215021, 0.0007764190594921427466 ),
 .UNSPECIFIED. ) ;
#614 = CARTESIAN_POINT ( 'NONE',  ( -10.06800111946578902, 5.249999735391195799, -2.036715380008108145 ) ) ;
#615 = ORIENTED_EDGE ( 'NONE', *, *, #413, .T. ) ;
#616 = EDGE_LOOP ( 'NONE', ( #191, #718, #208, #688 ) ) ;
#617 = CARTESIAN_POINT ( 'NONE',  ( -8.985576249810282690, 3.849999724960383674, -0.9867153539310745680 ) ) ;
#618 = FACE_OUTER_BOUND ( 'NONE', #1235, .T. ) ;
#619 = ORIENTED_EDGE ( 'NONE', *, *, #25, .F. ) ;
#620 = ORIENTED_EDGE ( 'NONE', *, *, #744, .F. ) ;
#621 = SECURITY_CLASSIFICATION ( '', '', #169 ) ;
#622 = DIRECTION ( 'NONE',  ( -0.000000000000000000, 0.000000000000000000, 1.000000000000000000 ) ) ;
#623 =( BOUNDED_CURVE ( )  B_SPLINE_CURVE ( 3, ( #973, #450, #878, #1306 ),
 .UNSPECIFIED., .F., .T. ) 
 B_SPLINE_CURVE_WITH_KNOTS ( ( 4, 4 ),
 ( 5.497787143782137065, 6.283185307179586232 ),
 .UNSPECIFIED. ) 
 CURVE ( )  GEOMETRIC_REPRESENTATION_ITEM ( )  RATIONAL_B_SPLINE_CURVE ( ( 1.000000000000000000, 0.9492530216741910110, 0.9492530216741910110, 1.000000000000000000 ) ) 
 REPRESENTATION_ITEM ( '' )  );
#624 = LINE ( 'NONE', #837, #692 ) ;
#625 = ORIENTED_EDGE ( 'NONE', *, *, #1154, .F. ) ;
#626 = VERTEX_POINT ( 'NONE', #1227 ) ;
#627 = CIRCLE ( 'NONE', #69, 1.050000015646217477 ) ;
#628 = EDGE_CURVE ( 'NONE', #997, #933, #623, .T. ) ;
#629 = CARTESIAN_POINT ( 'NONE',  ( -13.51800115597362328, 10.14999972496038261, -3.436715390438920270 ) ) ;
#630 = VECTOR ( 'NONE', #766, 1000.000000000000000 ) ;
#631 = VERTEX_POINT ( 'NONE', #142 ) ;
#632 = ORIENTED_EDGE ( 'NONE', *, *, #968, .T. ) ;
#633 = CARTESIAN_POINT ( 'NONE',  ( -10.36800111946578973, 4.949999735391195976, -2.036715380008108145 ) ) ;
#634 = CARTESIAN_POINT ( 'NONE',  ( -10.36800111946578973, 6.999999724960383141, -0.9867153539310745680 ) ) ;
#635 = DIRECTION ( 'NONE',  ( 1.000000000000000000, 0.000000000000000000, 0.000000000000000000 ) ) ;
#636 = EDGE_LOOP ( 'NONE', ( #738, #971, #1202, #1249 ) ) ;
#637 = ORIENTED_EDGE ( 'NONE', *, *, #1397, .F. ) ;
#638 = CARTESIAN_POINT ( 'NONE',  ( -9.668001098604165122, 5.249999735391195799, -0.1117153408925595226 ) ) ;
#639 = AXIS2_PLACEMENT_3D ( 'NONE', #958, #112, #219 ) ;
#640 = PRODUCT_DEFINITION ( 'UNKNOWN', '', #597, #1334 ) ;
#641 = DIRECTION ( 'NONE',  ( 0.000000000000000000, 1.000000000000000000, 0.000000000000000000 ) ) ;
#642 = DIRECTION ( 'NONE',  ( 1.000000000000000000, 0.000000000000000000, 0.000000000000000000 ) ) ;
#643 = ORIENTED_EDGE ( 'NONE', *, *, #926, .T. ) ;
#644 = CARTESIAN_POINT ( 'NONE',  ( -12.50317791303750070, 9.449999724960381542, 1.463284682576770468 ) ) ;
#645 = ORIENTED_EDGE ( 'NONE', *, *, #475, .F. ) ;
#646 = CARTESIAN_POINT ( 'NONE',  ( 0.000000000000000000, 0.000000000000000000, 0.000000000000000000 ) ) ;
#647 = CARTESIAN_POINT ( 'NONE',  ( -10.06800111946578902, 4.949999735391195976, -2.036715380008108145 ) ) ;
#648 = DIRECTION ( 'NONE',  ( -0.000000000000000000, 1.000000000000000000, 0.000000000000000000 ) ) ;
#649 = VECTOR ( 'NONE', #90, 1000.000000000000000 ) ;
#650 = DIRECTION ( 'NONE',  ( -1.000000000000000000, -0.000000000000000000, -0.000000000000000000 ) ) ;
#651 = ORIENTED_EDGE ( 'NONE', *, *, #774, .F. ) ;
#652 = AXIS2_PLACEMENT_3D ( 'NONE', #27, #1330, #255 ) ;
#653 = LINE ( 'NONE', #217, #830 ) ;
#654 = AXIS2_PLACEMENT_3D ( 'NONE', #1353, #1030, #40 ) ;
#655 = ORIENTED_EDGE ( 'NONE', *, *, #1270, .T. ) ;
#656 = DATE_AND_TIME ( #1305, #1196 ) ;
#657 = CARTESIAN_POINT ( 'NONE',  ( -9.668001098604165122, 8.749999714529577588, -0.1117153408925595226 ) ) ;
#658 = LINE ( 'NONE', #1078, #851 ) ;
#659 = ORIENTED_EDGE ( 'NONE', *, *, #560, .F. ) ;
#660 = LINE ( 'NONE', #1212, #733 ) ;
#661 = CARTESIAN_POINT ( 'NONE',  ( -11.06800111946578902, 5.949999735391195976, 0.06328467214595895340 ) ) ;
#662 = CARTESIAN_POINT ( 'NONE',  ( -10.06800111946578902, 5.455024988560611909, -2.531690126838690880 ) ) ;
#663 = ORIENTED_EDGE ( 'NONE', *, *, #1172, .T. ) ;
#664 = DIRECTION ( 'NONE',  ( 0.000000000000000000, 0.000000000000000000, -1.000000000000000000 ) ) ;
#665 = CARTESIAN_POINT ( 'NONE',  ( -10.36800111946578973, 3.849999724960383674, -2.736715390438920092 ) ) ;
#666 = DIRECTION ( 'NONE',  ( -0.7071067811865470176, -0.7071067811865480168, 8.659560562354926695E-17 ) ) ;
#667 = ORIENTED_EDGE ( 'NONE', *, *, #221, .F. ) ;
#668 = VECTOR ( 'NONE', #18, 1000.000000000000000 ) ;
#669 = ORIENTED_EDGE ( 'NONE', *, *, #763, .F. ) ;
#670 = VECTOR ( 'NONE', #425, 1000.000000000000000 ) ;
#671 = DIRECTION ( 'NONE',  ( 1.000000000000000000, 0.000000000000000000, 0.000000000000000000 ) ) ;
#672 = DIRECTION ( 'NONE',  ( -1.000000000000000000, 0.000000000000000000, 0.000000000000000000 ) ) ;
#673 = DIRECTION ( 'NONE',  ( 0.000000000000000000, 0.000000000000000000, 1.000000000000000000 ) ) ;
#674 = CARTESIAN_POINT ( 'NONE',  ( -9.137028693984246885, 5.321995030108233493, -2.398660168386311575 ) ) ;
#675 = EDGE_CURVE ( 'NONE', #400, #1390, #1313, .T. ) ;
#676 = VERTEX_POINT ( 'NONE', #32 ) ;
#677 = VERTEX_POINT ( 'NONE', #681 ) ;
#678 = CYLINDRICAL_SURFACE ( 'NONE', #1369, 2.450000036507845369 ) ;
#679 = LINE ( 'NONE', #528, #1350 ) ;
#680 = FACE_OUTER_BOUND ( 'NONE', #501, .T. ) ;
#681 = CARTESIAN_POINT ( 'NONE',  ( -10.06800111946578902, 5.249999735391195799, 0.06328467214595895340 ) ) ;
#682 = DIRECTION ( 'NONE',  ( 1.000000000000000000, 0.000000000000000000, 0.000000000000000000 ) ) ;
#683 = ORIENTED_EDGE ( 'NONE', *, *, #961, .F. ) ;
#684 = CARTESIAN_POINT ( 'NONE',  ( -9.257950587420571864, 8.544974461360155260, 0.5582594189765417436 ) ) ;
#685 = CARTESIAN_POINT ( 'NONE',  ( -11.06800111946578902, 5.249999735391195799, 0.06328467214595895340 ) ) ;
#686 = CARTESIAN_POINT ( 'NONE',  ( -7.568001067311724839, 9.449999724960381542, -0.9867153539310745680 ) ) ;
#687 = LINE ( 'NONE', #1003, #1139 ) ;
#688 = ORIENTED_EDGE ( 'NONE', *, *, #428, .T. ) ;
#689 = DATE_TIME_ROLE ( 'creation_date' ) ;
#690 = AXIS2_PLACEMENT_3D ( 'NONE', #591, #598, #1010 ) ;
#691 = LINE ( 'NONE', #685, #759 ) ;
#692 = VECTOR ( 'NONE', #300, 1000.000000000000000 ) ;
#693 = DIRECTION ( 'NONE',  ( 0.000000000000000000, -1.000000000000000000, 0.000000000000000000 ) ) ;
#694 = VECTOR ( 'NONE', #1074, 1000.000000000000000 ) ;
#695 = EDGE_CURVE ( 'NONE', #852, #1073, #487, .T. ) ;
#696 = LINE ( 'NONE', #1224, #1072 ) ;
#697 = CARTESIAN_POINT ( 'NONE',  ( -9.257950587420571864, 5.455024988560611909, 0.5582594189765417436 ) ) ;
#698 = DIRECTION ( 'NONE',  ( 1.000000000000000000, 0.000000000000000000, 0.000000000000000000 ) ) ;
#699 = ORIENTED_EDGE ( 'NONE', *, *, #490, .T. ) ;
#700 = CARTESIAN_POINT ( 'NONE',  ( -11.06800111946578902, 5.949999735391195976, 0.7632846721459588535 ) ) ;
#701 = EDGE_LOOP ( 'NONE', ( #270, #1287, #1109, #683 ) ) ;
#702 = PLANE ( 'NONE',  #954 ) ;
#703 = EDGE_CURVE ( 'NONE', #177, #1011, #803, .T. ) ;
#704 = ORGANIZATION ( 'UNSPECIFIED', 'UNSPECIFIED', '' ) ;
#705 = DIRECTION ( 'NONE',  ( 0.000000000000000000, 0.000000000000000000, 1.000000000000000000 ) ) ;
#706 = ORIENTED_EDGE ( 'NONE', *, *, #351, .T. ) ;
#707 = EDGE_LOOP ( 'NONE', ( #283, #791, #524, #785 ) ) ;
#708 = FACE_BOUND ( 'NONE', #1079, .T. ) ;
#709 = DIRECTION ( 'NONE',  ( -0.000000000000000000, -1.000000000000000000, -0.000000000000000000 ) ) ;
#710 = ORIENTED_EDGE ( 'NONE', *, *, #968, .F. ) ;
#711 = LINE ( 'NONE', #62, #1043 ) ;
#712 = ORIENTED_EDGE ( 'NONE', *, *, #970, .T. ) ;
#713 = FACE_OUTER_BOUND ( 'NONE', #816, .T. ) ;
#714 = CIRCLE ( 'NONE', #1345, 0.2999999999999999334 ) ;
#715 = VECTOR ( 'NONE', #855, 1000.000000000000000 ) ;
#716 = AXIS2_PLACEMENT_3D ( 'NONE', #337, #106, #83 ) ;
#717 = CARTESIAN_POINT ( 'NONE',  ( -10.36800111946578973, 6.999999724960383141, -3.436715390438920270 ) ) ;
#718 = ORIENTED_EDGE ( 'NONE', *, *, #1174, .T. ) ;
#719 = EDGE_CURVE ( 'NONE', #506, #631, #1256, .T. ) ;
#720 = ORIENTED_EDGE ( 'NONE', *, *, #1023, .F. ) ;
#721 = LINE ( 'NONE', #657, #1082 ) ;
#722 = DIRECTION ( 'NONE',  ( 0.000000000000000000, 0.000000000000000000, -1.000000000000000000 ) ) ;
#723 = FACE_OUTER_BOUND ( 'NONE', #1367, .T. ) ;
#724 = ORIENTED_EDGE ( 'NONE', *, *, #16, .T. ) ;
#725 = EDGE_LOOP ( 'NONE', ( #1036, #1218, #176, #1257, #939 ) ) ;
#726 = ADVANCED_FACE ( 'NONE', ( #245 ), #1161, .T. ) ;
#727 = EDGE_CURVE ( 'NONE', #605, #1126, #1146, .T. ) ;
#728 = EDGE_LOOP ( 'NONE', ( #1056, #920, #1324, #955 ) ) ;
#729 = ORIENTED_EDGE ( 'NONE', *, *, #145, .F. ) ;
#730 = CYLINDRICAL_SURFACE ( 'NONE', #1395, 0.2999999999999999334 ) ;
#731 = ADVANCED_FACE ( 'NONE', ( #146 ), #891, .T. ) ;
#732 = ADVANCED_FACE ( 'NONE', ( #908 ), #366, .F. ) ;
#733 = VECTOR ( 'NONE', #111, 1000.000000000000000 ) ;
#734 = CARTESIAN_POINT ( 'NONE',  ( -9.318001088173351931, 8.749999714529577588, -2.036715380008108145 ) ) ;
#735 = AXIS2_PLACEMENT_3D ( 'NONE', #888, #133, #898 ) ;
#736 = FACE_OUTER_BOUND ( 'NONE', #966, .T. ) ;
#737 = CIRCLE ( 'NONE', #611, 0.3500000156462182987 ) ;
#738 = ORIENTED_EDGE ( 'NONE', *, *, #1318, .T. ) ;
#739 = ORIENTED_EDGE ( 'NONE', *, *, #1355, .T. ) ;
#740 = DIRECTION ( 'NONE',  ( 0.000000000000000000, 0.000000000000000000, 1.000000000000000000 ) ) ;
#741 = PLANE ( 'NONE',  #1144 ) ;
#742 = CARTESIAN_POINT ( 'NONE',  ( -11.06800111946578902, 8.749999714529577588, 0.7632846721459588535 ) ) ;
#743 = ORIENTED_EDGE ( 'NONE', *, *, #2, .F. ) ;
#744 = EDGE_CURVE ( 'NONE', #393, #532, #396, .T. ) ;
#745 = PLANE ( 'NONE',  #165 ) ;
#746 = EDGE_LOOP ( 'NONE', ( #984, #758 ) ) ;
#747 = DIRECTION ( 'NONE',  ( 1.000000000000000000, 0.000000000000000000, 0.000000000000000000 ) ) ;
#748 = DIRECTION ( 'NONE',  ( 1.000000000000000000, 0.000000000000000000, 0.000000000000000000 ) ) ;
#749 = DIRECTION ( 'NONE',  ( 0.000000000000000000, 0.000000000000000000, -1.000000000000000000 ) ) ;
#750 = EDGE_LOOP ( 'NONE', ( #338, #304, #600, #872, #206, #353, #63, #1325, #1406, #310, #387, #910 ) ) ;
#751 = EDGE_CURVE ( 'NONE', #1029, #852, #522, .T. ) ;
#752 = VERTEX_POINT ( 'NONE', #1026 ) ;
#753 = DIRECTION ( 'NONE',  ( -1.000000000000000000, -0.000000000000000000, -0.000000000000000000 ) ) ;
#754 = CARTESIAN_POINT ( 'NONE',  ( -11.06800111946578902, 8.049999714529571193, -2.036715380008108145 ) ) ;
#755 = AXIS2_PLACEMENT_3D ( 'NONE', #742, #1399, #518 ) ;
#756 = ADVANCED_BREP_SHAPE_REPRESENTATION ( 'Female_End_6.3x4.9_ID3.5mm', ( #1110, #363 ), #814 ) ;
#757 = DIRECTION ( 'NONE',  ( 0.000000000000000000, 0.7071067811865481278, -0.7071067811865467956 ) ) ;
#758 = ORIENTED_EDGE ( 'NONE', *, *, #1263, .T. ) ;
#759 = VECTOR ( 'NONE', #455, 1000.000000000000000 ) ;
#760 = CIRCLE ( 'NONE', #305, 1.000000000000000000 ) ;
#761 = ORIENTED_EDGE ( 'NONE', *, *, #1054, .T. ) ;
#762 = CARTESIAN_POINT ( 'NONE',  ( -8.618001082957942316, 4.549999724960382963, -0.9867153539310745680 ) ) ;
#763 = EDGE_CURVE ( 'NONE', #676, #1125, #1129, .T. ) ;
#764 = DIRECTION ( 'NONE',  ( 0.000000000000000000, 0.000000000000000000, 1.000000000000000000 ) ) ;
#765 = ORIENTED_EDGE ( 'NONE', *, *, #1341, .F. ) ;
#766 = DIRECTION ( 'NONE',  ( -0.000000000000000000, -1.000000000000000000, 0.000000000000000000 ) ) ;
#767 = DIRECTION ( 'NONE',  ( 1.000000000000000000, 0.000000000000000000, 0.000000000000000000 ) ) ;
#768 = DIRECTION ( 'NONE',  ( 0.000000000000000000, 0.000000000000000000, 1.000000000000000000 ) ) ;
#769 = CC_DESIGN_APPROVAL ( #1327, ( #621 ) ) ;
#770 = EDGE_CURVE ( 'NONE', #459, #1126, #1252, .T. ) ;
#771 = DIRECTION ( 'NONE',  ( 0.000000000000000000, 0.000000000000000000, -1.000000000000000000 ) ) ;
#772 = ORIENTED_EDGE ( 'NONE', *, *, #1168, .T. ) ;
#773 = ORIENTED_EDGE ( 'NONE', *, *, #1220, .F. ) ;
#774 = EDGE_CURVE ( 'NONE', #1281, #631, #627, .T. ) ;
#775 = DIRECTION ( 'NONE',  ( 0.000000000000000000, -0.7071067811865481278, -0.7071067811865467956 ) ) ;
#776 = DIRECTION ( 'NONE',  ( -1.000000000000000000, -0.000000000000000000, -0.000000000000000000 ) ) ;
#777 = CIRCLE ( 'NONE', #1092, 2.450000036507845369 ) ;
#778 = ORIENTED_EDGE ( 'NONE', *, *, #190, .F. ) ;
#779 = AXIS2_PLACEMENT_3D ( 'NONE', #647, #1067, #545 ) ;
#780 = PLANE ( 'NONE',  #952 ) ;
#781 = CIRCLE ( 'NONE', #874, 1.050000015646217477 ) ;
#782 = CARTESIAN_POINT ( 'NONE',  ( -9.668001098604165122, 9.449999724960381542, -1.336715359146480431 ) ) ;
#783 = DIRECTION ( 'NONE',  ( 0.7071067811865470176, 0.7071067811865480168, 0.000000000000000000 ) ) ;
#784 = ORIENTED_EDGE ( 'NONE', *, *, #1220, .T. ) ;
#785 = ORIENTED_EDGE ( 'NONE', *, *, #978, .T. ) ;
#786 = EDGE_CURVE ( 'NONE', #566, #677, #1276, .T. ) ;
#787 = PERSON_AND_ORGANIZATION ( #442, #704 ) ;
#788 = CARTESIAN_POINT ( 'NONE',  ( -8.618001082957942316, 9.449999724960381542, -3.436715390438920270 ) ) ;
#789 = CARTESIAN_POINT ( 'NONE',  ( -9.202847774427665328, 5.321995030108233493, 0.4252294605241629943 ) ) ;
#790 = DIRECTION ( 'NONE',  ( 0.000000000000000000, -1.000000000000000000, 0.000000000000000000 ) ) ;
#791 = ORIENTED_EDGE ( 'NONE', *, *, #56, .F. ) ;
#792 = LINE ( 'NONE', #700, #185 ) ;
#793 = CARTESIAN_POINT ( 'NONE',  ( -9.318001088173351931, 5.249999735391195799, -2.036715380008108145 ) ) ;
#794 = CYLINDRICAL_SURFACE ( 'NONE', #654, 0.7000000000000001776 ) ;
#795 = DIRECTION ( 'NONE',  ( 0.000000000000000000, 0.000000000000000000, -1.000000000000000000 ) ) ;
#796 = CC_DESIGN_PERSON_AND_ORGANIZATION_ASSIGNMENT ( #1182, #211, ( #278 ) ) ;
#797 = CARTESIAN_POINT ( 'NONE',  ( -10.68300119508919721, 6.999999761468229664, -2.736715380008108323 ) ) ;
#798 = ORIENTED_EDGE ( 'NONE', *, *, #1097, .F. ) ;
#799 = CARTESIAN_POINT ( 'NONE',  ( -9.313053400413474847, 8.411944502907775956, 0.6912893774289212701 ) ) ;
#800 = ORIENTED_EDGE ( 'NONE', *, *, #415, .T. ) ;
#801 = AXIS2_PLACEMENT_3D ( 'NONE', #535, #1284, #1176 ) ;
#802 = DIRECTION ( 'NONE',  ( -1.000000000000000000, 0.000000000000000000, 0.000000000000000000 ) ) ;
#803 =( BOUNDED_CURVE ( )  B_SPLINE_CURVE ( 3, ( #1117, #579, #1338, #697 ),
 .UNSPECIFIED., .F., .T. ) 
 B_SPLINE_CURVE_WITH_KNOTS ( ( 4, 4 ),
 ( 6.938893903907239224E-16, 0.7853981633974506105 ),
 .UNSPECIFIED. ) 
 CURVE ( )  GEOMETRIC_REPRESENTATION_ITEM ( )  RATIONAL_B_SPLINE_CURVE ( ( 1.000000000000000000, 0.9492530216741910110, 0.9492530216741910110, 1.000000000000000000 ) ) 
 REPRESENTATION_ITEM ( '' )  );
#804 = AXIS2_PLACEMENT_3D ( 'NONE', #153, #390, #158 ) ;
#805 = EDGE_CURVE ( 'NONE', #817, #1241, #1387, .T. ) ;
#806 = PERSON_AND_ORGANIZATION ( #442, #704 ) ;
#807 = CYLINDRICAL_SURFACE ( 'NONE', #994, 0.7000000000000001776 ) ;
#808 = ORIENTED_EDGE ( 'NONE', *, *, #923, .T. ) ;
#809 = ORIENTED_EDGE ( 'NONE', *, *, #335, .T. ) ;
#810 = CARTESIAN_POINT ( 'NONE',  ( -10.36800111946578973, 9.049999714529571193, 0.06328467214595895340 ) ) ;
#811 = ADVANCED_FACE ( 'NONE', ( #187 ), #182, .F. ) ;
#812 = DIRECTION ( 'NONE',  ( -0.4472135954999579277, 0.000000000000000000, 0.8944271909999158554 ) ) ;
#813 = APPROVAL_ROLE ( '' ) ;
#814 =( GEOMETRIC_REPRESENTATION_CONTEXT ( 3 ) GLOBAL_UNCERTAINTY_ASSIGNED_CONTEXT ( ( #1076 ) ) GLOBAL_UNIT_ASSIGNED_CONTEXT ( ( #859, #317, #200 ) ) REPRESENTATION_CONTEXT ( 'NONE', 'WORKASPACE' ) );
#815 = CARTESIAN_POINT ( 'NONE',  ( -8.618001082957942316, 5.249999735391195799, -0.9867153539310745680 ) ) ;
#816 = EDGE_LOOP ( 'NONE', ( #1402, #275, #465, #1061, #156 ) ) ;
#817 = VERTEX_POINT ( 'NONE', #1271 ) ;
#818 = LINE ( 'NONE', #1242, #265 ) ;
#819 = LINE ( 'NONE', #1251, #250 ) ;
#820 = ADVANCED_FACE ( 'NONE', ( #129 ), #862, .F. ) ;
#821 = CARTESIAN_POINT ( 'NONE',  ( -9.019818692928836867, 5.249999735391195799, -0.01664183033900305114 ) ) ;
#822 = EDGE_CURVE ( 'NONE', #1240, #1281, #986, .T. ) ;
#823 = DIRECTION ( 'NONE',  ( 0.000000000000000000, 0.7071067811865483499, 0.7071067811865467956 ) ) ;
#824 = ORIENTED_EDGE ( 'NONE', *, *, #86, .T. ) ;
#825 = CARTESIAN_POINT ( 'NONE',  ( -9.257950587420571864, 8.544974461360155260, 0.5582594189765417436 ) ) ;
#826 = AXIS2_PLACEMENT_3D ( 'NONE', #107, #554, #875 ) ;
#827 = CC_DESIGN_DATE_AND_TIME_ASSIGNMENT ( #1136, #58, ( #621 ) ) ;
#828 = AXIS2_PLACEMENT_3D ( 'NONE', #481, #1322, #352 ) ;
#829 = DIRECTION ( 'NONE',  ( -1.000000000000000000, -0.000000000000000000, -0.000000000000000000 ) ) ;
#830 = VECTOR ( 'NONE', #866, 1000.000000000000000 ) ;
#831 = AXIS2_PLACEMENT_3D ( 'NONE', #357, #879, #1091 ) ;
#832 = CARTESIAN_POINT ( 'NONE',  ( -10.36800111946578973, 8.049999714529571193, 0.06328467214595895340 ) ) ;
#833 = DIRECTION ( 'NONE',  ( 1.000000000000000000, 0.000000000000000000, 0.000000000000000000 ) ) ;
#834 = VERTEX_POINT ( 'NONE', #348 ) ;
#835 = ORIENTED_EDGE ( 'NONE', *, *, #178, .T. ) ;
#836 = EDGE_CURVE ( 'NONE', #940, #506, #1279, .T. ) ;
#837 = CARTESIAN_POINT ( 'NONE',  ( -9.668001098604165122, 9.449999724960381542, -1.336715359146480431 ) ) ;
#838 = ORIENTED_EDGE ( 'NONE', *, *, #978, .F. ) ;
#839 = EDGE_LOOP ( 'NONE', ( #637, #1192, #91, #864 ) ) ;
#840 = EDGE_CURVE ( 'NONE', #1219, #834, #737, .T. ) ;
#841 = PLANE ( 'NONE',  #801 ) ;
#842 = DIRECTION ( 'NONE',  ( 1.000000000000000000, 0.000000000000000000, 0.000000000000000000 ) ) ;
#843 = DIRECTION ( 'NONE',  ( 1.000000000000000000, 0.000000000000000000, 0.000000000000000000 ) ) ;
#844 = ORIENTED_EDGE ( 'NONE', *, *, #241, .F. ) ;
#845 = EDGE_LOOP ( 'NONE', ( #464, #345, #645, #1166 ) ) ;
#846 = CARTESIAN_POINT ( 'NONE',  ( -10.36800111946578973, 6.999999724960383141, -2.736715390438920092 ) ) ;
#847 = AXIS2_PLACEMENT_3D ( 'NONE', #160, #705, #504 ) ;
#848 = DIRECTION ( 'NONE',  ( 0.000000000000000000, -1.000000000000000000, 0.000000000000000000 ) ) ;
#849 = VECTOR ( 'NONE', #523, 1000.000000000000000 ) ;
#850 = CARTESIAN_POINT ( 'NONE',  ( -8.968001098604160504, 10.14999972496038261, -0.9867153539310745680 ) ) ;
#851 = VECTOR ( 'NONE', #764, 1000.000000000000000 ) ;
#852 = VERTEX_POINT ( 'NONE', #734 ) ;
#853 = DIRECTION ( 'NONE',  ( 0.000000000000000000, -1.000000000000000000, 0.000000000000000000 ) ) ;
#854 = ORIENTED_EDGE ( 'NONE', *, *, #381, .F. ) ;
#855 = DIRECTION ( 'NONE',  ( 0.000000000000000000, 1.000000000000000000, 0.000000000000000000 ) ) ;
#856 = CARTESIAN_POINT ( 'NONE',  ( -11.94300120552000877, 6.999999761468229664, -2.736715380008108323 ) ) ;
#857 = ORIENTED_EDGE ( 'NONE', *, *, #991, .T. ) ;
#858 = ORIENTED_EDGE ( 'NONE', *, *, #926, .F. ) ;
#859 =( LENGTH_UNIT ( ) NAMED_UNIT ( * ) SI_UNIT ( .MILLI., .METRE. ) );
#860 = CARTESIAN_POINT ( 'NONE',  ( -10.06800111946578902, 9.049999714529576522, 0.7632846721459588535 ) ) ;
#861 = VECTOR ( 'NONE', #440, 1000.000000000000000 ) ;
#862 = CYLINDRICAL_SURFACE ( 'NONE', #303, 0.7000000000000003997 ) ;
#863 = CARTESIAN_POINT ( 'NONE',  ( -10.06800111946578902, 8.049999714529571193, -2.736715380008108323 ) ) ;
#864 = ORIENTED_EDGE ( 'NONE', *, *, #490, .F. ) ;
#865 = EDGE_CURVE ( 'NONE', #1111, #604, #1163, .T. ) ;
#866 = DIRECTION ( 'NONE',  ( -1.000000000000000000, 0.000000000000000000, 0.000000000000000000 ) ) ;
#867 = ADVANCED_FACE ( 'NONE', ( #1285 ), #741, .F. ) ;
#868 = EDGE_LOOP ( 'NONE', ( #141, #1057, #950, #100, #1302, #1132, #800, #37, #914, #370, #949, #712 ) ) ;
#869 = DIRECTION ( 'NONE',  ( 0.000000000000000000, 0.000000000000000000, 1.000000000000000000 ) ) ;
#870 = CARTESIAN_POINT ( 'NONE',  ( -8.618001082957942316, 9.449999724960381542, 1.463284682576770468 ) ) ;
#871 = AXIS2_PLACEMENT_3D ( 'NONE', #980, #29, #682 ) ;
#872 = ORIENTED_EDGE ( 'NONE', *, *, #1217, .F. ) ;
#873 = AXIS2_PLACEMENT_3D ( 'NONE', #340, #1316, #671 ) ;
#874 = AXIS2_PLACEMENT_3D ( 'NONE', #356, #479, #143 ) ;
#875 = DIRECTION ( 'NONE',  ( 0.000000000000000000, 1.239088197126290669E-15, -1.000000000000000000 ) ) ;
#876 = FACE_OUTER_BOUND ( 'NONE', #728, .T. ) ;
#877 = EDGE_CURVE ( 'NONE', #997, #378, #80, .T. ) ;
#878 = CARTESIAN_POINT ( 'NONE',  ( -8.968001088173352287, 8.238132485974855257, -2.736715380008107878 ) ) ;
#879 = DIRECTION ( 'NONE',  ( 0.000000000000000000, -1.000000000000000000, 0.000000000000000000 ) ) ;
#880 = FACE_OUTER_BOUND ( 'NONE', #492, .T. ) ;
#881 = CARTESIAN_POINT ( 'NONE',  ( -8.618001082957942316, 3.849999724960383674, -0.9867153539310745680 ) ) ;
#882 = EDGE_CURVE ( 'NONE', #400, #965, #679, .T. ) ;
#883 = CARTESIAN_POINT ( 'NONE',  ( -10.36800111946578973, 10.14999972496038261, 1.463284682576770468 ) ) ;
#884 = EDGE_CURVE ( 'NONE', #631, #1111, #1398, .T. ) ;
#885 = CARTESIAN_POINT ( 'NONE',  ( -9.052925334251154865, 5.249999735391195799, 0.06328467214595895340 ) ) ;
#886 = LINE ( 'NONE', #580, #1368 ) ;
#887 = ORIENTED_EDGE ( 'NONE', *, *, #2, .T. ) ;
#888 = CARTESIAN_POINT ( 'NONE',  ( -8.618001082957942316, 10.14999972496038261, -0.9867153539310745680 ) ) ;
#889 = DIRECTION ( 'NONE',  ( 0.000000000000000000, 0.7071067811865481278, -0.7071067811865467956 ) ) ;
#890 = CARTESIAN_POINT ( 'NONE',  ( -10.06800111946578902, 8.749999714529577588, -2.036715380008108145 ) ) ;
#891 = PLANE ( 'NONE',  #828 ) ;
#892 = CIRCLE ( 'NONE', #279, 0.7000000000000000666 ) ;
#893 = CARTESIAN_POINT ( 'NONE',  ( -12.50300120552000926, 6.999999761468229664, -3.436715390438920270 ) ) ;
#894 = AXIS2_PLACEMENT_3D ( 'NONE', #188, #529, #833 ) ;
#895 = ORIENTED_EDGE ( 'NONE', *, *, #47, .F. ) ;
#896 = CARTESIAN_POINT ( 'NONE',  ( -10.06800111946578902, 5.949999735391195976, 1.063284672145958787 ) ) ;
#897 = AXIS2_PLACEMENT_3D ( 'NONE', #1333, #355, #1113 ) ;
#898 = DIRECTION ( 'NONE',  ( 1.000000000000000000, 0.000000000000000000, 0.000000000000000000 ) ) ;
#899 = VECTOR ( 'NONE', #457, 1000.000000000000000 ) ;
#900 = CARTESIAN_POINT ( 'NONE',  ( -10.36800111946578973, 5.235856902761152121, -2.736715390438920092 ) ) ;
#901 = CARTESIAN_POINT ( 'NONE',  ( -9.668001098604159793, 9.449999724960381542, -0.9867153539310743460 ) ) ;
#902 = DIRECTION ( 'NONE',  ( -0.3826834323650898928, 0.000000000000000000, 0.9238795325112867385 ) ) ;
#903 = ORIENTED_EDGE ( 'NONE', *, *, #109, .T. ) ;
#904 = CARTESIAN_POINT ( 'NONE',  ( -8.618001082957942316, 9.449999724960381542, -3.436715390438920270 ) ) ;
#905 = CARTESIAN_POINT ( 'NONE',  ( -9.668001098604165122, 4.549999724960382963, -1.336715359146480431 ) ) ;
#906 = CC_DESIGN_PERSON_AND_ORGANIZATION_ASSIGNMENT ( #1195, #1013, ( #640 ) ) ;
#907 = CARTESIAN_POINT ( 'NONE',  ( -10.06800111946578902, 8.049999714529571193, -2.036715380008108145 ) ) ;
#908 = FACE_OUTER_BOUND ( 'NONE', #172, .T. ) ;
#909 = ADVANCED_FACE ( 'NONE', ( #204, #1059 ), #537, .T. ) ;
#910 = ORIENTED_EDGE ( 'NONE', *, *, #167, .T. ) ;
#911 = ORIENTED_EDGE ( 'NONE', *, *, #882, .F. ) ;
#912 = DIRECTION ( 'NONE',  ( 1.000000000000000000, 0.000000000000000000, 0.000000000000000000 ) ) ;
#913 = FACE_OUTER_BOUND ( 'NONE', #1351, .T. ) ;
#914 = ORIENTED_EDGE ( 'NONE', *, *, #703, .F. ) ;
#915 = CIRCLE ( 'NONE', #419, 0.3500000156462182987 ) ;
#916 = EDGE_LOOP ( 'NONE', ( #1063, #189, #38, #199 ) ) ;
#917 = CONICAL_SURFACE ( 'NONE', #1234, 1.050000015646217477, 0.7853981633974476129 ) ;
#918 = CARTESIAN_POINT ( 'NONE',  ( -11.06800111946578902, 8.749999714529577588, -2.036715380008108145 ) ) ;
#919 = FACE_OUTER_BOUND ( 'NONE', #845, .T. ) ;
#920 = ORIENTED_EDGE ( 'NONE', *, *, #946, .T. ) ;
#921 = ORIENTED_EDGE ( 'NONE', *, *, #190, .T. ) ;
#922 = LINE ( 'NONE', #1359, #451 ) ;
#923 = EDGE_CURVE ( 'NONE', #626, #530, #963, .T. ) ;
#924 = ADVANCED_FACE ( 'NONE', ( #601 ), #794, .F. ) ;
#925 = EDGE_CURVE ( 'NONE', #506, #1281, #1278, .T. ) ;
#926 = EDGE_CURVE ( 'NONE', #506, #246, #389, .T. ) ;
#927 = LOCAL_TIME ( 17, 58, 34.00000000000000000, #491 ) ;
#928 = CYLINDRICAL_SURFACE ( 'NONE', #347, 3.149999999999999467 ) ;
#929 = ORIENTED_EDGE ( 'NONE', *, *, #39, .T. ) ;
#930 = ORIENTED_EDGE ( 'NONE', *, *, #260, .T. ) ;
#931 = CARTESIAN_POINT ( 'NONE',  ( -8.618001082957942316, 10.14999972496038261, -0.9867153539310745680 ) ) ;
#932 = DIRECTION ( 'NONE',  ( 0.000000000000000000, 0.000000000000000000, 1.000000000000000000 ) ) ;
#933 = VERTEX_POINT ( 'NONE', #585 ) ;
#934 = ORIENTED_EDGE ( 'NONE', *, *, #1237, .T. ) ;
#935 = VECTOR ( 'NONE', #1360, 1000.000000000000000 ) ;
#936 = TOROIDAL_SURFACE ( 'NONE', #998, 1.000000000000000000, 0.2999999999999999889 ) ;
#937 = AXIS2_PLACEMENT_3D ( 'NONE', #23, #673, #473 ) ;
#938 = DIRECTION ( 'NONE',  ( 1.000000000000000000, 0.000000000000000000, 0.000000000000000000 ) ) ;
#939 = ORIENTED_EDGE ( 'NONE', *, *, #351, .F. ) ;
#940 = VERTEX_POINT ( 'NONE', #252 ) ;
#941 = LINE ( 'NONE', #602, #1187 ) ;
#942 = CARTESIAN_POINT ( 'NONE',  ( -11.38300120552001005, 6.999999761468229664, -3.436715390438920270 ) ) ;
#943 = ORIENTED_EDGE ( 'NONE', *, *, #727, .T. ) ;
#944 = APPROVAL_PERSON_ORGANIZATION ( #1104, #1301, #1342 ) ;
#945 = VERTEX_POINT ( 'NONE', #810 ) ;
#946 = EDGE_CURVE ( 'NONE', #1011, #240, #818, .T. ) ;
#947 = DIRECTION ( 'NONE',  ( 1.000000000000000000, 0.000000000000000000, 0.000000000000000000 ) ) ;
#948 = CARTESIAN_POINT ( 'NONE',  ( -10.06800111946578902, 9.049999714529576522, 0.06328467214595895340 ) ) ;
#949 = ORIENTED_EDGE ( 'NONE', *, *, #1019, .T. ) ;
#950 = ORIENTED_EDGE ( 'NONE', *, *, #50, .T. ) ;
#951 = LINE ( 'NONE', #638, #670 ) ;
#952 = AXIS2_PLACEMENT_3D ( 'NONE', #985, #120, #1197 ) ;
#953 = CARTESIAN_POINT ( 'NONE',  ( -10.36800111946578973, 3.849999724960383674, -3.436715390438920270 ) ) ;
#954 = AXIS2_PLACEMENT_3D ( 'NONE', #617, #371, #1328 ) ;
#955 = ORIENTED_EDGE ( 'NONE', *, *, #1023, .T. ) ;
#956 = CARTESIAN_POINT ( 'NONE',  ( -11.06800111946578902, 5.249999735391195799, 0.7632846721459588535 ) ) ;
#957 = ORIENTED_EDGE ( 'NONE', *, *, #186, .T. ) ;
#958 = CARTESIAN_POINT ( 'NONE',  ( -10.06800111946578902, 4.949999735391195976, 0.7632846721459588535 ) ) ;
#959 = LINE ( 'NONE', #1310, #584 ) ;
#960 = ADVANCED_FACE ( 'NONE', ( #708, #713 ), #702, .F. ) ;
#961 = EDGE_CURVE ( 'NONE', #566, #439, #1228, .T. ) ;
#962 = CARTESIAN_POINT ( 'NONE',  ( -8.618001082957942316, 9.449999724960381542, 1.463284682576770468 ) ) ;
#963 = LINE ( 'NONE', #1404, #424 ) ;
#964 = CARTESIAN_POINT ( 'NONE',  ( -9.668001098604165122, 5.249999735391195799, -1.336715359146480431 ) ) ;
#965 = VERTEX_POINT ( 'NONE', #272 ) ;
#966 = EDGE_LOOP ( 'NONE', ( #1194, #824, #1165, #1283 ) ) ;
#967 = DIRECTION ( 'NONE',  ( -0.3826834323650898928, 0.000000000000000000, 0.9238795325112867385 ) ) ;
#968 = EDGE_CURVE ( 'NONE', #246, #1111, #781, .T. ) ;
#969 = ORIENTED_EDGE ( 'NONE', *, *, #1154, .T. ) ;
#970 = EDGE_CURVE ( 'NONE', #1005, #604, #1385, .T. ) ;
#971 = ORIENTED_EDGE ( 'NONE', *, *, #1352, .T. ) ;
#972 = APPLICATION_PROTOCOL_DEFINITION ( 'international standard', 'config_control_design', 1994, #463 ) ;
#973 = CARTESIAN_POINT ( 'NONE',  ( -9.070513714758060786, 8.544974461360155260, -2.531690126838690880 ) ) ;
#974 = AXIS2_PLACEMENT_3D ( 'NONE', #881, #1201, #983 ) ;
#975 = ORIENTED_EDGE ( 'NONE', *, *, #534, .T. ) ;
#976 = AXIS2_PLACEMENT_3D ( 'NONE', #318, #235, #947 ) ;
#977 = LINE ( 'NONE', #644, #7 ) ;
#978 = EDGE_CURVE ( 'NONE', #817, #290, #1236, .T. ) ;
#979 = VECTOR ( 'NONE', #1178, 1000.000000000000000 ) ;
#980 = CARTESIAN_POINT ( 'NONE',  ( -11.94300120552000877, 6.999999761468229664, -2.736715380008108323 ) ) ;
#981 = ADVANCED_FACE ( 'NONE', ( #1127 ), #594, .T. ) ;
#982 = PLANE ( 'NONE',  #588 ) ;
#983 = DIRECTION ( 'NONE',  ( 0.000000000000000000, 0.000000000000000000, 1.000000000000000000 ) ) ;
#984 = ORIENTED_EDGE ( 'NONE', *, *, #575, .T. ) ;
#985 = CARTESIAN_POINT ( 'NONE',  ( -11.06800111946578902, 8.749999714529577588, -2.736715380008108323 ) ) ;
#986 = LINE ( 'NONE', #299, #1347 ) ;
#987 = CIRCLE ( 'NONE', #1008, 2.450000036507845369 ) ;
#988 = CARTESIAN_POINT ( 'NONE',  ( -8.618001082957942316, 10.14999972496038261, -0.9867153539310745680 ) ) ;
#989 = VERTEX_POINT ( 'NONE', #502 ) ;
#990 = CALENDAR_DATE ( 2024, 29, 4 ) ;
#991 = EDGE_CURVE ( 'NONE', #604, #405, #922, .T. ) ;
#992 = DIRECTION ( 'NONE',  ( 1.000000000000000000, 0.000000000000000000, 0.000000000000000000 ) ) ;
#993 = DIRECTION ( 'NONE',  ( 0.000000000000000000, 1.000000000000000000, 0.000000000000000000 ) ) ;
#994 = AXIS2_PLACEMENT_3D ( 'NONE', #1145, #148, #823 ) ;
#995 = LINE ( 'NONE', #893, #540 ) ;
#996 = CIRCLE ( 'NONE', #735, 0.3500000156462182987 ) ;
#997 = VERTEX_POINT ( 'NONE', #1143 ) ;
#998 = AXIS2_PLACEMENT_3D ( 'NONE', #907, #263, #795 ) ;
#999 = DIRECTION ( 'NONE',  ( 1.000000000000000000, 0.000000000000000000, 0.000000000000000000 ) ) ;
#1000 = AXIS2_PLACEMENT_3D ( 'NONE', #144, #595, #1307 ) ;
#1001 = CARTESIAN_POINT ( 'NONE',  ( -11.06800111946578902, 5.949999735391195976, -2.036715380008108145 ) ) ;
#1002 = DIRECTION ( 'NONE',  ( 1.000000000000000000, 0.000000000000000000, 0.000000000000000000 ) ) ;
#1003 = CARTESIAN_POINT ( 'NONE',  ( -8.618001082957942316, 4.549999724960382963, 1.463284682576770468 ) ) ;
#1004 = VERTEX_POINT ( 'NONE', #1364 ) ;
#1005 = VERTEX_POINT ( 'NONE', #825 ) ;
#1006 = CARTESIAN_POINT ( 'NONE',  ( -9.257950587420571864, 8.544974461360155260, 0.5582594189765417436 ) ) ;
#1007 = CARTESIAN_POINT ( 'NONE',  ( -9.668001098604165122, 4.549999724960382963, -0.9867153539310745680 ) ) ;
#1008 = AXIS2_PLACEMENT_3D ( 'NONE', #762, #423, #232 ) ;
#1009 = CARTESIAN_POINT ( 'NONE',  ( -9.223934702450710788, 5.249999735391196687, -2.224848151453390876 ) ) ;
#1010 = DIRECTION ( 'NONE',  ( 0.000000000000000000, 0.000000000000000000, -1.000000000000000000 ) ) ;
#1011 = VERTEX_POINT ( 'NONE', #1259 ) ;
#1012 = EDGE_CURVE ( 'NONE', #223, #626, #544, .T. ) ;
#1013 = PERSON_AND_ORGANIZATION_ROLE ( 'creator' ) ;
#1014 = ORIENTED_EDGE ( 'NONE', *, *, #1277, .T. ) ;
#1015 = DATE_AND_TIME ( #152, #1084 ) ;
#1016 = DIRECTION ( 'NONE',  ( 0.000000000000000000, -1.000000000000000000, 0.000000000000000000 ) ) ;
#1017 = CARTESIAN_POINT ( 'NONE',  ( -8.618001082957942316, 9.449999724960381542, -0.9867153539310745680 ) ) ;
#1018 = ORIENTED_EDGE ( 'NONE', *, *, #381, .T. ) ;
#1019 = EDGE_CURVE ( 'NONE', #484, #1005, #222, .T. ) ;
#1020 = EDGE_CURVE ( 'NONE', #1268, #1004, #26, .T. ) ;
#1021 = VECTOR ( 'NONE', #938, 1000.000000000000000 ) ;
#1022 = ORIENTED_EDGE ( 'NONE', *, *, #1020, .T. ) ;
#1023 = EDGE_CURVE ( 'NONE', #1004, #177, #792, .T. ) ;
#1024 = DIRECTION ( 'NONE',  ( 1.000000000000000000, 0.000000000000000000, 0.000000000000000000 ) ) ;
#1025 = CC_DESIGN_DATE_AND_TIME_ASSIGNMENT ( #15, #689, ( #640 ) ) ;
#1026 = CARTESIAN_POINT ( 'NONE',  ( -10.36800111946578973, 10.14999972496038261, -2.736715390438920092 ) ) ;
#1027 = CARTESIAN_POINT ( 'NONE',  ( -10.06800111946578902, 8.049999714529571193, -2.736715380008108323 ) ) ;
#1028 = VERTEX_POINT ( 'NONE', #258 ) ;
#1029 = VERTEX_POINT ( 'NONE', #249 ) ;
#1030 = DIRECTION ( 'NONE',  ( -1.000000000000000000, 0.000000000000000000, 0.000000000000000000 ) ) ;
#1031 = CARTESIAN_POINT ( 'NONE',  ( -10.36800111946578795, 5.368822642907925768, -2.736715390438919648 ) ) ;
#1032 = CALENDAR_DATE ( 2024, 29, 4 ) ;
#1033 = CIRCLE ( 'NONE', #1243, 1.050000015646217477 ) ;
#1034 = CYLINDRICAL_SURFACE ( 'NONE', #234, 0.2999999999999999334 ) ;
#1035 = ORIENTED_EDGE ( 'NONE', *, *, #50, .F. ) ;
#1036 = ORIENTED_EDGE ( 'NONE', *, *, #84, .T. ) ;
#1037 = CARTESIAN_POINT ( 'NONE',  ( -9.668001098604165122, 5.249999735391195799, -0.9867153539310745680 ) ) ;
#1038 = CARTESIAN_POINT ( 'NONE',  ( -10.36800111946578973, 8.049999714529571193, -2.036715380008108145 ) ) ;
#1039 = ORIENTED_EDGE ( 'NONE', *, *, #1355, .F. ) ;
#1040 = VERTEX_POINT ( 'NONE', #295 ) ;
#1041 = CIRCLE ( 'NONE', #373, 0.2999999999999999334 ) ;
#1042 = CIRCLE ( 'NONE', #897, 0.7000000000000000666 ) ;
#1043 = VECTOR ( 'NONE', #511, 1000.000000000000000 ) ;
#1044 = EDGE_CURVE ( 'NONE', #552, #933, #711, .T. ) ;
#1045 = DIRECTION ( 'NONE',  ( 1.000000000000000000, 0.000000000000000000, 0.000000000000000000 ) ) ;
#1046 = CARTESIAN_POINT ( 'NONE',  ( -10.06800111946578902, 8.544974461360155260, -2.531690126838690880 ) ) ;
#1047 = EDGE_LOOP ( 'NONE', ( #857, #784, #301, #1273, #489, #632, #539 ) ) ;
#1048 = ADVANCED_FACE ( 'NONE', ( #198 ), #92, .F. ) ;
#1049 = ORIENTED_EDGE ( 'NONE', *, *, #805, .T. ) ;
#1050 = CARTESIAN_POINT ( 'NONE',  ( -8.985576249810282690, 4.549999724960382963, -0.9867153539310745680 ) ) ;
#1051 = DIRECTION ( 'NONE',  ( 1.000000000000000000, 0.000000000000000000, 0.000000000000000000 ) ) ;
#1052 = CARTESIAN_POINT ( 'NONE',  ( -9.632824325894073780, 4.549999724960382963, 1.463284682576770468 ) ) ;
#1053 = ORIENTED_EDGE ( 'NONE', *, *, #560, .T. ) ;
#1054 = EDGE_CURVE ( 'NONE', #933, #132, #653, .T. ) ;
#1055 = FACE_OUTER_BOUND ( 'NONE', #1140, .T. ) ;
#1056 = ORIENTED_EDGE ( 'NONE', *, *, #703, .T. ) ;
#1057 = ORIENTED_EDGE ( 'NONE', *, *, #884, .F. ) ;
#1058 = DIRECTION ( 'NONE',  ( 1.000000000000000000, 0.000000000000000000, 0.000000000000000000 ) ) ;
#1059 = FACE_OUTER_BOUND ( 'NONE', #725, .T. ) ;
#1060 = CARTESIAN_POINT ( 'NONE',  ( -9.223934702450710788, 8.749999714529572259, -2.224848151453390876 ) ) ;
#1061 = ORIENTED_EDGE ( 'NONE', *, *, #10, .T. ) ;
#1062 = DIRECTION ( 'NONE',  ( 0.000000000000000000, 0.000000000000000000, 1.000000000000000000 ) ) ;
#1063 = ORIENTED_EDGE ( 'NONE', *, *, #877, .F. ) ;
#1064 = EDGE_CURVE ( 'NONE', #1028, #1250, #420, .T. ) ;
#1065 = PERSON_AND_ORGANIZATION ( #442, #704 ) ;
#1066 = ADVANCED_FACE ( 'NONE', ( #1080 ), #745, .F. ) ;
#1067 = DIRECTION ( 'NONE',  ( 0.000000000000000000, 0.000000000000000000, -1.000000000000000000 ) ) ;
#1068 = VECTOR ( 'NONE', #843, 1000.000000000000000 ) ;
#1069 = CARTESIAN_POINT ( 'NONE',  ( -8.618001082957942316, 9.449999724960381542, -0.9867153539310745680 ) ) ;
#1070 = VECTOR ( 'NONE', #12, 1000.000000000000000 ) ;
#1071 = CARTESIAN_POINT ( 'NONE',  ( -11.06800111946578902, 8.049999714529571193, 0.06328467214595895340 ) ) ;
#1072 = VECTOR ( 'NONE', #783, 1000.000000000000000 ) ;
#1073 = VERTEX_POINT ( 'NONE', #330 ) ;
#1074 = DIRECTION ( 'NONE',  ( -1.000000000000000000, 0.000000000000000000, 0.000000000000000000 ) ) ;
#1075 = VERTEX_POINT ( 'NONE', #101 ) ;
#1076 = UNCERTAINTY_MEASURE_WITH_UNIT (LENGTH_MEASURE( 1.000000000000000082E-05 ), #859, 'distance_accuracy_value', 'NONE');
#1077 = ADVANCED_FACE ( 'NONE', ( #1055 ), #116, .F. ) ;
#1078 = CARTESIAN_POINT ( 'NONE',  ( -10.36800111946578973, 10.14999972496038261, -0.9867153539310745680 ) ) ;
#1079 = EDGE_LOOP ( 'NONE', ( #377, #168 ) ) ;
#1080 = FACE_OUTER_BOUND ( 'NONE', #294, .T. ) ;
#1081 = DIRECTION ( 'NONE',  ( 0.000000000000000000, 0.000000000000000000, -1.000000000000000000 ) ) ;
#1082 = VECTOR ( 'NONE', #193, 1000.000000000000000 ) ;
#1083 = FACE_OUTER_BOUND ( 'NONE', #433, .T. ) ;
#1084 = LOCAL_TIME ( 17, 58, 34.00000000000000000, #508 ) ;
#1085 = ADVANCED_FACE ( 'NONE', ( #110 ), #917, .F. ) ;
#1086 = CARTESIAN_POINT ( 'NONE',  ( -10.06800111946578902, 5.249999735391195799, 0.7632846721459588535 ) ) ;
#1087 = ORIENTED_EDGE ( 'NONE', *, *, #428, .F. ) ;
#1088 = CARTESIAN_POINT ( 'NONE',  ( -9.052925334251154865, 5.249999735391195799, 0.06328467214595895340 ) ) ;
#1089 = FACE_OUTER_BOUND ( 'NONE', #701, .T. ) ;
#1090 = CARTESIAN_POINT ( 'NONE',  ( -10.36800111946578973, 4.949999735391195976, 0.06328467214595895340 ) ) ;
#1091 = DIRECTION ( 'NONE',  ( 1.000000000000000000, 0.000000000000000000, 0.000000000000000000 ) ) ;
#1092 = AXIS2_PLACEMENT_3D ( 'NONE', #376, #1130, #43 ) ;
#1093 = VECTOR ( 'NONE', #288, 1000.000000000000000 ) ;
#1094 = CONICAL_SURFACE ( 'NONE', #327, 1.050000015646217477, 0.7853981633974476129 ) ;
#1095 = ORIENTED_EDGE ( 'NONE', *, *, #526, .F. ) ;
#1096 = EDGE_LOOP ( 'NONE', ( #921, #1053, #1377, #257 ) ) ;
#1097 = EDGE_CURVE ( 'NONE', #1040, #1268, #531, .T. ) ;
#1098 = FACE_OUTER_BOUND ( 'NONE', #1096, .T. ) ;
#1099 = CARTESIAN_POINT ( 'NONE',  ( -9.668001098604165122, 4.549999724960382963, -1.336715359146480431 ) ) ;
#1100 = CARTESIAN_POINT ( 'NONE',  ( -10.36800111946578973, 5.949999735391195976, 1.063284672145959009 ) ) ;
#1101 = ORIENTED_EDGE ( 'NONE', *, *, #77, .T. ) ;
#1102 = EDGE_CURVE ( 'NONE', #1390, #1170, #977, .T. ) ;
#1103 = VERTEX_POINT ( 'NONE', #224 ) ;
#1104 = PERSON_AND_ORGANIZATION ( #442, #704 ) ;
#1105 = CARTESIAN_POINT ( 'NONE',  ( -8.618001082957942316, 9.449999724960381542, -0.9867153539310745680 ) ) ;
#1106 = DIRECTION ( 'NONE',  ( 0.000000000000000000, 0.000000000000000000, 1.000000000000000000 ) ) ;
#1107 = DIRECTION ( 'NONE',  ( 1.000000000000000000, 0.000000000000000000, 0.000000000000000000 ) ) ;
#1108 = CARTESIAN_POINT ( 'NONE',  ( -10.22800110694880793, 8.749999714529577588, -0.2167153424571820752 ) ) ;
#1109 = ORIENTED_EDGE ( 'NONE', *, *, #485, .F. ) ;
#1110 = MANIFOLD_SOLID_BREP ( 'Fillet1', #467 ) ;
#1111 = VERTEX_POINT ( 'NONE', #8 ) ;
#1112 = PERSON_AND_ORGANIZATION_ROLE ( 'design_supplier' ) ;
#1113 = DIRECTION ( 'NONE',  ( 0.000000000000000000, 0.000000000000000000, -1.000000000000000000 ) ) ;
#1114 = ADVANCED_FACE ( 'NONE', ( #880 ), #612, .F. ) ;
#1115 = CARTESIAN_POINT ( 'NONE',  ( -9.668001098604165122, 9.449999724960381542, -0.9867153539310745680 ) ) ;
#1116 = DIRECTION ( 'NONE',  ( -1.000000000000000000, -0.000000000000000000, -0.000000000000000000 ) ) ;
#1117 = CARTESIAN_POINT ( 'NONE',  ( -9.342874827912321933, 5.949999735391195976, 0.7632846721459588535 ) ) ;
#1118 = AXIS2_PLACEMENT_3D ( 'NONE', #815, #60, #1248 ) ;
#1119 = VECTOR ( 'NONE', #992, 1000.000000000000000 ) ;
#1120 = VERTEX_POINT ( 'NONE', #1037 ) ;
#1121 = DIRECTION ( 'NONE',  ( -1.000000000000000000, 0.000000000000000000, 0.000000000000000000 ) ) ;
#1122 = CYLINDRICAL_SURFACE ( 'NONE', #1000, 0.7000000000000003997 ) ;
#1123 = EDGE_CURVE ( 'NONE', #945, #1040, #760, .T. ) ;
#1124 = CARTESIAN_POINT ( 'NONE',  ( -10.06800111946578902, 5.949999735391195976, 0.06328467214595895340 ) ) ;
#1125 = VERTEX_POINT ( 'NONE', #821 ) ;
#1126 = VERTEX_POINT ( 'NONE', #1374 ) ;
#1127 = FACE_OUTER_BOUND ( 'NONE', #707, .T. ) ;
#1128 = EDGE_CURVE ( 'NONE', #320, #989, #59, .T. ) ;
#1129 = LINE ( 'NONE', #51, #935 ) ;
#1130 = DIRECTION ( 'NONE',  ( 0.000000000000000000, 1.000000000000000000, 0.000000000000000000 ) ) ;
#1131 = ORIENTED_EDGE ( 'NONE', *, *, #380, .F. ) ;
#1132 = ORIENTED_EDGE ( 'NONE', *, *, #763, .T. ) ;
#1133 = CARTESIAN_POINT ( 'NONE',  ( -9.130852479710627634, 8.749999714529572259, 0.2514174435912421846 ) ) ;
#1134 = PRODUCT_RELATED_PRODUCT_CATEGORY ( 'detail', '', ( #278 ) ) ;
#1135 = DIRECTION ( 'NONE',  ( -0.8944271909999159664, 0.000000000000000000, -0.4472135954999579832 ) ) ;
#1136 = DATE_AND_TIME ( #1032, #1380 ) ;
#1137 = FACE_OUTER_BOUND ( 'NONE', #216, .T. ) ;
#1138 = ORIENTED_EDGE ( 'NONE', *, *, #1199, .F. ) ;
#1139 = VECTOR ( 'NONE', #1280, 1000.000000000000000 ) ;
#1140 = EDGE_LOOP ( 'NONE', ( #1363, #887, #854, #1264 ) ) ;
#1141 = EDGE_CURVE ( 'NONE', #406, #570, #941, .T. ) ;
#1142 = VECTOR ( 'NONE', #17, 1000.000000000000000 ) ;
#1143 = CARTESIAN_POINT ( 'NONE',  ( -9.070513714758060786, 8.544974461360155260, -2.531690126838690880 ) ) ;
#1144 = AXIS2_PLACEMENT_3D ( 'NONE', #634, #1051, #1167 ) ;
#1145 = CARTESIAN_POINT ( 'NONE',  ( -11.06800111946578902, 8.049999714529571193, 0.06328467214595895340 ) ) ;
#1146 =( BOUNDED_CURVE ( )  B_SPLINE_CURVE ( 3, ( #358, #1009, #674, #123 ),
 .UNSPECIFIED., .F., .T. ) 
 B_SPLINE_CURVE_WITH_KNOTS ( ( 4, 4 ),
 ( 4.712388980384689674, 5.497787143782137065 ),
 .UNSPECIFIED. ) 
 CURVE ( )  GEOMETRIC_REPRESENTATION_ITEM ( )  RATIONAL_B_SPLINE_CURVE ( ( 1.000000000000000000, 0.9492530216741912330, 0.9492530216741912330, 1.000000000000000000 ) ) 
 REPRESENTATION_ITEM ( '' )  );
#1147 = ORIENTED_EDGE ( 'NONE', *, *, #575, .F. ) ;
#1148 = ORIENTED_EDGE ( 'NONE', *, *, #840, .F. ) ;
#1149 = ADVANCED_FACE ( 'NONE', ( #41 ), #1094, .F. ) ;
#1150 = CYLINDRICAL_SURFACE ( 'NONE', #610, 0.7000000000000003997 ) ;
#1151 = VERTEX_POINT ( 'NONE', #88 ) ;
#1152 = EDGE_LOOP ( 'NONE', ( #655, #291, #835, #149, #267, #724, #1049 ) ) ;
#1153 = CARTESIAN_POINT ( 'NONE',  ( -8.618001082957942316, 4.549999724960382963, -0.9867153539310745680 ) ) ;
#1154 = EDGE_CURVE ( 'NONE', #834, #1241, #1410, .T. ) ;
#1155 = CARTESIAN_POINT ( 'NONE',  ( -8.618001082957942316, 4.549999724960382963, -0.9867153539310745680 ) ) ;
#1156 = CARTESIAN_POINT ( 'NONE',  ( -9.342874827912321933, 8.224999706706446645, 0.7632846721459588535 ) ) ;
#1157 = ORIENTED_EDGE ( 'NONE', *, *, #77, .F. ) ;
#1158 = ORIENTED_EDGE ( 'NONE', *, *, #1128, .F. ) ;
#1159 = AXIS2_PLACEMENT_3D ( 'NONE', #180, #205, #538 ) ;
#1160 = DIRECTION ( 'NONE',  ( 1.000000000000000000, 0.000000000000000000, 0.000000000000000000 ) ) ;
#1161 = TOROIDAL_SURFACE ( 'NONE', #24, 1.000000000000000000, 0.2999999999999999889 ) ;
#1162 = CIRCLE ( 'NONE', #237, 0.7000000000000000666 ) ;
#1163 = LINE ( 'NONE', #243, #1260 ) ;
#1164 = CYLINDRICAL_SURFACE ( 'NONE', #161, 0.7000000000000001776 ) ;
#1165 = ORIENTED_EDGE ( 'NONE', *, *, #991, .F. ) ;
#1166 = ORIENTED_EDGE ( 'NONE', *, *, #84, .F. ) ;
#1167 = DIRECTION ( 'NONE',  ( 0.000000000000000000, 1.000000000000000000, 0.000000000000000000 ) ) ;
#1168 = EDGE_CURVE ( 'NONE', #1004, #53, #1186, .T. ) ;
#1169 = CARTESIAN_POINT ( 'NONE',  ( -9.668001098604165122, 8.749999714529577588, -0.9867153539310745680 ) ) ;
#1170 = VERTEX_POINT ( 'NONE', #962 ) ;
#1171 = EDGE_CURVE ( 'NONE', #752, #530, #658, .T. ) ;
#1172 = EDGE_CURVE ( 'NONE', #225, #677, #1191, .T. ) ;
#1173 = DIRECTION ( 'NONE',  ( 0.000000000000000000, 0.000000000000000000, -1.000000000000000000 ) ) ;
#1174 = EDGE_CURVE ( 'NONE', #1011, #34, #1337, .T. ) ;
#1175 = EDGE_LOOP ( 'NONE', ( #720, #772, #557, #422 ) ) ;
#1176 = DIRECTION ( 'NONE',  ( 1.000000000000000000, 0.000000000000000000, 0.000000000000000000 ) ) ;
#1177 = CARTESIAN_POINT ( 'NONE',  ( -11.06800111946578902, 8.544974461360155260, 0.5582594189765417436 ) ) ;
#1178 = DIRECTION ( 'NONE',  ( -0.7071067811865470176, 0.7071067811865480168, -8.659560562354926695E-17 ) ) ;
#1179 = DIRECTION ( 'NONE',  ( 0.000000000000000000, 0.7071067811865483499, 0.7071067811865467956 ) ) ;
#1180 = ORIENTED_EDGE ( 'NONE', *, *, #822, .F. ) ;
#1181 = EDGE_LOOP ( 'NONE', ( #76, #311, #411, #324, #150 ) ) ;
#1182 = PERSON_AND_ORGANIZATION ( #442, #704 ) ;
#1183 = EDGE_CURVE ( 'NONE', #605, #290, #587, .T. ) ;
#1184 = AXIS2_PLACEMENT_3D ( 'NONE', #499, #603, #269 ) ;
#1185 = CIRCLE ( 'NONE', #779, 0.2999999999999999334 ) ;
#1186 = LINE ( 'NONE', #203, #375 ) ;
#1187 = VECTOR ( 'NONE', #1016, 1000.000000000000000 ) ;
#1188 = CIRCLE ( 'NONE', #1373, 0.3500000156462182987 ) ;
#1189 = ORIENTED_EDGE ( 'NONE', *, *, #109, .F. ) ;
#1190 = CARTESIAN_POINT ( 'NONE',  ( -10.36800111946578973, 10.14999972496038261, -0.9867153539310745680 ) ) ;
#1191 = LINE ( 'NONE', #1086, #97 ) ;
#1192 = ORIENTED_EDGE ( 'NONE', *, *, #241, .T. ) ;
#1193 = DIRECTION ( 'NONE',  ( 1.000000000000000000, 0.000000000000000000, 0.000000000000000000 ) ) ;
#1194 = ORIENTED_EDGE ( 'NONE', *, *, #1352, .F. ) ;
#1195 = PERSON_AND_ORGANIZATION ( #442, #704 ) ;
#1196 = LOCAL_TIME ( 17, 58, 34.00000000000000000, #4 ) ;
#1197 = DIRECTION ( 'NONE',  ( 1.000000000000000000, 0.000000000000000000, 0.000000000000000000 ) ) ;
#1198 = FACE_OUTER_BOUND ( 'NONE', #119, .T. ) ;
#1199 = EDGE_CURVE ( 'NONE', #505, #459, #1162, .T. ) ;
#1200 = DIRECTION ( 'NONE',  ( -1.000000000000000000, 0.000000000000000000, 0.000000000000000000 ) ) ;
#1201 = DIRECTION ( 'NONE',  ( 0.000000000000000000, -1.000000000000000000, 0.000000000000000000 ) ) ;
#1202 = ORIENTED_EDGE ( 'NONE', *, *, #1019, .F. ) ;
#1203 = LINE ( 'NONE', #434, #861 ) ;
#1204 = CARTESIAN_POINT ( 'NONE',  ( -8.618001082957942316, 4.549999724960382963, -3.436715390438920270 ) ) ;
#1205 = DIRECTION ( 'NONE',  ( -1.000000000000000000, 0.000000000000000000, 0.000000000000000000 ) ) ;
#1206 = DIRECTION ( 'NONE',  ( 1.000000000000000000, 0.000000000000000000, 0.000000000000000000 ) ) ;
#1207 = AXIS2_PLACEMENT_3D ( 'NONE', #238, #1308, #664 ) ;
#1208 = AXIS2_PLACEMENT_3D ( 'NONE', #856, #1261, #1381 ) ;
#1209 = EDGE_CURVE ( 'NONE', #329, #173, #122, .T. ) ;
#1210 = DIRECTION ( 'NONE',  ( 0.000000000000000000, 0.000000000000000000, -1.000000000000000000 ) ) ;
#1211 = AXIS2_PLACEMENT_3D ( 'NONE', #207, #1200, #1062 ) ;
#1212 = CARTESIAN_POINT ( 'NONE',  ( -10.36800111946578973, 6.999999724960383141, -2.736715390438920092 ) ) ;
#1213 = ORIENTED_EDGE ( 'NONE', *, *, #56, .T. ) ;
#1214 = DIRECTION ( 'NONE',  ( 0.000000000000000000, 1.000000000000000000, 0.000000000000000000 ) ) ;
#1215 = DIRECTION ( 'NONE',  ( 1.000000000000000000, 0.000000000000000000, 0.000000000000000000 ) ) ;
#1216 = CYLINDRICAL_SURFACE ( 'NONE', #137, 0.7000000000000003997 ) ;
#1217 = EDGE_CURVE ( 'NONE', #1250, #532, #1312, .T. ) ;
#1218 = ORIENTED_EDGE ( 'NONE', *, *, #1171, .T. ) ;
#1219 = VERTEX_POINT ( 'NONE', #31 ) ;
#1220 = EDGE_CURVE ( 'NONE', #405, #1029, #342, .T. ) ;
#1221 = PERSON_AND_ORGANIZATION_ROLE ( 'creator' ) ;
#1222 = DIRECTION ( 'NONE',  ( -0.4472135954999579277, 0.000000000000000000, 0.8944271909999158554 ) ) ;
#1223 = CC_DESIGN_APPROVAL ( #1301, ( #597 ) ) ;
#1224 = CARTESIAN_POINT ( 'NONE',  ( -7.568001067311724839, 4.549999724960382963, -0.9867153539310745680 ) ) ;
#1225 = DIRECTION ( 'NONE',  ( 0.000000000000000000, 0.000000000000000000, -1.000000000000000000 ) ) ;
#1226 = ORIENTED_EDGE ( 'NONE', *, *, #877, .T. ) ;
#1227 = CARTESIAN_POINT ( 'NONE',  ( -8.618001082957942316, 10.14999972496038261, 1.463284682576770468 ) ) ;
#1228 = LINE ( 'NONE', #261, #519 ) ;
#1229 = CARTESIAN_POINT ( 'NONE',  ( -10.06800111946578902, 8.544974461360155260, 0.5582594189765416326 ) ) ;
#1230 = CIRCLE ( 'NONE', #1392, 0.6999999999999999556 ) ;
#1231 = CARTESIAN_POINT ( 'NONE',  ( -8.968001088173352287, 5.761866963945911913, -2.736715380008107878 ) ) ;
#1232 = VECTOR ( 'NONE', #568, 1000.000000000000000 ) ;
#1233 = ORIENTED_EDGE ( 'NONE', *, *, #415, .F. ) ;
#1234 = AXIS2_PLACEMENT_3D ( 'NONE', #1401, #553, #1303 ) ;
#1235 = EDGE_LOOP ( 'NONE', ( #581, #181, #35, #798 ) ) ;
#1236 = LINE ( 'NONE', #905, #1300 ) ;
#1237 = EDGE_CURVE ( 'NONE', #1219, #61, #696, .T. ) ;
#1238 = ADVANCED_FACE ( 'NONE', ( #680 ), #1216, .F. ) ;
#1239 = CARTESIAN_POINT ( 'NONE',  ( -9.070513714758060786, 5.455024988560611909, -2.531690126838690880 ) ) ;
#1240 = VERTEX_POINT ( 'NONE', #452 ) ;
#1241 = VERTEX_POINT ( 'NONE', #1007 ) ;
#1242 = CARTESIAN_POINT ( 'NONE',  ( -11.06800111946578902, 5.455024988560611909, 0.5582594189765417436 ) ) ;
#1243 = AXIS2_PLACEMENT_3D ( 'NONE', #1153, #543, #454 ) ;
#1244 = ADVANCED_FACE ( 'NONE', ( #480 ), #936, .T. ) ;
#1245 = SHAPE_DEFINITION_REPRESENTATION ( #96, #756 ) ;
#1246 = DIRECTION ( 'NONE',  ( 0.000000000000000000, 1.000000000000000000, 0.000000000000000000 ) ) ;
#1247 = EDGE_CURVE ( 'NONE', #834, #1219, #1188, .T. ) ;
#1248 = DIRECTION ( 'NONE',  ( 1.000000000000000000, 0.000000000000000000, 0.000000000000000000 ) ) ;
#1249 = ORIENTED_EDGE ( 'NONE', *, *, #516, .F. ) ;
#1250 = VERTEX_POINT ( 'NONE', #236 ) ;
#1251 = CARTESIAN_POINT ( 'NONE',  ( -10.36800111946578973, 9.049999714529576522, 0.06328467214595893953 ) ) ;
#1252 = LINE ( 'NONE', #121, #1119 ) ;
#1253 = DIRECTION ( 'NONE',  ( 1.000000000000000000, 0.000000000000000000, 0.000000000000000000 ) ) ;
#1254 = ORIENTED_EDGE ( 'NONE', *, *, #1277, .F. ) ;
#1255 = VECTOR ( 'NONE', #154, 1000.000000000000000 ) ;
#1256 = CIRCLE ( 'NONE', #652, 1.050000015646217477 ) ;
#1257 = ORIENTED_EDGE ( 'NONE', *, *, #1012, .F. ) ;
#1258 = VECTOR ( 'NONE', #1106, 1000.000000000000000 ) ;
#1259 = CARTESIAN_POINT ( 'NONE',  ( -9.257950587420571864, 5.455024988560611909, 0.5582594189765417436 ) ) ;
#1260 = VECTOR ( 'NONE', #98, 1000.000000000000000 ) ;
#1261 = DIRECTION ( 'NONE',  ( 0.000000000000000000, 0.000000000000000000, -1.000000000000000000 ) ) ;
#1262 = VERTEX_POINT ( 'NONE', #1229 ) ;
#1263 = EDGE_CURVE ( 'NONE', #1151, #329, #139, .T. ) ;
#1264 = ORIENTED_EDGE ( 'NONE', *, *, #1209, .F. ) ;
#1265 = CARTESIAN_POINT ( 'NONE',  ( -10.06800111946578902, 5.949999735391195976, -2.736715380008108323 ) ) ;
#1266 = B_SPLINE_CURVE_WITH_KNOTS ( 'NONE', 3,
 ( #900, #1031, #1354, #379, #1372, #1265 ),
 .UNSPECIFIED., .F., .F.,
 ( 4, 2, 4 ),
 ( 0.000000000000000000, 0.0003932624766489022225, 0.0007865249532978044449 ),
 .UNSPECIFIED. ) ;
#1267 = LINE ( 'NONE', #75, #849 ) ;
#1268 = VERTEX_POINT ( 'NONE', #1100 ) ;
#1269 = EDGE_LOOP ( 'NONE', ( #1039, #285, #231, #1189, #1138 ) ) ;
#1270 = EDGE_CURVE ( 'NONE', #1241, #61, #328, .T. ) ;
#1271 = CARTESIAN_POINT ( 'NONE',  ( -9.668001098604165122, 4.549999724960382963, -1.336715359146480431 ) ) ;
#1272 = PLANE ( 'NONE',  #755 ) ;
#1273 = ORIENTED_EDGE ( 'NONE', *, *, #695, .T. ) ;
#1274 = ORIENTED_EDGE ( 'NONE', *, *, #884, .T. ) ;
#1275 = AXIS2_PLACEMENT_3D ( 'NONE', #1038, #66, #398 ) ;
#1276 = CIRCLE ( 'NONE', #264, 0.2999999999999999334 ) ;
#1277 = EDGE_CURVE ( 'NONE', #402, #506, #253, .T. ) ;
#1278 = CIRCLE ( 'NONE', #71, 1.050000015646217477 ) ;
#1279 = LINE ( 'NONE', #782, #1258 ) ;
#1280 = DIRECTION ( 'NONE',  ( 0.000000000000000000, -1.000000000000000000, 0.000000000000000000 ) ) ;
#1281 = VERTEX_POINT ( 'NONE', #686 ) ;
#1282 = CARTESIAN_POINT ( 'NONE',  ( -10.36800111946578973, 5.949999735391195976, 1.063284672145958787 ) ) ;
#1283 = ORIENTED_EDGE ( 'NONE', *, *, #970, .F. ) ;
#1284 = DIRECTION ( 'NONE',  ( -0.000000000000000000, 1.000000000000000000, 0.000000000000000000 ) ) ;
#1285 = FACE_OUTER_BOUND ( 'NONE', #750, .T. ) ;
#1286 = FACE_OUTER_BOUND ( 'NONE', #520, .T. ) ;
#1287 = ORIENTED_EDGE ( 'NONE', *, *, #1172, .F. ) ;
#1288 = ADVANCED_FACE ( 'NONE', ( #1329 ), #1122, .F. ) ;
#1289 = LOCAL_TIME ( 17, 58, 34.00000000000000000, #126 ) ;
#1290 = ORIENTED_EDGE ( 'NONE', *, *, #925, .F. ) ;
#1291 = CARTESIAN_POINT ( 'NONE',  ( -10.06800111946578902, 5.949999735391195976, 0.06328467214595895340 ) ) ;
#1292 = DIRECTION ( 'NONE',  ( 0.000000000000000000, 0.000000000000000000, -1.000000000000000000 ) ) ;
#1293 = CARTESIAN_POINT ( 'NONE',  ( -10.13936037197878726, 8.159004589272305097, -2.736715380008108767 ) ) ;
#1294 = VERTEX_POINT ( 'NONE', #564 ) ;
#1295 = ORIENTED_EDGE ( 'NONE', *, *, #606, .F. ) ;
#1296 = APPROVAL_ROLE ( '' ) ;
#1297 = EDGE_CURVE ( 'NONE', #439, #393, #215, .T. ) ;
#1298 = FACE_OUTER_BOUND ( 'NONE', #1382, .T. ) ;
#1299 = CIRCLE ( 'NONE', #873, 0.5599999999999997202 ) ;
#1300 = VECTOR ( 'NONE', #268, 1000.000000000000000 ) ;
#1301 = APPROVAL ( #572, 'UNSPECIFIED' ) ;
#1302 = ORIENTED_EDGE ( 'NONE', *, *, #178, .F. ) ;
#1303 = DIRECTION ( 'NONE',  ( 1.000000000000000000, 0.000000000000000000, 0.000000000000000000 ) ) ;
#1304 = CARTESIAN_POINT ( 'NONE',  ( -8.618001082957942316, 4.549999724960382963, -0.9867153539310745680 ) ) ;
#1305 = CALENDAR_DATE ( 2024, 29, 4 ) ;
#1306 = CARTESIAN_POINT ( 'NONE',  ( -8.968001088173350510, 8.049999714529571193, -2.736715380008108323 ) ) ;
#1307 = DIRECTION ( 'NONE',  ( 0.000000000000000000, -0.7071067811865481278, -0.7071067811865467956 ) ) ;
#1308 = DIRECTION ( 'NONE',  ( -1.000000000000000000, -0.000000000000000000, -0.000000000000000000 ) ) ;
#1309 = EDGE_LOOP ( 'NONE', ( #957, #773, #1400, #1362 ) ) ;
#1310 = CARTESIAN_POINT ( 'NONE',  ( -8.618001082957942316, 4.549999724960382963, -3.436715390438920270 ) ) ;
#1311 = ADVANCED_FACE ( 'NONE', ( #1198 ), #982, .F. ) ;
#1312 = LINE ( 'NONE', #569, #899 ) ;
#1313 = LINE ( 'NONE', #343, #1070 ) ;
#1314 = DIRECTION ( 'NONE',  ( 0.000000000000000000, 0.000000000000000000, 1.000000000000000000 ) ) ;
#1315 = ORIENTED_EDGE ( 'NONE', *, *, #117, .T. ) ;
#1316 = DIRECTION ( 'NONE',  ( 0.000000000000000000, 0.000000000000000000, 1.000000000000000000 ) ) ;
#1317 = DIRECTION ( 'NONE',  ( 0.7071067811865470176, -0.7071067811865480168, 0.000000000000000000 ) ) ;
#1318 = EDGE_CURVE ( 'NONE', #53, #1262, #292, .T. ) ;
#1319 = CARTESIAN_POINT ( 'NONE',  ( -10.06800111946578902, 5.949999735391195976, -2.036715380008108145 ) ) ;
#1320 = CIRCLE ( 'NONE', #1275, 1.000000000000000000 ) ;
#1321 = EDGE_CURVE ( 'NONE', #183, #945, #819, .T. ) ;
#1322 = DIRECTION ( 'NONE',  ( 0.000000000000000000, 0.000000000000000000, -1.000000000000000000 ) ) ;
#1323 = AXIS2_PLACEMENT_3D ( 'NONE', #607, #1024, #49 ) ;
#1324 = ORIENTED_EDGE ( 'NONE', *, *, #74, .T. ) ;
#1325 = ORIENTED_EDGE ( 'NONE', *, *, #273, .T. ) ;
#1326 = CARTESIAN_POINT ( 'NONE',  ( -9.052925334251154865, 8.749999714529577588, 0.06328467214595895340 ) ) ;
#1327 = APPROVAL ( #383, 'UNSPECIFIED' ) ;
#1328 = DIRECTION ( 'NONE',  ( 1.000000000000000000, 0.000000000000000000, 0.000000000000000000 ) ) ;
#1329 = FACE_OUTER_BOUND ( 'NONE', #48, .T. ) ;
#1330 = DIRECTION ( 'NONE',  ( 0.000000000000000000, 1.000000000000000000, 0.000000000000000000 ) ) ;
#1331 = DIRECTION ( 'NONE',  ( 0.000000000000000000, 1.000000000000000000, 0.000000000000000000 ) ) ;
#1332 = ORIENTED_EDGE ( 'NONE', *, *, #1044, .F. ) ;
#1333 = CARTESIAN_POINT ( 'NONE',  ( -10.06800111946578902, 8.049999714529571193, -2.036715380008108145 ) ) ;
#1334 = DESIGN_CONTEXT ( 'detailed design', #463, 'design' ) ;
#1335 = CC_DESIGN_SECURITY_CLASSIFICATION ( #621, ( #597 ) ) ;
#1336 = DIRECTION ( 'NONE',  ( 0.000000000000000000, 0.000000000000000000, -1.000000000000000000 ) ) ;
#1337 =( BOUNDED_CURVE ( )  B_SPLINE_CURVE ( 3, ( #11, #789, #229, #885 ),
 .UNSPECIFIED., .F., .T. ) 
 B_SPLINE_CURVE_WITH_KNOTS ( ( 4, 4 ),
 ( 0.7853981633974506105, 1.570796326794897224 ),
 .UNSPECIFIED. ) 
 CURVE ( )  GEOMETRIC_REPRESENTATION_ITEM ( )  RATIONAL_B_SPLINE_CURVE ( ( 1.000000000000000000, 0.9492530216741912330, 0.9492530216741912330, 1.000000000000000000 ) ) 
 REPRESENTATION_ITEM ( '' )  );
#1338 = CARTESIAN_POINT ( 'NONE',  ( -9.313053400413474847, 5.588054947012989437, 0.6912893774289212701 ) ) ;
#1339 = FACE_OUTER_BOUND ( 'NONE', #571, .T. ) ;
#1340 = ORIENTED_EDGE ( 'NONE', *, *, #727, .F. ) ;
#1341 = EDGE_CURVE ( 'NONE', #1073, #246, #721, .T. ) ;
#1342 = APPROVAL_ROLE ( '' ) ;
#1343 = ORIENTED_EDGE ( 'NONE', *, *, #695, .F. ) ;
#1344 = CARTESIAN_POINT ( 'NONE',  ( -9.202847774427665328, 8.678004419812532788, 0.4252294605241629943 ) ) ;
#1345 = AXIS2_PLACEMENT_3D ( 'NONE', #948, #417, #642 ) ;
#1346 = CARTESIAN_POINT ( 'NONE',  ( -10.36800111946578973, 9.049999714529576522, -2.036715380008108145 ) ) ;
#1347 = VECTOR ( 'NONE', #1317, 1000.000000000000000 ) ;
#1348 = ORIENTED_EDGE ( 'NONE', *, *, #533, .T. ) ;
#1349 = CALENDAR_DATE ( 2024, 29, 4 ) ;
#1350 = VECTOR ( 'NONE', #416, 1000.000000000000000 ) ;
#1351 = EDGE_LOOP ( 'NONE', ( #710, #858, #593, #1274 ) ) ;
#1352 = EDGE_CURVE ( 'NONE', #1262, #1005, #427, .T. ) ;
#1353 = CARTESIAN_POINT ( 'NONE',  ( -11.06800111946578902, 5.949999735391195976, 0.06328467214595895340 ) ) ;
#1354 = CARTESIAN_POINT ( 'NONE',  ( -10.32490424664072748, 5.496424284723743448, -2.736715380008108323 ) ) ;
#1355 = EDGE_CURVE ( 'NONE', #393, #505, #1266, .T. ) ;
#1356 = LINE ( 'NONE', #509, #1255 ) ;
#1357 = ORIENTED_EDGE ( 'NONE', *, *, #372, .F. ) ;
#1358 = ORIENTED_EDGE ( 'NONE', *, *, #333, .T. ) ;
#1359 = CARTESIAN_POINT ( 'NONE',  ( -11.06800111946578902, 8.749999714529577588, 0.06328467214595895340 ) ) ;
#1360 = DIRECTION ( 'NONE',  ( 0.000000000000000000, 1.000000000000000000, 0.000000000000000000 ) ) ;
#1361 = CARTESIAN_POINT ( 'NONE',  ( -10.06800111946578902, 8.049999714529571193, 1.063284672145959009 ) ) ;
#1362 = ORIENTED_EDGE ( 'NONE', *, *, #1321, .F. ) ;
#1363 = ORIENTED_EDGE ( 'NONE', *, *, #1263, .F. ) ;
#1364 = CARTESIAN_POINT ( 'NONE',  ( -10.06800111946578902, 5.949999735391195976, 0.7632846721459588535 ) ) ;
#1365 = EDGE_CURVE ( 'NONE', #61, #676, #1033, .T. ) ;
#1366 = CARTESIAN_POINT ( 'NONE',  ( -10.06800111946578902, 6.999999688452536617, 1.063284672145958787 ) ) ;
#1367 = EDGE_LOOP ( 'NONE', ( #45, #1226, #975, #296 ) ) ;
#1368 = VECTOR ( 'NONE', #902, 1000.000000000000000 ) ;
#1369 = AXIS2_PLACEMENT_3D ( 'NONE', #364, #21, #768 ) ;
#1370 = ORIENTED_EDGE ( 'NONE', *, *, #786, .F. ) ;
#1371 = AXIS2_PLACEMENT_3D ( 'NONE', #429, #648, #546 ) ;
#1372 = CARTESIAN_POINT ( 'NONE',  ( -10.13979985862829558, 5.840323522517877564, -2.736715380008108767 ) ) ;
#1373 = AXIS2_PLACEMENT_3D ( 'NONE', #365, #993, #1206 ) ;
#1374 = CARTESIAN_POINT ( 'NONE',  ( -9.070513714758060786, 5.455024988560611909, -2.531690126838690880 ) ) ;
#1375 = PLANE ( 'NONE',  #1159 ) ;
#1376 = EDGE_LOOP ( 'NONE', ( #743, #1147, #67, #619 ) ) ;
#1377 = ORIENTED_EDGE ( 'NONE', *, *, #1012, .T. ) ;
#1378 = ADVANCED_FACE ( 'NONE', ( #1089 ), #226, .T. ) ;
#1379 = FACE_OUTER_BOUND ( 'NONE', #1152, .T. ) ;
#1380 = LOCAL_TIME ( 17, 58, 34.00000000000000000, #513 ) ;
#1381 = DIRECTION ( 'NONE',  ( 1.000000000000000000, 0.000000000000000000, 0.000000000000000000 ) ) ;
#1382 = EDGE_LOOP ( 'NONE', ( #706, #659, #548, #699, #1158, #929 ) ) ;
#1383 = EDGE_LOOP ( 'NONE', ( #625, #1148, #934, #276 ) ) ;
#1384 = ADVANCED_FACE ( 'NONE', ( #876 ), #555, .F. ) ;
#1385 =( BOUNDED_CURVE ( )  B_SPLINE_CURVE ( 3, ( #1006, #1344, #1133, #157 ),
 .UNSPECIFIED., .F., .T. ) 
 B_SPLINE_CURVE_WITH_KNOTS ( ( 4, 4 ),
 ( 0.7853981633974506105, 1.570796326794897224 ),
 .UNSPECIFIED. ) 
 CURVE ( )  GEOMETRIC_REPRESENTATION_ITEM ( )  RATIONAL_B_SPLINE_CURVE ( ( 1.000000000000000000, 0.9492530216741912330, 0.9492530216741912330, 1.000000000000000000 ) ) 
 REPRESENTATION_ITEM ( '' )  );
#1386 = PLANE ( 'NONE',  #44 ) ;
#1387 = LINE ( 'NONE', #1099, #1232 ) ;
#1388 = LINE ( 'NONE', #1156, #649 ) ;
#1389 = EDGE_LOOP ( 'NONE', ( #765, #1357, #70, #643 ) ) ;
#1390 = VERTEX_POINT ( 'NONE', #1391 ) ;
#1391 = CARTESIAN_POINT ( 'NONE',  ( -9.632824325894073780, 9.449999724960381542, 1.463284682576770468 ) ) ;
#1392 = AXIS2_PLACEMENT_3D ( 'NONE', #344, #776, #1081 ) ;
#1393 = EDGE_CURVE ( 'NONE', #532, #320, #1203, .T. ) ;
#1394 = CARTESIAN_POINT ( 'NONE',  ( -9.614169025001400470, 5.249999735391195799, 1.418246802151530206 ) ) ;
#1395 = AXIS2_PLACEMENT_3D ( 'NONE', #860, #306, #414 ) ;
#1396 = VECTOR ( 'NONE', #848, 1000.000000000000000 ) ;
#1397 = EDGE_CURVE ( 'NONE', #965, #570, #987, .T. ) ;
#1398 = LINE ( 'NONE', #312, #1396 ) ;
#1399 = DIRECTION ( 'NONE',  ( 0.000000000000000000, -1.000000000000000000, 0.000000000000000000 ) ) ;
#1400 = ORIENTED_EDGE ( 'NONE', *, *, #333, .F. ) ;
#1401 = CARTESIAN_POINT ( 'NONE',  ( -8.618001082957942316, 4.549999724960382963, -0.9867153539310745680 ) ) ;
#1402 = ORIENTED_EDGE ( 'NONE', *, *, #1217, .T. ) ;
#1403 = DIRECTION ( 'NONE',  ( 0.000000000000000000, -0.7071067811865483499, 0.7071067811865467956 ) ) ;
#1404 = CARTESIAN_POINT ( 'NONE',  ( -12.50317791303750070, 10.14999972496038261, 1.463284682576770468 ) ) ;
#1405 = DIRECTION ( 'NONE',  ( -1.000000000000000000, 0.000000000000000000, 0.000000000000000000 ) ) ;
#1406 = ORIENTED_EDGE ( 'NONE', *, *, #1321, .T. ) ;
#1407 = APPROVAL_PERSON_ORGANIZATION ( #806, #1327, #813 ) ;
#1408 = ORIENTED_EDGE ( 'NONE', *, *, #719, .F. ) ;
#1409 = PLANE ( 'NONE',  #212 ) ;
#1410 = LINE ( 'NONE', #536, #979 ) ;
ENDSEC;
END-ISO-10303-21;
