ISO-10303-21;
HEADER;
FILE_DESCRIPTION (( 'STEP AP203' ),
    '1' );
FILE_NAME ('Male_End-6.3x4.9_ID3.5mm.STEP',
    '2024-04-29T15:59:41',
    ( '' ),
    ( '' ),
    'SwSTEP 2.0',
    'SolidWorks 2022',
    '' );
FILE_SCHEMA (( 'CONFIG_CONTROL_DESIGN' ));
ENDSEC;

DATA;
#1 = LOCAL_TIME ( 17, 59, 41.00000000000000000, #773 ) ;
#2 = AXIS2_PLACEMENT_3D ( 'NONE', #1202, #698, #1072 ) ;
#3 = VECTOR ( 'NONE', #1422, 1000.000000000000000 ) ;
#4 = CARTESIAN_POINT ( 'NONE',  ( 13.23167036409815722, 5.950002325822681293, -1.980929997409633270 ) ) ;
#5 = ORIENTED_EDGE ( 'NONE', *, *, #530, .T. ) ;
#6 = VECTOR ( 'NONE', #895, 1000.000000000000000 ) ;
#7 = LINE ( 'NONE', #1483, #1499 ) ;
#8 = CONICAL_SURFACE ( 'NONE', #1265, 1.050000015646217477, 0.7853981633974476129 ) ;
#9 = DIRECTION ( 'NONE',  ( -1.000000000000000000, 0.000000000000000000, 0.000000000000000000 ) ) ;
#10 = EDGE_LOOP ( 'NONE', ( #742, #473, #1352, #910, #1212, #1341, #1571, #33, #1206, #591, #345, #606 ) ) ;
#11 = DIRECTION ( 'NONE',  ( 0.000000000000000000, 1.000000000000000000, 0.000000000000000000 ) ) ;
#12 = VERTEX_POINT ( 'NONE', #986 ) ;
#13 = DIRECTION ( 'NONE',  ( 0.000000000000000000, 1.000000000000000000, 0.000000000000000000 ) ) ;
#14 = ORIENTED_EDGE ( 'NONE', *, *, #921, .F. ) ;
#15 = EDGE_CURVE ( 'NONE', #1279, #1100, #1308, .T. ) ;
#16 = CARTESIAN_POINT ( 'NONE',  ( 11.83167034323652977, 4.550002315391870056, -0.9309299713326002479 ) ) ;
#17 = EDGE_LOOP ( 'NONE', ( #320, #615, #1058, #927 ) ) ;
#18 = CARTESIAN_POINT ( 'NONE',  ( 9.731670311944093044, 4.550002315391870056, -1.280929976548006222 ) ) ;
#19 = CARTESIAN_POINT ( 'NONE',  ( 9.731670311944093044, 9.450002315391870411, -0.9309299713326002479 ) ) ;
#20 = EDGE_LOOP ( 'NONE', ( #1287, #315, #618, #891 ) ) ;
#21 = FACE_OUTER_BOUND ( 'NONE', #643, .T. ) ;
#22 = CARTESIAN_POINT ( 'NONE',  ( 10.78167032759031230, 9.450002315391870411, -0.9309299713326002479 ) ) ;
#23 = SHAPE_DEFINITION_REPRESENTATION ( #644, #429 ) ;
#24 = VECTOR ( 'NONE', #555, 1000.000000000000000 ) ;
#25 = CARTESIAN_POINT ( 'NONE',  ( 13.23167036409815722, 8.050002304961058286, 0.8190700547444330626 ) ) ;
#27 = ADVANCED_FACE ( 'NONE', ( #373 ), #396, .T. ) ;
#26 = AXIS2_PLACEMENT_3D ( 'NONE', #381, #745, #389 ) ;
#28 = ORIENTED_EDGE ( 'NONE', *, *, #1151, .F. ) ;
#29 = VECTOR ( 'NONE', #948, 1000.000000000000000 ) ;
#30 = CARTESIAN_POINT ( 'NONE',  ( 11.21659457888352307, 5.250002325822681115, 0.1190700547444332319 ) ) ;
#31 = ORIENTED_EDGE ( 'NONE', *, *, #1153, .F. ) ;
#32 = LINE ( 'NONE', #25, #654 ) ;
#33 = ORIENTED_EDGE ( 'NONE', *, *, #558, .T. ) ;
#34 = CARTESIAN_POINT ( 'NONE',  ( 9.731670311944093044, 9.450002315391870411, -1.280929976548006222 ) ) ;
#35 = ORIENTED_EDGE ( 'NONE', *, *, #803, .T. ) ;
#36 = CARTESIAN_POINT ( 'NONE',  ( 13.63167036409815758, 8.544977051791642353, -2.475904744240216449 ) ) ;
#37 = ADVANCED_FACE ( 'NONE', ( #1113 ), #1214, .T. ) ;
#38 = PLANE ( 'NONE',  #296 ) ;
#39 = ORIENTED_EDGE ( 'NONE', *, *, #1235, .T. ) ;
#40 = EDGE_CURVE ( 'NONE', #1061, #856, #782, .T. ) ;
#41 = DIRECTION ( 'NONE',  ( -1.000000000000000000, 0.000000000000000000, 0.000000000000000000 ) ) ;
#42 = DIRECTION ( 'NONE',  ( 0.000000000000000000, -1.000000000000000000, 0.000000000000000000 ) ) ;
#43 = DIRECTION ( 'NONE',  ( 1.000000000000000000, 0.000000000000000000, 0.000000000000000000 ) ) ;
#44 = VERTEX_POINT ( 'NONE', #900 ) ;
#45 = AXIS2_PLACEMENT_3D ( 'NONE', #347, #841, #1227 ) ;
#46 = CIRCLE ( 'NONE', #265, 2.450000036507846257 ) ;
#47 = AXIS2_PLACEMENT_3D ( 'NONE', #333, #1307, #86 ) ;
#48 = AXIS2_PLACEMENT_3D ( 'NONE', #1523, #662, #878 ) ;
#49 = EDGE_CURVE ( 'NONE', #76, #509, #860, .T. ) ;
#50 = LINE ( 'NONE', #93, #653 ) ;
#51 = CARTESIAN_POINT ( 'NONE',  ( 13.63167036409815758, 5.950002325822681293, 0.8190700547444330626 ) ) ;
#52 = CARTESIAN_POINT ( 'NONE',  ( 13.93167036409815829, 7.000002315391870233, -2.680930007840445661 ) ) ;
#53 = ORIENTED_EDGE ( 'NONE', *, *, #797, .T. ) ;
#54 = APPROVAL_ROLE ( '' ) ;
#55 = ORIENTED_EDGE ( 'NONE', *, *, #1268, .F. ) ;
#56 = EDGE_CURVE ( 'NONE', #1421, #1047, #768, .T. ) ;
#57 = CARTESIAN_POINT ( 'NONE',  ( 15.50323200852253969, 7.000002315391870233, -3.380930007840445395 ) ) ;
#58 = DIRECTION ( 'NONE',  ( 0.000000000000000000, 0.000000000000000000, -1.000000000000000000 ) ) ;
#59 = DIRECTION ( 'NONE',  ( 0.000000000000000000, 0.000000000000000000, 1.000000000000000000 ) ) ;
#60 = ORIENTED_EDGE ( 'NONE', *, *, #1075, .F. ) ;
#61 = PERSON_AND_ORGANIZATION ( #814, #684 ) ;
#62 = VERTEX_POINT ( 'NONE', #1020 ) ;
#63 = DIRECTION ( 'NONE',  ( 0.000000000000000000, 0.000000000000000000, 1.000000000000000000 ) ) ;
#64 = FACE_OUTER_BOUND ( 'NONE', #1128, .T. ) ;
#65 = FACE_OUTER_BOUND ( 'NONE', #561, .T. ) ;
#66 = ORIENTED_EDGE ( 'NONE', *, *, #166, .F. ) ;
#67 = EDGE_CURVE ( 'NONE', #192, #1275, #646, .T. ) ;
#68 = ORIENTED_EDGE ( 'NONE', *, *, #1399, .T. ) ;
#69 = AXIS2_PLACEMENT_3D ( 'NONE', #341, #1190, #1084 ) ;
#70 = AXIS2_PLACEMENT_3D ( 'NONE', #515, #792, #285 ) ;
#71 = CC_DESIGN_APPROVAL ( #926, ( #1368 ) ) ;
#72 = DIRECTION ( 'NONE',  ( -1.000000000000000000, -0.000000000000000000, -0.000000000000000000 ) ) ;
#73 = CARTESIAN_POINT ( 'NONE',  ( 12.51408196731230227, 3.850002315391870322, 0.8014816683893866145 ) ) ;
#74 = CARTESIAN_POINT ( 'NONE',  ( 9.731670311944093044, 4.550002315391870056, -1.280929976548006222 ) ) ;
#75 = EDGE_CURVE ( 'NONE', #392, #1187, #1365, .T. ) ;
#76 = VERTEX_POINT ( 'NONE', #836 ) ;
#77 = ORIENTED_EDGE ( 'NONE', *, *, #182, .T. ) ;
#78 = CARTESIAN_POINT ( 'NONE',  ( 13.23167036409815722, 5.950002325822681293, 0.1190700547444332319 ) ) ;
#79 = DIRECTION ( 'NONE',  ( 0.000000000000000000, 0.000000000000000000, -1.000000000000000000 ) ) ;
#80 = EDGE_LOOP ( 'NONE', ( #1132, #257, #838, #486 ) ) ;
#81 = ADVANCED_FACE ( 'NONE', ( #960 ), #1088, .T. ) ;
#82 = CARTESIAN_POINT ( 'NONE',  ( 10.43167031194409411, 3.850002315391870322, -0.9309299713326003589 ) ) ;
#83 = DIRECTION ( 'NONE',  ( 1.000000000000000000, 0.000000000000000000, 0.000000000000000000 ) ) ;
#84 = ORIENTED_EDGE ( 'NONE', *, *, #404, .T. ) ;
#85 = DIRECTION ( 'NONE',  ( 1.000000000000000000, 0.000000000000000000, -2.774754023183460056E-16 ) ) ;
#86 = DIRECTION ( 'NONE',  ( 1.000000000000000000, 0.000000000000000000, 0.000000000000000000 ) ) ;
#87 = EDGE_CURVE ( 'NONE', #1472, #1421, #354, .T. ) ;
#88 = CARTESIAN_POINT ( 'NONE',  ( 13.23167036409815722, 5.250002325822681115, -1.980929997409633270 ) ) ;
#89 = EDGE_LOOP ( 'NONE', ( #1209, #1233, #468, #1361 ) ) ;
#90 = CARTESIAN_POINT ( 'NONE',  ( 10.78167032759031230, 9.450002315391870411, -0.9309299713326002479 ) ) ;
#91 = CARTESIAN_POINT ( 'NONE',  ( 12.70667035627506358, 9.450002315391870411, -0.9309299713326002479 ) ) ;
#92 = VERTEX_POINT ( 'NONE', #1186 ) ;
#93 = CARTESIAN_POINT ( 'NONE',  ( 13.63167036409815758, 7.000002278884024598, 0.8190700547444330626 ) ) ;
#94 = CLOSED_SHELL ( 'NONE', ( #1255, #27, #1261, #1498, #471, #894, #1221, #244, #492, #1056, #637, #1344, #234, #1188, #584, #854, #484, #552, #1281, #839, #1370, #498, #133, #528, #1018, #121, #1503, #886, #702, #1572, #37, #187, #1452, #951, #723, #1461, #335, #115, #1211, #1300, #1036, #441, #135, #595, #1378, #81, #903 ) ) ;
#95 = DIRECTION ( 'NONE',  ( -1.000000000000000000, 0.000000000000000000, 0.000000000000000000 ) ) ;
#96 = AXIS2_PLACEMENT_3D ( 'NONE', #1257, #191, #909 ) ;
#97 = CONICAL_SURFACE ( 'NONE', #503, 0.5600000000000014966, 0.7853981633974476129 ) ;
#98 = DIRECTION ( 'NONE',  ( 1.000000000000000000, 0.000000000000000000, 0.000000000000000000 ) ) ;
#99 = ORIENTED_EDGE ( 'NONE', *, *, #316, .F. ) ;
#100 = DIRECTION ( 'NONE',  ( 0.000000000000000000, 0.000000000000000000, -1.000000000000000000 ) ) ;
#101 = CARTESIAN_POINT ( 'NONE',  ( 11.79649357052644199, 3.850002315391870322, 1.519070065175245343 ) ) ;
#102 = VERTEX_POINT ( 'NONE', #1423 ) ;
#103 = CARTESIAN_POINT ( 'NONE',  ( 16.06323200852254018, 7.000002315391870233, -3.380930007840445395 ) ) ;
#104 = CARTESIAN_POINT ( 'NONE',  ( 11.42161983205294007, 8.544977051791642353, 0.6140448015750160637 ) ) ;
#105 = DIRECTION ( 'NONE',  ( 0.000000000000000000, 1.000000000000000000, 0.000000000000000000 ) ) ;
#106 = ORIENTED_EDGE ( 'NONE', *, *, #718, .F. ) ;
#107 = PLANE ( 'NONE',  #196 ) ;
#108 = CARTESIAN_POINT ( 'NONE',  ( 13.63167036409815758, 5.250002325822681115, 0.1190700547444332319 ) ) ;
#109 = ORIENTED_EDGE ( 'NONE', *, *, #1510, .F. ) ;
#110 = DIRECTION ( 'NONE',  ( 0.000000000000000000, 0.000000000000000000, 1.000000000000000000 ) ) ;
#111 = ORIENTED_EDGE ( 'NONE', *, *, #934, .T. ) ;
#112 = DIRECTION ( 'NONE',  ( -0.000000000000000000, 0.000000000000000000, 1.000000000000000000 ) ) ;
#113 = DIRECTION ( 'NONE',  ( -0.000000000000000000, 1.000000000000000000, 0.000000000000000000 ) ) ;
#114 = EDGE_LOOP ( 'NONE', ( #1052, #1528, #808, #883, #1429, #1082, #1464, #1180 ) ) ;
#115 = ADVANCED_FACE ( 'NONE', ( #1311 ), #828, .T. ) ;
#116 = VECTOR ( 'NONE', #340, 1000.000000000000000 ) ;
#117 = AXIS2_PLACEMENT_3D ( 'NONE', #1457, #820, #338 ) ;
#118 = VECTOR ( 'NONE', #705, 1000.000000000000000 ) ;
#119 = CARTESIAN_POINT ( 'NONE',  ( 10.78167032759031230, 3.850002315391870322, -0.9309299713326002479 ) ) ;
#120 = ORIENTED_EDGE ( 'NONE', *, *, #1529, .F. ) ;
#121 = ADVANCED_FACE ( 'NONE', ( #564 ), #1439, .F. ) ;
#122 = CARTESIAN_POINT ( 'NONE',  ( 10.78167032759031230, 4.550002315391870056, -0.9309299713326002479 ) ) ;
#123 = EDGE_CURVE ( 'NONE', #1163, #387, #173, .T. ) ;
#124 = CIRCLE ( 'NONE', #324, 1.050000015646217477 ) ;
#125 = DIRECTION ( 'NONE',  ( 1.000000000000000000, 0.000000000000000000, 0.000000000000000000 ) ) ;
#126 = ORIENTED_EDGE ( 'NONE', *, *, #56, .T. ) ;
#127 = CARTESIAN_POINT ( 'NONE',  ( 15.50323200852253969, 7.000002315391870233, -3.380930007840445395 ) ) ;
#128 = ORIENTED_EDGE ( 'NONE', *, *, #544, .F. ) ;
#129 = LINE ( 'NONE', #1124, #149 ) ;
#130 = LINE ( 'NONE', #155, #992 ) ;
#131 = ORIENTED_EDGE ( 'NONE', *, *, #188, .F. ) ;
#132 = CARTESIAN_POINT ( 'NONE',  ( 13.93167036409815829, 5.235859493192637437, -2.680930007840445661 ) ) ;
#133 = ADVANCED_FACE ( 'NONE', ( #943 ), #1570, .T. ) ;
#134 = ORIENTED_EDGE ( 'NONE', *, *, #284, .T. ) ;
#135 = ADVANCED_FACE ( 'NONE', ( #330 ), #474, .T. ) ;
#136 = CARTESIAN_POINT ( 'NONE',  ( 13.93167036409815829, 7.000002315391870233, -3.380930007840445395 ) ) ;
#137 = DIRECTION ( 'NONE',  ( 1.000000000000000000, 0.000000000000000000, 0.000000000000000000 ) ) ;
#138 = DATE_TIME_ROLE ( 'classification_date' ) ;
#139 = CARTESIAN_POINT ( 'NONE',  ( 11.47672264504584305, 8.411947093339261272, 0.7470747600273955902 ) ) ;
#140 = CARTESIAN_POINT ( 'NONE',  ( 15.50323200852253969, 7.000002315391870233, -2.680929997409633447 ) ) ;
#141 = ORIENTED_EDGE ( 'NONE', *, *, #1003, .F. ) ;
#142 = DIRECTION ( 'NONE',  ( 1.000000000000000000, 0.000000000000000000, 0.000000000000000000 ) ) ;
#143 = DIRECTION ( 'NONE',  ( 0.000000000000000000, 1.000000000000000000, 0.000000000000000000 ) ) ;
#144 = VECTOR ( 'NONE', #1363, 1000.000000000000000 ) ;
#145 = EDGE_LOOP ( 'NONE', ( #60, #949, #413, #134, #621, #1440, #1511, #1280 ) ) ;
#146 = AXIS2_PLACEMENT_3D ( 'NONE', #1442, #963, #842 ) ;
#147 = CARTESIAN_POINT ( 'NONE',  ( 11.50654407254469014, 5.761869554377397229, 0.8190700547444340618 ) ) ;
#148 = CARTESIAN_POINT ( 'NONE',  ( 9.731670311944093044, 5.250002325822681115, -1.280929976548006222 ) ) ;
#149 = VECTOR ( 'NONE', #1002, 1000.000000000000000 ) ;
#150 = ORIENTED_EDGE ( 'NONE', *, *, #989, .F. ) ;
#151 = AXIS2_PLACEMENT_3D ( 'NONE', #1050, #79, #105 ) ;
#152 = CARTESIAN_POINT ( 'NONE',  ( 11.79649357052644199, 4.550002315391870056, 1.519070065175245343 ) ) ;
#153 = CARTESIAN_POINT ( 'NONE',  ( 10.32915769579019916, 5.455027578992097226, -2.475904744240216449 ) ) ;
#154 = CARTESIAN_POINT ( 'NONE',  ( 11.27042664816570472, 5.250002325822681115, 0.2490321664960800929 ) ) ;
#155 = CARTESIAN_POINT ( 'NONE',  ( 10.78167032759031230, 4.550002315391870056, -3.380930007840445395 ) ) ;
#156 = ORIENTED_EDGE ( 'NONE', *, *, #382, .T. ) ;
#157 = APPROVAL_DATE_TIME ( #905, #926 ) ;
#158 = EDGE_CURVE ( 'NONE', #512, #977, #472, .T. ) ;
#159 = ORIENTED_EDGE ( 'NONE', *, *, #1167, .T. ) ;
#160 = DIRECTION ( 'NONE',  ( 1.000000000000000000, 0.000000000000000000, 0.000000000000000000 ) ) ;
#161 = CARTESIAN_POINT ( 'NONE',  ( 12.49652003039348180, 4.550002315391870056, -2.680727295505981100 ) ) ;
#162 = CARTESIAN_POINT ( 'NONE',  ( 10.78167032759031230, 4.550002315391870056, -0.9309299713326002479 ) ) ;
#163 = CARTESIAN_POINT ( 'NONE',  ( 13.23167036409815722, 5.250002325822681115, 0.8190700547444330626 ) ) ;
#164 = ORIENTED_EDGE ( 'NONE', *, *, #1286, .T. ) ;
#165 = APPLICATION_PROTOCOL_DEFINITION ( 'international standard', 'config_control_design', 1994, #314 ) ;
#166 = EDGE_CURVE ( 'NONE', #704, #277, #1060, .T. ) ;
#167 = DIRECTION ( 'NONE',  ( 0.000000000000000000, 0.7071067811865481278, -0.7071067811865467956 ) ) ;
#168 = LINE ( 'NONE', #162, #1017 ) ;
#169 = DIRECTION ( 'NONE',  ( 0.000000000000000000, 0.000000000000000000, -1.000000000000000000 ) ) ;
#170 = EDGE_CURVE ( 'NONE', #1193, #211, #586, .T. ) ;
#171 = ORIENTED_EDGE ( 'NONE', *, *, #1181, .T. ) ;
#172 = TOROIDAL_SURFACE ( 'NONE', #446, 1.000000000000000000, 0.2999999999999999889 ) ;
#173 = CIRCLE ( 'NONE', #520, 0.2999999999999999334 ) ;
#174 = AXIS2_PLACEMENT_3D ( 'NONE', #1170, #538, #1033 ) ;
#175 = VERTEX_POINT ( 'NONE', #108 ) ;
#176 = LINE ( 'NONE', #757, #676 ) ;
#177 = CARTESIAN_POINT ( 'NONE',  ( 13.93167036409815829, 10.15000231539186970, -0.9309299713326002479 ) ) ;
#178 = LINE ( 'NONE', #1278, #834 ) ;
#179 = ORIENTED_EDGE ( 'NONE', *, *, #40, .T. ) ;
#180 = ORIENTED_EDGE ( 'NONE', *, *, #850, .F. ) ;
#181 = DIRECTION ( 'NONE',  ( 0.000000000000000000, 1.000000000000000000, 0.000000000000000000 ) ) ;
#182 = EDGE_CURVE ( 'NONE', #708, #920, #370, .T. ) ;
#183 = DIRECTION ( 'NONE',  ( 0.000000000000000000, 0.000000000000000000, 1.000000000000000000 ) ) ;
#184 = CARTESIAN_POINT ( 'NONE',  ( 13.93167036409815829, 5.950002325822681293, 0.1190700547444332319 ) ) ;
#185 = VERTEX_POINT ( 'NONE', #232 ) ;
#186 = ORIENTED_EDGE ( 'NONE', *, *, #1359, .F. ) ;
#187 = ADVANCED_FACE ( 'NONE', ( #1179 ), #722, .T. ) ;
#188 = EDGE_CURVE ( 'NONE', #1383, #833, #1094, .T. ) ;
#189 = DIRECTION ( 'NONE',  ( 1.000000000000000000, 0.000000000000000000, 0.000000000000000000 ) ) ;
#190 = DIRECTION ( 'NONE',  ( 0.000000000000000000, 0.000000000000000000, -1.000000000000000000 ) ) ;
#191 = DIRECTION ( 'NONE',  ( 0.000000000000000000, 0.000000000000000000, -1.000000000000000000 ) ) ;
#192 = VERTEX_POINT ( 'NONE', #852 ) ;
#193 = VECTOR ( 'NONE', #290, 1000.000000000000000 ) ;
#194 = VECTOR ( 'NONE', #344, 1000.000000000000000 ) ;
#195 = ORIENTED_EDGE ( 'NONE', *, *, #301, .F. ) ;
#196 = AXIS2_PLACEMENT_3D ( 'NONE', #454, #1438, #950 ) ;
#197 = AXIS2_PLACEMENT_3D ( 'NONE', #1388, #1154, #641 ) ;
#198 = AXIS2_PLACEMENT_3D ( 'NONE', #611, #1106, #490 ) ;
#199 = DIRECTION ( 'NONE',  ( -1.000000000000000000, 0.000000000000000000, 0.000000000000000000 ) ) ;
#200 = EDGE_CURVE ( 'NONE', #1513, #416, #1332, .T. ) ;
#201 = CARTESIAN_POINT ( 'NONE',  ( 10.43167031194409411, 10.15000231539186970, -0.9309299713326001369 ) ) ;
#202 = ORIENTED_EDGE ( 'NONE', *, *, #1042, .T. ) ;
#203 = ORIENTED_EDGE ( 'NONE', *, *, #907, .F. ) ;
#204 = EDGE_CURVE ( 'NONE', #1297, #724, #1225, .T. ) ;
#205 = LINE ( 'NONE', #741, #519 ) ;
#206 = CARTESIAN_POINT ( 'NONE',  ( 10.78167032759031230, 4.550002315391870056, -3.380930007840445395 ) ) ;
#207 = CARTESIAN_POINT ( 'NONE',  ( 13.23167036409815722, 5.950002325822681293, -1.980929997409633270 ) ) ;
#208 = ORIENTED_EDGE ( 'NONE', *, *, #87, .F. ) ;
#209 = DIRECTION ( 'NONE',  ( 0.000000000000000000, 1.000000000000000000, 0.000000000000000000 ) ) ;
#210 = DIRECTION ( 'NONE',  ( 1.000000000000000000, 0.000000000000000000, 0.000000000000000000 ) ) ;
#211 = VERTEX_POINT ( 'NONE', #1339 ) ;
#212 = EDGE_CURVE ( 'NONE', #185, #1193, #1102, .T. ) ;
#213 = CARTESIAN_POINT ( 'NONE',  ( 13.63167036409815758, 5.250002325822681115, -1.980929997409633270 ) ) ;
#214 = DIRECTION ( 'NONE',  ( 0.000000000000000000, 0.000000000000000000, -1.000000000000000000 ) ) ;
#215 = FACE_OUTER_BOUND ( 'NONE', #384, .T. ) ;
#216 = ORIENTED_EDGE ( 'NONE', *, *, #284, .F. ) ;
#217 = DIRECTION ( 'NONE',  ( 0.000000000000000000, 1.000000000000000000, 0.000000000000000000 ) ) ;
#218 = DIRECTION ( 'NONE',  ( -0.000000000000000000, 1.000000000000000000, 0.000000000000000000 ) ) ;
#219 = EDGE_LOOP ( 'NONE', ( #66, #339, #596, #1454, #787 ) ) ;
#220 = EDGE_CURVE ( 'NONE', #1472, #262, #1248, .T. ) ;
#221 = CARTESIAN_POINT ( 'NONE',  ( 11.50654407254469014, 5.775002333645789854, 0.8190700547444330626 ) ) ;
#222 = VECTOR ( 'NONE', #59, 1000.000000000000000 ) ;
#223 = CARTESIAN_POINT ( 'NONE',  ( 15.50323200852253969, 7.000002315391870233, -3.380930007840445395 ) ) ;
#224 = VECTOR ( 'NONE', #725, 1000.000000000000000 ) ;
#225 = LINE ( 'NONE', #73, #1343 ) ;
#226 = ORIENTED_EDGE ( 'NONE', *, *, #907, .T. ) ;
#227 = CARTESIAN_POINT ( 'NONE',  ( 11.36651701906003353, 8.678007010244019881, 0.4810148431226370924 ) ) ;
#228 = ORIENTED_EDGE ( 'NONE', *, *, #200, .F. ) ;
#229 = FACE_OUTER_BOUND ( 'NONE', #587, .T. ) ;
#230 = VERTEX_POINT ( 'NONE', #376 ) ;
#231 = CARTESIAN_POINT ( 'NONE',  ( 11.29452172434299762, 8.750002304961059352, 0.3072028261897160051 ) ) ;
#232 = CARTESIAN_POINT ( 'NONE',  ( 12.49652003039348180, 9.450002315391870411, -3.380930007840445395 ) ) ;
#233 = ORIENTED_EDGE ( 'NONE', *, *, #1529, .T. ) ;
#234 = ADVANCED_FACE ( 'NONE', ( #882 ), #608, .F. ) ;
#235 = FACE_OUTER_BOUND ( 'NONE', #17, .T. ) ;
#236 = VERTEX_POINT ( 'NONE', #1004 ) ;
#237 = DIRECTION ( 'NONE',  ( 0.8944271909999159664, 0.000000000000000000, 0.4472135954999579832 ) ) ;
#238 = DIRECTION ( 'NONE',  ( 0.000000000000000000, 0.000000000000000000, -1.000000000000000000 ) ) ;
#239 = ORIENTED_EDGE ( 'NONE', *, *, #220, .T. ) ;
#240 = AXIS2_PLACEMENT_3D ( 'NONE', #1019, #181, #283 ) ;
#241 = VECTOR ( 'NONE', #1470, 1000.000000000000000 ) ;
#242 = AXIS2_PLACEMENT_3D ( 'NONE', #1289, #712, #589 ) ;
#243 = FACE_OUTER_BOUND ( 'NONE', #667, .T. ) ;
#244 = ADVANCED_FACE ( 'NONE', ( #1109 ), #1478, .T. ) ;
#245 = ORIENTED_EDGE ( 'NONE', *, *, #212, .F. ) ;
#246 = CIRCLE ( 'NONE', #579, 0.2999999999999999334 ) ;
#247 = CARTESIAN_POINT ( 'NONE',  ( 10.78167032759031230, 3.850002315391870322, -0.9309299713326002479 ) ) ;
#248 = AXIS2_PLACEMENT_3D ( 'NONE', #258, #748, #1234 ) ;
#249 = CARTESIAN_POINT ( 'NONE',  ( 12.49652003039348180, 4.550002315391870056, -3.380930007840445395 ) ) ;
#250 = ORIENTED_EDGE ( 'NONE', *, *, #1174, .F. ) ;
#251 = CARTESIAN_POINT ( 'NONE',  ( 10.78167032759031230, 4.550002315391870056, -0.9309299713326002479 ) ) ;
#252 = EDGE_CURVE ( 'NONE', #1527, #1554, #46, .T. ) ;
#253 = CARTESIAN_POINT ( 'NONE',  ( 12.51408196731230227, 9.450002315391870411, 1.519070065175245343 ) ) ;
#254 = ORIENTED_EDGE ( 'NONE', *, *, #669, .F. ) ;
#255 = FACE_OUTER_BOUND ( 'NONE', #80, .T. ) ;
#256 = CARTESIAN_POINT ( 'NONE',  ( 11.83167034323652977, 9.450002315391870411, -0.9309299713326002479 ) ) ;
#257 = ORIENTED_EDGE ( 'NONE', *, *, #651, .F. ) ;
#258 = CARTESIAN_POINT ( 'NONE',  ( 10.78167032759031230, 9.450002315391870411, -0.9309299713326002479 ) ) ;
#259 = DIRECTION ( 'NONE',  ( -1.000000000000000000, 0.000000000000000000, 2.774754023183460056E-16 ) ) ;
#260 = VERTEX_POINT ( 'NONE', #148 ) ;
#261 = DIRECTION ( 'NONE',  ( 1.000000000000000000, 0.000000000000000000, 0.000000000000000000 ) ) ;
#262 = VERTEX_POINT ( 'NONE', #614 ) ;
#263 = EDGE_CURVE ( 'NONE', #92, #658, #1125, .T. ) ;
#264 = CARTESIAN_POINT ( 'NONE',  ( 13.63167036409815758, 5.950002325822681293, -2.680929997409633447 ) ) ;
#265 = AXIS2_PLACEMENT_3D ( 'NONE', #868, #366, #746 ) ;
#266 = ORIENTED_EDGE ( 'NONE', *, *, #1268, .T. ) ;
#267 = CALENDAR_DATE ( 2024, 29, 4 ) ;
#269 = EDGE_CURVE ( 'NONE', #1376, #358, #857, .T. ) ;
#268 = VECTOR ( 'NONE', #209, 1000.000000000000000 ) ;
#270 = CARTESIAN_POINT ( 'NONE',  ( 11.27042664816570472, 8.750002304961064681, 0.2490321664960800929 ) ) ;
#271 = CARTESIAN_POINT ( 'NONE',  ( 13.77509511353548177, 8.268778787575273626, -2.680929997409633891 ) ) ;
#272 = VECTOR ( 'NONE', #334, 1000.000000000000000 ) ;
#273 = EDGE_LOOP ( 'NONE', ( #594, #557 ) ) ;
#274 = APPROVAL_PERSON_ORGANIZATION ( #385, #926, #659 ) ;
#275 = B_SPLINE_CURVE_WITH_KNOTS ( 'NONE', 3,
 ( #1556, #451, #1183, #1063, #947, #1426 ),
 .UNSPECIFIED., .F., .F.,
 ( 4, 2, 4 ),
 ( -5.291502626700443802E-06, 0.0003855637784327208516, 0.0007764190594921422045 ),
 .UNSPECIFIED. ) ;
#276 = DIRECTION ( 'NONE',  ( 0.000000000000000000, 1.000000000000000000, 0.000000000000000000 ) ) ;
#277 = VERTEX_POINT ( 'NONE', #739 ) ;
#278 = CARTESIAN_POINT ( 'NONE',  ( 10.08167032237490801, 8.750002304961064681, -1.980929997409633270 ) ) ;
#279 = PLANE ( 'NONE',  #628 ) ;
#280 = EDGE_CURVE ( 'NONE', #1297, #1110, #383, .T. ) ;
#281 = ORIENTED_EDGE ( 'NONE', *, *, #1174, .T. ) ;
#282 = PERSON_AND_ORGANIZATION_ROLE ( 'creator' ) ;
#283 = DIRECTION ( 'NONE',  ( 1.000000000000000000, 0.000000000000000000, 0.000000000000000000 ) ) ;
#284 = EDGE_CURVE ( 'NONE', #612, #456, #130, .T. ) ;
#285 = DIRECTION ( 'NONE',  ( 0.000000000000000000, 0.7071067811865481278, -0.7071067811865467956 ) ) ;
#286 = CARTESIAN_POINT ( 'NONE',  ( 13.93167036409815829, 8.050002304961058286, 1.119070054744433218 ) ) ;
#287 = ORIENTED_EDGE ( 'NONE', *, *, #280, .T. ) ;
#288 = APPROVAL_STATUS ( 'not_yet_approved' ) ;
#289 = ORIENTED_EDGE ( 'NONE', *, *, #1119, .F. ) ;
#290 = DIRECTION ( 'NONE',  ( 0.4472135954999579277, 0.000000000000000000, -0.8944271909999158554 ) ) ;
#291 = DIRECTION ( 'NONE',  ( 1.000000000000000000, 0.000000000000000000, 0.000000000000000000 ) ) ;
#292 = EDGE_CURVE ( 'NONE', #833, #1230, #1011, .T. ) ;
#293 = LINE ( 'NONE', #309, #348 ) ;
#294 = ORIENTED_EDGE ( 'NONE', *, *, #1408, .T. ) ;
#295 = LOCAL_TIME ( 17, 59, 41.00000000000000000, #622 ) ;
#296 = AXIS2_PLACEMENT_3D ( 'NONE', #998, #261, #1492 ) ;
#297 = DIRECTION ( 'NONE',  ( 0.000000000000000000, 0.000000000000000000, 1.000000000000000000 ) ) ;
#298 = CIRCLE ( 'NONE', #398, 0.6999999999999999556 ) ;
#299 = EDGE_LOOP ( 'NONE', ( #250, #1305 ) ) ;
#300 = AXIS2_PLACEMENT_3D ( 'NONE', #915, #183, #1160 ) ;
#301 = EDGE_CURVE ( 'NONE', #1383, #829, #875, .T. ) ;
#302 = CARTESIAN_POINT ( 'NONE',  ( 13.63167036409815758, 5.950002325822681293, 0.1190700547444332319 ) ) ;
#303 = CARTESIAN_POINT ( 'NONE',  ( 13.63167036409815758, 5.950002325822681293, -1.980929997409633270 ) ) ;
#304 = CARTESIAN_POINT ( 'NONE',  ( 13.93167036409815829, 10.15000231539186970, -0.9309299713326002479 ) ) ;
#305 = ORIENTED_EDGE ( 'NONE', *, *, #797, .F. ) ;
#306 = EDGE_LOOP ( 'NONE', ( #361, #911, #1358, #233, #364, #983, #740, #795, #547, #1458, #720, #254 ) ) ;
#307 = CARTESIAN_POINT ( 'NONE',  ( 10.78167032759031230, 4.550002315391870056, -3.380930007840445395 ) ) ;
#308 = CYLINDRICAL_SURFACE ( 'NONE', #1369, 2.450000036507846257 ) ;
#309 = CARTESIAN_POINT ( 'NONE',  ( 11.79649357052644199, 9.450002315391870411, 1.519070065175245343 ) ) ;
#310 = EDGE_LOOP ( 'NONE', ( #77, #1325, #1386, #1037 ) ) ;
#311 = VERTEX_POINT ( 'NONE', #256 ) ;
#312 = DIRECTION ( 'NONE',  ( 1.000000000000000000, 0.000000000000000000, 0.000000000000000000 ) ) ;
#313 = DIRECTION ( 'NONE',  ( -0.7071067811865470176, 8.659560562354926695E-17, 0.7071067811865480168 ) ) ;
#314 = APPLICATION_CONTEXT ( 'configuration controlled 3d designs of mechanical parts and assemblies' ) ;
#315 = ORIENTED_EDGE ( 'NONE', *, *, #1228, .F. ) ;
#316 = EDGE_CURVE ( 'NONE', #509, #76, #447, .T. ) ;
#317 = CARTESIAN_POINT ( 'NONE',  ( 10.78167032759031230, 9.450002315391870411, -0.9309299713326002479 ) ) ;
#318 = AXIS2_PLACEMENT_3D ( 'NONE', #1182, #85, #323 ) ;
#319 = VECTOR ( 'NONE', #762, 1000.000000000000000 ) ;
#320 = ORIENTED_EDGE ( 'NONE', *, *, #774, .F. ) ;
#321 = CIRCLE ( 'NONE', #1521, 0.5600000000000014966 ) ;
#322 = AXIS2_PLACEMENT_3D ( 'NONE', #303, #1129, #58 ) ;
#323 = DIRECTION ( 'NONE',  ( -2.774754023183460056E-16, 0.000000000000000000, -1.000000000000000000 ) ) ;
#324 = AXIS2_PLACEMENT_3D ( 'NONE', #518, #1501, #1145 ) ;
#325 = CARTESIAN_POINT ( 'NONE',  ( 13.63167036409815758, 4.950002325822681293, -1.980929997409633270 ) ) ;
#326 = DIRECTION ( 'NONE',  ( 0.000000000000000000, 1.000000000000000000, 0.000000000000000000 ) ) ;
#327 = ORIENTED_EDGE ( 'NONE', *, *, #329, .T. ) ;
#328 = CARTESIAN_POINT ( 'NONE',  ( 13.63167036409815758, 5.950002325822681293, 0.1190700547444332319 ) ) ;
#329 = EDGE_CURVE ( 'NONE', #683, #1163, #32, .T. ) ;
#330 = FACE_OUTER_BOUND ( 'NONE', #1249, .T. ) ;
#331 = VERTEX_POINT ( 'NONE', #511 ) ;
#332 = DIRECTION ( 'NONE',  ( 1.000000000000000000, 0.000000000000000000, 0.000000000000000000 ) ) ;
#333 = CARTESIAN_POINT ( 'NONE',  ( 12.70667035627506358, 4.550002315391870056, -0.9309299713326002479 ) ) ;
#334 = DIRECTION ( 'NONE',  ( 0.000000000000000000, -1.000000000000000000, 0.000000000000000000 ) ) ;
#335 = ADVANCED_FACE ( 'NONE', ( #516 ), #38, .F. ) ;
#336 = EDGE_LOOP ( 'NONE', ( #5, #1310, #630, #1558 ) ) ;
#337 = CARTESIAN_POINT ( 'NONE',  ( 13.93167036409815829, 3.850002315391870322, -0.9309299713326002479 ) ) ;
#338 = DIRECTION ( 'NONE',  ( 0.000000000000000000, 0.000000000000000000, 1.000000000000000000 ) ) ;
#339 = ORIENTED_EDGE ( 'NONE', *, *, #1296, .T. ) ;
#340 = DIRECTION ( 'NONE',  ( 0.4472135954999579277, 0.000000000000000000, -0.8944271909999158554 ) ) ;
#341 = CARTESIAN_POINT ( 'NONE',  ( 13.93167036409815829, 8.050002304961058286, 0.1190700547444332319 ) ) ;
#342 = CARTESIAN_POINT ( 'NONE',  ( 9.731670311944093044, 8.750002304961064681, -0.2309299609017882726 ) ) ;
#343 = EDGE_LOOP ( 'NONE', ( #1432, #1410, #164, #245 ) ) ;
#344 = DIRECTION ( 'NONE',  ( 2.774754023183460056E-16, 0.000000000000000000, 1.000000000000000000 ) ) ;
#345 = ORIENTED_EDGE ( 'NONE', *, *, #1151, .T. ) ;
#346 = AXIS2_PLACEMENT_3D ( 'NONE', #598, #113, #83 ) ;
#347 = CARTESIAN_POINT ( 'NONE',  ( 13.63167036409815758, 4.950002325822681293, 0.1190700547444332319 ) ) ;
#348 = VECTOR ( 'NONE', #1272, 1000.000000000000000 ) ;
#349 = PLANE ( 'NONE',  #146 ) ;
#350 = EDGE_CURVE ( 'NONE', #1073, #708, #469, .T. ) ;
#351 = AXIS2_PLACEMENT_3D ( 'NONE', #1409, #1184, #590 ) ;
#352 = LINE ( 'NONE', #1169, #1269 ) ;
#353 = VERTEX_POINT ( 'NONE', #532 ) ;
#354 = LINE ( 'NONE', #455, #194 ) ;
#355 = ORIENTED_EDGE ( 'NONE', *, *, #789, .F. ) ;
#356 = CC_DESIGN_PERSON_AND_ORGANIZATION_ASSIGNMENT ( #1377, #282, ( #1368 ) ) ;
#357 = CARTESIAN_POINT ( 'NONE',  ( 13.23167036409815722, 8.544977051791642353, -2.475904744240216449 ) ) ;
#358 = VERTEX_POINT ( 'NONE', #1505 ) ;
#359 = CARTESIAN_POINT ( 'NONE',  ( 11.42161983205294007, 5.455027578992097226, 0.6140448015750160637 ) ) ;
#360 = CARTESIAN_POINT ( 'NONE',  ( 9.731670311944093044, 9.450002315391870411, -1.280929976548006222 ) ) ;
#361 = ORIENTED_EDGE ( 'NONE', *, *, #803, .F. ) ;
#362 = EDGE_CURVE ( 'NONE', #175, #102, #657, .T. ) ;
#363 = CARTESIAN_POINT ( 'NONE',  ( 12.49652003039348180, 10.15000231539186970, -3.380930007840445395 ) ) ;
#364 = ORIENTED_EDGE ( 'NONE', *, *, #802, .F. ) ;
#365 = LINE ( 'NONE', #1108, #783 ) ;
#366 = DIRECTION ( 'NONE',  ( 0.000000000000000000, 1.000000000000000000, 0.000000000000000000 ) ) ;
#367 = EDGE_CURVE ( 'NONE', #999, #1467, #1266, .T. ) ;
#368 = ORIENTED_EDGE ( 'NONE', *, *, #634, .F. ) ;
#369 = VECTOR ( 'NONE', #781, 1000.000000000000000 ) ;
#370 = CIRCLE ( 'NONE', #1117, 0.7000000000000000666 ) ;
#371 = AXIS2_PLACEMENT_3D ( 'NONE', #78, #95, #935 ) ;
#372 = LINE ( 'NONE', #864, #426 ) ;
#373 = FACE_OUTER_BOUND ( 'NONE', #1539, .T. ) ;
#374 = AXIS2_PLACEMENT_3D ( 'NONE', #407, #775, #770 ) ;
#375 = CARTESIAN_POINT ( 'NONE',  ( 11.50654407254469014, 8.050002304961058286, 0.8190700547444330626 ) ) ;
#376 = CARTESIAN_POINT ( 'NONE',  ( 11.18348793756120507, 9.450002315391870411, 0.03914355225947121347 ) ) ;
#377 = ORIENTED_EDGE ( 'NONE', *, *, #686, .F. ) ;
#378 = CARTESIAN_POINT ( 'NONE',  ( 10.78167032759031230, 9.450002315391870411, -0.9309299713326002479 ) ) ;
#379 = EDGE_CURVE ( 'NONE', #920, #1197, #1392, .T. ) ;
#380 = DIRECTION ( 'NONE',  ( 1.000000000000000000, 0.000000000000000000, 0.000000000000000000 ) ) ;
#381 = CARTESIAN_POINT ( 'NONE',  ( 13.63167036409815758, 8.050002304961058286, 0.1190700547444332319 ) ) ;
#382 = EDGE_CURVE ( 'NONE', #801, #260, #902, .T. ) ;
#383 = LINE ( 'NONE', #728, #936 ) ;
#384 = EDGE_LOOP ( 'NONE', ( #1519, #879, #583, #179 ) ) ;
#385 = PERSON_AND_ORGANIZATION ( #814, #684 ) ;
#386 = DIRECTION ( 'NONE',  ( 0.000000000000000000, -0.7071067811865481278, -0.7071067811865467956 ) ) ;
#387 = VERTEX_POINT ( 'NONE', #286 ) ;
#388 = APPROVAL_STATUS ( 'not_yet_approved' ) ;
#389 = DIRECTION ( 'NONE',  ( 0.000000000000000000, 0.000000000000000000, -1.000000000000000000 ) ) ;
#390 = CARTESIAN_POINT ( 'NONE',  ( 13.88857349127309782, 8.503577755628510815, -2.680929997409633891 ) ) ;
#391 = EDGE_LOOP ( 'NONE', ( #109, #904, #1115, #726 ) ) ;
#392 = VERTEX_POINT ( 'NONE', #431 ) ;
#393 = EDGE_CURVE ( 'NONE', #1467, #92, #776, .T. ) ;
#394 = CARTESIAN_POINT ( 'NONE',  ( 11.79649357052644199, 4.550002315391870056, 1.519070065175245343 ) ) ;
#395 = VECTOR ( 'NONE', #991, 1000.000000000000000 ) ;
#396 = CONICAL_SURFACE ( 'NONE', #913, 1.050000015646217477, 0.7853981633974476129 ) ;
#397 = ORIENTED_EDGE ( 'NONE', *, *, #816, .F. ) ;
#398 = AXIS2_PLACEMENT_3D ( 'NONE', #328, #461, #100 ) ;
#399 = DIRECTION ( 'NONE',  ( 0.000000000000000000, 0.000000000000000000, -1.000000000000000000 ) ) ;
#400 = DIRECTION ( 'NONE',  ( 0.000000000000000000, 0.000000000000000000, 1.000000000000000000 ) ) ;
#401 = TOROIDAL_SURFACE ( 'NONE', #710, 1.000000000000000000, 0.2999999999999999889 ) ;
#402 = ORIENTED_EDGE ( 'NONE', *, *, #409, .F. ) ;
#403 = DIRECTION ( 'NONE',  ( 1.000000000000000000, 0.000000000000000000, 0.000000000000000000 ) ) ;
#404 = EDGE_CURVE ( 'NONE', #1488, #1275, #916, .T. ) ;
#405 = CARTESIAN_POINT ( 'NONE',  ( 10.43167032237490410, 5.761869554377397229, -2.680929997409633447 ) ) ;
#406 = CARTESIAN_POINT ( 'NONE',  ( 13.63167036409815758, 5.950002325822681293, -1.980929997409633270 ) ) ;
#407 = CARTESIAN_POINT ( 'NONE',  ( 13.93167036409815829, 5.950002325822681293, -1.980929997409633270 ) ) ;
#408 = ORIENTED_EDGE ( 'NONE', *, *, #1064, .F. ) ;
#409 = EDGE_CURVE ( 'NONE', #856, #1376, #1520, .T. ) ;
#410 = CARTESIAN_POINT ( 'NONE',  ( 10.78167032759031230, 10.15000231539186970, -0.9309299713326002479 ) ) ;
#411 = CARTESIAN_POINT ( 'NONE',  ( 13.93167036409815829, 3.850002315391870322, -0.9309299713326002479 ) ) ;
#412 = FACE_OUTER_BOUND ( 'NONE', #1226, .T. ) ;
#413 = ORIENTED_EDGE ( 'NONE', *, *, #610, .F. ) ;
#414 = APPROVAL_DATE_TIME ( #1512, #1535 ) ;
#415 = EDGE_CURVE ( 'NONE', #12, #331, #178, .T. ) ;
#416 = VERTEX_POINT ( 'NONE', #1147 ) ;
#417 = LINE ( 'NONE', #152, #1293 ) ;
#418 =( BOUNDED_CURVE ( )  B_SPLINE_CURVE ( 3, ( #359, #751, #147, #1338 ),
 .UNSPECIFIED., .F., .T. ) 
 B_SPLINE_CURVE_WITH_KNOTS ( ( 4, 4 ),
 ( 5.497787143782135288, 6.283185307179585344 ),
 .UNSPECIFIED. ) 
 CURVE ( )  GEOMETRIC_REPRESENTATION_ITEM ( )  RATIONAL_B_SPLINE_CURVE ( ( 1.000000000000000000, 0.9492530216741907889, 0.9492530216741907889, 1.000000000000000000 ) ) 
 REPRESENTATION_ITEM ( '' )  );
#419 = CARTESIAN_POINT ( 'NONE',  ( 13.93167036409815829, 3.850002315391870322, -2.680930007840445661 ) ) ;
#420 = FACE_OUTER_BOUND ( 'NONE', #219, .T. ) ;
#421 = ORIENTED_EDGE ( 'NONE', *, *, #1024, .T. ) ;
#422 = CC_DESIGN_APPROVAL ( #1252, ( #1171 ) ) ;
#423 = AXIS2_PLACEMENT_3D ( 'NONE', #406, #1254, #1502 ) ;
#424 = COORDINATED_UNIVERSAL_TIME_OFFSET ( 1, 0, .AHEAD. ) ;
#425 = ORIENTED_EDGE ( 'NONE', *, *, #1415, .F. ) ;
#426 = VECTOR ( 'NONE', #1346, 1000.000000000000000 ) ;
#427 = PRODUCT ( 'Male_End-6.3x4.9_ID3.5mm', 'Male_End-6.3x4.9_ID3.5mm', '', ( #764 ) ) ;
#428 = CYLINDRICAL_SURFACE ( 'NONE', #371, 0.7000000000000001776 ) ;
#429 = ADVANCED_BREP_SHAPE_REPRESENTATION ( 'Male_End-6.3x4.9_ID3.5mm', ( #863, #1545 ), #1345 ) ;
#430 = DIRECTION ( 'NONE',  ( 0.3826834323650898928, 0.000000000000000000, 0.9238795325112867385 ) ) ;
#431 = CARTESIAN_POINT ( 'NONE',  ( 11.18348793756120507, 4.550002315391870056, 0.03914355225947121347 ) ) ;
#432 = ORIENTED_EDGE ( 'NONE', *, *, #1333, .F. ) ;
#433 = ORIENTED_EDGE ( 'NONE', *, *, #182, .F. ) ;
#434 = FACE_OUTER_BOUND ( 'NONE', #1264, .T. ) ;
#435 = EDGE_CURVE ( 'NONE', #1279, #856, #1027, .T. ) ;
#436 = CARTESIAN_POINT ( 'NONE',  ( 10.32915769579019916, 8.544977051791642353, -2.475904744240216449 ) ) ;
#437 = VERTEX_POINT ( 'NONE', #1396 ) ;
#438 = CARTESIAN_POINT ( 'NONE',  ( 13.23167036409815722, 8.750002304961064681, -1.980929997409633270 ) ) ;
#439 = ORIENTED_EDGE ( 'NONE', *, *, #1328, .T. ) ;
#440 = DIRECTION ( 'NONE',  ( -0.000000000000000000, 1.000000000000000000, 0.000000000000000000 ) ) ;
#441 = ADVANCED_FACE ( 'NONE', ( #412 ), #1389, .T. ) ;
#442 = CARTESIAN_POINT ( 'NONE',  ( 10.43167032237490410, 8.238135076406342350, -2.680929997409633447 ) ) ;
#443 = ORIENTED_EDGE ( 'NONE', *, *, #1399, .F. ) ;
#444 = LINE ( 'NONE', #1559, #3 ) ;
#445 = DIRECTION ( 'NONE',  ( 1.000000000000000000, 0.000000000000000000, 0.000000000000000000 ) ) ;
#446 = AXIS2_PLACEMENT_3D ( 'NONE', #302, #890, #1387 ) ;
#447 = CIRCLE ( 'NONE', #1337, 1.260000010430813111 ) ;
#448 = ORIENTED_EDGE ( 'NONE', *, *, #1134, .T. ) ;
#449 = VECTOR ( 'NONE', #1192, 1000.000000000000000 ) ;
#450 = FACE_OUTER_BOUND ( 'NONE', #674, .T. ) ;
#451 = CARTESIAN_POINT ( 'NONE',  ( 13.70302961661114338, 5.840997451079940284, -2.680929997409633447 ) ) ;
#452 = CARTESIAN_POINT ( 'NONE',  ( 13.93167036409815829, 8.764145137591102142, -2.680930007840445661 ) ) ;
#453 = ORIENTED_EDGE ( 'NONE', *, *, #669, .T. ) ;
#454 = CARTESIAN_POINT ( 'NONE',  ( 12.51408196731230227, 9.450002315391870411, 1.519070065175245343 ) ) ;
#455 = CARTESIAN_POINT ( 'NONE',  ( 12.49652003039348180, 4.550002315391870056, -1.805828633419290563 ) ) ;
#456 = VERTEX_POINT ( 'NONE', #678 ) ;
#457 = CARTESIAN_POINT ( 'NONE',  ( 12.49652003039348180, 4.550002315391870056, -3.380930007840445395 ) ) ;
#458 = CARTESIAN_POINT ( 'NONE',  ( 15.31409523375367421, 3.850002315391870322, -0.9309299713326002479 ) ) ;
#459 = CARTESIAN_POINT ( 'NONE',  ( 10.39567267501638881, 8.411947093339263049, -2.608934702692595309 ) ) ;
#460 = ORIENTED_EDGE ( 'NONE', *, *, #292, .F. ) ;
#461 = DIRECTION ( 'NONE',  ( 1.000000000000000000, 0.000000000000000000, 0.000000000000000000 ) ) ;
#462 = DIRECTION ( 'NONE',  ( 0.000000000000000000, 0.000000000000000000, -1.000000000000000000 ) ) ;
#463 = ORIENTED_EDGE ( 'NONE', *, *, #1167, .F. ) ;
#464 = EDGE_CURVE ( 'NONE', #192, #1355, #293, .T. ) ;
#465 = DIRECTION ( 'NONE',  ( 0.000000000000000000, -1.000000000000000000, 0.000000000000000000 ) ) ;
#466 = CARTESIAN_POINT ( 'NONE',  ( 11.18348793756120507, 4.550002315391870056, 0.03914355225947121347 ) ) ;
#467 = CARTESIAN_POINT ( 'NONE',  ( 13.63167036409815758, 8.050002304961058286, 0.8190700547444330626 ) ) ;
#468 = ORIENTED_EDGE ( 'NONE', *, *, #1139, .F. ) ;
#469 = B_SPLINE_CURVE_WITH_KNOTS ( 'NONE', 3,
 ( #752, #1239, #390, #271, #664, #1382 ),
 .UNSPECIFIED., .F., .F.,
 ( 4, 2, 4 ),
 ( 0.000000000000000000, 0.0003932624766489022767, 0.0007865249532978045533 ),
 .UNSPECIFIED. ) ;
#470 = CYLINDRICAL_SURFACE ( 'NONE', #577, 1.050000015646217477 ) ;
#471 = ADVANCED_FACE ( 'NONE', ( #799 ), #1155, .F. ) ;
#472 = LINE ( 'NONE', #101, #1039 ) ;
#473 = ORIENTED_EDGE ( 'NONE', *, *, #921, .T. ) ;
#474 = TOROIDAL_SURFACE ( 'NONE', #806, 1.000000000000000000, 0.2999999999999999889 ) ;
#475 = AXIS2_PLACEMENT_3D ( 'NONE', #458, #1314, #675 ) ;
#476 = VECTOR ( 'NONE', #1466, 1000.000000000000000 ) ;
#477 = LOCAL_TIME ( 17, 59, 41.00000000000000000, #424 ) ;
#478 = DIRECTION ( 'NONE',  ( 1.000000000000000000, 0.000000000000000000, 0.000000000000000000 ) ) ;
#479 = VERTEX_POINT ( 'NONE', #436 ) ;
#480 = DIRECTION ( 'NONE',  ( -1.000000000000000000, 0.000000000000000000, 0.000000000000000000 ) ) ;
#481 = DIRECTION ( 'NONE',  ( 0.000000000000000000, 0.000000000000000000, 1.000000000000000000 ) ) ;
#482 = ORIENTED_EDGE ( 'NONE', *, *, #651, .T. ) ;
#483 = EDGE_CURVE ( 'NONE', #331, #1240, #1290, .T. ) ;
#484 = ADVANCED_FACE ( 'NONE', ( #420 ), #993, .T. ) ;
#485 = CARTESIAN_POINT ( 'NONE',  ( 15.31409523375367421, 10.15000231539186970, -0.9309299713326002479 ) ) ;
#486 = ORIENTED_EDGE ( 'NONE', *, *, #640, .F. ) ;
#487 = CARTESIAN_POINT ( 'NONE',  ( 9.731670311944093044, 8.750002304961064681, -1.280929976548006222 ) ) ;
#488 = CARTESIAN_POINT ( 'NONE',  ( 13.93167036409815829, 7.000002315391870233, -0.9309299713326002479 ) ) ;
#489 = ORIENTED_EDGE ( 'NONE', *, *, #1350, .F. ) ;
#490 = DIRECTION ( 'NONE',  ( 0.000000000000000000, 0.7071067811865483499, 0.7071067811865467956 ) ) ;
#491 = ORIENTED_EDGE ( 'NONE', *, *, #1408, .F. ) ;
#492 = ADVANCED_FACE ( 'NONE', ( #65 ), #279, .F. ) ;
#493 = FACE_OUTER_BOUND ( 'NONE', #1068, .T. ) ;
#494 = CARTESIAN_POINT ( 'NONE',  ( 9.731670311944093044, 9.450002315391870411, -1.280929976548006222 ) ) ;
#495 = ORIENTED_EDGE ( 'NONE', *, *, #292, .T. ) ;
#496 = FACE_OUTER_BOUND ( 'NONE', #306, .T. ) ;
#497 = VECTOR ( 'NONE', #716, 1000.000000000000000 ) ;
#498 = ADVANCED_FACE ( 'NONE', ( #796 ), #1175, .F. ) ;
#499 = VECTOR ( 'NONE', #1238, 1000.000000000000000 ) ;
#500 = FACE_OUTER_BOUND ( 'NONE', #821, .T. ) ;
#501 = CARTESIAN_POINT ( 'NONE',  ( 10.78167032759031230, 9.450002315391870411, -0.9309299713326002479 ) ) ;
#502 = PERSON_AND_ORGANIZATION ( #814, #684 ) ;
#503 = AXIS2_PLACEMENT_3D ( 'NONE', #127, #110, #1453 ) ;
#504 = CARTESIAN_POINT ( 'NONE',  ( 9.731670311944094820, 9.450002315391870411, -0.9309299713326001369 ) ) ;
#505 = DIRECTION ( 'NONE',  ( 1.000000000000000000, 0.000000000000000000, 0.000000000000000000 ) ) ;
#506 = VERTEX_POINT ( 'NONE', #1537 ) ;
#507 = DIRECTION ( 'NONE',  ( -0.000000000000000000, -1.000000000000000000, -0.000000000000000000 ) ) ;
#508 = DIRECTION ( 'NONE',  ( -2.774754023183460056E-16, 0.000000000000000000, -1.000000000000000000 ) ) ;
#509 = VERTEX_POINT ( 'NONE', #1299 ) ;
#510 = LINE ( 'NONE', #154, #655 ) ;
#511 = CARTESIAN_POINT ( 'NONE',  ( 13.93167036409815829, 4.950002325822681293, 0.1190700547444332319 ) ) ;
#512 = VERTEX_POINT ( 'NONE', #1199 ) ;
#513 = ORIENTED_EDGE ( 'NONE', *, *, #1350, .T. ) ;
#514 = VERTEX_POINT ( 'NONE', #104 ) ;
#515 = CARTESIAN_POINT ( 'NONE',  ( 13.23167036409815722, 8.050002304961058286, -1.980929997409633270 ) ) ;
#516 = FACE_OUTER_BOUND ( 'NONE', #800, .T. ) ;
#517 = ORIENTED_EDGE ( 'NONE', *, *, #1105, .F. ) ;
#518 = CARTESIAN_POINT ( 'NONE',  ( 10.78167032759031230, 8.750002304961064681, -0.9309299713326002479 ) ) ;
#519 = VECTOR ( 'NONE', #567, 1000.000000000000000 ) ;
#520 = AXIS2_PLACEMENT_3D ( 'NONE', #1560, #1322, #1431 ) ;
#521 = CARTESIAN_POINT ( 'NONE',  ( 15.50323200852253969, 7.000002315391870233, -2.680929997409633447 ) ) ;
#522 = AXIS2_PLACEMENT_3D ( 'NONE', #1165, #72, #804 ) ;
#523 = DIRECTION ( 'NONE',  ( 0.000000000000000000, 0.000000000000000000, 1.000000000000000000 ) ) ;
#524 = CARTESIAN_POINT ( 'NONE',  ( 10.78167032759031230, 4.550002315391870056, -0.9309299713326002479 ) ) ;
#525 = CIRCLE ( 'NONE', #300, 0.5600000000000014966 ) ;
#526 = VERTEX_POINT ( 'NONE', #824 ) ;
#527 = VECTOR ( 'NONE', #536, 1000.000000000000000 ) ;
#528 = ADVANCED_FACE ( 'NONE', ( #1282 ), #685, .F. ) ;
#529 = CARTESIAN_POINT ( 'NONE',  ( 12.49652003039348180, 9.450002315391870411, -2.680727295505981100 ) ) ;
#530 = EDGE_CURVE ( 'NONE', #1327, #1488, #1166, .T. ) ;
#531 = FACE_OUTER_BOUND ( 'NONE', #1237, .T. ) ;
#532 = CARTESIAN_POINT ( 'NONE',  ( 9.731670311944093044, 5.250002325822681115, -0.9309299713326002479 ) ) ;
#533 = ORIENTED_EDGE ( 'NONE', *, *, #379, .F. ) ;
#534 = COORDINATED_UNIVERSAL_TIME_OFFSET ( 1, 0, .AHEAD. ) ;
#535 = ORIENTED_EDGE ( 'NONE', *, *, #1075, .T. ) ;
#536 = DIRECTION ( 'NONE',  ( 0.000000000000000000, 0.000000000000000000, -1.000000000000000000 ) ) ;
#537 = DIRECTION ( 'NONE',  ( 0.000000000000000000, -1.000000000000000000, 0.000000000000000000 ) ) ;
#538 = DIRECTION ( 'NONE',  ( -1.000000000000000000, 0.000000000000000000, 0.000000000000000000 ) ) ;
#539 = ORIENTED_EDGE ( 'NONE', *, *, #755, .T. ) ;
#540 = DATE_AND_TIME ( #919, #477 ) ;
#541 = ORIENTED_EDGE ( 'NONE', *, *, #661, .F. ) ;
#542 = CC_DESIGN_PERSON_AND_ORGANIZATION_ASSIGNMENT ( #61, #877, ( #972 ) ) ;
#543 = CYLINDRICAL_SURFACE ( 'NONE', #574, 0.7000000000000003997 ) ;
#544 = EDGE_CURVE ( 'NONE', #387, #44, #601, .T. ) ;
#545 = VECTOR ( 'NONE', #1484, 1000.000000000000000 ) ;
#546 = LINE ( 'NONE', #656, #1243 ) ;
#547 = ORIENTED_EDGE ( 'NONE', *, *, #989, .T. ) ;
#548 = AXIS2_PLACEMENT_3D ( 'NONE', #122, #874, #761 ) ;
#549 = AXIS2_PLACEMENT_3D ( 'NONE', #119, #11, #1236 ) ;
#550 = ORIENTED_EDGE ( 'NONE', *, *, #1204, .F. ) ;
#551 = AXIS2_PLACEMENT_3D ( 'NONE', #378, #954, #1342 ) ;
#552 = ADVANCED_FACE ( 'NONE', ( #1055 ), #559, .F. ) ;
#553 = LINE ( 'NONE', #1049, #1548 ) ;
#554 = DIRECTION ( 'NONE',  ( 0.000000000000000000, 0.000000000000000000, -1.000000000000000000 ) ) ;
#555 = DIRECTION ( 'NONE',  ( 0.000000000000000000, 1.000000000000000000, 0.000000000000000000 ) ) ;
#556 = ORIENTED_EDGE ( 'NONE', *, *, #301, .T. ) ;
#557 = ORIENTED_EDGE ( 'NONE', *, *, #49, .T. ) ;
#558 = EDGE_CURVE ( 'NONE', #506, #1073, #969, .T. ) ;
#559 = PLANE ( 'NONE',  #1095 ) ;
#560 = LINE ( 'NONE', #1538, #29 ) ;
#561 = EDGE_LOOP ( 'NONE', ( #1148, #811, #990, #609, #794, #853, #772 ) ) ;
#562 = CARTESIAN_POINT ( 'NONE',  ( 12.51408196731230227, 9.450002315391870411, 1.519070065175245343 ) ) ;
#563 = PRODUCT_RELATED_PRODUCT_CATEGORY ( 'detail', '', ( #427 ) ) ;
#564 = FACE_OUTER_BOUND ( 'NONE', #391, .T. ) ;
#565 = ORIENTED_EDGE ( 'NONE', *, *, #1074, .F. ) ;
#566 = EDGE_CURVE ( 'NONE', #1318, #1187, #831, .T. ) ;
#567 = DIRECTION ( 'NONE',  ( 1.000000000000000000, 0.000000000000000000, 0.000000000000000000 ) ) ;
#568 = FACE_OUTER_BOUND ( 'NONE', #20, .T. ) ;
#569 = APPLICATION_CONTEXT ( 'configuration controlled 3d designs of mechanical parts and assemblies' ) ;
#570 = DIRECTION ( 'NONE',  ( 0.000000000000000000, -1.000000000000000000, 0.000000000000000000 ) ) ;
#571 = ORIENTED_EDGE ( 'NONE', *, *, #1105, .T. ) ;
#572 = DIRECTION ( 'NONE',  ( 0.000000000000000000, 1.000000000000000000, 0.000000000000000000 ) ) ;
#573 = DIRECTION ( 'NONE',  ( 1.000000000000000000, 0.000000000000000000, 0.000000000000000000 ) ) ;
#574 = AXIS2_PLACEMENT_3D ( 'NONE', #1040, #41, #167 ) ;
#575 = VECTOR ( 'NONE', #445, 1000.000000000000000 ) ;
#576 = ORIENTED_EDGE ( 'NONE', *, *, #1427, .T. ) ;
#577 = AXIS2_PLACEMENT_3D ( 'NONE', #317, #217, #1295 ) ;
#578 = EDGE_CURVE ( 'NONE', #1048, #1437, #321, .T. ) ;
#579 = AXIS2_PLACEMENT_3D ( 'NONE', #1317, #570, #554 ) ;
#580 = CARTESIAN_POINT ( 'NONE',  ( 13.93167036409815829, 10.15000231539186970, -2.680930007840445661 ) ) ;
#581 = CARTESIAN_POINT ( 'NONE',  ( 11.83167034323652977, 4.550002315391870056, -0.9309299713326002479 ) ) ;
#582 = LINE ( 'NONE', #694, #1120 ) ;
#583 = ORIENTED_EDGE ( 'NONE', *, *, #1121, .T. ) ;
#584 = ADVANCED_FACE ( 'NONE', ( #434 ), #428, .F. ) ;
#585 = FACE_OUTER_BOUND ( 'NONE', #1023, .T. ) ;
#586 = LINE ( 'NONE', #1081, #497 ) ;
#587 = EDGE_LOOP ( 'NONE', ( #1001, #1486, #958, #1126 ) ) ;
#588 = FACE_BOUND ( 'NONE', #1285, .T. ) ;
#589 = DIRECTION ( 'NONE',  ( 0.7071067811865474617, 0.000000000000000000, 0.7071067811865476838 ) ) ;
#590 = DIRECTION ( 'NONE',  ( 0.000000000000000000, 0.000000000000000000, -1.000000000000000000 ) ) ;
#591 = ORIENTED_EDGE ( 'NONE', *, *, #393, .T. ) ;
#592 = DIRECTION ( 'NONE',  ( 0.000000000000000000, 1.000000000000000000, 0.000000000000000000 ) ) ;
#593 = CARTESIAN_POINT ( 'NONE',  ( 13.63167036409815758, 8.050002304961058286, -1.980929997409633270 ) ) ;
#594 = ORIENTED_EDGE ( 'NONE', *, *, #316, .T. ) ;
#595 = ADVANCED_FACE ( 'NONE', ( #568 ), #1406, .T. ) ;
#596 = ORIENTED_EDGE ( 'NONE', *, *, #566, .T. ) ;
#597 = CARTESIAN_POINT ( 'NONE',  ( 12.51408196731230227, 10.15000231539186970, 1.519070065175245343 ) ) ;
#598 = CARTESIAN_POINT ( 'NONE',  ( 10.78167032759031230, 10.15000231539186970, -0.9309299713326002479 ) ) ;
#599 = ORIENTED_EDGE ( 'NONE', *, *, #843, .T. ) ;
#600 = APPROVAL_PERSON_ORGANIZATION ( #1274, #1535, #54 ) ;
#602 = EDGE_CURVE ( 'NONE', #1061, #12, #1340, .T. ) ;
#601 = CIRCLE ( 'NONE', #69, 1.000000000000000000 ) ;
#603 = AXIS2_PLACEMENT_3D ( 'NONE', #973, #143, #1222 ) ;
#604 = AXIS2_PLACEMENT_3D ( 'NONE', #410, #276, #767 ) ;
#605 = LINE ( 'NONE', #357, #476 ) ;
#606 = ORIENTED_EDGE ( 'NONE', *, *, #730, .T. ) ;
#607 = CARTESIAN_POINT ( 'NONE',  ( 11.42161983205294007, 8.544977051791642353, 0.6140448015750160637 ) ) ;
#608 = PLANE ( 'NONE',  #732 ) ;
#609 = ORIENTED_EDGE ( 'NONE', *, *, #1487, .F. ) ;
#610 = EDGE_CURVE ( 'NONE', #612, #1472, #815, .T. ) ;
#611 = CARTESIAN_POINT ( 'NONE',  ( 13.23167036409815722, 8.050002304961058286, 0.1190700547444332319 ) ) ;
#612 = VERTEX_POINT ( 'NONE', #206 ) ;
#613 = CYLINDRICAL_SURFACE ( 'NONE', #1321, 1.050000015646217477 ) ;
#614 = CARTESIAN_POINT ( 'NONE',  ( 12.49652003039348180, 3.850002315391870322, -3.380930007840445395 ) ) ;
#615 = ORIENTED_EDGE ( 'NONE', *, *, #1510, .T. ) ;
#616 = DIRECTION ( 'NONE',  ( 1.000000000000000000, 0.000000000000000000, 0.000000000000000000 ) ) ;
#617 = CC_DESIGN_PERSON_AND_ORGANIZATION_ASSIGNMENT ( #666, #1157, ( #972 ) ) ;
#618 = ORIENTED_EDGE ( 'NONE', *, *, #1134, .F. ) ;
#619 = EDGE_CURVE ( 'NONE', #1197, #1397, #553, .T. ) ;
#620 = CARTESIAN_POINT ( 'NONE',  ( 11.36651701906003353, 5.321997620539718810, 0.4810148431226370924 ) ) ;
#621 = ORIENTED_EDGE ( 'NONE', *, *, #1141, .T. ) ;
#622 = COORDINATED_UNIVERSAL_TIME_OFFSET ( 1, 0, .AHEAD. ) ;
#623 = DIRECTION ( 'NONE',  ( -0.000000000000000000, 0.000000000000000000, 1.000000000000000000 ) ) ;
#624 = DIRECTION ( 'NONE',  ( 0.000000000000000000, -1.000000000000000000, 0.000000000000000000 ) ) ;
#625 = ORIENTED_EDGE ( 'NONE', *, *, #87, .T. ) ;
#626 = AXIS2_PLACEMENT_3D ( 'NONE', #1051, #1532, #169 ) ;
#627 = VECTOR ( 'NONE', #42, 1000.000000000000000 ) ;
#628 = AXIS2_PLACEMENT_3D ( 'NONE', #163, #1138, #214 ) ;
#629 = LINE ( 'NONE', #1122, #887 ) ;
#630 = ORIENTED_EDGE ( 'NONE', *, *, #252, .T. ) ;
#631 = TOROIDAL_SURFACE ( 'NONE', #322, 1.000000000000000000, 0.2999999999999999889 ) ;
#632 = DIRECTION ( 'NONE',  ( -0.7071067811865470176, -0.7071067811865480168, 8.659560562354926695E-17 ) ) ;
#633 = DIRECTION ( 'NONE',  ( 0.000000000000000000, -1.000000000000000000, 0.000000000000000000 ) ) ;
#634 = EDGE_CURVE ( 'NONE', #1376, #1567, #275, .T. ) ;
#635 = ORIENTED_EDGE ( 'NONE', *, *, #1286, .F. ) ;
#636 =( NAMED_UNIT ( * ) SI_UNIT ( $, .STERADIAN. ) SOLID_ANGLE_UNIT ( ) );
#637 = ADVANCED_FACE ( 'NONE', ( #955, #1435 ), #349, .T. ) ;
#638 = FACE_OUTER_BOUND ( 'NONE', #660, .T. ) ;
#639 = CARTESIAN_POINT ( 'NONE',  ( 10.26264271656400773, 5.321997620539719698, -2.342874785787837144 ) ) ;
#640 = EDGE_CURVE ( 'NONE', #526, #392, #1563, .T. ) ;
#641 = DIRECTION ( 'NONE',  ( 0.000000000000000000, 0.000000000000000000, -1.000000000000000000 ) ) ;
#642 = DIRECTION ( 'NONE',  ( 1.000000000000000000, 0.000000000000000000, 0.000000000000000000 ) ) ;
#643 = EDGE_LOOP ( 'NONE', ( #944, #753, #99, #31 ) ) ;
#644 = PRODUCT_DEFINITION_SHAPE ( 'NONE', 'NONE',  #1368 ) ;
#645 = CARTESIAN_POINT ( 'NONE',  ( 13.23167036409815722, 5.950002325822681293, 0.8190700547444330626 ) ) ;
#646 = LINE ( 'NONE', #1541, #575 ) ;
#647 = CARTESIAN_POINT ( 'NONE',  ( 13.63167036409815758, 5.950002325822681293, 0.1190700547444332319 ) ) ;
#648 = EDGE_CURVE ( 'NONE', #230, #192, #1569, .T. ) ;
#649 = DIRECTION ( 'NONE',  ( -1.000000000000000000, 0.000000000000000000, 0.000000000000000000 ) ) ;
#650 = ORIENTED_EDGE ( 'NONE', *, *, #1024, .F. ) ;
#651 = EDGE_CURVE ( 'NONE', #277, #353, #1540, .T. ) ;
#652 = LINE ( 'NONE', #645, #369 ) ;
#653 = VECTOR ( 'NONE', #507, 1000.000000000000000 ) ;
#654 = VECTOR ( 'NONE', #505, 1000.000000000000000 ) ;
#655 = VECTOR ( 'NONE', #997, 1000.000000000000000 ) ;
#656 = CARTESIAN_POINT ( 'NONE',  ( 13.93167036409815829, 9.050002304961065391, -0.9309299713326002479 ) ) ;
#657 = LINE ( 'NONE', #1262, #1546 ) ;
#658 = VERTEX_POINT ( 'NONE', #597 ) ;
#659 = APPROVAL_ROLE ( '' ) ;
#660 = EDGE_LOOP ( 'NONE', ( #550, #750, #1089, #1533 ) ) ;
#661 = EDGE_CURVE ( 'NONE', #1488, #1527, #715, .T. ) ;
#662 = DIRECTION ( 'NONE',  ( 0.000000000000000000, 1.000000000000000000, 0.000000000000000000 ) ) ;
#663 = PLANE ( 'NONE',  #197 ) ;
#664 = CARTESIAN_POINT ( 'NONE',  ( 13.70346910326066947, 8.159678517834370481, -2.680929997409633447 ) ) ;
#665 = ORIENTED_EDGE ( 'NONE', *, *, #350, .F. ) ;
#666 = PERSON_AND_ORGANIZATION ( #814, #684 ) ;
#667 = EDGE_LOOP ( 'NONE', ( #203, #925, #635, #1476, #729, #1400, #1390 ) ) ;
#668 = CC_DESIGN_PERSON_AND_ORGANIZATION_ASSIGNMENT ( #1035, #1518, ( #1171 ) ) ;
#669 = EDGE_CURVE ( 'NONE', #1550, #230, #721, .T. ) ;
#670 = LINE ( 'NONE', #791, #527 ) ;
#671 = CARTESIAN_POINT ( 'NONE',  ( 10.32915769579019916, 8.544977051791642353, -2.475904744240216449 ) ) ;
#672 = DIRECTION ( 'NONE',  ( -1.000000000000000000, -0.000000000000000000, -0.000000000000000000 ) ) ;
#673 = EDGE_LOOP ( 'NONE', ( #1460, #453, #432, #495 ) ) ;
#674 = EDGE_LOOP ( 'NONE', ( #281, #1078, #1201, #885 ) ) ;
#675 = DIRECTION ( 'NONE',  ( 1.000000000000000000, 0.000000000000000000, 0.000000000000000000 ) ) ;
#676 = VECTOR ( 'NONE', #1514, 1000.000000000000000 ) ;
#677 = CARTESIAN_POINT ( 'NONE',  ( 10.78167032759031230, 3.850002315391870322, -3.380930007840445395 ) ) ;
#678 = CARTESIAN_POINT ( 'NONE',  ( 10.78167032759031230, 9.450002315391870411, -3.380930007840445395 ) ) ;
#679 = ORIENTED_EDGE ( 'NONE', *, *, #1385, .F. ) ;
#680 = VECTOR ( 'NONE', #1080, 1000.000000000000000 ) ;
#682 = EDGE_CURVE ( 'NONE', #708, #1012, #444, .T. ) ;
#681 = AXIS2_PLACEMENT_3D ( 'NONE', #851, #237, #727 ) ;
#683 = VERTEX_POINT ( 'NONE', #835 ) ;
#684 = ORGANIZATION ( 'UNSPECIFIED', 'UNSPECIFIED', '' ) ;
#685 = PLANE ( 'NONE',  #47 ) ;
#686 = EDGE_CURVE ( 'NONE', #1014, #1513, #298, .T. ) ;
#687 = DIRECTION ( 'NONE',  ( 0.000000000000000000, -0.7071067811865481278, -0.7071067811865467956 ) ) ;
#688 = VERTEX_POINT ( 'NONE', #959 ) ;
#689 = DIRECTION ( 'NONE',  ( 0.3826834323650898928, 0.000000000000000000, 0.9238795325112867385 ) ) ;
#690 = CARTESIAN_POINT ( 'NONE',  ( 13.23167036409815722, 5.455027578992097226, 0.6140448015750160637 ) ) ;
#691 = ORIENTED_EDGE ( 'NONE', *, *, #158, .F. ) ;
#692 = CARTESIAN_POINT ( 'NONE',  ( 13.93167036409815829, 7.000002315391870233, -2.680930007840445661 ) ) ;
#693 = DIRECTION ( 'NONE',  ( -0.000000000000000000, -0.000000000000000000, 1.000000000000000000 ) ) ;
#694 = CARTESIAN_POINT ( 'NONE',  ( 14.94323200852253919, 7.000002315391870233, -3.380930007840445395 ) ) ;
#695 = ORIENTED_EDGE ( 'NONE', *, *, #558, .F. ) ;
#696 = EDGE_CURVE ( 'NONE', #1275, #658, #1059, .T. ) ;
#697 = CARTESIAN_POINT ( 'NONE',  ( 13.63167036409815758, 8.050002304961058286, -2.680929997409633447 ) ) ;
#698 = DIRECTION ( 'NONE',  ( 1.000000000000000000, 0.000000000000000000, 0.000000000000000000 ) ) ;
#699 = ORIENTED_EDGE ( 'NONE', *, *, #1141, .F. ) ;
#700 = DIRECTION ( 'NONE',  ( -0.000000000000000000, -0.000000000000000000, -1.000000000000000000 ) ) ;
#701 = DIRECTION ( 'NONE',  ( 0.7071067811865470176, 0.7071067811865480168, 0.000000000000000000 ) ) ;
#702 = ADVANCED_FACE ( 'NONE', ( #1178 ), #470, .T. ) ;
#703 = CARTESIAN_POINT ( 'NONE',  ( 13.93167036409815829, 8.225002315391870766, 1.519070065175245343 ) ) ;
#704 = VERTEX_POINT ( 'NONE', #82 ) ;
#705 = DIRECTION ( 'NONE',  ( 1.000000000000000000, 0.000000000000000000, 0.000000000000000000 ) ) ;
#706 = CARTESIAN_POINT ( 'NONE',  ( 13.63167036409815758, 8.050002304961058286, 0.1190700547444332319 ) ) ;
#707 = AXIS2_PLACEMENT_3D ( 'NONE', #771, #43, #1509 ) ;
#708 = VERTEX_POINT ( 'NONE', #697 ) ;
#709 = VECTOR ( 'NONE', #1552, 1000.000000000000000 ) ;
#710 = AXIS2_PLACEMENT_3D ( 'NONE', #937, #98, #190 ) ;
#711 = LINE ( 'NONE', #692, #1213 ) ;
#712 = DIRECTION ( 'NONE',  ( 0.000000000000000000, -1.000000000000000000, 0.000000000000000000 ) ) ;
#713 = LINE ( 'NONE', #677, #942 ) ;
#714 = ORIENTED_EDGE ( 'NONE', *, *, #158, .T. ) ;
#715 = LINE ( 'NONE', #967, #1319 ) ;
#716 = DIRECTION ( 'NONE',  ( 1.000000000000000000, 0.000000000000000000, 0.000000000000000000 ) ) ;
#717 = ORIENTED_EDGE ( 'NONE', *, *, #1566, .T. ) ;
#718 = EDGE_CURVE ( 'NONE', #185, #1327, #941, .T. ) ;
#719 = CYLINDRICAL_SURFACE ( 'NONE', #786, 0.7000000000000003997 ) ;
#720 = ORIENTED_EDGE ( 'NONE', *, *, #648, .F. ) ;
#721 = LINE ( 'NONE', #1087, #268 ) ;
#722 = PLANE ( 'NONE',  #346 ) ;
#723 = ADVANCED_FACE ( 'NONE', ( #585 ), #107, .F. ) ;
#724 = VERTEX_POINT ( 'NONE', #1320 ) ;
#725 = DIRECTION ( 'NONE',  ( -0.000000000000000000, 1.000000000000000000, 0.000000000000000000 ) ) ;
#726 = ORIENTED_EDGE ( 'NONE', *, *, #1119, .T. ) ;
#727 = DIRECTION ( 'NONE',  ( 0.000000000000000000, -1.000000000000000000, 0.000000000000000000 ) ) ;
#728 = CARTESIAN_POINT ( 'NONE',  ( 12.51408196731230227, 4.550002315391870056, 0.2940700469213206047 ) ) ;
#729 = ORIENTED_EDGE ( 'NONE', *, *, #1302, .F. ) ;
#730 = EDGE_CURVE ( 'NONE', #512, #999, #1430, .T. ) ;
#731 = CIRCLE ( 'NONE', #45, 0.2999999999999999334 ) ;
#732 = AXIS2_PLACEMENT_3D ( 'NONE', #896, #238, #624 ) ;
#733 = AXIS2_PLACEMENT_3D ( 'NONE', #184, #672, #1516 ) ;
#734 = CIRCLE ( 'NONE', #549, 0.3500000156462182987 ) ;
#735 = AXIS2_PLACEMENT_3D ( 'NONE', #57, #63, #1270 ) ;
#736 = CARTESIAN_POINT ( 'NONE',  ( 13.93167036409815829, 7.000002315391870233, 1.119070054744432774 ) ) ;
#737 = ORIENTED_EDGE ( 'NONE', *, *, #530, .F. ) ;
#738 = EDGE_CURVE ( 'NONE', #62, #514, #1130, .T. ) ;
#739 = CARTESIAN_POINT ( 'NONE',  ( 9.731670311944093044, 4.550002315391870056, -0.9309299713326002479 ) ) ;
#740 = ORIENTED_EDGE ( 'NONE', *, *, #780, .T. ) ;
#741 = CARTESIAN_POINT ( 'NONE',  ( 13.23167036409815722, 8.544977051791642353, 0.6140448015750160637 ) ) ;
#742 = ORIENTED_EDGE ( 'NONE', *, *, #1543, .T. ) ;
#743 = CARTESIAN_POINT ( 'NONE',  ( 10.32915769579019916, 5.455027578992097226, -2.475904744240216449 ) ) ;
#744 = DIRECTION ( 'NONE',  ( 0.000000000000000000, -1.000000000000000000, 0.000000000000000000 ) ) ;
#745 = DIRECTION ( 'NONE',  ( 1.000000000000000000, 0.000000000000000000, 0.000000000000000000 ) ) ;
#746 = DIRECTION ( 'NONE',  ( 0.7071067811865474617, 0.000000000000000000, 0.7071067811865476838 ) ) ;
#747 = EDGE_LOOP ( 'NONE', ( #327, #847, #425, #120 ) ) ;
#748 = DIRECTION ( 'NONE',  ( 0.9238795325112867385, 0.000000000000000000, -0.3826834323650899483 ) ) ;
#749 = DIRECTION ( 'NONE',  ( 0.000000000000000000, 1.000000000000000000, 0.000000000000000000 ) ) ;
#750 = ORIENTED_EDGE ( 'NONE', *, *, #379, .T. ) ;
#751 = CARTESIAN_POINT ( 'NONE',  ( 11.47672264504584305, 5.588057537444475642, 0.7470747600273955902 ) ) ;
#752 = CARTESIAN_POINT ( 'NONE',  ( 13.93167036409815829, 8.764145137591102142, -2.680930007840445661 ) ) ;
#753 = ORIENTED_EDGE ( 'NONE', *, *, #1064, .T. ) ;
#754 = AXIS2_PLACEMENT_3D ( 'NONE', #1553, #1208, #210 ) ;
#755 = EDGE_CURVE ( 'NONE', #1197, #506, #1471, .T. ) ;
#756 = AXIS2_PLACEMENT_3D ( 'NONE', #524, #793, #1161 ) ;
#757 = CARTESIAN_POINT ( 'NONE',  ( 9.731670311944093044, 5.250002325822681115, -0.2309299609017882726 ) ) ;
#758 = ORIENTED_EDGE ( 'NONE', *, *, #802, .T. ) ;
#759 = LOCAL_TIME ( 17, 59, 41.00000000000000000, #884 ) ;
#760 =( BOUNDED_CURVE ( )  B_SPLINE_CURVE ( 3, ( #607, #139, #1101, #375 ),
 .UNSPECIFIED., .F., .T. ) 
 B_SPLINE_CURVE_WITH_KNOTS ( ( 4, 4 ),
 ( 5.497787143782135288, 6.283185307179585344 ),
 .UNSPECIFIED. ) 
 CURVE ( )  GEOMETRIC_REPRESENTATION_ITEM ( )  RATIONAL_B_SPLINE_CURVE ( ( 1.000000000000000000, 0.9492530216741907889, 0.9492530216741907889, 1.000000000000000000 ) ) 
 REPRESENTATION_ITEM ( '' )  );
#761 = DIRECTION ( 'NONE',  ( 0.7071067811865474617, 0.000000000000000000, 0.7071067811865476838 ) ) ;
#762 = DIRECTION ( 'NONE',  ( 0.000000000000000000, -1.000000000000000000, 0.000000000000000000 ) ) ;
#763 = ORIENTED_EDGE ( 'NONE', *, *, #984, .T. ) ;
#764 = MECHANICAL_CONTEXT ( 'NONE', #314, 'mechanical' ) ;
#765 = ORIENTED_EDGE ( 'NONE', *, *, #40, .F. ) ;
#766 = EDGE_CURVE ( 'NONE', #437, #1197, #1534, .T. ) ;
#767 = DIRECTION ( 'NONE',  ( 1.000000000000000000, 0.000000000000000000, 0.000000000000000000 ) ) ;
#768 = LINE ( 'NONE', #161, #627 ) ;
#769 = APPROVAL_DATE_TIME ( #892, #1252 ) ;
#770 = DIRECTION ( 'NONE',  ( 0.000000000000000000, 8.673617379884035472E-16, -1.000000000000000000 ) ) ;
#771 = CARTESIAN_POINT ( 'NONE',  ( 13.63167036409815758, 8.050002304961058286, -1.980929997409633270 ) ) ;
#772 = ORIENTED_EDGE ( 'NONE', *, *, #780, .F. ) ;
#773 = COORDINATED_UNIVERSAL_TIME_OFFSET ( 1, 0, .AHEAD. ) ;
#774 = EDGE_CURVE ( 'NONE', #514, #683, #760, .T. ) ;
#775 = DIRECTION ( 'NONE',  ( -1.000000000000000000, -0.000000000000000000, -0.000000000000000000 ) ) ;
#776 = LINE ( 'NONE', #304, #222 ) ;
#777 = ORIENTED_EDGE ( 'NONE', *, *, #686, .T. ) ;
#778 = DATE_TIME_ROLE ( 'creation_date' ) ;
#779 = ORIENTED_EDGE ( 'NONE', *, *, #619, .T. ) ;
#780 = EDGE_CURVE ( 'NONE', #102, #526, #510, .T. ) ;
#781 = DIRECTION ( 'NONE',  ( 1.000000000000000000, 0.000000000000000000, 0.000000000000000000 ) ) ;
#782 = CIRCLE ( 'NONE', #423, 0.7000000000000000666 ) ;
#783 = VECTOR ( 'NONE', #1362, 1000.000000000000000 ) ;
#784 = LINE ( 'NONE', #1256, #6 ) ;
#785 = DIRECTION ( 'NONE',  ( -0.000000000000000000, 0.000000000000000000, 1.000000000000000000 ) ) ;
#786 = AXIS2_PLACEMENT_3D ( 'NONE', #4, #478, #386 ) ;
#787 = ORIENTED_EDGE ( 'NONE', *, *, #1007, .F. ) ;
#788 = CALENDAR_DATE ( 2024, 29, 4 ) ;
#789 = EDGE_CURVE ( 'NONE', #1397, #44, #1016, .T. ) ;
#790 = ORIENTED_EDGE ( 'NONE', *, *, #822, .T. ) ;
#791 = CARTESIAN_POINT ( 'NONE',  ( 12.51408196731230227, 10.15000231539186970, 0.8014816683893866145 ) ) ;
#792 = DIRECTION ( 'NONE',  ( -1.000000000000000000, 0.000000000000000000, 0.000000000000000000 ) ) ;
#793 = DIRECTION ( 'NONE',  ( 0.000000000000000000, 1.000000000000000000, 0.000000000000000000 ) ) ;
#794 = ORIENTED_EDGE ( 'NONE', *, *, #1328, .F. ) ;
#795 = ORIENTED_EDGE ( 'NONE', *, *, #640, .T. ) ;
#796 = FACE_OUTER_BOUND ( 'NONE', #1451, .T. ) ;
#797 = EDGE_CURVE ( 'NONE', #236, #311, #365, .T. ) ;
#798 = DIRECTION ( 'NONE',  ( 0.000000000000000000, 0.000000000000000000, -1.000000000000000000 ) ) ;
#799 = FACE_OUTER_BOUND ( 'NONE', #1258, .T. ) ;
#800 = EDGE_LOOP ( 'NONE', ( #517, #460, #131, #556 ) ) ;
#801 = VERTEX_POINT ( 'NONE', #18 ) ;
#802 = EDGE_CURVE ( 'NONE', #416, #688, #418, .T. ) ;
#803 = EDGE_CURVE ( 'NONE', #62, #1550, #1247, .T. ) ;
#804 = DIRECTION ( 'NONE',  ( 0.000000000000000000, -1.734723475976807094E-15, -1.000000000000000000 ) ) ;
#805 = CIRCLE ( 'NONE', #48, 0.3500000156462182987 ) ;
#806 = AXIS2_PLACEMENT_3D ( 'NONE', #706, #968, #1326 ) ;
#807 = CARTESIAN_POINT ( 'NONE',  ( 16.06323200852254018, 7.000002315391870233, -3.380930007840445395 ) ) ;
#808 = ORIENTED_EDGE ( 'NONE', *, *, #682, .T. ) ;
#809 = AXIS2_PLACEMENT_3D ( 'NONE', #1207, #112, #932 ) ;
#810 = DIRECTION ( 'NONE',  ( 0.000000000000000000, 1.000000000000000000, 0.000000000000000000 ) ) ;
#811 = ORIENTED_EDGE ( 'NONE', *, *, #1465, .T. ) ;
#812 = CIRCLE ( 'NONE', #604, 0.3500000156462182987 ) ;
#813 = CARTESIAN_POINT ( 'NONE',  ( 10.18667031872412387, 5.250002325822681115, -2.190929990108063219 ) ) ;
#814 = PERSON ( 'UNSPECIFIED', 'UNSPECIFIED', 'UNSPECIFIED', ('UNSPECIFIED'), ('UNSPECIFIED'), ('UNSPECIFIED') ) ;
#815 = LINE ( 'NONE', #307, #1217 ) ;
#816 = EDGE_CURVE ( 'NONE', #1263, #1163, #1393, .T. ) ;
#817 = CARTESIAN_POINT ( 'NONE',  ( 12.51408196731230227, 4.550002315391870056, 1.519070065175245343 ) ) ;
#818 = ORIENTED_EDGE ( 'NONE', *, *, #1465, .F. ) ;
#819 = CARTESIAN_POINT ( 'NONE',  ( 9.731670311944093044, 4.550002315391870056, -0.9309299713326002479 ) ) ;
#820 = DIRECTION ( 'NONE',  ( -1.000000000000000000, 0.000000000000000000, 0.000000000000000000 ) ) ;
#821 = EDGE_LOOP ( 'NONE', ( #208, #239, #970, #845 ) ) ;
#822 = EDGE_CURVE ( 'NONE', #724, #1047, #1417, .T. ) ;
#823 = LINE ( 'NONE', #213, #1220 ) ;
#824 = CARTESIAN_POINT ( 'NONE',  ( 11.18348793756120507, 5.250002325822681115, 0.03914355225947121347 ) ) ;
#825 = DIRECTION ( 'NONE',  ( 1.000000000000000000, 0.000000000000000000, 0.000000000000000000 ) ) ;
#826 = ORIENTED_EDGE ( 'NONE', *, *, #978, .F. ) ;
#827 = DIRECTION ( 'NONE',  ( 0.000000000000000000, 0.000000000000000000, -1.000000000000000000 ) ) ;
#828 = PLANE ( 'NONE',  #888 ) ;
#829 = VERTEX_POINT ( 'NONE', #487 ) ;
#830 = CARTESIAN_POINT ( 'NONE',  ( 13.23167036409815722, 7.000002278884024598, 0.8190700547444330626 ) ) ;
#831 = LINE ( 'NONE', #581, #1497 ) ;
#832 = CARTESIAN_POINT ( 'NONE',  ( 14.94323200852253919, 7.000002315391870233, -3.380930007840445395 ) ) ;
#833 = VERTEX_POINT ( 'NONE', #1231 ) ;
#834 = VECTOR ( 'NONE', #785, 1000.000000000000000 ) ;
#835 = CARTESIAN_POINT ( 'NONE',  ( 11.50654407254469014, 8.050002304961058286, 0.8190700547444330626 ) ) ;
#836 = CARTESIAN_POINT ( 'NONE',  ( 14.24323199809172813, 7.000002315391870233, -2.680929997409633447 ) ) ;
#837 = AXIS2_PLACEMENT_3D ( 'NONE', #1462, #1224, #1215 ) ;
#838 = ORIENTED_EDGE ( 'NONE', *, *, #1007, .T. ) ;
#839 = ADVANCED_FACE ( 'NONE', ( #493 ), #981, .F. ) ;
#840 = VECTOR ( 'NONE', #632, 1000.000000000000000 ) ;
#841 = DIRECTION ( 'NONE',  ( 0.000000000000000000, 0.000000000000000000, -1.000000000000000000 ) ) ;
#842 = DIRECTION ( 'NONE',  ( 1.000000000000000000, 0.000000000000000000, 0.000000000000000000 ) ) ;
#843 = EDGE_CURVE ( 'NONE', #1047, #262, #129, .T. ) ;
#844 = CARTESIAN_POINT ( 'NONE',  ( 13.63167036409815758, 5.250002325822681115, -1.980929997409633270 ) ) ;
#845 = ORIENTED_EDGE ( 'NONE', *, *, #56, .F. ) ;
#846 = DIRECTION ( 'NONE',  ( 0.000000000000000000, 0.000000000000000000, -1.000000000000000000 ) ) ;
#847 = ORIENTED_EDGE ( 'NONE', *, *, #1433, .T. ) ;
#848 = CARTESIAN_POINT ( 'NONE',  ( 13.63167036409815758, 8.750002304961064681, -1.980929997409633270 ) ) ;
#849 = ORIENTED_EDGE ( 'NONE', *, *, #1485, .T. ) ;
#850 = EDGE_CURVE ( 'NONE', #1421, #1297, #1041, .T. ) ;
#851 = CARTESIAN_POINT ( 'NONE',  ( 10.78167032759031230, 9.450002315391870411, -3.380930007840445395 ) ) ;
#852 = CARTESIAN_POINT ( 'NONE',  ( 11.79649357052644199, 9.450002315391870411, 1.519070065175245343 ) ) ;
#853 = ORIENTED_EDGE ( 'NONE', *, *, #1551, .F. ) ;
#854 = ADVANCED_FACE ( 'NONE', ( #255 ), #613, .T. ) ;
#855 = CYLINDRICAL_SURFACE ( 'NONE', #1144, 3.149999999999999911 ) ;
#856 = VERTEX_POINT ( 'NONE', #867 ) ;
#857 = LINE ( 'NONE', #982, #144 ) ;
#858 = EDGE_LOOP ( 'NONE', ( #368, #402, #765, #1185, #14 ) ) ;
#859 = APPROVAL_PERSON_ORGANIZATION ( #502, #1252, #880 ) ;
#860 = CIRCLE ( 'NONE', #1015, 1.260000010430813111 ) ;
#861 = AXIS2_PLACEMENT_3D ( 'NONE', #1356, #623, #1331 ) ;
#862 = CIRCLE ( 'NONE', #1522, 1.050000015646217477 ) ;
#863 = MANIFOLD_SOLID_BREP ( 'Fillet1', #94 ) ;
#864 = CARTESIAN_POINT ( 'NONE',  ( 9.731670311944093044, 4.550002315391870056, -1.280929976548006222 ) ) ;
#865 = EDGE_CURVE ( 'NONE', #1054, #833, #1349, .T. ) ;
#866 = ORIENTED_EDGE ( 'NONE', *, *, #610, .T. ) ;
#867 = CARTESIAN_POINT ( 'NONE',  ( 13.63167036409815758, 5.455027578992097226, -2.475904744240216449 ) ) ;
#868 = CARTESIAN_POINT ( 'NONE',  ( 10.78167032759031230, 10.15000231539186970, -0.9309299713326002479 ) ) ;
#869 = ORIENTED_EDGE ( 'NONE', *, *, #49, .F. ) ;
#870 = DIRECTION ( 'NONE',  ( 0.000000000000000000, -1.000000000000000000, 0.000000000000000000 ) ) ;
#871 = EDGE_CURVE ( 'NONE', #1397, #62, #7, .T. ) ;
#872 = LINE ( 'NONE', #736, #224 ) ;
#873 = ORIENTED_EDGE ( 'NONE', *, *, #188, .T. ) ;
#874 = DIRECTION ( 'NONE',  ( 0.000000000000000000, -1.000000000000000000, 0.000000000000000000 ) ) ;
#875 = LINE ( 'NONE', #494, #1164 ) ;
#876 = EDGE_LOOP ( 'NONE', ( #1006, #897, #1162, #1172, #737, #106, #699, #159, #873, #1334 ) ) ;
#877 = PERSON_AND_ORGANIZATION_ROLE ( 'design_supplier' ) ;
#878 = DIRECTION ( 'NONE',  ( 1.000000000000000000, 0.000000000000000000, 0.000000000000000000 ) ) ;
#879 = ORIENTED_EDGE ( 'NONE', *, *, #15, .T. ) ;
#880 = APPROVAL_ROLE ( '' ) ;
#881 = DIRECTION ( 'NONE',  ( 0.000000000000000000, 1.000000000000000000, 0.000000000000000000 ) ) ;
#882 = FACE_OUTER_BOUND ( 'NONE', #1203, .T. ) ;
#883 = ORIENTED_EDGE ( 'NONE', *, *, #1315, .T. ) ;
#884 = COORDINATED_UNIVERSAL_TIME_OFFSET ( 1, 0, .AHEAD. ) ;
#885 = ORIENTED_EDGE ( 'NONE', *, *, #566, .F. ) ;
#886 = ADVANCED_FACE ( 'NONE', ( #975 ), #1456, .F. ) ;
#887 = VECTOR ( 'NONE', #508, 1000.000000000000000 ) ;
#888 = AXIS2_PLACEMENT_3D ( 'NONE', #91, #218, #573 ) ;
#889 = AXIS2_PLACEMENT_3D ( 'NONE', #901, #1402, #291 ) ;
#890 = DIRECTION ( 'NONE',  ( 1.000000000000000000, 0.000000000000000000, 0.000000000000000000 ) ) ;
#891 = ORIENTED_EDGE ( 'NONE', *, *, #1433, .F. ) ;
#892 = DATE_AND_TIME ( #267, #295 ) ;
#893 = AXIS2_PLACEMENT_3D ( 'NONE', #1000, #1481, #1127 ) ;
#894 = ADVANCED_FACE ( 'NONE', ( #1022 ), #1010, .F. ) ;
#895 = DIRECTION ( 'NONE',  ( 0.000000000000000000, 1.000000000000000000, 0.000000000000000000 ) ) ;
#896 = CARTESIAN_POINT ( 'NONE',  ( 11.79649357052644199, 9.450002315391870411, 1.519070065175245343 ) ) ;
#897 = ORIENTED_EDGE ( 'NONE', *, *, #648, .T. ) ;
#898 = APPLICATION_PROTOCOL_DEFINITION ( 'international standard', 'config_control_design', 1994, #569 ) ;
#899 = LINE ( 'NONE', #1031, #1065 ) ;
#900 = CARTESIAN_POINT ( 'NONE',  ( 13.93167036409815829, 9.050002304961065391, 0.1190700547444332319 ) ) ;
#901 = CARTESIAN_POINT ( 'NONE',  ( 10.78167032759031230, 4.550002315391870056, -0.9309299713326002479 ) ) ;
#902 = LINE ( 'NONE', #74, #24 ) ;
#903 = ADVANCED_FACE ( 'NONE', ( #1504 ), #631, .T. ) ;
#904 = ORIENTED_EDGE ( 'NONE', *, *, #738, .F. ) ;
#905 = DATE_AND_TIME ( #1366, #759 ) ;
#906 = CARTESIAN_POINT ( 'NONE',  ( 10.18667031872412387, 8.750002304961064681, -2.190929990108063219 ) ) ;
#907 = EDGE_CURVE ( 'NONE', #211, #1467, #1137, .T. ) ;
#908 = CARTESIAN_POINT ( 'NONE',  ( 10.78167032759031230, 9.450002315391870411, -0.9309299713326002479 ) ) ;
#909 = DIRECTION ( 'NONE',  ( -1.000000000000000000, 0.000000000000000000, 0.000000000000000000 ) ) ;
#910 = ORIENTED_EDGE ( 'NONE', *, *, #483, .T. ) ;
#911 = ORIENTED_EDGE ( 'NONE', *, *, #738, .T. ) ;
#912 = PLANE ( 'NONE',  #1500 ) ;
#913 = AXIS2_PLACEMENT_3D ( 'NONE', #22, #744, #137 ) ;
#914 = VECTOR ( 'NONE', #689, 1000.000000000000000 ) ;
#915 = CARTESIAN_POINT ( 'NONE',  ( 15.50323200852253969, 7.000002315391870233, -3.380930007840445395 ) ) ;
#916 = LINE ( 'NONE', #924, #1316 ) ;
#917 = AXIS2_PLACEMENT_3D ( 'NONE', #485, #1229, #1324 ) ;
#918 = EDGE_LOOP ( 'NONE', ( #408, #650, #1323, #869 ) ) ;
#919 = CALENDAR_DATE ( 2024, 29, 4 ) ;
#920 = VERTEX_POINT ( 'NONE', #36 ) ;
#921 = EDGE_CURVE ( 'NONE', #1567, #12, #1097, .T. ) ;
#922 = CARTESIAN_POINT ( 'NONE',  ( 13.63167036409815758, 7.000002315391870233, 1.119070054744432774 ) ) ;
#923 = LINE ( 'NONE', #1491, #1447 ) ;
#924 = CARTESIAN_POINT ( 'NONE',  ( 12.51408196731230227, 9.450002315391870411, 0.2940700469213206047 ) ) ;
#925 = ORIENTED_EDGE ( 'NONE', *, *, #170, .F. ) ;
#926 = APPROVAL ( #288, 'UNSPECIFIED' ) ;
#927 = ORIENTED_EDGE ( 'NONE', *, *, #329, .F. ) ;
#928 = EDGE_CURVE ( 'NONE', #1187, #277, #1043, .T. ) ;
#929 = CARTESIAN_POINT ( 'NONE',  ( 10.78167032759031230, 3.850002315391870322, -0.9309299713326002479 ) ) ;
#930 = CARTESIAN_POINT ( 'NONE',  ( 10.08167032237490801, 5.250002325822681115, -1.980929997409633270 ) ) ;
#931 = ORIENTED_EDGE ( 'NONE', *, *, #1415, .T. ) ;
#932 = DIRECTION ( 'NONE',  ( 1.000000000000000000, 0.000000000000000000, 0.000000000000000000 ) ) ;
#933 = ORIENTED_EDGE ( 'NONE', *, *, #67, .F. ) ;
#934 = EDGE_CURVE ( 'NONE', #1110, #977, #923, .T. ) ;
#935 = DIRECTION ( 'NONE',  ( 0.000000000000000000, -0.7071067811865483499, 0.7071067811865467956 ) ) ;
#936 = VECTOR ( 'NONE', #400, 1000.000000000000000 ) ;
#937 = CARTESIAN_POINT ( 'NONE',  ( 13.63167036409815758, 8.050002304961058286, -1.980929997409633270 ) ) ;
#938 = ORIENTED_EDGE ( 'NONE', *, *, #696, .F. ) ;
#940 = EDGE_CURVE ( 'NONE', #1513, #175, #971, .T. ) ;
#939 = VECTOR ( 'NONE', #827, 1000.000000000000000 ) ;
#941 = LINE ( 'NONE', #1070, #709 ) ;
#942 = VECTOR ( 'NONE', #1557, 1000.000000000000000 ) ;
#943 = FACE_OUTER_BOUND ( 'NONE', #1034, .T. ) ;
#944 = ORIENTED_EDGE ( 'NONE', *, *, #578, .F. ) ;
#945 = AXIS2_PLACEMENT_3D ( 'NONE', #830, #1083, #870 ) ;
#946 = CARTESIAN_POINT ( 'NONE',  ( 13.63167036409815758, 5.455027578992097226, 0.6140448015750158417 ) ) ;
#947 = CARTESIAN_POINT ( 'NONE',  ( 13.93167036409816006, 5.368830780253667889, -2.680930007840446105 ) ) ;
#948 = DIRECTION ( 'NONE',  ( 1.000000000000000000, 0.000000000000000000, 0.000000000000000000 ) ) ;
#949 = ORIENTED_EDGE ( 'NONE', *, *, #220, .F. ) ;
#950 = DIRECTION ( 'NONE',  ( 0.000000000000000000, 1.000000000000000000, 0.000000000000000000 ) ) ;
#951 = ADVANCED_FACE ( 'NONE', ( #1260 ), #308, .F. ) ;
#952 = DIRECTION ( 'NONE',  ( -1.000000000000000000, 0.000000000000000000, 0.000000000000000000 ) ) ;
#953 = ORIENTED_EDGE ( 'NONE', *, *, #204, .F. ) ;
#954 = DIRECTION ( 'NONE',  ( 0.000000000000000000, 1.000000000000000000, 0.000000000000000000 ) ) ;
#955 = FACE_BOUND ( 'NONE', #273, .T. ) ;
#956 = LINE ( 'NONE', #342, #449 ) ;
#957 = EDGE_CURVE ( 'NONE', #1073, #1467, #784, .T. ) ;
#958 = ORIENTED_EDGE ( 'NONE', *, *, #409, .T. ) ;
#959 = CARTESIAN_POINT ( 'NONE',  ( 11.50654407254469014, 5.950002325822681293, 0.8190700547444330626 ) ) ;
#960 = FACE_OUTER_BOUND ( 'NONE', #1446, .T. ) ;
#961 = ORIENTED_EDGE ( 'NONE', *, *, #15, .F. ) ;
#962 = CARTESIAN_POINT ( 'NONE',  ( 12.49652003039348180, 10.15000231539186970, -2.680727295505981100 ) ) ;
#963 = DIRECTION ( 'NONE',  ( 0.000000000000000000, 0.000000000000000000, 1.000000000000000000 ) ) ;
#964 = CARTESIAN_POINT ( 'NONE',  ( 12.49652003039348180, 9.450002315391870411, -2.680727295505981100 ) ) ;
#965 = ORIENTED_EDGE ( 'NONE', *, *, #755, .F. ) ;
#966 = AXIS2_PLACEMENT_3D ( 'NONE', #488, #125, #13 ) ;
#967 = CARTESIAN_POINT ( 'NONE',  ( 12.51408196731230227, 9.450002315391870411, 0.8014816683893866145 ) ) ;
#968 = DIRECTION ( 'NONE',  ( 1.000000000000000000, 0.000000000000000000, 0.000000000000000000 ) ) ;
#969 = CIRCLE ( 'NONE', #522, 1.000000000000000000 ) ;
#970 = ORIENTED_EDGE ( 'NONE', *, *, #843, .F. ) ;
#971 = CIRCLE ( 'NONE', #1394, 0.6999999999999999556 ) ;
#972 = PRODUCT_DEFINITION_FORMATION_WITH_SPECIFIED_SOURCE ( 'ANY', '', #427, .NOT_KNOWN. ) ;
#973 = CARTESIAN_POINT ( 'NONE',  ( 10.78167032759031230, 9.450002315391870411, -0.9309299713326002479 ) ) ;
#974 = ORIENTED_EDGE ( 'NONE', *, *, #123, .F. ) ;
#975 = FACE_OUTER_BOUND ( 'NONE', #1158, .T. ) ;
#976 = CARTESIAN_POINT ( 'NONE',  ( 13.63167036409815758, 4.950002325822681293, -0.9309299713326002479 ) ) ;
#977 = VERTEX_POINT ( 'NONE', #1026 ) ;
#978 = EDGE_CURVE ( 'NONE', #44, #506, #546, .T. ) ;
#979 = CARTESIAN_POINT ( 'NONE',  ( 11.29452172434299762, 5.250002325822681115, 0.3072028261897160051 ) ) ;
#980 = ORIENTED_EDGE ( 'NONE', *, *, #822, .F. ) ;
#981 = CYLINDRICAL_SURFACE ( 'NONE', #837, 2.450000036507846257 ) ;
#982 = CARTESIAN_POINT ( 'NONE',  ( 13.23167036409815722, 5.950002325822681293, -2.680929997409633447 ) ) ;
#983 = ORIENTED_EDGE ( 'NONE', *, *, #1181, .F. ) ;
#984 = EDGE_CURVE ( 'NONE', #479, #437, #1568, .T. ) ;
#985 = DIRECTION ( 'NONE',  ( 0.000000000000000000, 1.000000000000000000, 0.000000000000000000 ) ) ;
#986 = CARTESIAN_POINT ( 'NONE',  ( 13.93167036409815829, 4.950002325822681293, -1.980929997409633270 ) ) ;
#987 = DIRECTION ( 'NONE',  ( 1.000000000000000000, 0.000000000000000000, 0.000000000000000000 ) ) ;
#988 = DIRECTION ( 'NONE',  ( -1.000000000000000000, 0.000000000000000000, 0.000000000000000000 ) ) ;
#989 = EDGE_CURVE ( 'NONE', #392, #1355, #168, .T. ) ;
#990 = ORIENTED_EDGE ( 'NONE', *, *, #1121, .F. ) ;
#991 = DIRECTION ( 'NONE',  ( 0.000000000000000000, -1.000000000000000000, 0.000000000000000000 ) ) ;
#992 = VECTOR ( 'NONE', #1216, 1000.000000000000000 ) ;
#993 = CONICAL_SURFACE ( 'NONE', #756, 1.050000015646217477, 0.7853981633974476129 ) ;
#994 = AXIS2_PLACEMENT_3D ( 'NONE', #207, #1301, #687 ) ;
#995 = PLANE ( 'NONE',  #1142 ) ;
#996 = DIRECTION ( 'NONE',  ( 0.000000000000000000, -1.000000000000000000, 0.000000000000000000 ) ) ;
#997 = DIRECTION ( 'NONE',  ( -0.3826834323650898928, 0.000000000000000000, -0.9238795325112867385 ) ) ;
#998 = CARTESIAN_POINT ( 'NONE',  ( 9.731670311944093044, 9.450002315391870411, -1.280929976548006222 ) ) ;
#999 = VERTEX_POINT ( 'NONE', #419 ) ;
#1000 = CARTESIAN_POINT ( 'NONE',  ( 10.78167032759031230, 3.850002315391870322, -0.9309299713326002479 ) ) ;
#1001 = ORIENTED_EDGE ( 'NONE', *, *, #1385, .T. ) ;
#1002 = DIRECTION ( 'NONE',  ( -2.774754023183460056E-16, 0.000000000000000000, -1.000000000000000000 ) ) ;
#1003 = EDGE_CURVE ( 'NONE', #999, #1251, #1508, .T. ) ;
#1004 = CARTESIAN_POINT ( 'NONE',  ( 11.13167034323653048, 10.15000231539186970, -0.9309299713326002479 ) ) ;
#1005 = ORIENTED_EDGE ( 'NONE', *, *, #766, .T. ) ;
#1006 = ORIENTED_EDGE ( 'NONE', *, *, #1485, .F. ) ;
#1007 = EDGE_CURVE ( 'NONE', #277, #392, #862, .T. ) ;
#1008 = CARTESIAN_POINT ( 'NONE',  ( 13.63167036409815758, 8.750002304961064681, 0.1190700547444332319 ) ) ;
#1009 = CARTESIAN_POINT ( 'NONE',  ( 10.17573670809754738, 5.250002325822681115, -2.169062768854916445 ) ) ;
#1010 = CYLINDRICAL_SURFACE ( 'NONE', #70, 0.7000000000000003997 ) ;
#1011 = LINE ( 'NONE', #19, #1143 ) ;
#1012 = VERTEX_POINT ( 'NONE', #1515 ) ;
#1013 =( NAMED_UNIT ( * ) PLANE_ANGLE_UNIT ( ) SI_UNIT ( $, .RADIAN. ) );
#1014 = VERTEX_POINT ( 'NONE', #51 ) ;
#1015 = AXIS2_PLACEMENT_3D ( 'NONE', #521, #1380, #1136 ) ;
#1016 = CIRCLE ( 'NONE', #861, 0.2999999999999999334 ) ;
#1018 = ADVANCED_FACE ( 'NONE', ( #531 ), #663, .T. ) ;
#1017 = VECTOR ( 'NONE', #430, 1000.000000000000000 ) ;
#1019 = CARTESIAN_POINT ( 'NONE',  ( 10.78167032759031230, 9.450002315391870411, -0.9309299713326002479 ) ) ;
#1020 = CARTESIAN_POINT ( 'NONE',  ( 11.21659457888352307, 8.750002304961064681, 0.1190700547444332319 ) ) ;
#1021 = CIRCLE ( 'NONE', #893, 0.3500000156462182987 ) ;
#1022 = FACE_OUTER_BOUND ( 'NONE', #310, .T. ) ;
#1023 = EDGE_LOOP ( 'NONE', ( #84, #1364, #1424, #541 ) ) ;
#1024 = EDGE_CURVE ( 'NONE', #1437, #1048, #525, .T. ) ;
#1025 = CARTESIAN_POINT ( 'NONE',  ( 12.51408196731230227, 4.550002315391870056, 0.8014816683893866145 ) ) ;
#1026 = CARTESIAN_POINT ( 'NONE',  ( 12.51408196731230227, 3.850002315391870322, 1.519070065175245343 ) ) ;
#1027 = LINE ( 'NONE', #1375, #1443 ) ;
#1028 = ORIENTED_EDGE ( 'NONE', *, *, #730, .F. ) ;
#1029 = CALENDAR_DATE ( 2024, 29, 4 ) ;
#1030 = ORIENTED_EDGE ( 'NONE', *, *, #1042, .F. ) ;
#1031 = CARTESIAN_POINT ( 'NONE',  ( 10.43167032237490766, 9.100002310176449782, -2.680929997409633447 ) ) ;
#1032 = DIRECTION ( 'NONE',  ( 1.000000000000000000, 0.000000000000000000, 0.000000000000000000 ) ) ;
#1033 = DIRECTION ( 'NONE',  ( 0.000000000000000000, -0.7071067811865483499, 0.7071067811865467956 ) ) ;
#1034 = EDGE_LOOP ( 'NONE', ( #439, #1156, #266, #482 ) ) ;
#1035 = PERSON_AND_ORGANIZATION ( #814, #684 ) ;
#1036 = ADVANCED_FACE ( 'NONE', ( #64 ), #401, .T. ) ;
#1037 = ORIENTED_EDGE ( 'NONE', *, *, #682, .F. ) ;
#1038 =( BOUNDED_CURVE ( )  B_SPLINE_CURVE ( 3, ( #1259, #405, #1372, #1489 ),
 .UNSPECIFIED., .F., .T. ) 
 B_SPLINE_CURVE_WITH_KNOTS ( ( 4, 4 ),
 ( 0.000000000000000000, 0.7853981633974495002 ),
 .UNSPECIFIED. ) 
 CURVE ( )  GEOMETRIC_REPRESENTATION_ITEM ( )  RATIONAL_B_SPLINE_CURVE ( ( 1.000000000000000000, 0.9492530216741910110, 0.9492530216741910110, 1.000000000000000000 ) ) 
 REPRESENTATION_ITEM ( '' )  );
#1039 = VECTOR ( 'NONE', #9, 1000.000000000000000 ) ;
#1040 = CARTESIAN_POINT ( 'NONE',  ( 13.23167036409815722, 8.050002304961058286, -1.980929997409633270 ) ) ;
#1041 = CIRCLE ( 'NONE', #548, 2.450000036507846257 ) ;
#1042 = EDGE_CURVE ( 'NONE', #612, #801, #1057, .T. ) ;
#1043 = CIRCLE ( 'NONE', #889, 1.050000015646217477 ) ;
#1044 = DIRECTION ( 'NONE',  ( 0.000000000000000000, 0.000000000000000000, -1.000000000000000000 ) ) ;
#1045 = DIRECTION ( 'NONE',  ( 0.000000000000000000, 1.000000000000000000, 0.000000000000000000 ) ) ;
#1046 = VECTOR ( 'NONE', #326, 1000.000000000000000 ) ;
#1047 = VERTEX_POINT ( 'NONE', #1067 ) ;
#1048 = VERTEX_POINT ( 'NONE', #832 ) ;
#1049 = CARTESIAN_POINT ( 'NONE',  ( 13.63167036409815758, 8.750002304961064681, 0.8190700547444330626 ) ) ;
#1050 = CARTESIAN_POINT ( 'NONE',  ( 13.93167036409815829, 7.000002315391870233, -3.380930007840445395 ) ) ;
#1051 = CARTESIAN_POINT ( 'NONE',  ( 13.63167036409815758, 5.950002325822681293, -1.980929997409633270 ) ) ;
#1052 = ORIENTED_EDGE ( 'NONE', *, *, #957, .F. ) ;
#1053 = EDGE_CURVE ( 'NONE', #1012, #479, #1524, .T. ) ;
#1054 = VERTEX_POINT ( 'NONE', #201 ) ;
#1055 = FACE_OUTER_BOUND ( 'NONE', #299, .T. ) ;
#1056 = ADVANCED_FACE ( 'NONE', ( #215 ), #1428, .F. ) ;
#1057 = LINE ( 'NONE', #1176, #1291 ) ;
#1058 = ORIENTED_EDGE ( 'NONE', *, *, #816, .T. ) ;
#1059 = LINE ( 'NONE', #562, #1267 ) ;
#1060 = LINE ( 'NONE', #1196, #1468 ) ;
#1061 = VERTEX_POINT ( 'NONE', #844 ) ;
#1062 = CARTESIAN_POINT ( 'NONE',  ( 12.51408196731230227, 10.15000231539186970, 0.8014816683893866145 ) ) ;
#1063 = CARTESIAN_POINT ( 'NONE',  ( 13.88857003851717309, 5.496437356317787959, -2.680929997409633891 ) ) ;
#1064 = EDGE_CURVE ( 'NONE', #1048, #76, #582, .T. ) ;
#1065 = VECTOR ( 'NONE', #1276, 1000.000000000000000 ) ;
#1066 = VECTOR ( 'NONE', #481, 1000.000000000000000 ) ;
#1067 = CARTESIAN_POINT ( 'NONE',  ( 12.49652003039348180, 3.850002315391870322, -2.680727295505981100 ) ) ;
#1068 = EDGE_LOOP ( 'NONE', ( #180, #126, #980, #953 ) ) ;
#1069 = AXIS2_PLACEMENT_3D ( 'NONE', #325, #1401, #199 ) ;
#1070 = CARTESIAN_POINT ( 'NONE',  ( 12.49652003039348180, 9.450002315391870411, -1.805828633419290563 ) ) ;
#1071 = CIRCLE ( 'NONE', #151, 3.149999999999999911 ) ;
#1072 = DIRECTION ( 'NONE',  ( 0.000000000000000000, 0.7071067811865483499, 0.7071067811865467956 ) ) ;
#1073 = VERTEX_POINT ( 'NONE', #452 ) ;
#1074 = EDGE_CURVE ( 'NONE', #211, #1251, #1071, .T. ) ;
#1075 = EDGE_CURVE ( 'NONE', #262, #1251, #713, .T. ) ;
#1076 = DIRECTION ( 'NONE',  ( 0.000000000000000000, 0.000000000000000000, 1.000000000000000000 ) ) ;
#1077 = CARTESIAN_POINT ( 'NONE',  ( 10.43167032237490766, 8.050002304961058286, -2.680929997409633447 ) ) ;
#1078 = ORIENTED_EDGE ( 'NONE', *, *, #166, .T. ) ;
#1079 = DESIGN_CONTEXT ( 'detailed design', #569, 'design' ) ;
#1080 = DIRECTION ( 'NONE',  ( 0.000000000000000000, -1.000000000000000000, 0.000000000000000000 ) ) ;
#1081 = CARTESIAN_POINT ( 'NONE',  ( 10.78167032759031230, 10.15000231539186970, -3.380930007840445395 ) ) ;
#1082 = ORIENTED_EDGE ( 'NONE', *, *, #634, .T. ) ;
#1083 = DIRECTION ( 'NONE',  ( 0.000000000000000000, 0.000000000000000000, -1.000000000000000000 ) ) ;
#1084 = DIRECTION ( 'NONE',  ( 0.000000000000000000, 0.000000000000000000, -1.000000000000000000 ) ) ;
#1085 = LINE ( 'NONE', #807, #1195 ) ;
#1086 = ORIENTED_EDGE ( 'NONE', *, *, #850, .T. ) ;
#1087 = CARTESIAN_POINT ( 'NONE',  ( 11.18348793756120507, 9.450002315391870411, 0.03914355225947121347 ) ) ;
#1088 = CYLINDRICAL_SURFACE ( 'NONE', #1495, 0.2999999999999999334 ) ;
#1089 = ORIENTED_EDGE ( 'NONE', *, *, #766, .F. ) ;
#1090 = FACE_OUTER_BOUND ( 'NONE', #1140, .T. ) ;
#1091 = EDGE_LOOP ( 'NONE', ( #448, #1173, #1330, #1391, #377 ) ) ;
#1092 = CC_DESIGN_PERSON_AND_ORGANIZATION_ASSIGNMENT ( #1496, #1250, ( #427 ) ) ;
#1093 = DIRECTION ( 'NONE',  ( 0.7071067811865474617, 0.000000000000000000, 0.7071067811865476838 ) ) ;
#1094 = LINE ( 'NONE', #360, #1066 ) ;
#1095 = AXIS2_PLACEMENT_3D ( 'NONE', #929, #440, #312 ) ;
#1096 = ORIENTED_EDGE ( 'NONE', *, *, #602, .F. ) ;
#1097 = CIRCLE ( 'NONE', #374, 1.000000000000000000 ) ;
#1098 = CIRCLE ( 'NONE', #240, 1.050000015646217477 ) ;
#1099 = CYLINDRICAL_SURFACE ( 'NONE', #198, 0.7000000000000001776 ) ;
#1100 = VERTEX_POINT ( 'NONE', #930 ) ;
#1101 = CARTESIAN_POINT ( 'NONE',  ( 11.50654407254469014, 8.238135076406344126, 0.8190700547444340618 ) ) ;
#1102 = LINE ( 'NONE', #1357, #545 ) ;
#1103 = ORIENTED_EDGE ( 'NONE', *, *, #578, .T. ) ;
#1104 = EDGE_CURVE ( 'NONE', #1327, #1554, #1419, .T. ) ;
#1105 = EDGE_CURVE ( 'NONE', #1230, #829, #956, .T. ) ;
#1106 = DIRECTION ( 'NONE',  ( 1.000000000000000000, 0.000000000000000000, 0.000000000000000000 ) ) ;
#1107 = ORIENTED_EDGE ( 'NONE', *, *, #75, .T. ) ;
#1108 = CARTESIAN_POINT ( 'NONE',  ( 11.83167034323652977, 9.450002315391870411, -0.9309299713326002479 ) ) ;
#1109 = FACE_OUTER_BOUND ( 'NONE', #10, .T. ) ;
#1110 = VERTEX_POINT ( 'NONE', #817 ) ;
#1111 = PLANE ( 'NONE',  #945 ) ;
#1112 = DIRECTION ( 'NONE',  ( 0.000000000000000000, 0.000000000000000000, 1.000000000000000000 ) ) ;
#1113 = FACE_OUTER_BOUND ( 'NONE', #1246, .T. ) ;
#1114 = DIRECTION ( 'NONE',  ( 0.000000000000000000, 0.000000000000000000, -1.000000000000000000 ) ) ;
#1115 = ORIENTED_EDGE ( 'NONE', *, *, #871, .F. ) ;
#1116 = DIRECTION ( 'NONE',  ( 0.000000000000000000, 1.000000000000000000, 0.000000000000000000 ) ) ;
#1117 = AXIS2_PLACEMENT_3D ( 'NONE', #593, #1450, #846 ) ;
#1118 = AXIS2_PLACEMENT_3D ( 'NONE', #247, #1477, #1093 ) ;
#1119 = EDGE_CURVE ( 'NONE', #1397, #1263, #1418, .T. ) ;
#1120 = VECTOR ( 'NONE', #313, 1000.000000000000000 ) ;
#1121 = EDGE_CURVE ( 'NONE', #1100, #1061, #1436, .T. ) ;
#1122 = CARTESIAN_POINT ( 'NONE',  ( 12.49652003039348180, 10.15000231539186970, -3.380930007840445395 ) ) ;
#1123 = ORIENTED_EDGE ( 'NONE', *, *, #619, .F. ) ;
#1124 = CARTESIAN_POINT ( 'NONE',  ( 12.49652003039348180, 3.850002315391870322, -3.380930007840445395 ) ) ;
#1125 = LINE ( 'NONE', #1232, #1241 ) ;
#1126 = ORIENTED_EDGE ( 'NONE', *, *, #269, .T. ) ;
#1127 = DIRECTION ( 'NONE',  ( 1.000000000000000000, 0.000000000000000000, 0.000000000000000000 ) ) ;
#1128 = EDGE_LOOP ( 'NONE', ( #665, #695, #965, #533, #433 ) ) ;
#1129 = DIRECTION ( 'NONE',  ( 1.000000000000000000, 0.000000000000000000, 0.000000000000000000 ) ) ;
#1130 =( BOUNDED_CURVE ( )  B_SPLINE_CURVE ( 3, ( #1194, #231, #227, #1448 ),
 .UNSPECIFIED., .F., .T. ) 
 B_SPLINE_CURVE_WITH_KNOTS ( ( 4, 4 ),
 ( 4.712388980384688786, 5.497787143782135288 ),
 .UNSPECIFIED. ) 
 CURVE ( )  GEOMETRIC_REPRESENTATION_ITEM ( )  RATIONAL_B_SPLINE_CURVE ( ( 1.000000000000000000, 0.9492530216741912330, 0.9492530216741912330, 1.000000000000000000 ) ) 
 REPRESENTATION_ITEM ( '' )  );
#1131 = DIRECTION ( 'NONE',  ( -1.000000000000000000, 0.000000000000000000, 0.000000000000000000 ) ) ;
#1132 = ORIENTED_EDGE ( 'NONE', *, *, #1551, .T. ) ;
#1133 = CARTESIAN_POINT ( 'NONE',  ( 0.000000000000000000, 0.000000000000000000, 0.000000000000000000 ) ) ;
#1134 = EDGE_CURVE ( 'NONE', #1014, #1240, #246, .T. ) ;
#1135 = CARTESIAN_POINT ( 'NONE',  ( 12.49652003039348180, 4.550002315391870056, -2.680727295505981100 ) ) ;
#1136 = DIRECTION ( 'NONE',  ( 1.000000000000000000, 0.000000000000000000, 0.000000000000000000 ) ) ;
#1137 = LINE ( 'NONE', #177, #1168 ) ;
#1138 = DIRECTION ( 'NONE',  ( 0.000000000000000000, -1.000000000000000000, 0.000000000000000000 ) ) ;
#1139 = EDGE_CURVE ( 'NONE', #977, #724, #225, .T. ) ;
#1140 = EDGE_LOOP ( 'NONE', ( #565, #226, #1479, #1218 ) ) ;
#1141 = EDGE_CURVE ( 'NONE', #456, #185, #560, .T. ) ;
#1142 = AXIS2_PLACEMENT_3D ( 'NONE', #1475, #259, #749 ) ;
#1143 = VECTOR ( 'NONE', #633, 1000.000000000000000 ) ;
#1144 = AXIS2_PLACEMENT_3D ( 'NONE', #136, #1112, #985 ) ;
#1145 = DIRECTION ( 'NONE',  ( 1.000000000000000000, 0.000000000000000000, 0.000000000000000000 ) ) ;
#1146 = DIRECTION ( 'NONE',  ( 0.000000000000000000, 1.000000000000000000, 0.000000000000000000 ) ) ;
#1147 = CARTESIAN_POINT ( 'NONE',  ( 11.42161983205294007, 5.455027578992097226, 0.6140448015750160637 ) ) ;
#1148 = ORIENTED_EDGE ( 'NONE', *, *, #362, .F. ) ;
#1149 = APPROVAL_STATUS ( 'not_yet_approved' ) ;
#1150 = ORIENTED_EDGE ( 'NONE', *, *, #362, .T. ) ;
#1151 = EDGE_CURVE ( 'NONE', #92, #512, #1445, .T. ) ;
#1152 = FACE_OUTER_BOUND ( 'NONE', #918, .T. ) ;
#1153 = EDGE_CURVE ( 'NONE', #1437, #509, #1085, .T. ) ;
#1154 = DIRECTION ( 'NONE',  ( 0.000000000000000000, -1.000000000000000000, 0.000000000000000000 ) ) ;
#1155 = CYLINDRICAL_SURFACE ( 'NONE', #174, 0.7000000000000001776 ) ;
#1156 = ORIENTED_EDGE ( 'NONE', *, *, #382, .F. ) ;
#1157 = PERSON_AND_ORGANIZATION_ROLE ( 'creator' ) ;
#1158 = EDGE_LOOP ( 'NONE', ( #491, #195, #463, #216, #202, #156, #1411, #961, #679, #1294, #1405, #763 ) ) ;
#1159 = CARTESIAN_POINT ( 'NONE',  ( 11.13167034323653048, 3.850002315391870322, -0.9309299713326002479 ) ) ;
#1160 = DIRECTION ( 'NONE',  ( 1.000000000000000000, 0.000000000000000000, 0.000000000000000000 ) ) ;
#1161 = DIRECTION ( 'NONE',  ( 1.000000000000000000, 0.000000000000000000, 0.000000000000000000 ) ) ;
#1162 = ORIENTED_EDGE ( 'NONE', *, *, #67, .T. ) ;
#1163 = VERTEX_POINT ( 'NONE', #467 ) ;
#1164 = VECTOR ( 'NONE', #1351, 1000.000000000000000 ) ;
#1165 = CARTESIAN_POINT ( 'NONE',  ( 13.93167036409815829, 8.050002304961058286, -1.980929997409633270 ) ) ;
#1166 = CIRCLE ( 'NONE', #242, 2.450000036507846257 ) ;
#1167 = EDGE_CURVE ( 'NONE', #456, #1383, #352, .T. ) ;
#1168 = VECTOR ( 'NONE', #523, 1000.000000000000000 ) ;
#1169 = CARTESIAN_POINT ( 'NONE',  ( 10.78167032759031230, 9.450002315391870411, -3.380930007840445395 ) ) ;
#1170 = CARTESIAN_POINT ( 'NONE',  ( 13.23167036409815722, 5.950002325822681293, 0.1190700547444332319 ) ) ;
#1171 = SECURITY_CLASSIFICATION ( '', '', #1398 ) ;
#1172 = ORIENTED_EDGE ( 'NONE', *, *, #404, .F. ) ;
#1173 = ORIENTED_EDGE ( 'NONE', *, *, #483, .F. ) ;
#1174 = EDGE_CURVE ( 'NONE', #1318, #704, #734, .T. ) ;
#1175 = PLANE ( 'NONE',  #475 ) ;
#1176 = CARTESIAN_POINT ( 'NONE',  ( 10.78167032759031230, 4.550002315391870056, -3.380930007840445395 ) ) ;
#1177 = ORIENTED_EDGE ( 'NONE', *, *, #789, .T. ) ;
#1178 = FACE_OUTER_BOUND ( 'NONE', #673, .T. ) ;
#1179 = FACE_OUTER_BOUND ( 'NONE', #1482, .T. ) ;
#1180 = ORIENTED_EDGE ( 'NONE', *, *, #367, .T. ) ;
#1181 = EDGE_CURVE ( 'NONE', #102, #416, #1407, .T. ) ;
#1182 = CARTESIAN_POINT ( 'NONE',  ( 12.49652003039348180, 9.450002315391870411, -2.680727295505981100 ) ) ;
#1183 = CARTESIAN_POINT ( 'NONE',  ( 13.77508436424348304, 5.731244747192849154, -2.680929997409633891 ) ) ;
#1184 = DIRECTION ( 'NONE',  ( 1.000000000000000000, 0.000000000000000000, 0.000000000000000000 ) ) ;
#1185 = ORIENTED_EDGE ( 'NONE', *, *, #602, .T. ) ;
#1186 = CARTESIAN_POINT ( 'NONE',  ( 13.93167036409815829, 10.15000231539186970, 1.519070065175245343 ) ) ;
#1187 = VERTEX_POINT ( 'NONE', #16 ) ;
#1188 = ADVANCED_FACE ( 'NONE', ( #243 ), #1210, .T. ) ;
#1189 = FACE_OUTER_BOUND ( 'NONE', #343, .T. ) ;
#1190 = DIRECTION ( 'NONE',  ( -1.000000000000000000, -0.000000000000000000, -0.000000000000000000 ) ) ;
#1191 = AXIS2_PLACEMENT_3D ( 'NONE', #52, #1284, #1045 ) ;
#1192 = DIRECTION ( 'NONE',  ( 0.000000000000000000, 0.000000000000000000, -1.000000000000000000 ) ) ;
#1193 = VERTEX_POINT ( 'NONE', #363 ) ;
#1194 = CARTESIAN_POINT ( 'NONE',  ( 11.21659457888352307, 8.750002304961064681, 0.1190700547444332319 ) ) ;
#1195 = VECTOR ( 'NONE', #1565, 1000.000000000000000 ) ;
#1196 = CARTESIAN_POINT ( 'NONE',  ( 9.731670311944094820, 4.550002315391870056, -0.9309299713326003589 ) ) ;
#1197 = VERTEX_POINT ( 'NONE', #848 ) ;
#1198 = DIRECTION ( 'NONE',  ( 0.000000000000000000, 1.000000000000000000, 0.000000000000000000 ) ) ;
#1199 = CARTESIAN_POINT ( 'NONE',  ( 13.93167036409815829, 3.850002315391870322, 1.519070065175245343 ) ) ;
#1200 = DIRECTION ( 'NONE',  ( 0.000000000000000000, 0.000000000000000000, -1.000000000000000000 ) ) ;
#1201 = ORIENTED_EDGE ( 'NONE', *, *, #928, .F. ) ;
#1202 = CARTESIAN_POINT ( 'NONE',  ( 13.23167036409815722, 8.050002304961058286, 0.1190700547444332319 ) ) ;
#1203 = EDGE_LOOP ( 'NONE', ( #28, #1561, #938, #933, #1404, #1312, #111, #691 ) ) ;
#1204 = EDGE_CURVE ( 'NONE', #920, #479, #605, .T. ) ;
#1205 = CARTESIAN_POINT ( 'NONE',  ( 13.93167036409815829, 5.950002325822681293, 1.119070054744432774 ) ) ;
#1206 = ORIENTED_EDGE ( 'NONE', *, *, #957, .T. ) ;
#1207 = CARTESIAN_POINT ( 'NONE',  ( 13.63167036409815758, 9.050002304961058286, -1.980929997409633270 ) ) ;
#1208 = DIRECTION ( 'NONE',  ( 0.000000000000000000, 1.000000000000000000, 0.000000000000000000 ) ) ;
#1209 = ORIENTED_EDGE ( 'NONE', *, *, #280, .F. ) ;
#1210 = PLANE ( 'NONE',  #917 ) ;
#1211 = ADVANCED_FACE ( 'NONE', ( #1090 ), #855, .T. ) ;
#1212 = ORIENTED_EDGE ( 'NONE', *, *, #1228, .T. ) ;
#1213 = VECTOR ( 'NONE', #1198, 1000.000000000000000 ) ;
#1214 = CONICAL_SURFACE ( 'NONE', #1288, 1.050000015646217477, 0.7853981633974476129 ) ;
#1215 = DIRECTION ( 'NONE',  ( 0.7071067811865474617, 0.000000000000000000, 0.7071067811865476838 ) ) ;
#1216 = DIRECTION ( 'NONE',  ( 0.000000000000000000, 1.000000000000000000, 0.000000000000000000 ) ) ;
#1217 = VECTOR ( 'NONE', #189, 1000.000000000000000 ) ;
#1218 = ORIENTED_EDGE ( 'NONE', *, *, #1003, .T. ) ;
#1219 = VECTOR ( 'NONE', #825, 1000.000000000000000 ) ;
#1220 = VECTOR ( 'NONE', #700, 1000.000000000000000 ) ;
#1221 = ADVANCED_FACE ( 'NONE', ( #229 ), #719, .F. ) ;
#1222 = DIRECTION ( 'NONE',  ( 1.000000000000000000, 0.000000000000000000, 0.000000000000000000 ) ) ;
#1223 = ORIENTED_EDGE ( 'NONE', *, *, #928, .T. ) ;
#1224 = DIRECTION ( 'NONE',  ( 0.000000000000000000, -1.000000000000000000, 0.000000000000000000 ) ) ;
#1225 = LINE ( 'NONE', #1463, #319 ) ;
#1226 = EDGE_LOOP ( 'NONE', ( #539, #826, #355, #1123 ) ) ;
#1227 = DIRECTION ( 'NONE',  ( -1.000000000000000000, 0.000000000000000000, 0.000000000000000000 ) ) ;
#1228 = EDGE_CURVE ( 'NONE', #1240, #387, #872, .T. ) ;
#1229 = DIRECTION ( 'NONE',  ( -0.000000000000000000, 1.000000000000000000, 0.000000000000000000 ) ) ;
#1230 = VERTEX_POINT ( 'NONE', #1329 ) ;
#1231 = CARTESIAN_POINT ( 'NONE',  ( 9.731670311944093044, 9.450002315391870411, -0.9309299713326002479 ) ) ;
#1232 = CARTESIAN_POINT ( 'NONE',  ( 11.79649357052644199, 10.15000231539186970, 1.519070065175245343 ) ) ;
#1233 = ORIENTED_EDGE ( 'NONE', *, *, #204, .T. ) ;
#1234 = DIRECTION ( 'NONE',  ( 0.000000000000000000, -1.000000000000000000, 0.000000000000000000 ) ) ;
#1235 = EDGE_CURVE ( 'NONE', #311, #833, #1474, .T. ) ;
#1236 = DIRECTION ( 'NONE',  ( 1.000000000000000000, 0.000000000000000000, 0.000000000000000000 ) ) ;
#1237 = EDGE_LOOP ( 'NONE', ( #1005, #779, #1517, #35, #576, #571, #294 ) ) ;
#1238 = DIRECTION ( 'NONE',  ( -0.3826834323650898928, 0.000000000000000000, -0.9238795325112867385 ) ) ;
#1239 = CARTESIAN_POINT ( 'NONE',  ( 13.93167036409815829, 8.631179397444327606, -2.680930007840446549 ) ) ;
#1240 = VERTEX_POINT ( 'NONE', #1205 ) ;
#1241 = VECTOR ( 'NONE', #1131, 1000.000000000000000 ) ;
#1242 = VECTOR ( 'NONE', #810, 1000.000000000000000 ) ;
#1243 = VECTOR ( 'NONE', #798, 1000.000000000000000 ) ;
#1244 = AXIS2_PLACEMENT_3D ( 'NONE', #1555, #1544, #332 ) ;
#1245 = FACE_OUTER_BOUND ( 'NONE', #1091, .T. ) ;
#1246 = EDGE_LOOP ( 'NONE', ( #1506, #443, #53, #39 ) ) ;
#1247 = LINE ( 'NONE', #270, #499 ) ;
#1248 = LINE ( 'NONE', #249, #241 ) ;
#1249 = EDGE_LOOP ( 'NONE', ( #1177, #128, #974, #397, #289 ) ) ;
#1250 = PERSON_AND_ORGANIZATION_ROLE ( 'design_owner' ) ;
#1251 = VERTEX_POINT ( 'NONE', #1335 ) ;
#1252 = APPROVAL ( #388, 'UNSPECIFIED' ) ;
#1253 = LINE ( 'NONE', #906, #193 ) ;
#1254 = DIRECTION ( 'NONE',  ( 1.000000000000000000, 0.000000000000000000, 0.000000000000000000 ) ) ;
#1255 = ADVANCED_FACE ( 'NONE', ( #21 ), #97, .F. ) ;
#1256 = CARTESIAN_POINT ( 'NONE',  ( 13.93167036409815829, 7.000002315391870233, -2.680930007840445661 ) ) ;
#1257 = CARTESIAN_POINT ( 'NONE',  ( 13.63167036409815758, 9.050002304961065391, -0.9309299713326002479 ) ) ;
#1258 = EDGE_LOOP ( 'NONE', ( #777, #1303, #758, #931 ) ) ;
#1259 = CARTESIAN_POINT ( 'NONE',  ( 10.43167032237490766, 5.950002325822681293, -2.680929997409633447 ) ) ;
#1260 = FACE_OUTER_BOUND ( 'NONE', #336, .T. ) ;
#1261 = ADVANCED_FACE ( 'NONE', ( #235 ), #1099, .F. ) ;
#1262 = CARTESIAN_POINT ( 'NONE',  ( 13.23167036409815722, 5.250002325822681115, 0.1190700547444332319 ) ) ;
#1263 = VERTEX_POINT ( 'NONE', #1354 ) ;
#1264 = EDGE_LOOP ( 'NONE', ( #228, #1536, #1150, #171 ) ) ;
#1265 = AXIS2_PLACEMENT_3D ( 'NONE', #251, #1116, #142 ) ;
#1266 = CIRCLE ( 'NONE', #1191, 3.149999999999999911 ) ;
#1268 = EDGE_CURVE ( 'NONE', #801, #277, #372, .T. ) ;
#1267 = VECTOR ( 'NONE', #572, 1000.000000000000000 ) ;
#1269 = VECTOR ( 'NONE', #1531, 1000.000000000000000 ) ;
#1270 = DIRECTION ( 'NONE',  ( 1.000000000000000000, 0.000000000000000000, 0.000000000000000000 ) ) ;
#1271 = DIRECTION ( 'NONE',  ( 1.000000000000000000, 0.000000000000000000, 0.000000000000000000 ) ) ;
#1272 = DIRECTION ( 'NONE',  ( 0.000000000000000000, -1.000000000000000000, 0.000000000000000000 ) ) ;
#1273 = EDGE_LOOP ( 'NONE', ( #1107, #1223, #55, #1030, #866, #625, #1086, #287, #186, #150 ) ) ;
#1274 = PERSON_AND_ORGANIZATION ( #814, #684 ) ;
#1275 = VERTEX_POINT ( 'NONE', #253 ) ;
#1276 = DIRECTION ( 'NONE',  ( 0.000000000000000000, -1.000000000000000000, 0.000000000000000000 ) ) ;
#1277 = CARTESIAN_POINT ( 'NONE',  ( 10.78167032759031230, 4.550002315391870056, -0.9309299713326002479 ) ) ;
#1278 = CARTESIAN_POINT ( 'NONE',  ( 13.93167036409815829, 4.950002325822681293, 0.1190700547444332597 ) ) ;
#1279 = VERTEX_POINT ( 'NONE', #743 ) ;
#1280 = ORIENTED_EDGE ( 'NONE', *, *, #1074, .T. ) ;
#1281 = ADVANCED_FACE ( 'NONE', ( #500 ), #995, .T. ) ;
#1282 = FACE_OUTER_BOUND ( 'NONE', #1273, .T. ) ;
#1283 = DIRECTION ( 'NONE',  ( 0.7071067811865474617, 0.000000000000000000, 0.7071067811865476838 ) ) ;
#1284 = DIRECTION ( 'NONE',  ( 0.000000000000000000, 0.000000000000000000, 1.000000000000000000 ) ) ;
#1285 = EDGE_LOOP ( 'NONE', ( #421, #1103 ) ) ;
#1286 = EDGE_CURVE ( 'NONE', #1554, #1193, #629, .T. ) ;
#1287 = ORIENTED_EDGE ( 'NONE', *, *, #123, .T. ) ;
#1288 = AXIS2_PLACEMENT_3D ( 'NONE', #501, #996, #380 ) ;
#1289 = CARTESIAN_POINT ( 'NONE',  ( 10.78167032759031230, 9.450002315391870411, -0.9309299713326002479 ) ) ;
#1290 = CIRCLE ( 'NONE', #733, 1.000000000000000000 ) ;
#1291 = VECTOR ( 'NONE', #1292, 1000.000000000000000 ) ;
#1292 = DIRECTION ( 'NONE',  ( -0.4472135954999579277, 0.000000000000000000, 0.8944271909999158554 ) ) ;
#1293 = VECTOR ( 'NONE', #160, 1000.000000000000000 ) ;
#1294 = ORIENTED_EDGE ( 'NONE', *, *, #1315, .F. ) ;
#1295 = DIRECTION ( 'NONE',  ( 1.000000000000000000, 0.000000000000000000, 0.000000000000000000 ) ) ;
#1296 = EDGE_CURVE ( 'NONE', #704, #1318, #1021, .T. ) ;
#1297 = VERTEX_POINT ( 'NONE', #1025 ) ;
#1298 = FACE_OUTER_BOUND ( 'NONE', #747, .T. ) ;
#1299 = CARTESIAN_POINT ( 'NONE',  ( 16.76323201895335302, 7.000002315391870233, -2.680929997409633447 ) ) ;
#1300 = ADVANCED_FACE ( 'NONE', ( #1152 ), #1336, .F. ) ;
#1301 = DIRECTION ( 'NONE',  ( 1.000000000000000000, 0.000000000000000000, 0.000000000000000000 ) ) ;
#1302 = EDGE_CURVE ( 'NONE', #658, #1527, #670, .T. ) ;
#1303 = ORIENTED_EDGE ( 'NONE', *, *, #200, .T. ) ;
#1304 = DIRECTION ( 'NONE',  ( -0.7071067811865470176, 0.7071067811865480168, -8.659560562354926695E-17 ) ) ;
#1305 = ORIENTED_EDGE ( 'NONE', *, *, #1296, .F. ) ;
#1306 = PLANE ( 'NONE',  #1244 ) ;
#1307 = DIRECTION ( 'NONE',  ( -0.000000000000000000, 1.000000000000000000, 0.000000000000000000 ) ) ;
#1308 =( BOUNDED_CURVE ( )  B_SPLINE_CURVE ( 3, ( #153, #639, #1009, #1373 ),
 .UNSPECIFIED., .F., .T. ) 
 B_SPLINE_CURVE_WITH_KNOTS ( ( 4, 4 ),
 ( 0.7853981633974495002, 1.570796326794896558 ),
 .UNSPECIFIED. ) 
 CURVE ( )  GEOMETRIC_REPRESENTATION_ITEM ( )  RATIONAL_B_SPLINE_CURVE ( ( 1.000000000000000000, 0.9492530216741912330, 0.9492530216741912330, 1.000000000000000000 ) ) 
 REPRESENTATION_ITEM ( '' )  );
#1309 = CARTESIAN_POINT ( 'NONE',  ( 10.32915769579019916, 8.544977051791642353, -2.475904744240216449 ) ) ;
#1310 = ORIENTED_EDGE ( 'NONE', *, *, #661, .T. ) ;
#1311 = FACE_OUTER_BOUND ( 'NONE', #876, .T. ) ;
#1312 = ORIENTED_EDGE ( 'NONE', *, *, #1359, .T. ) ;
#1313 = LINE ( 'NONE', #221, #395 ) ;
#1314 = DIRECTION ( 'NONE',  ( -0.000000000000000000, 1.000000000000000000, 0.000000000000000000 ) ) ;
#1315 = EDGE_CURVE ( 'NONE', #1012, #358, #899, .T. ) ;
#1316 = VECTOR ( 'NONE', #1403, 1000.000000000000000 ) ;
#1317 = CARTESIAN_POINT ( 'NONE',  ( 13.63167036409815758, 5.950002325822681293, 1.119070054744432996 ) ) ;
#1318 = VERTEX_POINT ( 'NONE', #1159 ) ;
#1319 = VECTOR ( 'NONE', #592, 1000.000000000000000 ) ;
#1320 = CARTESIAN_POINT ( 'NONE',  ( 12.51408196731230227, 3.850002315391870322, 0.8014816683893866145 ) ) ;
#1321 = AXIS2_PLACEMENT_3D ( 'NONE', #1469, #881, #987 ) ;
#1322 = DIRECTION ( 'NONE',  ( 0.000000000000000000, -1.000000000000000000, 0.000000000000000000 ) ) ;
#1323 = ORIENTED_EDGE ( 'NONE', *, *, #1153, .T. ) ;
#1324 = DIRECTION ( 'NONE',  ( 1.000000000000000000, 0.000000000000000000, 0.000000000000000000 ) ) ;
#1325 = ORIENTED_EDGE ( 'NONE', *, *, #1204, .T. ) ;
#1326 = DIRECTION ( 'NONE',  ( 0.000000000000000000, 0.000000000000000000, -1.000000000000000000 ) ) ;
#1327 = VERTEX_POINT ( 'NONE', #529 ) ;
#1328 = EDGE_CURVE ( 'NONE', #353, #260, #176, .T. ) ;
#1329 = CARTESIAN_POINT ( 'NONE',  ( 9.731670311944093044, 8.750002304961064681, -0.9309299713326002479 ) ) ;
#1330 = ORIENTED_EDGE ( 'NONE', *, *, #1566, .F. ) ;
#1331 = DIRECTION ( 'NONE',  ( 1.000000000000000000, 0.000000000000000000, 0.000000000000000000 ) ) ;
#1332 = LINE ( 'NONE', #690, #1414 ) ;
#1333 = EDGE_CURVE ( 'NONE', #833, #230, #1098, .T. ) ;
#1334 = ORIENTED_EDGE ( 'NONE', *, *, #1235, .F. ) ;
#1335 = CARTESIAN_POINT ( 'NONE',  ( 13.93167036409815829, 3.850002315391870322, -3.380930007840445395 ) ) ;
#1336 = CONICAL_SURFACE ( 'NONE', #735, 0.5600000000000014966, 0.7853981633974476129 ) ;
#1337 = AXIS2_PLACEMENT_3D ( 'NONE', #140, #1114, #642 ) ;
#1338 = CARTESIAN_POINT ( 'NONE',  ( 11.50654407254469014, 5.950002325822681293, 0.8190700547444330626 ) ) ;
#1339 = CARTESIAN_POINT ( 'NONE',  ( 13.93167036409815829, 10.15000231539186970, -3.380930007840445395 ) ) ;
#1340 = CIRCLE ( 'NONE', #1069, 0.2999999999999999334 ) ;
#1341 = ORIENTED_EDGE ( 'NONE', *, *, #544, .T. ) ;
#1342 = DIRECTION ( 'NONE',  ( 1.000000000000000000, 0.000000000000000000, 0.000000000000000000 ) ) ;
#1344 = ADVANCED_FACE ( 'NONE', ( #638 ), #543, .F. ) ;
#1343 = VECTOR ( 'NONE', #1200, 1000.000000000000000 ) ;
#1345 =( GEOMETRIC_REPRESENTATION_CONTEXT ( 3 ) GLOBAL_UNCERTAINTY_ASSIGNED_CONTEXT ( ( #1455 ) ) GLOBAL_UNIT_ASSIGNED_CONTEXT ( ( #1480, #1013, #636 ) ) REPRESENTATION_CONTEXT ( 'NONE', 'WORKASPACE' ) );
#1346 = DIRECTION ( 'NONE',  ( 0.000000000000000000, 0.000000000000000000, 1.000000000000000000 ) ) ;
#1347 = ORIENTED_EDGE ( 'NONE', *, *, #1139, .T. ) ;
#1348 = CC_DESIGN_DATE_AND_TIME_ASSIGNMENT ( #540, #138, ( #1171 ) ) ;
#1349 = LINE ( 'NONE', #504, #840 ) ;
#1350 = EDGE_CURVE ( 'NONE', #1054, #236, #805, .T. ) ;
#1351 = DIRECTION ( 'NONE',  ( 0.000000000000000000, -1.000000000000000000, 0.000000000000000000 ) ) ;
#1352 = ORIENTED_EDGE ( 'NONE', *, *, #415, .T. ) ;
#1353 = PLANE ( 'NONE',  #248 ) ;
#1354 = CARTESIAN_POINT ( 'NONE',  ( 13.63167036409815758, 8.544977051791642353, 0.6140448015750158417 ) ) ;
#1355 = VERTEX_POINT ( 'NONE', #394 ) ;
#1356 = CARTESIAN_POINT ( 'NONE',  ( 13.63167036409815758, 9.050002304961065391, 0.1190700547444332319 ) ) ;
#1357 = CARTESIAN_POINT ( 'NONE',  ( 12.49652003039348180, 9.450002315391870411, -3.380930007840445395 ) ) ;
#1358 = ORIENTED_EDGE ( 'NONE', *, *, #774, .T. ) ;
#1359 = EDGE_CURVE ( 'NONE', #1355, #1110, #417, .T. ) ;
#1360 = FACE_OUTER_BOUND ( 'NONE', #89, .T. ) ;
#1361 = ORIENTED_EDGE ( 'NONE', *, *, #934, .F. ) ;
#1362 = DIRECTION ( 'NONE',  ( 0.7071067811865470176, -0.7071067811865480168, 0.000000000000000000 ) ) ;
#1363 = DIRECTION ( 'NONE',  ( -1.000000000000000000, 0.000000000000000000, 0.000000000000000000 ) ) ;
#1364 = ORIENTED_EDGE ( 'NONE', *, *, #696, .T. ) ;
#1365 = CIRCLE ( 'NONE', #754, 1.050000015646217477 ) ;
#1366 = CALENDAR_DATE ( 2024, 29, 4 ) ;
#1367 = AXIS2_PLACEMENT_3D ( 'NONE', #922, #1416, #1076 ) ;
#1368 = PRODUCT_DEFINITION ( 'UNKNOWN', '', #972, #1079 ) ;
#1369 = AXIS2_PLACEMENT_3D ( 'NONE', #908, #537, #1283 ) ;
#1370 = ADVANCED_FACE ( 'NONE', ( #1360 ), #912, .T. ) ;
#1371 = CC_DESIGN_APPROVAL ( #1535, ( #972 ) ) ;
#1372 = CARTESIAN_POINT ( 'NONE',  ( 10.39567267501638881, 5.588057537444476530, -2.608934702692595309 ) ) ;
#1373 = CARTESIAN_POINT ( 'NONE',  ( 10.08167032237490801, 5.250002325822681115, -1.980929997409633270 ) ) ;
#1374 = CARTESIAN_POINT ( 'NONE',  ( 10.17573670809754738, 8.750002304961059352, -2.169062768854916445 ) ) ;
#1375 = CARTESIAN_POINT ( 'NONE',  ( 13.23167036409815722, 5.455027578992097226, -2.475904744240216449 ) ) ;
#1376 = VERTEX_POINT ( 'NONE', #264 ) ;
#1377 = PERSON_AND_ORGANIZATION ( #814, #684 ) ;
#1378 = ADVANCED_FACE ( 'NONE', ( #1245 ), #172, .T. ) ;
#1379 = CARTESIAN_POINT ( 'NONE',  ( 12.51408196731230227, 4.550002315391870056, 1.519070065175245343 ) ) ;
#1380 = DIRECTION ( 'NONE',  ( 0.000000000000000000, 0.000000000000000000, -1.000000000000000000 ) ) ;
#1381 = DIRECTION ( 'NONE',  ( 0.000000000000000000, -1.000000000000000000, 0.000000000000000000 ) ) ;
#1382 = CARTESIAN_POINT ( 'NONE',  ( 13.63167036409815758, 8.050002304961058286, -2.680929997409633447 ) ) ;
#1383 = VERTEX_POINT ( 'NONE', #34 ) ;
#1384 = DATE_AND_TIME ( #788, #1 ) ;
#1385 = EDGE_CURVE ( 'NONE', #358, #1279, #1038, .T. ) ;
#1386 = ORIENTED_EDGE ( 'NONE', *, *, #1053, .F. ) ;
#1387 = DIRECTION ( 'NONE',  ( 0.000000000000000000, 0.000000000000000000, -1.000000000000000000 ) ) ;
#1388 = CARTESIAN_POINT ( 'NONE',  ( 13.23167036409815722, 8.750002304961064681, 0.8190700547444330626 ) ) ;
#1389 = CYLINDRICAL_SURFACE ( 'NONE', #96, 0.2999999999999999334 ) ;
#1390 = ORIENTED_EDGE ( 'NONE', *, *, #393, .F. ) ;
#1391 = ORIENTED_EDGE ( 'NONE', *, *, #940, .F. ) ;
#1392 = CIRCLE ( 'NONE', #707, 0.7000000000000000666 ) ;
#1393 = CIRCLE ( 'NONE', #26, 0.6999999999999999556 ) ;
#1394 = AXIS2_PLACEMENT_3D ( 'NONE', #647, #1032, #399 ) ;
#1395 = DIRECTION ( 'NONE',  ( 0.000000000000000000, 0.000000000000000000, 1.000000000000000000 ) ) ;
#1396 = CARTESIAN_POINT ( 'NONE',  ( 10.08167032237490801, 8.750002304961064681, -1.980929997409633270 ) ) ;
#1397 = VERTEX_POINT ( 'NONE', #1008 ) ;
#1398 = SECURITY_CLASSIFICATION_LEVEL ( 'unclassified' ) ;
#1399 = EDGE_CURVE ( 'NONE', #236, #1054, #812, .T. ) ;
#1400 = ORIENTED_EDGE ( 'NONE', *, *, #263, .F. ) ;
#1401 = DIRECTION ( 'NONE',  ( 0.000000000000000000, 0.000000000000000000, -1.000000000000000000 ) ) ;
#1402 = DIRECTION ( 'NONE',  ( 0.000000000000000000, 1.000000000000000000, 0.000000000000000000 ) ) ;
#1403 = DIRECTION ( 'NONE',  ( 0.000000000000000000, 0.000000000000000000, 1.000000000000000000 ) ) ;
#1404 = ORIENTED_EDGE ( 'NONE', *, *, #464, .T. ) ;
#1405 = ORIENTED_EDGE ( 'NONE', *, *, #1053, .T. ) ;
#1406 = CYLINDRICAL_SURFACE ( 'NONE', #1367, 0.2999999999999999334 ) ;
#1407 =( BOUNDED_CURVE ( )  B_SPLINE_CURVE ( 3, ( #30, #979, #620, #1459 ),
 .UNSPECIFIED., .F., .T. ) 
 B_SPLINE_CURVE_WITH_KNOTS ( ( 4, 4 ),
 ( 4.712388980384688786, 5.497787143782135288 ),
 .UNSPECIFIED. ) 
 CURVE ( )  GEOMETRIC_REPRESENTATION_ITEM ( )  RATIONAL_B_SPLINE_CURVE ( ( 1.000000000000000000, 0.9492530216741912330, 0.9492530216741912330, 1.000000000000000000 ) ) 
 REPRESENTATION_ITEM ( '' )  );
#1408 = EDGE_CURVE ( 'NONE', #829, #437, #1253, .T. ) ;
#1409 = CARTESIAN_POINT ( 'NONE',  ( 13.63167036409815758, 8.050002304961058286, 0.1190700547444332319 ) ) ;
#1410 = ORIENTED_EDGE ( 'NONE', *, *, #1104, .T. ) ;
#1411 = ORIENTED_EDGE ( 'NONE', *, *, #1487, .T. ) ;
#1412 = PLANE ( 'NONE',  #318 ) ;
#1413 = CIRCLE ( 'NONE', #1449, 1.050000015646217477 ) ;
#1414 = VECTOR ( 'NONE', #988, 1000.000000000000000 ) ;
#1415 = EDGE_CURVE ( 'NONE', #688, #1014, #652, .T. ) ;
#1416 = DIRECTION ( 'NONE',  ( -0.000000000000000000, 1.000000000000000000, 0.000000000000000000 ) ) ;
#1417 = CIRCLE ( 'NONE', #1118, 2.450000036507846257 ) ;
#1418 = CIRCLE ( 'NONE', #351, 0.6999999999999999556 ) ;
#1419 = LINE ( 'NONE', #964, #1046 ) ;
#1420 = CIRCLE ( 'NONE', #551, 1.050000015646217477 ) ;
#1421 = VERTEX_POINT ( 'NONE', #1135 ) ;
#1422 = DIRECTION ( 'NONE',  ( -1.000000000000000000, 0.000000000000000000, 0.000000000000000000 ) ) ;
#1423 = CARTESIAN_POINT ( 'NONE',  ( 11.21659457888352307, 5.250002325822681115, 0.1190700547444332319 ) ) ;
#1424 = ORIENTED_EDGE ( 'NONE', *, *, #1302, .T. ) ;
#1425 = FACE_OUTER_BOUND ( 'NONE', #145, .T. ) ;
#1426 = CARTESIAN_POINT ( 'NONE',  ( 13.93167036409815829, 5.235859493192637437, -2.680930007840445661 ) ) ;
#1427 = EDGE_CURVE ( 'NONE', #1550, #1230, #124, .T. ) ;
#1428 = CYLINDRICAL_SURFACE ( 'NONE', #994, 0.7000000000000003997 ) ;
#1429 = ORIENTED_EDGE ( 'NONE', *, *, #269, .F. ) ;
#1430 = LINE ( 'NONE', #337, #939 ) ;
#1431 = DIRECTION ( 'NONE',  ( 0.000000000000000000, 0.000000000000000000, -1.000000000000000000 ) ) ;
#1432 = ORIENTED_EDGE ( 'NONE', *, *, #718, .T. ) ;
#1433 = EDGE_CURVE ( 'NONE', #1163, #1014, #50, .T. ) ;
#1434 = LINE ( 'NONE', #813, #116 ) ;
#1435 = FACE_OUTER_BOUND ( 'NONE', #114, .T. ) ;
#1436 = LINE ( 'NONE', #88, #1219 ) ;
#1437 = VERTEX_POINT ( 'NONE', #103 ) ;
#1438 = DIRECTION ( 'NONE',  ( 1.000000000000000000, 0.000000000000000000, 0.000000000000000000 ) ) ;
#1439 = CYLINDRICAL_SURFACE ( 'NONE', #2, 0.7000000000000001776 ) ;
#1440 = ORIENTED_EDGE ( 'NONE', *, *, #212, .T. ) ;
#1441 = CARTESIAN_POINT ( 'NONE',  ( 12.51408196731230227, 9.450002315391870411, 0.8014816683893866145 ) ) ;
#1442 = CARTESIAN_POINT ( 'NONE',  ( 13.23167036409815722, 8.750002304961064681, -2.680929997409633447 ) ) ;
#1443 = VECTOR ( 'NONE', #1526, 1000.000000000000000 ) ;
#1444 = CC_DESIGN_SECURITY_CLASSIFICATION ( #1171, ( #972 ) ) ;
#1445 = LINE ( 'NONE', #703, #272 ) ;
#1446 = EDGE_LOOP ( 'NONE', ( #717, #1542, #1096, #818 ) ) ;
#1447 = VECTOR ( 'NONE', #1381, 1000.000000000000000 ) ;
#1448 = CARTESIAN_POINT ( 'NONE',  ( 11.42161983205294007, 8.544977051791642353, 0.6140448015750160637 ) ) ;
#1449 = AXIS2_PLACEMENT_3D ( 'NONE', #1473, #465, #616 ) ;
#1450 = DIRECTION ( 'NONE',  ( 1.000000000000000000, 0.000000000000000000, 0.000000000000000000 ) ) ;
#1451 = EDGE_LOOP ( 'NONE', ( #1028, #714, #1347, #790, #599, #535, #141 ) ) ;
#1452 = ADVANCED_FACE ( 'NONE', ( #1189 ), #1412, .F. ) ;
#1453 = DIRECTION ( 'NONE',  ( 1.000000000000000000, 0.000000000000000000, 0.000000000000000000 ) ) ;
#1454 = ORIENTED_EDGE ( 'NONE', *, *, #75, .F. ) ;
#1455 = UNCERTAINTY_MEASURE_WITH_UNIT (LENGTH_MEASURE( 1.000000000000000082E-05 ), #1480, 'distance_accuracy_value', 'NONE');
#1456 = PLANE ( 'NONE',  #681 ) ;
#1457 = CARTESIAN_POINT ( 'NONE',  ( 9.731670311944093044, 4.550002315391870056, -1.280929976548006222 ) ) ;
#1458 = ORIENTED_EDGE ( 'NONE', *, *, #464, .F. ) ;
#1459 = CARTESIAN_POINT ( 'NONE',  ( 11.42161983205294007, 5.455027578992097226, 0.6140448015750160637 ) ) ;
#1460 = ORIENTED_EDGE ( 'NONE', *, *, #1427, .F. ) ;
#1461 = ADVANCED_FACE ( 'NONE', ( #588, #1425 ), #1306, .F. ) ;
#1462 = CARTESIAN_POINT ( 'NONE',  ( 10.78167032759031230, 4.550002315391870056, -0.9309299713326002479 ) ) ;
#1463 = CARTESIAN_POINT ( 'NONE',  ( 12.51408196731230227, 4.550002315391870056, 0.8014816683893866145 ) ) ;
#1464 = ORIENTED_EDGE ( 'NONE', *, *, #1543, .F. ) ;
#1465 = EDGE_CURVE ( 'NONE', #175, #1061, #823, .T. ) ;
#1466 = DIRECTION ( 'NONE',  ( -1.000000000000000000, 0.000000000000000000, 0.000000000000000000 ) ) ;
#1467 = VERTEX_POINT ( 'NONE', #580 ) ;
#1468 = VECTOR ( 'NONE', #1304, 1000.000000000000000 ) ;
#1469 = CARTESIAN_POINT ( 'NONE',  ( 10.78167032759031230, 4.550002315391870056, -0.9309299713326002479 ) ) ;
#1470 = DIRECTION ( 'NONE',  ( 0.000000000000000000, -1.000000000000000000, 0.000000000000000000 ) ) ;
#1471 = CIRCLE ( 'NONE', #809, 0.2999999999999999334 ) ;
#1472 = VERTEX_POINT ( 'NONE', #457 ) ;
#1473 = CARTESIAN_POINT ( 'NONE',  ( 10.78167032759031230, 5.250002325822681115, -0.9309299713326002479 ) ) ;
#1474 = CIRCLE ( 'NONE', #603, 1.050000015646217477 ) ;
#1475 = CARTESIAN_POINT ( 'NONE',  ( 12.49652003039348180, 4.550002315391870056, -2.680727295505981100 ) ) ;
#1476 = ORIENTED_EDGE ( 'NONE', *, *, #252, .F. ) ;
#1477 = DIRECTION ( 'NONE',  ( 0.000000000000000000, 1.000000000000000000, 0.000000000000000000 ) ) ;
#1478 = PLANE ( 'NONE',  #966 ) ;
#1479 = ORIENTED_EDGE ( 'NONE', *, *, #367, .F. ) ;
#1480 =( LENGTH_UNIT ( ) NAMED_UNIT ( * ) SI_UNIT ( .MILLI., .METRE. ) );
#1481 = DIRECTION ( 'NONE',  ( 0.000000000000000000, 1.000000000000000000, 0.000000000000000000 ) ) ;
#1482 = EDGE_LOOP ( 'NONE', ( #68, #513 ) ) ;
#1483 = CARTESIAN_POINT ( 'NONE',  ( 13.23167036409815722, 8.750002304961064681, 0.1190700547444332319 ) ) ;
#1484 = DIRECTION ( 'NONE',  ( 0.000000000000000000, 1.000000000000000000, 0.000000000000000000 ) ) ;
#1485 = EDGE_CURVE ( 'NONE', #230, #311, #1420, .T. ) ;
#1486 = ORIENTED_EDGE ( 'NONE', *, *, #435, .T. ) ;
#1487 = EDGE_CURVE ( 'NONE', #260, #1100, #1434, .T. ) ;
#1488 = VERTEX_POINT ( 'NONE', #1441 ) ;
#1489 = CARTESIAN_POINT ( 'NONE',  ( 10.32915769579019916, 5.455027578992097226, -2.475904744240216449 ) ) ;
#1490 = ORIENTED_EDGE ( 'NONE', *, *, #865, .T. ) ;
#1491 = CARTESIAN_POINT ( 'NONE',  ( 12.51408196731230227, 4.550002315391870056, 1.519070065175245343 ) ) ;
#1492 = DIRECTION ( 'NONE',  ( 0.000000000000000000, 1.000000000000000000, 0.000000000000000000 ) ) ;
#1493 = ORIENTED_EDGE ( 'NONE', *, *, #1333, .T. ) ;
#1494 = LOCAL_TIME ( 17, 59, 41.00000000000000000, #534 ) ;
#1495 = AXIS2_PLACEMENT_3D ( 'NONE', #976, #462, #952 ) ;
#1496 = PERSON_AND_ORGANIZATION ( #814, #684 ) ;
#1497 = VECTOR ( 'NONE', #701, 1000.000000000000000 ) ;
#1498 = ADVANCED_FACE ( 'NONE', ( #450 ), #8, .T. ) ;
#1499 = VECTOR ( 'NONE', #480, 1000.000000000000000 ) ;
#1500 = AXIS2_PLACEMENT_3D ( 'NONE', #1379, #1507, #1395 ) ;
#1501 = DIRECTION ( 'NONE',  ( 0.000000000000000000, -1.000000000000000000, 0.000000000000000000 ) ) ;
#1502 = DIRECTION ( 'NONE',  ( 0.000000000000000000, 0.000000000000000000, -1.000000000000000000 ) ) ;
#1503 = ADVANCED_FACE ( 'NONE', ( #1298 ), #1111, .T. ) ;
#1504 = FACE_OUTER_BOUND ( 'NONE', #858, .T. ) ;
#1505 = CARTESIAN_POINT ( 'NONE',  ( 10.43167032237490766, 5.950002325822681293, -2.680929997409633447 ) ) ;
#1506 = ORIENTED_EDGE ( 'NONE', *, *, #865, .F. ) ;
#1507 = DIRECTION ( 'NONE',  ( -1.000000000000000000, 0.000000000000000000, 0.000000000000000000 ) ) ;
#1508 = LINE ( 'NONE', #411, #1549 ) ;
#1509 = DIRECTION ( 'NONE',  ( 0.000000000000000000, 0.000000000000000000, -1.000000000000000000 ) ) ;
#1510 = EDGE_CURVE ( 'NONE', #514, #1263, #205, .T. ) ;
#1511 = ORIENTED_EDGE ( 'NONE', *, *, #170, .T. ) ;
#1512 = DATE_AND_TIME ( #1029, #1494 ) ;
#1513 = VERTEX_POINT ( 'NONE', #946 ) ;
#1514 = DIRECTION ( 'NONE',  ( 0.000000000000000000, 0.000000000000000000, -1.000000000000000000 ) ) ;
#1515 = CARTESIAN_POINT ( 'NONE',  ( 10.43167032237490766, 8.050002304961058286, -2.680929997409633447 ) ) ;
#1516 = DIRECTION ( 'NONE',  ( 0.000000000000000000, 0.000000000000000000, -1.000000000000000000 ) ) ;
#1517 = ORIENTED_EDGE ( 'NONE', *, *, #871, .T. ) ;
#1518 = PERSON_AND_ORGANIZATION_ROLE ( 'classification_officer' ) ;
#1519 = ORIENTED_EDGE ( 'NONE', *, *, #435, .F. ) ;
#1520 = CIRCLE ( 'NONE', #626, 0.7000000000000000666 ) ;
#1521 = AXIS2_PLACEMENT_3D ( 'NONE', #223, #1530, #1547 ) ;
#1522 = AXIS2_PLACEMENT_3D ( 'NONE', #1277, #1146, #1271 ) ;
#1523 = CARTESIAN_POINT ( 'NONE',  ( 10.78167032759031230, 10.15000231539186970, -0.9309299713326002479 ) ) ;
#1524 =( BOUNDED_CURVE ( )  B_SPLINE_CURVE ( 3, ( #1077, #442, #459, #1309 ),
 .UNSPECIFIED., .F., .T. ) 
 B_SPLINE_CURVE_WITH_KNOTS ( ( 4, 4 ),
 ( 0.000000000000000000, 0.7853981633974495002 ),
 .UNSPECIFIED. ) 
 CURVE ( )  GEOMETRIC_REPRESENTATION_ITEM ( )  RATIONAL_B_SPLINE_CURVE ( ( 1.000000000000000000, 0.9492530216741910110, 0.9492530216741910110, 1.000000000000000000 ) ) 
 REPRESENTATION_ITEM ( '' )  );
#1525 = CARTESIAN_POINT ( 'NONE',  ( 10.26264271656400773, 8.678007010244019881, -2.342874785787837144 ) ) ;
#1526 = DIRECTION ( 'NONE',  ( 1.000000000000000000, 0.000000000000000000, 0.000000000000000000 ) ) ;
#1527 = VERTEX_POINT ( 'NONE', #1062 ) ;
#1528 = ORIENTED_EDGE ( 'NONE', *, *, #350, .T. ) ;
#1529 = EDGE_CURVE ( 'NONE', #683, #688, #1313, .T. ) ;
#1530 = DIRECTION ( 'NONE',  ( 0.000000000000000000, 0.000000000000000000, 1.000000000000000000 ) ) ;
#1531 = DIRECTION ( 'NONE',  ( -0.4472135954999579277, 0.000000000000000000, 0.8944271909999158554 ) ) ;
#1532 = DIRECTION ( 'NONE',  ( 1.000000000000000000, 0.000000000000000000, 0.000000000000000000 ) ) ;
#1533 = ORIENTED_EDGE ( 'NONE', *, *, #984, .F. ) ;
#1534 = LINE ( 'NONE', #438, #118 ) ;
#1535 = APPROVAL ( #1149, 'UNSPECIFIED' ) ;
#1536 = ORIENTED_EDGE ( 'NONE', *, *, #940, .T. ) ;
#1537 = CARTESIAN_POINT ( 'NONE',  ( 13.93167036409815829, 9.050002304961065391, -1.980929997409633270 ) ) ;
#1538 = CARTESIAN_POINT ( 'NONE',  ( 10.78167032759031230, 9.450002315391870411, -3.380930007840445395 ) ) ;
#1539 = EDGE_LOOP ( 'NONE', ( #489, #1490, #1493, #849, #305 ) ) ;
#1540 = LINE ( 'NONE', #819, #1242 ) ;
#1541 = CARTESIAN_POINT ( 'NONE',  ( 11.79649357052644199, 9.450002315391870411, 1.519070065175245343 ) ) ;
#1542 = ORIENTED_EDGE ( 'NONE', *, *, #415, .F. ) ;
#1543 = EDGE_CURVE ( 'NONE', #999, #1567, #711, .T. ) ;
#1544 = DIRECTION ( 'NONE',  ( 0.000000000000000000, 0.000000000000000000, 1.000000000000000000 ) ) ;
#1545 = AXIS2_PLACEMENT_3D ( 'NONE', #1133, #297, #403 ) ;
#1546 = VECTOR ( 'NONE', #649, 1000.000000000000000 ) ;
#1547 = DIRECTION ( 'NONE',  ( 1.000000000000000000, 0.000000000000000000, 0.000000000000000000 ) ) ;
#1548 = VECTOR ( 'NONE', #693, 1000.000000000000000 ) ;
#1549 = VECTOR ( 'NONE', #1044, 1000.000000000000000 ) ;
#1550 = VERTEX_POINT ( 'NONE', #1562 ) ;
#1551 = EDGE_CURVE ( 'NONE', #526, #353, #1413, .T. ) ;
#1552 = DIRECTION ( 'NONE',  ( 2.774754023183460056E-16, 0.000000000000000000, 1.000000000000000000 ) ) ;
#1553 = CARTESIAN_POINT ( 'NONE',  ( 10.78167032759031230, 4.550002315391870056, -0.9309299713326002479 ) ) ;
#1554 = VERTEX_POINT ( 'NONE', #962 ) ;
#1555 = CARTESIAN_POINT ( 'NONE',  ( 15.68167040060599149, 9.450002315391870411, -3.380930007840445395 ) ) ;
#1556 = CARTESIAN_POINT ( 'NONE',  ( 13.63167036409815758, 5.950002325822681293, -2.680929997409633447 ) ) ;
#1557 = DIRECTION ( 'NONE',  ( 1.000000000000000000, 0.000000000000000000, 0.000000000000000000 ) ) ;
#1558 = ORIENTED_EDGE ( 'NONE', *, *, #1104, .F. ) ;
#1559 = CARTESIAN_POINT ( 'NONE',  ( 13.23167036409815722, 8.050002304961058286, -2.680929997409633447 ) ) ;
#1560 = CARTESIAN_POINT ( 'NONE',  ( 13.63167036409815758, 8.050002304961058286, 1.119070054744433218 ) ) ;
#1561 = ORIENTED_EDGE ( 'NONE', *, *, #263, .T. ) ;
#1562 = CARTESIAN_POINT ( 'NONE',  ( 11.18348793756120507, 8.750002304961064681, 0.03914355225947121347 ) ) ;
#1563 = LINE ( 'NONE', #466, #680 ) ;
#1564 = CC_DESIGN_DATE_AND_TIME_ASSIGNMENT ( #1384, #778, ( #1368 ) ) ;
#1565 = DIRECTION ( 'NONE',  ( 0.7071067811865470176, 0.000000000000000000, 0.7071067811865480168 ) ) ;
#1566 = EDGE_CURVE ( 'NONE', #175, #331, #731, .T. ) ;
#1567 = VERTEX_POINT ( 'NONE', #132 ) ;
#1568 =( BOUNDED_CURVE ( )  B_SPLINE_CURVE ( 3, ( #671, #1525, #1374, #278 ),
 .UNSPECIFIED., .F., .T. ) 
 B_SPLINE_CURVE_WITH_KNOTS ( ( 4, 4 ),
 ( 0.7853981633974495002, 1.570796326794896558 ),
 .UNSPECIFIED. ) 
 CURVE ( )  GEOMETRIC_REPRESENTATION_ITEM ( )  RATIONAL_B_SPLINE_CURVE ( ( 1.000000000000000000, 0.9492530216741912330, 0.9492530216741912330, 1.000000000000000000 ) ) 
 REPRESENTATION_ITEM ( '' )  );
#1569 = LINE ( 'NONE', #90, #914 ) ;
#1570 = PLANE ( 'NONE',  #117 ) ;
#1571 = ORIENTED_EDGE ( 'NONE', *, *, #978, .T. ) ;
#1572 = ADVANCED_FACE ( 'NONE', ( #496 ), #1353, .F. ) ;
ENDSEC;
END-ISO-10303-21;
