ISO-10303-21;
HEADER;
/* Generated by software containing ST-Developer
 * from STEP Tools, Inc. (www.steptools.com) 
 */
/* OPTION: using custom renumber hook */

FILE_DESCRIPTION(
/* description */ ('STEP AP242 Edition 2',
'CAx-IF Rec.Pracs.---Representation and Presentation of Product Manufa
cturing Information (PMI)---4.0---2014-10-13',
'CAx-IF Rec.Pracs.---3D Tessellated Geometry---0.4---2014-09-14','2;1',
'CAx-IF Rec.Pracs.---User Defined Attributes---1.5---2016-08-15'),
/* implementation_level */ '2;1');

FILE_NAME(
/* name */ 'Part Studio 1',
/* time_stamp */ '2026-10-09T22:20:38Z',
/* author */ (''),
/* organization */ (''),
/* preprocessor_version */ 'ST-DEVELOPER v20',
/* originating_system */ 'ONSHAPE BY PTC INC, 1.222',
/* authorisation */ '  ');

FILE_SCHEMA (('AP242_MANAGED_MODEL_BASED_3D_ENGINEERING_MIM_LF { 1 0 10303 442 3 1 4 }'));
ENDSEC;

DATA;
#10=SHAPE_REPRESENTATION_RELATIONSHIP('','',#2767,#11);
#11=ADVANCED_BREP_SHAPE_REPRESENTATION('',(#2765),#6909);
#12=B_SPLINE_SURFACE_WITH_KNOTS('',3,1,((#5780,#5781),(#5782,#5783),(#5784,
#5785),(#5786,#5787),(#5788,#5789),(#5790,#5791),(#5792,#5793),(#5794,#5795),
(#5796,#5797),(#5798,#5799)),.SURF_OF_LINEAR_EXTRUSION.,.F.,.F.,.F.,(4,
1,1,1,1,1,1,4),(2,2),(0.0807910626856954,0.134650284335932,0.188509505986168,
0.29622794928664,0.403946392587112,0.511664835887585,0.727101722488529,
0.942538609089474),(0.,1.),.UNSPECIFIED.);
#13=B_SPLINE_SURFACE_WITH_KNOTS('',3,1,((#5804,#5805),(#5806,#5807),(#5808,
#5809),(#5810,#5811),(#5812,#5813),(#5814,#5815),(#5816,#5817),(#5818,#5819),
(#5820,#5821),(#5822,#5823)),.SURF_OF_LINEAR_EXTRUSION.,.F.,.F.,.F.,(4,
1,1,1,1,1,1,4),(2,2),(0.0807910626857442,0.134650284335977,0.18850950598621,
0.296227949286677,0.403946392587143,0.511664835887609,0.727101722488541,
0.942538609089474),(0.,1.),.UNSPECIFIED.);
#14=B_SPLINE_SURFACE_WITH_KNOTS('',3,1,((#5827,#5828),(#5829,#5830),(#5831,
#5832),(#5833,#5834),(#5835,#5836),(#5837,#5838),(#5839,#5840),(#5841,#5842),
(#5843,#5844),(#5845,#5846)),.SURF_OF_LINEAR_EXTRUSION.,.F.,.F.,.F.,(4,
1,1,1,1,1,1,4),(2,2),(0.0807910626857003,0.134650284335936,0.188509505986172,
0.296227949286644,0.403946392587115,0.511664835887587,0.727101722488531,
0.942538609089474),(0.,1.),.UNSPECIFIED.);
#15=B_SPLINE_SURFACE_WITH_KNOTS('',3,1,((#5851,#5852),(#5853,#5854),(#5855,
#5856),(#5857,#5858),(#5859,#5860),(#5861,#5862),(#5863,#5864),(#5865,#5866),
(#5867,#5868),(#5869,#5870)),.SURF_OF_LINEAR_EXTRUSION.,.F.,.F.,.F.,(4,
1,1,1,1,1,1,4),(2,2),(0.0807910626857464,0.134650284335979,0.188509505986212,
0.296227949286678,0.403946392587144,0.51166483588761,0.727101722488542,
0.942538609089474),(0.,1.),.UNSPECIFIED.);
#16=B_SPLINE_SURFACE_WITH_KNOTS('',3,1,((#5874,#5875),(#5876,#5877),(#5878,
#5879),(#5880,#5881),(#5882,#5883),(#5884,#5885),(#5886,#5887),(#5888,#5889),
(#5890,#5891),(#5892,#5893)),.SURF_OF_LINEAR_EXTRUSION.,.F.,.F.,.F.,(4,
1,1,1,1,1,1,4),(2,2),(0.0807910626856954,0.134650284335932,0.188509505986168,
0.29622794928664,0.403946392587112,0.511664835887585,0.727101722488529,
0.942538609089474),(0.,1.),.UNSPECIFIED.);
#17=B_SPLINE_SURFACE_WITH_KNOTS('',3,1,((#5898,#5899),(#5900,#5901),(#5902,
#5903),(#5904,#5905),(#5906,#5907),(#5908,#5909),(#5910,#5911),(#5912,#5913),
(#5914,#5915),(#5916,#5917)),.SURF_OF_LINEAR_EXTRUSION.,.F.,.F.,.F.,(4,
1,1,1,1,1,1,4),(2,2),(0.0807910626857442,0.134650284335977,0.18850950598621,
0.296227949286677,0.403946392587143,0.511664835887609,0.727101722488541,
0.942538609089474),(0.,1.),.UNSPECIFIED.);
#18=B_SPLINE_SURFACE_WITH_KNOTS('',3,1,((#5921,#5922),(#5923,#5924),(#5925,
#5926),(#5927,#5928),(#5929,#5930),(#5931,#5932),(#5933,#5934),(#5935,#5936),
(#5937,#5938),(#5939,#5940)),.SURF_OF_LINEAR_EXTRUSION.,.F.,.F.,.F.,(4,
1,1,1,1,1,1,4),(2,2),(0.0807910626856955,0.134650284335932,0.188509505986168,
0.29622794928664,0.403946392587112,0.511664835887585,0.727101722488529,
0.942538609089474),(0.,1.),.UNSPECIFIED.);
#19=B_SPLINE_SURFACE_WITH_KNOTS('',3,1,((#5945,#5946),(#5947,#5948),(#5949,
#5950),(#5951,#5952),(#5953,#5954),(#5955,#5956),(#5957,#5958),(#5959,#5960),
(#5961,#5962),(#5963,#5964)),.SURF_OF_LINEAR_EXTRUSION.,.F.,.F.,.F.,(4,
1,1,1,1,1,1,4),(2,2),(0.0807910626857501,0.134650284335983,0.188509505986216,
0.296227949286681,0.403946392587147,0.511664835887612,0.727101722488543,
0.942538609089474),(0.,1.),.UNSPECIFIED.);
#20=B_SPLINE_SURFACE_WITH_KNOTS('',3,1,((#5968,#5969),(#5970,#5971),(#5972,
#5973),(#5974,#5975),(#5976,#5977),(#5978,#5979),(#5980,#5981),(#5982,#5983),
(#5984,#5985),(#5986,#5987)),.SURF_OF_LINEAR_EXTRUSION.,.F.,.F.,.F.,(4,
1,1,1,1,1,1,4),(2,2),(0.0807910626856993,0.134650284335935,0.188509505986171,
0.296227949286643,0.403946392587115,0.511664835887587,0.72710172248853,
0.942538609089474),(0.,1.),.UNSPECIFIED.);
#21=B_SPLINE_SURFACE_WITH_KNOTS('',3,1,((#5992,#5993),(#5994,#5995),(#5996,
#5997),(#5998,#5999),(#6000,#6001),(#6002,#6003),(#6004,#6005),(#6006,#6007),
(#6008,#6009),(#6010,#6011)),.SURF_OF_LINEAR_EXTRUSION.,.F.,.F.,.F.,(4,
1,1,1,1,1,1,4),(2,2),(0.0807910626857428,0.134650284335976,0.188509505986209,
0.296227949286676,0.403946392587142,0.511664835887608,0.727101722488541,
0.942538609089474),(0.,1.),.UNSPECIFIED.);
#22=B_SPLINE_SURFACE_WITH_KNOTS('',3,1,((#6015,#6016),(#6017,#6018),(#6019,
#6020),(#6021,#6022),(#6023,#6024),(#6025,#6026),(#6027,#6028),(#6029,#6030),
(#6031,#6032),(#6033,#6034)),.SURF_OF_LINEAR_EXTRUSION.,.F.,.F.,.F.,(4,
1,1,1,1,1,1,4),(2,2),(0.0807910626856997,0.134650284335936,0.188509505986171,
0.296227949286643,0.403946392587115,0.511664835887587,0.72710172248853,
0.942538609089474),(0.,1.),.UNSPECIFIED.);
#23=B_SPLINE_SURFACE_WITH_KNOTS('',3,1,((#6039,#6040),(#6041,#6042),(#6043,
#6044),(#6045,#6046),(#6047,#6048),(#6049,#6050),(#6051,#6052),(#6053,#6054),
(#6055,#6056),(#6057,#6058)),.SURF_OF_LINEAR_EXTRUSION.,.F.,.F.,.F.,(4,
1,1,1,1,1,1,4),(2,2),(0.0807910626857461,0.134650284335979,0.188509505986212,
0.296227949286678,0.403946392587144,0.51166483588761,0.727101722488542,
0.942538609089474),(0.,1.),.UNSPECIFIED.);
#24=B_SPLINE_SURFACE_WITH_KNOTS('',3,1,((#6062,#6063),(#6064,#6065),(#6066,
#6067),(#6068,#6069),(#6070,#6071),(#6072,#6073),(#6074,#6075),(#6076,#6077),
(#6078,#6079),(#6080,#6081)),.SURF_OF_LINEAR_EXTRUSION.,.F.,.F.,.F.,(4,
1,1,1,1,1,1,4),(2,2),(0.0807910626856978,0.134650284335934,0.18850950598617,
0.296227949286642,0.403946392587114,0.511664835887586,0.72710172248853,
0.942538609089474),(0.,1.),.UNSPECIFIED.);
#25=B_SPLINE_SURFACE_WITH_KNOTS('',3,1,((#6086,#6087),(#6088,#6089),(#6090,
#6091),(#6092,#6093),(#6094,#6095),(#6096,#6097),(#6098,#6099),(#6100,#6101),
(#6102,#6103),(#6104,#6105)),.SURF_OF_LINEAR_EXTRUSION.,.F.,.F.,.F.,(4,
1,1,1,1,1,1,4),(2,2),(0.0807910626857453,0.134650284335978,0.188509505986211,
0.296227949286678,0.403946392587144,0.51166483588761,0.727101722488542,
0.942538609089474),(0.,1.),.UNSPECIFIED.);
#26=B_SPLINE_SURFACE_WITH_KNOTS('',3,1,((#6109,#6110),(#6111,#6112),(#6113,
#6114),(#6115,#6116),(#6117,#6118),(#6119,#6120),(#6121,#6122),(#6123,#6124),
(#6125,#6126),(#6127,#6128)),.SURF_OF_LINEAR_EXTRUSION.,.F.,.F.,.F.,(4,
1,1,1,1,1,1,4),(2,2),(0.0807910626857003,0.134650284335936,0.188509505986172,
0.296227949286644,0.403946392587115,0.511664835887587,0.727101722488531,
0.942538609089474),(0.,1.),.UNSPECIFIED.);
#27=B_SPLINE_SURFACE_WITH_KNOTS('',3,1,((#6133,#6134),(#6135,#6136),(#6137,
#6138),(#6139,#6140),(#6141,#6142),(#6143,#6144),(#6145,#6146),(#6147,#6148),
(#6149,#6150),(#6151,#6152)),.SURF_OF_LINEAR_EXTRUSION.,.F.,.F.,.F.,(4,
1,1,1,1,1,1,4),(2,2),(0.0807910626857463,0.134650284335979,0.188509505986212,
0.296227949286678,0.403946392587144,0.51166483588761,0.727101722488542,
0.942538609089474),(0.,1.),.UNSPECIFIED.);
#28=B_SPLINE_SURFACE_WITH_KNOTS('',3,1,((#6156,#6157),(#6158,#6159),(#6160,
#6161),(#6162,#6163),(#6164,#6165),(#6166,#6167),(#6168,#6169),(#6170,#6171),
(#6172,#6173),(#6174,#6175)),.SURF_OF_LINEAR_EXTRUSION.,.F.,.F.,.F.,(4,
1,1,1,1,1,1,4),(2,2),(0.0807910626856979,0.134650284335934,0.18850950598617,
0.296227949286642,0.403946392587114,0.511664835887586,0.72710172248853,
0.942538609089474),(0.,1.),.UNSPECIFIED.);
#29=B_SPLINE_SURFACE_WITH_KNOTS('',3,1,((#6180,#6181),(#6182,#6183),(#6184,
#6185),(#6186,#6187),(#6188,#6189),(#6190,#6191),(#6192,#6193),(#6194,#6195),
(#6196,#6197),(#6198,#6199)),.SURF_OF_LINEAR_EXTRUSION.,.F.,.F.,.F.,(4,
1,1,1,1,1,1,4),(2,2),(0.0807910626857461,0.134650284335979,0.188509505986212,
0.296227949286678,0.403946392587144,0.51166483588761,0.727101722488542,
0.942538609089474),(0.,1.),.UNSPECIFIED.);
#30=B_SPLINE_SURFACE_WITH_KNOTS('',3,1,((#6203,#6204),(#6205,#6206),(#6207,
#6208),(#6209,#6210),(#6211,#6212),(#6213,#6214),(#6215,#6216),(#6217,#6218),
(#6219,#6220),(#6221,#6222)),.SURF_OF_LINEAR_EXTRUSION.,.F.,.F.,.F.,(4,
1,1,1,1,1,1,4),(2,2),(0.0807910626856981,0.134650284335934,0.18850950598617,
0.296227949286642,0.403946392587114,0.511664835887586,0.72710172248853,
0.942538609089474),(0.,1.),.UNSPECIFIED.);
#31=B_SPLINE_SURFACE_WITH_KNOTS('',3,1,((#6227,#6228),(#6229,#6230),(#6231,
#6232),(#6233,#6234),(#6235,#6236),(#6237,#6238),(#6239,#6240),(#6241,#6242),
(#6243,#6244),(#6245,#6246)),.SURF_OF_LINEAR_EXTRUSION.,.F.,.F.,.F.,(4,
1,1,1,1,1,1,4),(2,2),(0.0807910626857488,0.134650284335982,0.188509505986214,
0.29622794928668,0.403946392587146,0.511664835887611,0.727101722488543,
0.942538609089474),(0.,1.),.UNSPECIFIED.);
#32=B_SPLINE_SURFACE_WITH_KNOTS('',3,1,((#6250,#6251),(#6252,#6253),(#6254,
#6255),(#6256,#6257),(#6258,#6259),(#6260,#6261),(#6262,#6263),(#6264,#6265),
(#6266,#6267),(#6268,#6269)),.SURF_OF_LINEAR_EXTRUSION.,.F.,.F.,.F.,(4,
1,1,1,1,1,1,4),(2,2),(0.0807910626856975,0.134650284335934,0.18850950598617,
0.296227949286642,0.403946392587114,0.511664835887586,0.72710172248853,
0.942538609089474),(0.,1.),.UNSPECIFIED.);
#33=B_SPLINE_SURFACE_WITH_KNOTS('',3,1,((#6274,#6275),(#6276,#6277),(#6278,
#6279),(#6280,#6281),(#6282,#6283),(#6284,#6285),(#6286,#6287),(#6288,#6289),
(#6290,#6291),(#6292,#6293)),.SURF_OF_LINEAR_EXTRUSION.,.F.,.F.,.F.,(4,
1,1,1,1,1,1,4),(2,2),(0.0807910626857429,0.134650284335976,0.188509505986209,
0.296227949286676,0.403946392587142,0.511664835887608,0.727101722488541,
0.942538609089474),(0.,1.),.UNSPECIFIED.);
#34=B_SPLINE_SURFACE_WITH_KNOTS('',3,1,((#6297,#6298),(#6299,#6300),(#6301,
#6302),(#6303,#6304),(#6305,#6306),(#6307,#6308),(#6309,#6310),(#6311,#6312),
(#6313,#6314),(#6315,#6316)),.SURF_OF_LINEAR_EXTRUSION.,.F.,.F.,.F.,(4,
1,1,1,1,1,1,4),(2,2),(0.0807910626856955,0.134650284335932,0.188509505986168,
0.29622794928664,0.403946392587112,0.511664835887585,0.727101722488529,
0.942538609089474),(0.,1.),.UNSPECIFIED.);
#35=B_SPLINE_SURFACE_WITH_KNOTS('',3,1,((#6321,#6322),(#6323,#6324),(#6325,
#6326),(#6327,#6328),(#6329,#6330),(#6331,#6332),(#6333,#6334),(#6335,#6336),
(#6337,#6338),(#6339,#6340)),.SURF_OF_LINEAR_EXTRUSION.,.F.,.F.,.F.,(4,
1,1,1,1,1,1,4),(2,2),(0.0807910626857501,0.134650284335983,0.188509505986216,
0.296227949286681,0.403946392587147,0.511664835887612,0.727101722488543,
0.942538609089474),(0.,1.),.UNSPECIFIED.);
#36=B_SPLINE_SURFACE_WITH_KNOTS('',3,1,((#6344,#6345),(#6346,#6347),(#6348,
#6349),(#6350,#6351),(#6352,#6353),(#6354,#6355),(#6356,#6357),(#6358,#6359),
(#6360,#6361),(#6362,#6363)),.SURF_OF_LINEAR_EXTRUSION.,.F.,.F.,.F.,(4,
1,1,1,1,1,1,4),(2,2),(0.0807910626857001,0.134650284335936,0.188509505986172,
0.296227949286644,0.403946392587115,0.511664835887587,0.727101722488531,
0.942538609089474),(0.,1.),.UNSPECIFIED.);
#37=B_SPLINE_SURFACE_WITH_KNOTS('',3,1,((#6368,#6369),(#6370,#6371),(#6372,
#6373),(#6374,#6375),(#6376,#6377),(#6378,#6379),(#6380,#6381),(#6382,#6383),
(#6384,#6385),(#6386,#6387)),.SURF_OF_LINEAR_EXTRUSION.,.F.,.F.,.F.,(4,
1,1,1,1,1,1,4),(2,2),(0.0807910626857463,0.134650284335979,0.188509505986212,
0.296227949286678,0.403946392587144,0.51166483588761,0.727101722488542,
0.942538609089474),(0.,1.),.UNSPECIFIED.);
#38=B_SPLINE_SURFACE_WITH_KNOTS('',3,1,((#6391,#6392),(#6393,#6394),(#6395,
#6396),(#6397,#6398),(#6399,#6400),(#6401,#6402),(#6403,#6404),(#6405,#6406),
(#6407,#6408),(#6409,#6410)),.SURF_OF_LINEAR_EXTRUSION.,.F.,.F.,.F.,(4,
1,1,1,1,1,1,4),(2,2),(0.0807910626856954,0.134650284335932,0.188509505986168,
0.29622794928664,0.403946392587112,0.511664835887585,0.727101722488529,
0.942538609089474),(0.,1.),.UNSPECIFIED.);
#39=B_SPLINE_SURFACE_WITH_KNOTS('',3,1,((#6415,#6416),(#6417,#6418),(#6419,
#6420),(#6421,#6422),(#6423,#6424),(#6425,#6426),(#6427,#6428),(#6429,#6430),
(#6431,#6432),(#6433,#6434)),.SURF_OF_LINEAR_EXTRUSION.,.F.,.F.,.F.,(4,
1,1,1,1,1,1,4),(2,2),(0.0807910626857442,0.134650284335977,0.18850950598621,
0.296227949286677,0.403946392587143,0.511664835887609,0.727101722488541,
0.942538609089474),(0.,1.),.UNSPECIFIED.);
#40=B_SPLINE_SURFACE_WITH_KNOTS('',3,1,((#6438,#6439),(#6440,#6441),(#6442,
#6443),(#6444,#6445),(#6446,#6447),(#6448,#6449),(#6450,#6451),(#6452,#6453),
(#6454,#6455),(#6456,#6457)),.SURF_OF_LINEAR_EXTRUSION.,.F.,.F.,.F.,(4,
1,1,1,1,1,1,4),(2,2),(0.0807910626856951,0.134650284335931,0.188509505986167,
0.29622794928664,0.403946392587112,0.511664835887584,0.727101722488529,
0.942538609089474),(0.,1.),.UNSPECIFIED.);
#41=B_SPLINE_SURFACE_WITH_KNOTS('',3,1,((#6462,#6463),(#6464,#6465),(#6466,
#6467),(#6468,#6469),(#6470,#6471),(#6472,#6473),(#6474,#6475),(#6476,#6477),
(#6478,#6479),(#6480,#6481)),.SURF_OF_LINEAR_EXTRUSION.,.F.,.F.,.F.,(4,
1,1,1,1,1,1,4),(2,2),(0.0807910626857501,0.134650284335983,0.188509505986216,
0.296227949286681,0.403946392587147,0.511664835887612,0.727101722488543,
0.942538609089474),(0.,1.),.UNSPECIFIED.);
#42=B_SPLINE_SURFACE_WITH_KNOTS('',3,1,((#6485,#6486),(#6487,#6488),(#6489,
#6490),(#6491,#6492),(#6493,#6494),(#6495,#6496),(#6497,#6498),(#6499,#6500),
(#6501,#6502),(#6503,#6504)),.SURF_OF_LINEAR_EXTRUSION.,.F.,.F.,.F.,(4,
1,1,1,1,1,1,4),(2,2),(0.0807910626856963,0.134650284335932,0.188509505986169,
0.296227949286641,0.403946392587113,0.511664835887585,0.72710172248853,
0.942538609089474),(0.,1.),.UNSPECIFIED.);
#43=B_SPLINE_SURFACE_WITH_KNOTS('',3,1,((#6509,#6510),(#6511,#6512),(#6513,
#6514),(#6515,#6516),(#6517,#6518),(#6519,#6520),(#6521,#6522),(#6523,#6524),
(#6525,#6526),(#6527,#6528)),.SURF_OF_LINEAR_EXTRUSION.,.F.,.F.,.F.,(4,
1,1,1,1,1,1,4),(2,2),(0.0807910626857418,0.134650284335975,0.188509505986208,
0.296227949286675,0.403946392587141,0.511664835887608,0.727101722488541,
0.942538609089474),(0.,1.),.UNSPECIFIED.);
#44=B_SPLINE_SURFACE_WITH_KNOTS('',3,1,((#6532,#6533),(#6534,#6535),(#6536,
#6537),(#6538,#6539),(#6540,#6541),(#6542,#6543),(#6544,#6545),(#6546,#6547),
(#6548,#6549),(#6550,#6551)),.SURF_OF_LINEAR_EXTRUSION.,.F.,.F.,.F.,(4,
1,1,1,1,1,1,4),(2,2),(0.0807910626856971,0.134650284335933,0.188509505986169,
0.296227949286641,0.403946392587113,0.511664835887585,0.72710172248853,
0.942538609089474),(0.,1.),.UNSPECIFIED.);
#45=B_SPLINE_SURFACE_WITH_KNOTS('',3,1,((#6556,#6557),(#6558,#6559),(#6560,
#6561),(#6562,#6563),(#6564,#6565),(#6566,#6567),(#6568,#6569),(#6570,#6571),
(#6572,#6573),(#6574,#6575)),.SURF_OF_LINEAR_EXTRUSION.,.F.,.F.,.F.,(4,
1,1,1,1,1,1,4),(2,2),(0.0807910626857456,0.134650284335979,0.188509505986212,
0.296227949286678,0.403946392587144,0.51166483588761,0.727101722488542,
0.942538609089474),(0.,1.),.UNSPECIFIED.);
#46=B_SPLINE_SURFACE_WITH_KNOTS('',3,1,((#6579,#6580),(#6581,#6582),(#6583,
#6584),(#6585,#6586),(#6587,#6588),(#6589,#6590),(#6591,#6592),(#6593,#6594),
(#6595,#6596),(#6597,#6598)),.SURF_OF_LINEAR_EXTRUSION.,.F.,.F.,.F.,(4,
1,1,1,1,1,1,4),(2,2),(0.0807910626856979,0.134650284335934,0.18850950598617,
0.296227949286642,0.403946392587114,0.511664835887586,0.72710172248853,
0.942538609089474),(0.,1.),.UNSPECIFIED.);
#47=B_SPLINE_SURFACE_WITH_KNOTS('',3,1,((#6603,#6604),(#6605,#6606),(#6607,
#6608),(#6609,#6610),(#6611,#6612),(#6613,#6614),(#6615,#6616),(#6617,#6618),
(#6619,#6620),(#6621,#6622)),.SURF_OF_LINEAR_EXTRUSION.,.F.,.F.,.F.,(4,
1,1,1,1,1,1,4),(2,2),(0.0807910626857461,0.134650284335979,0.188509505986212,
0.296227949286678,0.403946392587144,0.51166483588761,0.727101722488542,
0.942538609089474),(0.,1.),.UNSPECIFIED.);
#48=B_SPLINE_SURFACE_WITH_KNOTS('',3,1,((#6626,#6627),(#6628,#6629),(#6630,
#6631),(#6632,#6633),(#6634,#6635),(#6636,#6637),(#6638,#6639),(#6640,#6641),
(#6642,#6643),(#6644,#6645)),.SURF_OF_LINEAR_EXTRUSION.,.F.,.F.,.F.,(4,
1,1,1,1,1,1,4),(2,2),(0.0807910626857004,0.134650284335936,0.188509505986172,
0.296227949286644,0.403946392587116,0.511664835887587,0.727101722488531,
0.942538609089474),(0.,1.),.UNSPECIFIED.);
#49=B_SPLINE_SURFACE_WITH_KNOTS('',3,1,((#6650,#6651),(#6652,#6653),(#6654,
#6655),(#6656,#6657),(#6658,#6659),(#6660,#6661),(#6662,#6663),(#6664,#6665),
(#6666,#6667),(#6668,#6669)),.SURF_OF_LINEAR_EXTRUSION.,.F.,.F.,.F.,(4,
1,1,1,1,1,1,4),(2,2),(0.0807910626857484,0.134650284335981,0.188509505986214,
0.29622794928668,0.403946392587145,0.511664835887611,0.727101722488543,
0.942538609089474),(0.,1.),.UNSPECIFIED.);
#50=B_SPLINE_SURFACE_WITH_KNOTS('',3,1,((#6673,#6674),(#6675,#6676),(#6677,
#6678),(#6679,#6680),(#6681,#6682),(#6683,#6684),(#6685,#6686),(#6687,#6688),
(#6689,#6690),(#6691,#6692)),.SURF_OF_LINEAR_EXTRUSION.,.F.,.F.,.F.,(4,
1,1,1,1,1,1,4),(2,2),(0.0807910626856954,0.134650284335932,0.188509505986168,
0.29622794928664,0.403946392587112,0.511664835887585,0.727101722488529,
0.942538609089474),(0.,1.),.UNSPECIFIED.);
#51=B_SPLINE_SURFACE_WITH_KNOTS('',3,1,((#6697,#6698),(#6699,#6700),(#6701,
#6702),(#6703,#6704),(#6705,#6706),(#6707,#6708),(#6709,#6710),(#6711,#6712),
(#6713,#6714),(#6715,#6716)),.SURF_OF_LINEAR_EXTRUSION.,.F.,.F.,.F.,(4,
1,1,1,1,1,1,4),(2,2),(0.0807910626857442,0.134650284335977,0.18850950598621,
0.296227949286677,0.403946392587143,0.511664835887609,0.727101722488541,
0.942538609089474),(0.,1.),.UNSPECIFIED.);
#52=B_SPLINE_SURFACE_WITH_KNOTS('',3,1,((#6720,#6721),(#6722,#6723),(#6724,
#6725),(#6726,#6727),(#6728,#6729),(#6730,#6731),(#6732,#6733),(#6734,#6735),
(#6736,#6737),(#6738,#6739)),.SURF_OF_LINEAR_EXTRUSION.,.F.,.F.,.F.,(4,
1,1,1,1,1,1,4),(2,2),(0.0807910626856978,0.134650284335934,0.18850950598617,
0.296227949286642,0.403946392587114,0.511664835887586,0.72710172248853,
0.942538609089474),(0.,1.),.UNSPECIFIED.);
#53=B_SPLINE_SURFACE_WITH_KNOTS('',3,1,((#6744,#6745),(#6746,#6747),(#6748,
#6749),(#6750,#6751),(#6752,#6753),(#6754,#6755),(#6756,#6757),(#6758,#6759),
(#6760,#6761),(#6762,#6763)),.SURF_OF_LINEAR_EXTRUSION.,.F.,.F.,.F.,(4,
1,1,1,1,1,1,4),(2,2),(0.0807910626857453,0.134650284335978,0.188509505986211,
0.296227949286678,0.403946392587144,0.51166483588761,0.727101722488542,
0.942538609089474),(0.,1.),.UNSPECIFIED.);
#54=B_SPLINE_SURFACE_WITH_KNOTS('',3,1,((#6767,#6768),(#6769,#6770),(#6771,
#6772),(#6773,#6774),(#6775,#6776),(#6777,#6778),(#6779,#6780),(#6781,#6782),
(#6783,#6784),(#6785,#6786)),.SURF_OF_LINEAR_EXTRUSION.,.F.,.F.,.F.,(4,
1,1,1,1,1,1,4),(2,2),(0.0807910626856997,0.134650284335936,0.188509505986171,
0.296227949286643,0.403946392587115,0.511664835887587,0.72710172248853,
0.942538609089474),(0.,1.),.UNSPECIFIED.);
#55=B_SPLINE_SURFACE_WITH_KNOTS('',3,1,((#6791,#6792),(#6793,#6794),(#6795,
#6796),(#6797,#6798),(#6799,#6800),(#6801,#6802),(#6803,#6804),(#6805,#6806),
(#6807,#6808),(#6809,#6810)),.SURF_OF_LINEAR_EXTRUSION.,.F.,.F.,.F.,(4,
1,1,1,1,1,1,4),(2,2),(0.0807910626857461,0.134650284335979,0.188509505986212,
0.296227949286678,0.403946392587144,0.51166483588761,0.727101722488542,
0.942538609089474),(0.,1.),.UNSPECIFIED.);
#56=B_SPLINE_SURFACE_WITH_KNOTS('',3,1,((#6814,#6815),(#6816,#6817),(#6818,
#6819),(#6820,#6821),(#6822,#6823),(#6824,#6825),(#6826,#6827),(#6828,#6829),
(#6830,#6831),(#6832,#6833)),.SURF_OF_LINEAR_EXTRUSION.,.F.,.F.,.F.,(4,
1,1,1,1,1,1,4),(2,2),(0.0807910626856993,0.134650284335935,0.188509505986171,
0.296227949286643,0.403946392587115,0.511664835887587,0.72710172248853,
0.942538609089474),(0.,1.),.UNSPECIFIED.);
#57=B_SPLINE_SURFACE_WITH_KNOTS('',3,1,((#6838,#6839),(#6840,#6841),(#6842,
#6843),(#6844,#6845),(#6846,#6847),(#6848,#6849),(#6850,#6851),(#6852,#6853),
(#6854,#6855),(#6856,#6857)),.SURF_OF_LINEAR_EXTRUSION.,.F.,.F.,.F.,(4,
1,1,1,1,1,1,4),(2,2),(0.0807910626857428,0.134650284335976,0.188509505986209,
0.296227949286676,0.403946392587142,0.511664835887608,0.727101722488541,
0.942538609089474),(0.,1.),.UNSPECIFIED.);
#58=B_SPLINE_SURFACE_WITH_KNOTS('',3,1,((#6861,#6862),(#6863,#6864),(#6865,
#6866),(#6867,#6868),(#6869,#6870),(#6871,#6872),(#6873,#6874),(#6875,#6876),
(#6877,#6878),(#6879,#6880)),.SURF_OF_LINEAR_EXTRUSION.,.F.,.F.,.F.,(4,
1,1,1,1,1,1,4),(2,2),(0.0807910626856954,0.134650284335932,0.188509505986168,
0.29622794928664,0.403946392587112,0.511664835887585,0.727101722488529,
0.942538609089474),(0.,1.),.UNSPECIFIED.);
#59=B_SPLINE_SURFACE_WITH_KNOTS('',3,1,((#6885,#6886),(#6887,#6888),(#6889,
#6890),(#6891,#6892),(#6893,#6894),(#6895,#6896),(#6897,#6898),(#6899,#6900),
(#6901,#6902),(#6903,#6904)),.SURF_OF_LINEAR_EXTRUSION.,.F.,.F.,.F.,(4,
1,1,1,1,1,1,4),(2,2),(0.0807910626857501,0.134650284335983,0.188509505986216,
0.296227949286681,0.403946392587147,0.511664835887612,0.727101722488543,
0.942538609089474),(0.,1.),.UNSPECIFIED.);
#60=B_SPLINE_CURVE_WITH_KNOTS('',3,(#3997,#3998,#3999,#4000,#4001,#4002,
#4003,#4004,#4005,#4006,#4007,#4008,#4009,#4010,#4011),.UNSPECIFIED.,.F.,
 .F.,(4,1,1,1,1,1,1,1,1,1,1,1,4),(0.,0.139269500450047,0.178225687282271,
0.228517846132614,0.288024310735263,0.355498289892451,0.430093575265491,
0.511187196751131,0.598295717327144,0.691029817369246,0.789067219891449,
0.892135407498974,0.942538609089474),.UNSPECIFIED.);
#61=B_SPLINE_CURVE_WITH_KNOTS('',3,(#4012,#4013,#4014,#4015,#4016,#4017,
#4018,#4019,#4020,#4021,#4022,#4023,#4024,#4025,#4026),.UNSPECIFIED.,.F.,
 .F.,(4,1,1,1,1,1,1,1,1,1,1,1,4),(0.,0.139269500450047,0.178225687282271,
0.228517846132614,0.288024310735263,0.355498289892451,0.430093575265491,
0.511187196751131,0.598295717327144,0.691029817369246,0.789067219891449,
0.892135407498974,0.942538609089474),.UNSPECIFIED.);
#62=B_SPLINE_CURVE_WITH_KNOTS('',3,(#4034,#4035,#4036,#4037,#4038,#4039,
#4040,#4041,#4042,#4043,#4044,#4045,#4046,#4047,#4048),.UNSPECIFIED.,.F.,
 .F.,(4,1,1,1,1,1,1,1,1,1,1,1,4),(0.,0.139269500450047,0.178225687282271,
0.228517846132614,0.288024310735263,0.355498289892451,0.430093575265491,
0.511187196751131,0.598295717327144,0.691029817369246,0.789067219891449,
0.892135407498974,0.942538609089474),.UNSPECIFIED.);
#63=B_SPLINE_CURVE_WITH_KNOTS('',3,(#4049,#4050,#4051,#4052,#4053,#4054,
#4055,#4056,#4057,#4058,#4059,#4060,#4061,#4062,#4063),.UNSPECIFIED.,.F.,
 .F.,(4,1,1,1,1,1,1,1,1,1,1,1,4),(0.,0.139269500450047,0.178225687282271,
0.228517846132614,0.288024310735263,0.355498289892451,0.430093575265491,
0.511187196751131,0.598295717327144,0.691029817369246,0.789067219891449,
0.892135407498974,0.942538609089474),.UNSPECIFIED.);
#64=B_SPLINE_CURVE_WITH_KNOTS('',3,(#4071,#4072,#4073,#4074,#4075,#4076,
#4077,#4078,#4079,#4080,#4081,#4082,#4083,#4084,#4085),.UNSPECIFIED.,.F.,
 .F.,(4,1,1,1,1,1,1,1,1,1,1,1,4),(0.,0.139269500450047,0.178225687282271,
0.228517846132614,0.288024310735263,0.355498289892451,0.430093575265491,
0.511187196751131,0.598295717327144,0.691029817369246,0.789067219891449,
0.892135407498974,0.942538609089474),.UNSPECIFIED.);
#65=B_SPLINE_CURVE_WITH_KNOTS('',3,(#4086,#4087,#4088,#4089,#4090,#4091,
#4092,#4093,#4094,#4095,#4096,#4097,#4098,#4099,#4100),.UNSPECIFIED.,.F.,
 .F.,(4,1,1,1,1,1,1,1,1,1,1,1,4),(0.,0.139269500450047,0.178225687282271,
0.228517846132614,0.288024310735263,0.355498289892451,0.430093575265491,
0.511187196751131,0.598295717327144,0.691029817369246,0.789067219891449,
0.892135407498974,0.942538609089474),.UNSPECIFIED.);
#66=B_SPLINE_CURVE_WITH_KNOTS('',3,(#4108,#4109,#4110,#4111,#4112,#4113,
#4114,#4115,#4116,#4117,#4118,#4119,#4120,#4121,#4122),.UNSPECIFIED.,.F.,
 .F.,(4,1,1,1,1,1,1,1,1,1,1,1,4),(0.,0.139269500450047,0.178225687282271,
0.228517846132614,0.288024310735263,0.355498289892451,0.430093575265491,
0.511187196751131,0.598295717327144,0.691029817369246,0.789067219891449,
0.892135407498974,0.942538609089474),.UNSPECIFIED.);
#67=B_SPLINE_CURVE_WITH_KNOTS('',3,(#4123,#4124,#4125,#4126,#4127,#4128,
#4129,#4130,#4131,#4132,#4133,#4134,#4135,#4136,#4137),.UNSPECIFIED.,.F.,
 .F.,(4,1,1,1,1,1,1,1,1,1,1,1,4),(0.,0.139269500450047,0.178225687282271,
0.228517846132614,0.288024310735263,0.355498289892451,0.430093575265491,
0.511187196751131,0.598295717327144,0.691029817369246,0.789067219891449,
0.892135407498974,0.942538609089474),.UNSPECIFIED.);
#68=B_SPLINE_CURVE_WITH_KNOTS('',3,(#4145,#4146,#4147,#4148,#4149,#4150,
#4151,#4152,#4153,#4154,#4155,#4156,#4157,#4158,#4159),.UNSPECIFIED.,.F.,
 .F.,(4,1,1,1,1,1,1,1,1,1,1,1,4),(0.,0.139269500450047,0.178225687282271,
0.228517846132614,0.288024310735263,0.355498289892451,0.430093575265491,
0.511187196751131,0.598295717327144,0.691029817369246,0.789067219891449,
0.892135407498974,0.942538609089474),.UNSPECIFIED.);
#69=B_SPLINE_CURVE_WITH_KNOTS('',3,(#4160,#4161,#4162,#4163,#4164,#4165,
#4166,#4167,#4168,#4169,#4170,#4171,#4172,#4173,#4174),.UNSPECIFIED.,.F.,
 .F.,(4,1,1,1,1,1,1,1,1,1,1,1,4),(0.,0.139269500450047,0.178225687282271,
0.228517846132614,0.288024310735263,0.355498289892451,0.430093575265491,
0.511187196751131,0.598295717327144,0.691029817369246,0.789067219891449,
0.892135407498974,0.942538609089474),.UNSPECIFIED.);
#70=B_SPLINE_CURVE_WITH_KNOTS('',3,(#4182,#4183,#4184,#4185,#4186,#4187,
#4188,#4189,#4190,#4191,#4192,#4193,#4194,#4195,#4196),.UNSPECIFIED.,.F.,
 .F.,(4,1,1,1,1,1,1,1,1,1,1,1,4),(0.,0.139269500450047,0.178225687282271,
0.228517846132614,0.288024310735263,0.355498289892451,0.430093575265491,
0.511187196751131,0.598295717327144,0.691029817369246,0.789067219891449,
0.892135407498974,0.942538609089474),.UNSPECIFIED.);
#71=B_SPLINE_CURVE_WITH_KNOTS('',3,(#4197,#4198,#4199,#4200,#4201,#4202,
#4203,#4204,#4205,#4206,#4207,#4208,#4209,#4210,#4211),.UNSPECIFIED.,.F.,
 .F.,(4,1,1,1,1,1,1,1,1,1,1,1,4),(0.,0.139269500450047,0.178225687282271,
0.228517846132614,0.288024310735263,0.355498289892451,0.430093575265491,
0.511187196751131,0.598295717327144,0.691029817369246,0.789067219891449,
0.892135407498974,0.942538609089474),.UNSPECIFIED.);
#72=B_SPLINE_CURVE_WITH_KNOTS('',3,(#4219,#4220,#4221,#4222,#4223,#4224,
#4225,#4226,#4227,#4228,#4229,#4230,#4231,#4232,#4233),.UNSPECIFIED.,.F.,
 .F.,(4,1,1,1,1,1,1,1,1,1,1,1,4),(0.,0.139269500450047,0.178225687282271,
0.228517846132614,0.288024310735263,0.355498289892451,0.430093575265491,
0.511187196751131,0.598295717327144,0.691029817369246,0.789067219891449,
0.892135407498974,0.942538609089474),.UNSPECIFIED.);
#73=B_SPLINE_CURVE_WITH_KNOTS('',3,(#4234,#4235,#4236,#4237,#4238,#4239,
#4240,#4241,#4242,#4243,#4244,#4245,#4246,#4247,#4248),.UNSPECIFIED.,.F.,
 .F.,(4,1,1,1,1,1,1,1,1,1,1,1,4),(0.,0.139269500450047,0.178225687282271,
0.228517846132614,0.288024310735263,0.355498289892451,0.430093575265491,
0.511187196751131,0.598295717327144,0.691029817369246,0.789067219891449,
0.892135407498974,0.942538609089474),.UNSPECIFIED.);
#74=B_SPLINE_CURVE_WITH_KNOTS('',3,(#4256,#4257,#4258,#4259,#4260,#4261,
#4262,#4263,#4264,#4265,#4266,#4267,#4268,#4269,#4270),.UNSPECIFIED.,.F.,
 .F.,(4,1,1,1,1,1,1,1,1,1,1,1,4),(0.,0.139269500450047,0.178225687282271,
0.228517846132614,0.288024310735263,0.355498289892451,0.430093575265491,
0.511187196751131,0.598295717327144,0.691029817369246,0.789067219891449,
0.892135407498974,0.942538609089474),.UNSPECIFIED.);
#75=B_SPLINE_CURVE_WITH_KNOTS('',3,(#4271,#4272,#4273,#4274,#4275,#4276,
#4277,#4278,#4279,#4280,#4281,#4282,#4283,#4284,#4285),.UNSPECIFIED.,.F.,
 .F.,(4,1,1,1,1,1,1,1,1,1,1,1,4),(0.,0.139269500450047,0.178225687282271,
0.228517846132614,0.288024310735263,0.355498289892451,0.430093575265491,
0.511187196751131,0.598295717327144,0.691029817369246,0.789067219891449,
0.892135407498974,0.942538609089474),.UNSPECIFIED.);
#76=B_SPLINE_CURVE_WITH_KNOTS('',3,(#4293,#4294,#4295,#4296,#4297,#4298,
#4299,#4300,#4301,#4302,#4303,#4304,#4305,#4306,#4307),.UNSPECIFIED.,.F.,
 .F.,(4,1,1,1,1,1,1,1,1,1,1,1,4),(0.,0.139269500450047,0.178225687282271,
0.228517846132614,0.288024310735263,0.355498289892451,0.430093575265491,
0.511187196751131,0.598295717327144,0.691029817369246,0.789067219891449,
0.892135407498974,0.942538609089474),.UNSPECIFIED.);
#77=B_SPLINE_CURVE_WITH_KNOTS('',3,(#4308,#4309,#4310,#4311,#4312,#4313,
#4314,#4315,#4316,#4317,#4318,#4319,#4320,#4321,#4322),.UNSPECIFIED.,.F.,
 .F.,(4,1,1,1,1,1,1,1,1,1,1,1,4),(0.,0.139269500450047,0.178225687282271,
0.228517846132614,0.288024310735263,0.355498289892451,0.430093575265491,
0.511187196751131,0.598295717327144,0.691029817369246,0.789067219891449,
0.892135407498974,0.942538609089474),.UNSPECIFIED.);
#78=B_SPLINE_CURVE_WITH_KNOTS('',3,(#4330,#4331,#4332,#4333,#4334,#4335,
#4336,#4337,#4338,#4339,#4340,#4341,#4342,#4343,#4344),.UNSPECIFIED.,.F.,
 .F.,(4,1,1,1,1,1,1,1,1,1,1,1,4),(0.,0.139269500450047,0.178225687282271,
0.228517846132614,0.288024310735263,0.355498289892451,0.430093575265491,
0.511187196751131,0.598295717327144,0.691029817369246,0.789067219891449,
0.892135407498974,0.942538609089474),.UNSPECIFIED.);
#79=B_SPLINE_CURVE_WITH_KNOTS('',3,(#4345,#4346,#4347,#4348,#4349,#4350,
#4351,#4352,#4353,#4354,#4355,#4356,#4357,#4358,#4359),.UNSPECIFIED.,.F.,
 .F.,(4,1,1,1,1,1,1,1,1,1,1,1,4),(0.,0.139269500450047,0.178225687282271,
0.228517846132614,0.288024310735263,0.355498289892451,0.430093575265491,
0.511187196751131,0.598295717327144,0.691029817369246,0.789067219891449,
0.892135407498974,0.942538609089474),.UNSPECIFIED.);
#80=B_SPLINE_CURVE_WITH_KNOTS('',3,(#4367,#4368,#4369,#4370,#4371,#4372,
#4373,#4374,#4375,#4376,#4377,#4378,#4379,#4380,#4381),.UNSPECIFIED.,.F.,
 .F.,(4,1,1,1,1,1,1,1,1,1,1,1,4),(0.,0.139269500450047,0.178225687282271,
0.228517846132614,0.288024310735263,0.355498289892451,0.430093575265491,
0.511187196751131,0.598295717327144,0.691029817369246,0.789067219891449,
0.892135407498974,0.942538609089474),.UNSPECIFIED.);
#81=B_SPLINE_CURVE_WITH_KNOTS('',3,(#4385,#4386,#4387,#4388,#4389,#4390,
#4391,#4392,#4393,#4394,#4395,#4396,#4397,#4398,#4399),.UNSPECIFIED.,.F.,
 .F.,(4,1,1,1,1,1,1,1,1,1,1,1,4),(0.,0.139269500450047,0.178225687282271,
0.228517846132614,0.288024310735263,0.355498289892451,0.430093575265491,
0.511187196751131,0.598295717327144,0.691029817369246,0.789067219891449,
0.892135407498974,0.942538609089474),.UNSPECIFIED.);
#82=B_SPLINE_CURVE_WITH_KNOTS('',3,(#4407,#4408,#4409,#4410,#4411,#4412,
#4413,#4414,#4415,#4416,#4417,#4418,#4419,#4420,#4421),.UNSPECIFIED.,.F.,
 .F.,(4,1,1,1,1,1,1,1,1,1,1,1,4),(0.,0.139269500450047,0.178225687282271,
0.228517846132614,0.288024310735263,0.355498289892451,0.430093575265491,
0.511187196751131,0.598295717327144,0.691029817369246,0.789067219891449,
0.892135407498974,0.942538609089474),.UNSPECIFIED.);
#83=B_SPLINE_CURVE_WITH_KNOTS('',3,(#4422,#4423,#4424,#4425,#4426,#4427,
#4428,#4429,#4430,#4431,#4432,#4433,#4434,#4435,#4436),.UNSPECIFIED.,.F.,
 .F.,(4,1,1,1,1,1,1,1,1,1,1,1,4),(0.,0.139269500450047,0.178225687282271,
0.228517846132614,0.288024310735263,0.355498289892451,0.430093575265491,
0.511187196751131,0.598295717327144,0.691029817369246,0.789067219891449,
0.892135407498974,0.942538609089474),.UNSPECIFIED.);
#84=B_SPLINE_CURVE_WITH_KNOTS('',3,(#4444,#4445,#4446,#4447,#4448,#4449,
#4450,#4451,#4452,#4453,#4454,#4455,#4456,#4457,#4458),.UNSPECIFIED.,.F.,
 .F.,(4,1,1,1,1,1,1,1,1,1,1,1,4),(0.,0.139269500450047,0.178225687282271,
0.228517846132614,0.288024310735263,0.355498289892451,0.430093575265491,
0.511187196751131,0.598295717327144,0.691029817369246,0.789067219891449,
0.892135407498974,0.942538609089474),.UNSPECIFIED.);
#85=B_SPLINE_CURVE_WITH_KNOTS('',3,(#4459,#4460,#4461,#4462,#4463,#4464,
#4465,#4466,#4467,#4468,#4469,#4470,#4471,#4472,#4473),.UNSPECIFIED.,.F.,
 .F.,(4,1,1,1,1,1,1,1,1,1,1,1,4),(0.,0.139269500450047,0.178225687282271,
0.228517846132614,0.288024310735263,0.355498289892451,0.430093575265491,
0.511187196751131,0.598295717327144,0.691029817369246,0.789067219891449,
0.892135407498974,0.942538609089474),.UNSPECIFIED.);
#86=B_SPLINE_CURVE_WITH_KNOTS('',3,(#4481,#4482,#4483,#4484,#4485,#4486,
#4487,#4488,#4489,#4490,#4491,#4492,#4493,#4494,#4495),.UNSPECIFIED.,.F.,
 .F.,(4,1,1,1,1,1,1,1,1,1,1,1,4),(0.,0.139269500450047,0.178225687282271,
0.228517846132614,0.288024310735263,0.355498289892451,0.430093575265491,
0.511187196751131,0.598295717327144,0.691029817369246,0.789067219891449,
0.892135407498974,0.942538609089474),.UNSPECIFIED.);
#87=B_SPLINE_CURVE_WITH_KNOTS('',3,(#4496,#4497,#4498,#4499,#4500,#4501,
#4502,#4503,#4504,#4505,#4506,#4507,#4508,#4509,#4510),.UNSPECIFIED.,.F.,
 .F.,(4,1,1,1,1,1,1,1,1,1,1,1,4),(0.,0.139269500450047,0.178225687282271,
0.228517846132614,0.288024310735263,0.355498289892451,0.430093575265491,
0.511187196751131,0.598295717327144,0.691029817369246,0.789067219891449,
0.892135407498974,0.942538609089474),.UNSPECIFIED.);
#88=B_SPLINE_CURVE_WITH_KNOTS('',3,(#4518,#4519,#4520,#4521,#4522,#4523,
#4524,#4525,#4526,#4527,#4528,#4529,#4530,#4531,#4532),.UNSPECIFIED.,.F.,
 .F.,(4,1,1,1,1,1,1,1,1,1,1,1,4),(0.,0.139269500450047,0.178225687282271,
0.228517846132614,0.288024310735263,0.355498289892451,0.430093575265491,
0.511187196751131,0.598295717327144,0.691029817369246,0.789067219891449,
0.892135407498974,0.942538609089474),.UNSPECIFIED.);
#89=B_SPLINE_CURVE_WITH_KNOTS('',3,(#4533,#4534,#4535,#4536,#4537,#4538,
#4539,#4540,#4541,#4542,#4543,#4544,#4545,#4546,#4547),.UNSPECIFIED.,.F.,
 .F.,(4,1,1,1,1,1,1,1,1,1,1,1,4),(0.,0.139269500450047,0.178225687282271,
0.228517846132614,0.288024310735263,0.355498289892451,0.430093575265491,
0.511187196751131,0.598295717327144,0.691029817369246,0.789067219891449,
0.892135407498974,0.942538609089474),.UNSPECIFIED.);
#90=B_SPLINE_CURVE_WITH_KNOTS('',3,(#4555,#4556,#4557,#4558,#4559,#4560,
#4561,#4562,#4563,#4564,#4565,#4566,#4567,#4568,#4569),.UNSPECIFIED.,.F.,
 .F.,(4,1,1,1,1,1,1,1,1,1,1,1,4),(0.,0.139269500450047,0.178225687282271,
0.228517846132614,0.288024310735263,0.355498289892451,0.430093575265491,
0.511187196751131,0.598295717327144,0.691029817369246,0.789067219891449,
0.892135407498974,0.942538609089474),.UNSPECIFIED.);
#91=B_SPLINE_CURVE_WITH_KNOTS('',3,(#4570,#4571,#4572,#4573,#4574,#4575,
#4576,#4577,#4578,#4579,#4580,#4581,#4582,#4583,#4584),.UNSPECIFIED.,.F.,
 .F.,(4,1,1,1,1,1,1,1,1,1,1,1,4),(0.,0.139269500450047,0.178225687282271,
0.228517846132614,0.288024310735263,0.355498289892451,0.430093575265491,
0.511187196751131,0.598295717327144,0.691029817369246,0.789067219891449,
0.892135407498974,0.942538609089474),.UNSPECIFIED.);
#92=B_SPLINE_CURVE_WITH_KNOTS('',3,(#4592,#4593,#4594,#4595,#4596,#4597,
#4598,#4599,#4600,#4601,#4602,#4603,#4604,#4605,#4606),.UNSPECIFIED.,.F.,
 .F.,(4,1,1,1,1,1,1,1,1,1,1,1,4),(0.,0.139269500450047,0.178225687282271,
0.228517846132614,0.288024310735263,0.355498289892451,0.430093575265491,
0.511187196751131,0.598295717327144,0.691029817369246,0.789067219891449,
0.892135407498974,0.942538609089474),.UNSPECIFIED.);
#93=B_SPLINE_CURVE_WITH_KNOTS('',3,(#4607,#4608,#4609,#4610,#4611,#4612,
#4613,#4614,#4615,#4616,#4617,#4618,#4619,#4620,#4621),.UNSPECIFIED.,.F.,
 .F.,(4,1,1,1,1,1,1,1,1,1,1,1,4),(0.,0.139269500450047,0.178225687282271,
0.228517846132614,0.288024310735263,0.355498289892451,0.430093575265491,
0.511187196751131,0.598295717327144,0.691029817369246,0.789067219891449,
0.892135407498974,0.942538609089474),.UNSPECIFIED.);
#94=B_SPLINE_CURVE_WITH_KNOTS('',3,(#4629,#4630,#4631,#4632,#4633,#4634,
#4635,#4636,#4637,#4638,#4639,#4640,#4641,#4642,#4643),.UNSPECIFIED.,.F.,
 .F.,(4,1,1,1,1,1,1,1,1,1,1,1,4),(0.,0.139269500450047,0.178225687282271,
0.228517846132614,0.288024310735263,0.355498289892451,0.430093575265491,
0.511187196751131,0.598295717327144,0.691029817369246,0.789067219891449,
0.892135407498974,0.942538609089474),.UNSPECIFIED.);
#95=B_SPLINE_CURVE_WITH_KNOTS('',3,(#4644,#4645,#4646,#4647,#4648,#4649,
#4650,#4651,#4652,#4653,#4654,#4655,#4656,#4657,#4658),.UNSPECIFIED.,.F.,
 .F.,(4,1,1,1,1,1,1,1,1,1,1,1,4),(0.,0.139269500450047,0.178225687282271,
0.228517846132614,0.288024310735263,0.355498289892451,0.430093575265491,
0.511187196751131,0.598295717327144,0.691029817369246,0.789067219891449,
0.892135407498974,0.942538609089474),.UNSPECIFIED.);
#96=B_SPLINE_CURVE_WITH_KNOTS('',3,(#4666,#4667,#4668,#4669,#4670,#4671,
#4672,#4673,#4674,#4675,#4676,#4677,#4678,#4679,#4680),.UNSPECIFIED.,.F.,
 .F.,(4,1,1,1,1,1,1,1,1,1,1,1,4),(0.,0.139269500450047,0.178225687282271,
0.228517846132614,0.288024310735263,0.355498289892451,0.430093575265491,
0.511187196751131,0.598295717327144,0.691029817369246,0.789067219891449,
0.892135407498974,0.942538609089474),.UNSPECIFIED.);
#97=B_SPLINE_CURVE_WITH_KNOTS('',3,(#4681,#4682,#4683,#4684,#4685,#4686,
#4687,#4688,#4689,#4690,#4691,#4692,#4693,#4694,#4695),.UNSPECIFIED.,.F.,
 .F.,(4,1,1,1,1,1,1,1,1,1,1,1,4),(0.,0.139269500450047,0.178225687282271,
0.228517846132614,0.288024310735263,0.355498289892451,0.430093575265491,
0.511187196751131,0.598295717327144,0.691029817369246,0.789067219891449,
0.892135407498974,0.942538609089474),.UNSPECIFIED.);
#98=B_SPLINE_CURVE_WITH_KNOTS('',3,(#4703,#4704,#4705,#4706,#4707,#4708,
#4709,#4710,#4711,#4712,#4713,#4714,#4715,#4716,#4717),.UNSPECIFIED.,.F.,
 .F.,(4,1,1,1,1,1,1,1,1,1,1,1,4),(0.,0.139269500450047,0.178225687282271,
0.228517846132614,0.288024310735263,0.355498289892451,0.430093575265491,
0.511187196751131,0.598295717327144,0.691029817369246,0.789067219891449,
0.892135407498974,0.942538609089474),.UNSPECIFIED.);
#99=B_SPLINE_CURVE_WITH_KNOTS('',3,(#4718,#4719,#4720,#4721,#4722,#4723,
#4724,#4725,#4726,#4727,#4728,#4729,#4730,#4731,#4732),.UNSPECIFIED.,.F.,
 .F.,(4,1,1,1,1,1,1,1,1,1,1,1,4),(0.,0.139269500450047,0.178225687282271,
0.228517846132614,0.288024310735263,0.355498289892451,0.430093575265491,
0.511187196751131,0.598295717327144,0.691029817369246,0.789067219891449,
0.892135407498974,0.942538609089474),.UNSPECIFIED.);
#100=B_SPLINE_CURVE_WITH_KNOTS('',3,(#4740,#4741,#4742,#4743,#4744,#4745,
#4746,#4747,#4748,#4749,#4750,#4751,#4752,#4753,#4754),.UNSPECIFIED.,.F.,
 .F.,(4,1,1,1,1,1,1,1,1,1,1,1,4),(0.,0.139269500450047,0.178225687282271,
0.228517846132614,0.288024310735263,0.355498289892451,0.430093575265491,
0.511187196751131,0.598295717327144,0.691029817369246,0.789067219891449,
0.892135407498974,0.942538609089474),.UNSPECIFIED.);
#101=B_SPLINE_CURVE_WITH_KNOTS('',3,(#4755,#4756,#4757,#4758,#4759,#4760,
#4761,#4762,#4763,#4764,#4765,#4766,#4767,#4768,#4769),.UNSPECIFIED.,.F.,
 .F.,(4,1,1,1,1,1,1,1,1,1,1,1,4),(0.,0.139269500450047,0.178225687282271,
0.228517846132614,0.288024310735263,0.355498289892451,0.430093575265491,
0.511187196751131,0.598295717327144,0.691029817369246,0.789067219891449,
0.892135407498974,0.942538609089474),.UNSPECIFIED.);
#102=B_SPLINE_CURVE_WITH_KNOTS('',3,(#4777,#4778,#4779,#4780,#4781,#4782,
#4783,#4784,#4785,#4786,#4787,#4788,#4789,#4790,#4791),.UNSPECIFIED.,.F.,
 .F.,(4,1,1,1,1,1,1,1,1,1,1,1,4),(0.,0.139269500450047,0.178225687282271,
0.228517846132614,0.288024310735263,0.355498289892451,0.430093575265491,
0.511187196751131,0.598295717327144,0.691029817369246,0.789067219891449,
0.892135407498974,0.942538609089474),.UNSPECIFIED.);
#103=B_SPLINE_CURVE_WITH_KNOTS('',3,(#4792,#4793,#4794,#4795,#4796,#4797,
#4798,#4799,#4800,#4801,#4802,#4803,#4804,#4805,#4806),.UNSPECIFIED.,.F.,
 .F.,(4,1,1,1,1,1,1,1,1,1,1,1,4),(0.,0.139269500450047,0.178225687282271,
0.228517846132614,0.288024310735263,0.355498289892451,0.430093575265491,
0.511187196751131,0.598295717327144,0.691029817369246,0.789067219891449,
0.892135407498974,0.942538609089474),.UNSPECIFIED.);
#104=B_SPLINE_CURVE_WITH_KNOTS('',3,(#4814,#4815,#4816,#4817,#4818,#4819,
#4820,#4821,#4822,#4823,#4824,#4825,#4826,#4827,#4828),.UNSPECIFIED.,.F.,
 .F.,(4,1,1,1,1,1,1,1,1,1,1,1,4),(0.,0.139269500450047,0.178225687282271,
0.228517846132614,0.288024310735263,0.355498289892451,0.430093575265491,
0.511187196751131,0.598295717327144,0.691029817369246,0.789067219891449,
0.892135407498974,0.942538609089474),.UNSPECIFIED.);
#105=B_SPLINE_CURVE_WITH_KNOTS('',3,(#4829,#4830,#4831,#4832,#4833,#4834,
#4835,#4836,#4837,#4838,#4839,#4840,#4841,#4842,#4843),.UNSPECIFIED.,.F.,
 .F.,(4,1,1,1,1,1,1,1,1,1,1,1,4),(0.,0.139269500450047,0.178225687282271,
0.228517846132614,0.288024310735263,0.355498289892451,0.430093575265491,
0.511187196751131,0.598295717327144,0.691029817369246,0.789067219891449,
0.892135407498974,0.942538609089474),.UNSPECIFIED.);
#106=B_SPLINE_CURVE_WITH_KNOTS('',3,(#4851,#4852,#4853,#4854,#4855,#4856,
#4857,#4858,#4859,#4860,#4861,#4862,#4863,#4864,#4865),.UNSPECIFIED.,.F.,
 .F.,(4,1,1,1,1,1,1,1,1,1,1,1,4),(0.,0.139269500450047,0.178225687282271,
0.228517846132614,0.288024310735263,0.355498289892451,0.430093575265491,
0.511187196751131,0.598295717327144,0.691029817369246,0.789067219891449,
0.892135407498974,0.942538609089474),.UNSPECIFIED.);
#107=B_SPLINE_CURVE_WITH_KNOTS('',3,(#4866,#4867,#4868,#4869,#4870,#4871,
#4872,#4873,#4874,#4875,#4876,#4877,#4878,#4879,#4880),.UNSPECIFIED.,.F.,
 .F.,(4,1,1,1,1,1,1,1,1,1,1,1,4),(0.,0.139269500450047,0.178225687282271,
0.228517846132614,0.288024310735263,0.355498289892451,0.430093575265491,
0.511187196751131,0.598295717327144,0.691029817369246,0.789067219891449,
0.892135407498974,0.942538609089474),.UNSPECIFIED.);
#108=B_SPLINE_CURVE_WITH_KNOTS('',3,(#4895,#4896,#4897,#4898,#4899,#4900,
#4901,#4902,#4903,#4904,#4905,#4906,#4907,#4908,#4909),.UNSPECIFIED.,.F.,
 .F.,(4,1,1,1,1,1,1,1,1,1,1,1,4),(0.,0.139269500450047,0.178225687282271,
0.228517846132614,0.288024310735263,0.355498289892451,0.430093575265491,
0.511187196751131,0.598295717327144,0.691029817369246,0.789067219891449,
0.892135407498974,0.942538609089474),.UNSPECIFIED.);
#109=B_SPLINE_CURVE_WITH_KNOTS('',3,(#4910,#4911,#4912,#4913,#4914,#4915,
#4916,#4917,#4918,#4919,#4920,#4921,#4922,#4923,#4924),.UNSPECIFIED.,.F.,
 .F.,(4,1,1,1,1,1,1,1,1,1,1,1,4),(0.,0.139269500450047,0.178225687282271,
0.228517846132614,0.288024310735263,0.355498289892451,0.430093575265491,
0.511187196751131,0.598295717327144,0.691029817369246,0.789067219891449,
0.892135407498974,0.942538609089474),.UNSPECIFIED.);
#110=B_SPLINE_CURVE_WITH_KNOTS('',3,(#4932,#4933,#4934,#4935,#4936,#4937,
#4938,#4939,#4940,#4941,#4942,#4943,#4944,#4945,#4946),.UNSPECIFIED.,.F.,
 .F.,(4,1,1,1,1,1,1,1,1,1,1,1,4),(0.,0.139269500450047,0.178225687282271,
0.228517846132614,0.288024310735263,0.355498289892451,0.430093575265491,
0.511187196751131,0.598295717327144,0.691029817369246,0.789067219891449,
0.892135407498974,0.942538609089474),.UNSPECIFIED.);
#111=B_SPLINE_CURVE_WITH_KNOTS('',3,(#4947,#4948,#4949,#4950,#4951,#4952,
#4953,#4954,#4955,#4956,#4957,#4958,#4959,#4960,#4961),.UNSPECIFIED.,.F.,
 .F.,(4,1,1,1,1,1,1,1,1,1,1,1,4),(0.,0.139269500450047,0.178225687282271,
0.228517846132614,0.288024310735263,0.355498289892451,0.430093575265491,
0.511187196751131,0.598295717327144,0.691029817369246,0.789067219891449,
0.892135407498974,0.942538609089474),.UNSPECIFIED.);
#112=B_SPLINE_CURVE_WITH_KNOTS('',3,(#4969,#4970,#4971,#4972,#4973,#4974,
#4975,#4976,#4977,#4978,#4979,#4980,#4981,#4982,#4983),.UNSPECIFIED.,.F.,
 .F.,(4,1,1,1,1,1,1,1,1,1,1,1,4),(0.,0.139269500450047,0.178225687282271,
0.228517846132614,0.288024310735263,0.355498289892451,0.430093575265491,
0.511187196751131,0.598295717327144,0.691029817369246,0.789067219891449,
0.892135407498974,0.942538609089474),.UNSPECIFIED.);
#113=B_SPLINE_CURVE_WITH_KNOTS('',3,(#4984,#4985,#4986,#4987,#4988,#4989,
#4990,#4991,#4992,#4993,#4994,#4995,#4996,#4997,#4998),.UNSPECIFIED.,.F.,
 .F.,(4,1,1,1,1,1,1,1,1,1,1,1,4),(0.,0.139269500450047,0.178225687282271,
0.228517846132614,0.288024310735263,0.355498289892451,0.430093575265491,
0.511187196751131,0.598295717327144,0.691029817369246,0.789067219891449,
0.892135407498974,0.942538609089474),.UNSPECIFIED.);
#114=B_SPLINE_CURVE_WITH_KNOTS('',3,(#5006,#5007,#5008,#5009,#5010,#5011,
#5012,#5013,#5014,#5015,#5016,#5017,#5018,#5019,#5020),.UNSPECIFIED.,.F.,
 .F.,(4,1,1,1,1,1,1,1,1,1,1,1,4),(0.,0.139269500450047,0.178225687282271,
0.228517846132614,0.288024310735263,0.355498289892451,0.430093575265491,
0.511187196751131,0.598295717327144,0.691029817369246,0.789067219891449,
0.892135407498974,0.942538609089474),.UNSPECIFIED.);
#115=B_SPLINE_CURVE_WITH_KNOTS('',3,(#5021,#5022,#5023,#5024,#5025,#5026,
#5027,#5028,#5029,#5030,#5031,#5032,#5033,#5034,#5035),.UNSPECIFIED.,.F.,
 .F.,(4,1,1,1,1,1,1,1,1,1,1,1,4),(0.,0.139269500450047,0.178225687282271,
0.228517846132614,0.288024310735263,0.355498289892451,0.430093575265491,
0.511187196751131,0.598295717327144,0.691029817369246,0.789067219891449,
0.892135407498974,0.942538609089474),.UNSPECIFIED.);
#116=B_SPLINE_CURVE_WITH_KNOTS('',3,(#5043,#5044,#5045,#5046,#5047,#5048,
#5049,#5050,#5051,#5052,#5053,#5054,#5055,#5056,#5057),.UNSPECIFIED.,.F.,
 .F.,(4,1,1,1,1,1,1,1,1,1,1,1,4),(0.,0.139269500450047,0.178225687282271,
0.228517846132614,0.288024310735263,0.355498289892451,0.430093575265491,
0.511187196751131,0.598295717327144,0.691029817369246,0.789067219891449,
0.892135407498974,0.942538609089474),.UNSPECIFIED.);
#117=B_SPLINE_CURVE_WITH_KNOTS('',3,(#5058,#5059,#5060,#5061,#5062,#5063,
#5064,#5065,#5066,#5067,#5068,#5069,#5070,#5071,#5072),.UNSPECIFIED.,.F.,
 .F.,(4,1,1,1,1,1,1,1,1,1,1,1,4),(0.,0.139269500450047,0.178225687282271,
0.228517846132614,0.288024310735263,0.355498289892451,0.430093575265491,
0.511187196751131,0.598295717327144,0.691029817369246,0.789067219891449,
0.892135407498974,0.942538609089474),.UNSPECIFIED.);
#118=B_SPLINE_CURVE_WITH_KNOTS('',3,(#5080,#5081,#5082,#5083,#5084,#5085,
#5086,#5087,#5088,#5089,#5090,#5091,#5092,#5093,#5094),.UNSPECIFIED.,.F.,
 .F.,(4,1,1,1,1,1,1,1,1,1,1,1,4),(0.,0.139269500450047,0.178225687282271,
0.228517846132614,0.288024310735263,0.355498289892451,0.430093575265491,
0.511187196751131,0.598295717327144,0.691029817369246,0.789067219891449,
0.892135407498974,0.942538609089474),.UNSPECIFIED.);
#119=B_SPLINE_CURVE_WITH_KNOTS('',3,(#5095,#5096,#5097,#5098,#5099,#5100,
#5101,#5102,#5103,#5104,#5105,#5106,#5107,#5108,#5109),.UNSPECIFIED.,.F.,
 .F.,(4,1,1,1,1,1,1,1,1,1,1,1,4),(0.,0.139269500450047,0.178225687282271,
0.228517846132614,0.288024310735263,0.355498289892451,0.430093575265491,
0.511187196751131,0.598295717327144,0.691029817369246,0.789067219891449,
0.892135407498974,0.942538609089474),.UNSPECIFIED.);
#120=B_SPLINE_CURVE_WITH_KNOTS('',3,(#5117,#5118,#5119,#5120,#5121,#5122,
#5123,#5124,#5125,#5126,#5127,#5128,#5129,#5130,#5131),.UNSPECIFIED.,.F.,
 .F.,(4,1,1,1,1,1,1,1,1,1,1,1,4),(0.,0.139269500450047,0.178225687282271,
0.228517846132614,0.288024310735263,0.355498289892451,0.430093575265491,
0.511187196751131,0.598295717327144,0.691029817369246,0.789067219891449,
0.892135407498974,0.942538609089474),.UNSPECIFIED.);
#121=B_SPLINE_CURVE_WITH_KNOTS('',3,(#5132,#5133,#5134,#5135,#5136,#5137,
#5138,#5139,#5140,#5141,#5142,#5143,#5144,#5145,#5146),.UNSPECIFIED.,.F.,
 .F.,(4,1,1,1,1,1,1,1,1,1,1,1,4),(0.,0.139269500450047,0.178225687282271,
0.228517846132614,0.288024310735263,0.355498289892451,0.430093575265491,
0.511187196751131,0.598295717327144,0.691029817369246,0.789067219891449,
0.892135407498974,0.942538609089474),.UNSPECIFIED.);
#122=B_SPLINE_CURVE_WITH_KNOTS('',3,(#5154,#5155,#5156,#5157,#5158,#5159,
#5160,#5161,#5162,#5163,#5164,#5165,#5166,#5167,#5168),.UNSPECIFIED.,.F.,
 .F.,(4,1,1,1,1,1,1,1,1,1,1,1,4),(0.,0.139269500450047,0.178225687282271,
0.228517846132614,0.288024310735263,0.355498289892451,0.430093575265491,
0.511187196751131,0.598295717327144,0.691029817369246,0.789067219891449,
0.892135407498974,0.942538609089474),.UNSPECIFIED.);
#123=B_SPLINE_CURVE_WITH_KNOTS('',3,(#5169,#5170,#5171,#5172,#5173,#5174,
#5175,#5176,#5177,#5178,#5179,#5180,#5181,#5182,#5183),.UNSPECIFIED.,.F.,
 .F.,(4,1,1,1,1,1,1,1,1,1,1,1,4),(0.,0.139269500450047,0.178225687282271,
0.228517846132614,0.288024310735263,0.355498289892451,0.430093575265491,
0.511187196751131,0.598295717327144,0.691029817369246,0.789067219891449,
0.892135407498974,0.942538609089474),.UNSPECIFIED.);
#124=B_SPLINE_CURVE_WITH_KNOTS('',3,(#5191,#5192,#5193,#5194,#5195,#5196,
#5197,#5198,#5199,#5200,#5201,#5202,#5203,#5204,#5205),.UNSPECIFIED.,.F.,
 .F.,(4,1,1,1,1,1,1,1,1,1,1,1,4),(0.,0.139269500450047,0.178225687282271,
0.228517846132614,0.288024310735263,0.355498289892451,0.430093575265491,
0.511187196751131,0.598295717327144,0.691029817369246,0.789067219891449,
0.892135407498974,0.942538609089474),.UNSPECIFIED.);
#125=B_SPLINE_CURVE_WITH_KNOTS('',3,(#5206,#5207,#5208,#5209,#5210,#5211,
#5212,#5213,#5214,#5215,#5216,#5217,#5218,#5219,#5220),.UNSPECIFIED.,.F.,
 .F.,(4,1,1,1,1,1,1,1,1,1,1,1,4),(0.,0.139269500450047,0.178225687282271,
0.228517846132614,0.288024310735263,0.355498289892451,0.430093575265491,
0.511187196751131,0.598295717327144,0.691029817369246,0.789067219891449,
0.892135407498974,0.942538609089474),.UNSPECIFIED.);
#126=B_SPLINE_CURVE_WITH_KNOTS('',3,(#5228,#5229,#5230,#5231,#5232,#5233,
#5234,#5235,#5236,#5237,#5238,#5239,#5240,#5241,#5242),.UNSPECIFIED.,.F.,
 .F.,(4,1,1,1,1,1,1,1,1,1,1,1,4),(0.,0.139269500450047,0.178225687282271,
0.228517846132614,0.288024310735263,0.355498289892451,0.430093575265491,
0.511187196751131,0.598295717327144,0.691029817369246,0.789067219891449,
0.892135407498974,0.942538609089474),.UNSPECIFIED.);
#127=B_SPLINE_CURVE_WITH_KNOTS('',3,(#5243,#5244,#5245,#5246,#5247,#5248,
#5249,#5250,#5251,#5252,#5253,#5254,#5255,#5256,#5257),.UNSPECIFIED.,.F.,
 .F.,(4,1,1,1,1,1,1,1,1,1,1,1,4),(0.,0.139269500450047,0.178225687282271,
0.228517846132614,0.288024310735263,0.355498289892451,0.430093575265491,
0.511187196751131,0.598295717327144,0.691029817369246,0.789067219891449,
0.892135407498974,0.942538609089474),.UNSPECIFIED.);
#128=B_SPLINE_CURVE_WITH_KNOTS('',3,(#5265,#5266,#5267,#5268,#5269,#5270,
#5271,#5272,#5273,#5274,#5275,#5276,#5277,#5278,#5279),.UNSPECIFIED.,.F.,
 .F.,(4,1,1,1,1,1,1,1,1,1,1,1,4),(0.,0.139269500450047,0.178225687282271,
0.228517846132614,0.288024310735263,0.355498289892451,0.430093575265491,
0.511187196751131,0.598295717327144,0.691029817369246,0.789067219891449,
0.892135407498974,0.942538609089474),.UNSPECIFIED.);
#129=B_SPLINE_CURVE_WITH_KNOTS('',3,(#5280,#5281,#5282,#5283,#5284,#5285,
#5286,#5287,#5288,#5289,#5290,#5291,#5292,#5293,#5294),.UNSPECIFIED.,.F.,
 .F.,(4,1,1,1,1,1,1,1,1,1,1,1,4),(0.,0.139269500450047,0.178225687282271,
0.228517846132614,0.288024310735263,0.355498289892451,0.430093575265491,
0.511187196751131,0.598295717327144,0.691029817369246,0.789067219891449,
0.892135407498974,0.942538609089474),.UNSPECIFIED.);
#130=B_SPLINE_CURVE_WITH_KNOTS('',3,(#5302,#5303,#5304,#5305,#5306,#5307,
#5308,#5309,#5310,#5311,#5312,#5313,#5314,#5315,#5316),.UNSPECIFIED.,.F.,
 .F.,(4,1,1,1,1,1,1,1,1,1,1,1,4),(0.,0.139269500450047,0.178225687282271,
0.228517846132614,0.288024310735263,0.355498289892451,0.430093575265491,
0.511187196751131,0.598295717327144,0.691029817369246,0.789067219891449,
0.892135407498974,0.942538609089474),.UNSPECIFIED.);
#131=B_SPLINE_CURVE_WITH_KNOTS('',3,(#5317,#5318,#5319,#5320,#5321,#5322,
#5323,#5324,#5325,#5326,#5327,#5328,#5329,#5330,#5331),.UNSPECIFIED.,.F.,
 .F.,(4,1,1,1,1,1,1,1,1,1,1,1,4),(0.,0.139269500450047,0.178225687282271,
0.228517846132614,0.288024310735263,0.355498289892451,0.430093575265491,
0.511187196751131,0.598295717327144,0.691029817369246,0.789067219891449,
0.892135407498974,0.942538609089474),.UNSPECIFIED.);
#132=B_SPLINE_CURVE_WITH_KNOTS('',3,(#5339,#5340,#5341,#5342,#5343,#5344,
#5345,#5346,#5347,#5348,#5349,#5350,#5351,#5352,#5353),.UNSPECIFIED.,.F.,
 .F.,(4,1,1,1,1,1,1,1,1,1,1,1,4),(0.,0.139269500450047,0.178225687282271,
0.228517846132614,0.288024310735263,0.355498289892451,0.430093575265491,
0.511187196751131,0.598295717327144,0.691029817369246,0.789067219891449,
0.892135407498974,0.942538609089474),.UNSPECIFIED.);
#133=B_SPLINE_CURVE_WITH_KNOTS('',3,(#5354,#5355,#5356,#5357,#5358,#5359,
#5360,#5361,#5362,#5363,#5364,#5365,#5366,#5367,#5368),.UNSPECIFIED.,.F.,
 .F.,(4,1,1,1,1,1,1,1,1,1,1,1,4),(0.,0.139269500450047,0.178225687282271,
0.228517846132614,0.288024310735263,0.355498289892451,0.430093575265491,
0.511187196751131,0.598295717327144,0.691029817369246,0.789067219891449,
0.892135407498974,0.942538609089474),.UNSPECIFIED.);
#134=B_SPLINE_CURVE_WITH_KNOTS('',3,(#5376,#5377,#5378,#5379,#5380,#5381,
#5382,#5383,#5384,#5385,#5386,#5387,#5388,#5389,#5390),.UNSPECIFIED.,.F.,
 .F.,(4,1,1,1,1,1,1,1,1,1,1,1,4),(0.,0.139269500450047,0.178225687282271,
0.228517846132614,0.288024310735263,0.355498289892451,0.430093575265491,
0.511187196751131,0.598295717327144,0.691029817369246,0.789067219891449,
0.892135407498974,0.942538609089474),.UNSPECIFIED.);
#135=B_SPLINE_CURVE_WITH_KNOTS('',3,(#5391,#5392,#5393,#5394,#5395,#5396,
#5397,#5398,#5399,#5400,#5401,#5402,#5403,#5404,#5405),.UNSPECIFIED.,.F.,
 .F.,(4,1,1,1,1,1,1,1,1,1,1,1,4),(0.,0.139269500450047,0.178225687282271,
0.228517846132614,0.288024310735263,0.355498289892451,0.430093575265491,
0.511187196751131,0.598295717327144,0.691029817369246,0.789067219891449,
0.892135407498974,0.942538609089474),.UNSPECIFIED.);
#136=B_SPLINE_CURVE_WITH_KNOTS('',3,(#5413,#5414,#5415,#5416,#5417,#5418,
#5419,#5420,#5421,#5422,#5423,#5424,#5425,#5426,#5427),.UNSPECIFIED.,.F.,
 .F.,(4,1,1,1,1,1,1,1,1,1,1,1,4),(0.,0.139269500450047,0.178225687282271,
0.228517846132614,0.288024310735263,0.355498289892451,0.430093575265491,
0.511187196751131,0.598295717327144,0.691029817369246,0.789067219891449,
0.892135407498974,0.942538609089474),.UNSPECIFIED.);
#137=B_SPLINE_CURVE_WITH_KNOTS('',3,(#5428,#5429,#5430,#5431,#5432,#5433,
#5434,#5435,#5436,#5437,#5438,#5439,#5440,#5441,#5442),.UNSPECIFIED.,.F.,
 .F.,(4,1,1,1,1,1,1,1,1,1,1,1,4),(0.,0.139269500450047,0.178225687282271,
0.228517846132614,0.288024310735263,0.355498289892451,0.430093575265491,
0.511187196751131,0.598295717327144,0.691029817369246,0.789067219891449,
0.892135407498974,0.942538609089474),.UNSPECIFIED.);
#138=B_SPLINE_CURVE_WITH_KNOTS('',3,(#5450,#5451,#5452,#5453,#5454,#5455,
#5456,#5457,#5458,#5459,#5460,#5461,#5462,#5463,#5464),.UNSPECIFIED.,.F.,
 .F.,(4,1,1,1,1,1,1,1,1,1,1,1,4),(0.,0.139269500450047,0.178225687282271,
0.228517846132614,0.288024310735263,0.355498289892451,0.430093575265491,
0.511187196751131,0.598295717327144,0.691029817369246,0.789067219891449,
0.892135407498974,0.942538609089474),.UNSPECIFIED.);
#139=B_SPLINE_CURVE_WITH_KNOTS('',3,(#5465,#5466,#5467,#5468,#5469,#5470,
#5471,#5472,#5473,#5474,#5475,#5476,#5477,#5478,#5479),.UNSPECIFIED.,.F.,
 .F.,(4,1,1,1,1,1,1,1,1,1,1,1,4),(0.,0.139269500450047,0.178225687282271,
0.228517846132614,0.288024310735263,0.355498289892451,0.430093575265491,
0.511187196751131,0.598295717327144,0.691029817369246,0.789067219891449,
0.892135407498974,0.942538609089474),.UNSPECIFIED.);
#140=B_SPLINE_CURVE_WITH_KNOTS('',3,(#5487,#5488,#5489,#5490,#5491,#5492,
#5493,#5494,#5495,#5496,#5497,#5498,#5499,#5500,#5501),.UNSPECIFIED.,.F.,
 .F.,(4,1,1,1,1,1,1,1,1,1,1,1,4),(0.,0.139269500450047,0.178225687282271,
0.228517846132614,0.288024310735263,0.355498289892451,0.430093575265491,
0.511187196751131,0.598295717327144,0.691029817369246,0.789067219891449,
0.892135407498974,0.942538609089474),.UNSPECIFIED.);
#141=B_SPLINE_CURVE_WITH_KNOTS('',3,(#5502,#5503,#5504,#5505,#5506,#5507,
#5508,#5509,#5510,#5511,#5512,#5513,#5514,#5515,#5516),.UNSPECIFIED.,.F.,
 .F.,(4,1,1,1,1,1,1,1,1,1,1,1,4),(0.,0.139269500450047,0.178225687282271,
0.228517846132614,0.288024310735263,0.355498289892451,0.430093575265491,
0.511187196751131,0.598295717327144,0.691029817369246,0.789067219891449,
0.892135407498974,0.942538609089474),.UNSPECIFIED.);
#142=B_SPLINE_CURVE_WITH_KNOTS('',3,(#5524,#5525,#5526,#5527,#5528,#5529,
#5530,#5531,#5532,#5533,#5534,#5535,#5536,#5537,#5538),.UNSPECIFIED.,.F.,
 .F.,(4,1,1,1,1,1,1,1,1,1,1,1,4),(0.,0.139269500450047,0.178225687282271,
0.228517846132614,0.288024310735263,0.355498289892451,0.430093575265491,
0.511187196751131,0.598295717327144,0.691029817369246,0.789067219891449,
0.892135407498974,0.942538609089474),.UNSPECIFIED.);
#143=B_SPLINE_CURVE_WITH_KNOTS('',3,(#5539,#5540,#5541,#5542,#5543,#5544,
#5545,#5546,#5547,#5548,#5549,#5550,#5551,#5552,#5553),.UNSPECIFIED.,.F.,
 .F.,(4,1,1,1,1,1,1,1,1,1,1,1,4),(0.,0.139269500450047,0.178225687282271,
0.228517846132614,0.288024310735263,0.355498289892451,0.430093575265491,
0.511187196751131,0.598295717327144,0.691029817369246,0.789067219891449,
0.892135407498974,0.942538609089474),.UNSPECIFIED.);
#144=B_SPLINE_CURVE_WITH_KNOTS('',3,(#5561,#5562,#5563,#5564,#5565,#5566,
#5567,#5568,#5569,#5570,#5571,#5572,#5573,#5574,#5575),.UNSPECIFIED.,.F.,
 .F.,(4,1,1,1,1,1,1,1,1,1,1,1,4),(0.,0.139269500450047,0.178225687282271,
0.228517846132614,0.288024310735263,0.355498289892451,0.430093575265491,
0.511187196751131,0.598295717327144,0.691029817369246,0.789067219891449,
0.892135407498974,0.942538609089474),.UNSPECIFIED.);
#145=B_SPLINE_CURVE_WITH_KNOTS('',3,(#5576,#5577,#5578,#5579,#5580,#5581,
#5582,#5583,#5584,#5585,#5586,#5587,#5588,#5589,#5590),.UNSPECIFIED.,.F.,
 .F.,(4,1,1,1,1,1,1,1,1,1,1,1,4),(0.,0.139269500450047,0.178225687282271,
0.228517846132614,0.288024310735263,0.355498289892451,0.430093575265491,
0.511187196751131,0.598295717327144,0.691029817369246,0.789067219891449,
0.892135407498974,0.942538609089474),.UNSPECIFIED.);
#146=B_SPLINE_CURVE_WITH_KNOTS('',3,(#5598,#5599,#5600,#5601,#5602,#5603,
#5604,#5605,#5606,#5607,#5608,#5609,#5610,#5611,#5612),.UNSPECIFIED.,.F.,
 .F.,(4,1,1,1,1,1,1,1,1,1,1,1,4),(0.,0.139269500450047,0.178225687282271,
0.228517846132614,0.288024310735263,0.355498289892451,0.430093575265491,
0.511187196751131,0.598295717327144,0.691029817369246,0.789067219891449,
0.892135407498974,0.942538609089474),.UNSPECIFIED.);
#147=B_SPLINE_CURVE_WITH_KNOTS('',3,(#5613,#5614,#5615,#5616,#5617,#5618,
#5619,#5620,#5621,#5622,#5623,#5624,#5625,#5626,#5627),.UNSPECIFIED.,.F.,
 .F.,(4,1,1,1,1,1,1,1,1,1,1,1,4),(0.,0.139269500450047,0.178225687282271,
0.228517846132614,0.288024310735263,0.355498289892451,0.430093575265491,
0.511187196751131,0.598295717327144,0.691029817369246,0.789067219891449,
0.892135407498974,0.942538609089474),.UNSPECIFIED.);
#148=B_SPLINE_CURVE_WITH_KNOTS('',3,(#5635,#5636,#5637,#5638,#5639,#5640,
#5641,#5642,#5643,#5644,#5645,#5646,#5647,#5648,#5649),.UNSPECIFIED.,.F.,
 .F.,(4,1,1,1,1,1,1,1,1,1,1,1,4),(0.,0.139269500450047,0.178225687282271,
0.228517846132614,0.288024310735263,0.355498289892451,0.430093575265491,
0.511187196751131,0.598295717327144,0.691029817369246,0.789067219891449,
0.892135407498974,0.942538609089474),.UNSPECIFIED.);
#149=B_SPLINE_CURVE_WITH_KNOTS('',3,(#5650,#5651,#5652,#5653,#5654,#5655,
#5656,#5657,#5658,#5659,#5660,#5661,#5662,#5663,#5664),.UNSPECIFIED.,.F.,
 .F.,(4,1,1,1,1,1,1,1,1,1,1,1,4),(0.,0.139269500450047,0.178225687282271,
0.228517846132614,0.288024310735263,0.355498289892451,0.430093575265491,
0.511187196751131,0.598295717327144,0.691029817369246,0.789067219891449,
0.892135407498974,0.942538609089474),.UNSPECIFIED.);
#150=B_SPLINE_CURVE_WITH_KNOTS('',3,(#5672,#5673,#5674,#5675,#5676,#5677,
#5678,#5679,#5680,#5681,#5682,#5683,#5684,#5685,#5686),.UNSPECIFIED.,.F.,
 .F.,(4,1,1,1,1,1,1,1,1,1,1,1,4),(0.,0.139269500450047,0.178225687282271,
0.228517846132614,0.288024310735263,0.355498289892451,0.430093575265491,
0.511187196751131,0.598295717327144,0.691029817369246,0.789067219891449,
0.892135407498974,0.942538609089474),.UNSPECIFIED.);
#151=B_SPLINE_CURVE_WITH_KNOTS('',3,(#5687,#5688,#5689,#5690,#5691,#5692,
#5693,#5694,#5695,#5696,#5697,#5698,#5699,#5700,#5701),.UNSPECIFIED.,.F.,
 .F.,(4,1,1,1,1,1,1,1,1,1,1,1,4),(0.,0.139269500450047,0.178225687282271,
0.228517846132614,0.288024310735263,0.355498289892451,0.430093575265491,
0.511187196751131,0.598295717327144,0.691029817369246,0.789067219891449,
0.892135407498974,0.942538609089474),.UNSPECIFIED.);
#152=B_SPLINE_CURVE_WITH_KNOTS('',3,(#5709,#5710,#5711,#5712,#5713,#5714,
#5715,#5716,#5717,#5718,#5719,#5720,#5721,#5722,#5723),.UNSPECIFIED.,.F.,
 .F.,(4,1,1,1,1,1,1,1,1,1,1,1,4),(0.,0.139269500450047,0.178225687282271,
0.228517846132614,0.288024310735263,0.355498289892451,0.430093575265491,
0.511187196751131,0.598295717327144,0.691029817369246,0.789067219891449,
0.892135407498974,0.942538609089474),.UNSPECIFIED.);
#153=B_SPLINE_CURVE_WITH_KNOTS('',3,(#5724,#5725,#5726,#5727,#5728,#5729,
#5730,#5731,#5732,#5733,#5734,#5735,#5736,#5737,#5738),.UNSPECIFIED.,.F.,
 .F.,(4,1,1,1,1,1,1,1,1,1,1,1,4),(0.,0.139269500450047,0.178225687282271,
0.228517846132614,0.288024310735263,0.355498289892451,0.430093575265491,
0.511187196751131,0.598295717327144,0.691029817369246,0.789067219891449,
0.892135407498974,0.942538609089474),.UNSPECIFIED.);
#154=B_SPLINE_CURVE_WITH_KNOTS('',3,(#5746,#5747,#5748,#5749,#5750,#5751,
#5752,#5753,#5754,#5755,#5756,#5757,#5758,#5759,#5760),.UNSPECIFIED.,.F.,
 .F.,(4,1,1,1,1,1,1,1,1,1,1,1,4),(0.,0.139269500450047,0.178225687282271,
0.228517846132614,0.288024310735263,0.355498289892451,0.430093575265491,
0.511187196751131,0.598295717327144,0.691029817369246,0.789067219891449,
0.892135407498974,0.942538609089474),.UNSPECIFIED.);
#155=B_SPLINE_CURVE_WITH_KNOTS('',3,(#5761,#5762,#5763,#5764,#5765,#5766,
#5767,#5768,#5769,#5770,#5771,#5772,#5773,#5774,#5775),.UNSPECIFIED.,.F.,
 .F.,(4,1,1,1,1,1,1,1,1,1,1,1,4),(0.,0.139269500450047,0.178225687282271,
0.228517846132614,0.288024310735263,0.355498289892451,0.430093575265491,
0.511187196751131,0.598295717327144,0.691029817369246,0.789067219891449,
0.892135407498974,0.942538609089474),.UNSPECIFIED.);
#156=PLANE('',#2838);
#157=PLANE('',#2914);
#158=CIRCLE('',#2770,0.0137583333333333);
#159=CIRCLE('',#2771,0.0137583333333333);
#160=CIRCLE('',#2773,0.0137583333333333);
#161=CIRCLE('',#2774,0.0137583333333333);
#162=CIRCLE('',#2776,0.0137583333333333);
#163=CIRCLE('',#2777,0.0137583333333333);
#164=CIRCLE('',#2779,0.0137583333333333);
#165=CIRCLE('',#2780,0.0137583333333333);
#166=CIRCLE('',#2782,0.0137583333333333);
#167=CIRCLE('',#2783,0.0137583333333333);
#168=CIRCLE('',#2785,0.0137583333333333);
#169=CIRCLE('',#2786,0.0137583333333333);
#170=CIRCLE('',#2788,0.0137583333333333);
#171=CIRCLE('',#2789,0.0137583333333333);
#172=CIRCLE('',#2791,0.0137583333333333);
#173=CIRCLE('',#2792,0.0137583333333333);
#174=CIRCLE('',#2794,0.0137583333333333);
#175=CIRCLE('',#2795,0.0137583333333333);
#176=CIRCLE('',#2797,0.0137583333333333);
#177=CIRCLE('',#2798,0.0137583333333333);
#178=CIRCLE('',#2800,0.0137583333333333);
#179=CIRCLE('',#2801,0.0137583333333333);
#180=CIRCLE('',#2803,0.0137583333333333);
#181=CIRCLE('',#2804,0.0137583333333333);
#182=CIRCLE('',#2806,0.0137583333333333);
#183=CIRCLE('',#2807,0.0137583333333333);
#184=CIRCLE('',#2809,0.0137583333333333);
#185=CIRCLE('',#2810,0.0137583333333333);
#186=CIRCLE('',#2812,0.0137583333333333);
#187=CIRCLE('',#2813,0.0137583333333333);
#188=CIRCLE('',#2815,0.0137583333333333);
#189=CIRCLE('',#2816,0.0137583333333333);
#190=CIRCLE('',#2818,0.0137583333333333);
#191=CIRCLE('',#2819,0.0137583333333333);
#192=CIRCLE('',#2821,0.0137583333333333);
#193=CIRCLE('',#2822,0.0137583333333333);
#194=CIRCLE('',#2824,0.0137583333333333);
#195=CIRCLE('',#2825,0.0137583333333333);
#196=CIRCLE('',#2827,0.0137583333333333);
#197=CIRCLE('',#2828,0.0137583333333333);
#198=CIRCLE('',#2830,0.0137583333333333);
#199=CIRCLE('',#2831,0.0137583333333333);
#200=CIRCLE('',#2833,0.0137583333333333);
#201=CIRCLE('',#2834,0.0137583333333333);
#202=CIRCLE('',#2836,0.0137583333333333);
#203=CIRCLE('',#2837,0.0137583333333333);
#204=CIRCLE('',#2839,0.000404158687149772);
#205=CIRCLE('',#2840,0.000404158687149772);
#206=CIRCLE('',#2841,0.0113770833333343);
#207=CIRCLE('',#2842,0.000404158687149772);
#208=CIRCLE('',#2843,0.000404158687149772);
#209=CIRCLE('',#2844,0.0113770833333343);
#210=CIRCLE('',#2845,0.000404158687149772);
#211=CIRCLE('',#2846,0.000404158687149772);
#212=CIRCLE('',#2847,0.0113770833333343);
#213=CIRCLE('',#2848,0.000404158687149772);
#214=CIRCLE('',#2849,0.000404158687149772);
#215=CIRCLE('',#2850,0.0113770833333343);
#216=CIRCLE('',#2851,0.000404158687149772);
#217=CIRCLE('',#2852,0.000404158687149772);
#218=CIRCLE('',#2853,0.0113770833333343);
#219=CIRCLE('',#2854,0.000404158687149772);
#220=CIRCLE('',#2855,0.000404158687149772);
#221=CIRCLE('',#2856,0.0113770833333343);
#222=CIRCLE('',#2857,0.000404158687149772);
#223=CIRCLE('',#2858,0.000404158687149772);
#224=CIRCLE('',#2859,0.0113770833333343);
#225=CIRCLE('',#2860,0.000404158687149772);
#226=CIRCLE('',#2861,0.000404158687149772);
#227=CIRCLE('',#2862,0.0113770833333343);
#228=CIRCLE('',#2863,0.000404158687149772);
#229=CIRCLE('',#2864,0.000404158687149772);
#230=CIRCLE('',#2865,0.0113770833333343);
#231=CIRCLE('',#2866,0.000404158687149772);
#232=CIRCLE('',#2867,0.000404158687149772);
#233=CIRCLE('',#2868,0.0113770833333343);
#234=CIRCLE('',#2869,0.000404158687149772);
#235=CIRCLE('',#2870,0.0137583333333333);
#236=CIRCLE('',#2871,0.000404158687149772);
#237=CIRCLE('',#2872,0.0113770833333343);
#238=CIRCLE('',#2873,0.000404158687149772);
#239=CIRCLE('',#2874,0.000404158687149772);
#240=CIRCLE('',#2875,0.0113770833333343);
#241=CIRCLE('',#2876,0.000404158687149772);
#242=CIRCLE('',#2877,0.000404158687149772);
#243=CIRCLE('',#2878,0.0113770833333343);
#244=CIRCLE('',#2879,0.000404158687149772);
#245=CIRCLE('',#2880,0.000404158687149772);
#246=CIRCLE('',#2881,0.0113770833333343);
#247=CIRCLE('',#2882,0.000404158687149772);
#248=CIRCLE('',#2883,0.000404158687149772);
#249=CIRCLE('',#2884,0.0113770833333343);
#250=CIRCLE('',#2885,0.000404158687149772);
#251=CIRCLE('',#2886,0.000404158687149772);
#252=CIRCLE('',#2887,0.0113770833333343);
#253=CIRCLE('',#2888,0.000404158687149772);
#254=CIRCLE('',#2889,0.000404158687149772);
#255=CIRCLE('',#2890,0.0113770833333343);
#256=CIRCLE('',#2891,0.000404158687149772);
#257=CIRCLE('',#2892,0.000404158687149772);
#258=CIRCLE('',#2893,0.0113770833333343);
#259=CIRCLE('',#2894,0.000404158687149772);
#260=CIRCLE('',#2895,0.000404158687149772);
#261=CIRCLE('',#2896,0.0113770833333343);
#262=CIRCLE('',#2897,0.000404158687149772);
#263=CIRCLE('',#2898,0.000404158687149772);
#264=CIRCLE('',#2899,0.0113770833333343);
#265=CIRCLE('',#2900,0.000404158687149772);
#266=CIRCLE('',#2901,0.000404158687149772);
#267=CIRCLE('',#2902,0.0113770833333343);
#268=CIRCLE('',#2903,0.000404158687149772);
#269=CIRCLE('',#2904,0.000404158687149772);
#270=CIRCLE('',#2905,0.0113770833333343);
#271=CIRCLE('',#2906,0.000404158687149772);
#272=CIRCLE('',#2907,0.000404158687149772);
#273=CIRCLE('',#2908,0.0113770833333343);
#274=CIRCLE('',#2909,0.000404158687149772);
#275=CIRCLE('',#2910,0.000404158687149772);
#276=CIRCLE('',#2911,0.0113770833333343);
#277=CIRCLE('',#2913,0.0137583333333333);
#278=CIRCLE('',#2915,0.000404158687149772);
#279=CIRCLE('',#2916,0.000404158687149772);
#280=CIRCLE('',#2917,0.0113770833333343);
#281=CIRCLE('',#2918,0.000404158687149772);
#282=CIRCLE('',#2919,0.000404158687149772);
#283=CIRCLE('',#2920,0.0113770833333343);
#284=CIRCLE('',#2921,0.000404158687149772);
#285=CIRCLE('',#2922,0.000404158687149772);
#286=CIRCLE('',#2923,0.0113770833333343);
#287=CIRCLE('',#2924,0.000404158687149772);
#288=CIRCLE('',#2925,0.000404158687149772);
#289=CIRCLE('',#2926,0.0113770833333343);
#290=CIRCLE('',#2927,0.000404158687149772);
#291=CIRCLE('',#2928,0.000404158687149772);
#292=CIRCLE('',#2929,0.0113770833333343);
#293=CIRCLE('',#2930,0.000404158687149772);
#294=CIRCLE('',#2931,0.000404158687149772);
#295=CIRCLE('',#2932,0.0113770833333343);
#296=CIRCLE('',#2933,0.000404158687149772);
#297=CIRCLE('',#2934,0.000404158687149772);
#298=CIRCLE('',#2935,0.0113770833333343);
#299=CIRCLE('',#2936,0.000404158687149772);
#300=CIRCLE('',#2937,0.000404158687149772);
#301=CIRCLE('',#2938,0.0113770833333343);
#302=CIRCLE('',#2939,0.000404158687149772);
#303=CIRCLE('',#2940,0.000404158687149772);
#304=CIRCLE('',#2941,0.0113770833333343);
#305=CIRCLE('',#2942,0.000404158687149772);
#306=CIRCLE('',#2943,0.000404158687149772);
#307=CIRCLE('',#2944,0.0113770833333343);
#308=CIRCLE('',#2945,0.000404158687149772);
#309=CIRCLE('',#2946,0.000404158687149772);
#310=CIRCLE('',#2947,0.0113770833333343);
#311=CIRCLE('',#2948,0.000404158687149772);
#312=CIRCLE('',#2949,0.000404158687149772);
#313=CIRCLE('',#2950,0.0113770833333343);
#314=CIRCLE('',#2951,0.000404158687149772);
#315=CIRCLE('',#2952,0.000404158687149772);
#316=CIRCLE('',#2953,0.0113770833333343);
#317=CIRCLE('',#2954,0.000404158687149772);
#318=CIRCLE('',#2955,0.000404158687149772);
#319=CIRCLE('',#2956,0.0113770833333343);
#320=CIRCLE('',#2957,0.000404158687149772);
#321=CIRCLE('',#2958,0.000404158687149772);
#322=CIRCLE('',#2959,0.0113770833333343);
#323=CIRCLE('',#2960,0.000404158687149772);
#324=CIRCLE('',#2961,0.000404158687149772);
#325=CIRCLE('',#2962,0.0113770833333343);
#326=CIRCLE('',#2963,0.000404158687149772);
#327=CIRCLE('',#2964,0.000404158687149772);
#328=CIRCLE('',#2965,0.0113770833333343);
#329=CIRCLE('',#2966,0.000404158687149772);
#330=CIRCLE('',#2967,0.000404158687149772);
#331=CIRCLE('',#2968,0.0113770833333343);
#332=CIRCLE('',#2969,0.000404158687149772);
#333=CIRCLE('',#2970,0.000404158687149772);
#334=CIRCLE('',#2971,0.0113770833333343);
#335=CIRCLE('',#2972,0.000404158687149772);
#336=CIRCLE('',#2973,0.000404158687149772);
#337=CIRCLE('',#2974,0.0113770833333343);
#338=CIRCLE('',#2975,0.000404158687149772);
#339=CIRCLE('',#2976,0.000404158687149772);
#340=CIRCLE('',#2977,0.0113770833333343);
#341=CIRCLE('',#2978,0.000404158687149772);
#342=CIRCLE('',#2979,0.000404158687149772);
#343=CIRCLE('',#2980,0.0113770833333343);
#344=CIRCLE('',#2981,0.000404158687149772);
#345=CIRCLE('',#2982,0.000404158687149772);
#346=CIRCLE('',#2983,0.0113770833333343);
#347=CIRCLE('',#2984,0.000404158687149772);
#348=CIRCLE('',#2985,0.000404158687149772);
#349=CIRCLE('',#2986,0.0113770833333343);
#350=ORIENTED_EDGE('',*,*,#1214,.F.);
#351=ORIENTED_EDGE('',*,*,#1215,.F.);
#352=ORIENTED_EDGE('',*,*,#1216,.T.);
#353=ORIENTED_EDGE('',*,*,#1217,.T.);
#354=ORIENTED_EDGE('',*,*,#1218,.F.);
#355=ORIENTED_EDGE('',*,*,#1219,.T.);
#356=ORIENTED_EDGE('',*,*,#1220,.T.);
#357=ORIENTED_EDGE('',*,*,#1221,.F.);
#358=ORIENTED_EDGE('',*,*,#1222,.F.);
#359=ORIENTED_EDGE('',*,*,#1223,.F.);
#360=ORIENTED_EDGE('',*,*,#1224,.T.);
#361=ORIENTED_EDGE('',*,*,#1225,.T.);
#362=ORIENTED_EDGE('',*,*,#1226,.F.);
#363=ORIENTED_EDGE('',*,*,#1227,.T.);
#364=ORIENTED_EDGE('',*,*,#1228,.T.);
#365=ORIENTED_EDGE('',*,*,#1229,.F.);
#366=ORIENTED_EDGE('',*,*,#1230,.F.);
#367=ORIENTED_EDGE('',*,*,#1231,.F.);
#368=ORIENTED_EDGE('',*,*,#1232,.T.);
#369=ORIENTED_EDGE('',*,*,#1233,.T.);
#370=ORIENTED_EDGE('',*,*,#1234,.F.);
#371=ORIENTED_EDGE('',*,*,#1235,.F.);
#372=ORIENTED_EDGE('',*,*,#1236,.T.);
#373=ORIENTED_EDGE('',*,*,#1237,.T.);
#374=ORIENTED_EDGE('',*,*,#1238,.F.);
#375=ORIENTED_EDGE('',*,*,#1239,.F.);
#376=ORIENTED_EDGE('',*,*,#1240,.T.);
#377=ORIENTED_EDGE('',*,*,#1241,.T.);
#378=ORIENTED_EDGE('',*,*,#1242,.F.);
#379=ORIENTED_EDGE('',*,*,#1243,.T.);
#380=ORIENTED_EDGE('',*,*,#1244,.T.);
#381=ORIENTED_EDGE('',*,*,#1245,.F.);
#382=ORIENTED_EDGE('',*,*,#1246,.F.);
#383=ORIENTED_EDGE('',*,*,#1247,.F.);
#384=ORIENTED_EDGE('',*,*,#1248,.T.);
#385=ORIENTED_EDGE('',*,*,#1249,.T.);
#386=ORIENTED_EDGE('',*,*,#1250,.F.);
#387=ORIENTED_EDGE('',*,*,#1251,.F.);
#388=ORIENTED_EDGE('',*,*,#1252,.T.);
#389=ORIENTED_EDGE('',*,*,#1253,.T.);
#390=ORIENTED_EDGE('',*,*,#1254,.F.);
#391=ORIENTED_EDGE('',*,*,#1255,.F.);
#392=ORIENTED_EDGE('',*,*,#1256,.T.);
#393=ORIENTED_EDGE('',*,*,#1257,.T.);
#394=ORIENTED_EDGE('',*,*,#1258,.F.);
#395=ORIENTED_EDGE('',*,*,#1259,.F.);
#396=ORIENTED_EDGE('',*,*,#1260,.T.);
#397=ORIENTED_EDGE('',*,*,#1261,.T.);
#398=ORIENTED_EDGE('',*,*,#1262,.F.);
#399=ORIENTED_EDGE('',*,*,#1263,.F.);
#400=ORIENTED_EDGE('',*,*,#1264,.T.);
#401=ORIENTED_EDGE('',*,*,#1265,.T.);
#402=ORIENTED_EDGE('',*,*,#1266,.F.);
#403=ORIENTED_EDGE('',*,*,#1267,.T.);
#404=ORIENTED_EDGE('',*,*,#1268,.T.);
#405=ORIENTED_EDGE('',*,*,#1269,.F.);
#406=ORIENTED_EDGE('',*,*,#1270,.F.);
#407=ORIENTED_EDGE('',*,*,#1271,.F.);
#408=ORIENTED_EDGE('',*,*,#1272,.T.);
#409=ORIENTED_EDGE('',*,*,#1273,.T.);
#410=ORIENTED_EDGE('',*,*,#1274,.F.);
#411=ORIENTED_EDGE('',*,*,#1275,.T.);
#412=ORIENTED_EDGE('',*,*,#1276,.T.);
#413=ORIENTED_EDGE('',*,*,#1277,.F.);
#414=ORIENTED_EDGE('',*,*,#1278,.F.);
#415=ORIENTED_EDGE('',*,*,#1279,.F.);
#416=ORIENTED_EDGE('',*,*,#1280,.T.);
#417=ORIENTED_EDGE('',*,*,#1281,.T.);
#418=ORIENTED_EDGE('',*,*,#1282,.F.);
#419=ORIENTED_EDGE('',*,*,#1283,.F.);
#420=ORIENTED_EDGE('',*,*,#1284,.T.);
#421=ORIENTED_EDGE('',*,*,#1285,.T.);
#422=ORIENTED_EDGE('',*,*,#1286,.F.);
#423=ORIENTED_EDGE('',*,*,#1287,.T.);
#424=ORIENTED_EDGE('',*,*,#1288,.T.);
#425=ORIENTED_EDGE('',*,*,#1289,.F.);
#426=ORIENTED_EDGE('',*,*,#1290,.F.);
#427=ORIENTED_EDGE('',*,*,#1291,.F.);
#428=ORIENTED_EDGE('',*,*,#1292,.T.);
#429=ORIENTED_EDGE('',*,*,#1293,.T.);
#430=ORIENTED_EDGE('',*,*,#1294,.F.);
#431=ORIENTED_EDGE('',*,*,#1295,.F.);
#432=ORIENTED_EDGE('',*,*,#1296,.T.);
#433=ORIENTED_EDGE('',*,*,#1297,.T.);
#434=ORIENTED_EDGE('',*,*,#1298,.F.);
#435=ORIENTED_EDGE('',*,*,#1299,.F.);
#436=ORIENTED_EDGE('',*,*,#1300,.T.);
#437=ORIENTED_EDGE('',*,*,#1301,.T.);
#438=ORIENTED_EDGE('',*,*,#1302,.F.);
#439=ORIENTED_EDGE('',*,*,#1303,.T.);
#440=ORIENTED_EDGE('',*,*,#1304,.T.);
#441=ORIENTED_EDGE('',*,*,#1305,.F.);
#442=ORIENTED_EDGE('',*,*,#1306,.F.);
#443=ORIENTED_EDGE('',*,*,#1307,.T.);
#444=ORIENTED_EDGE('',*,*,#1218,.T.);
#445=ORIENTED_EDGE('',*,*,#1308,.F.);
#446=ORIENTED_EDGE('',*,*,#1309,.F.);
#447=ORIENTED_EDGE('',*,*,#1310,.T.);
#448=ORIENTED_EDGE('',*,*,#1311,.F.);
#449=ORIENTED_EDGE('',*,*,#1312,.T.);
#450=ORIENTED_EDGE('',*,*,#1226,.T.);
#451=ORIENTED_EDGE('',*,*,#1313,.F.);
#452=ORIENTED_EDGE('',*,*,#1314,.F.);
#453=ORIENTED_EDGE('',*,*,#1315,.T.);
#454=ORIENTED_EDGE('',*,*,#1316,.F.);
#455=ORIENTED_EDGE('',*,*,#1317,.T.);
#456=ORIENTED_EDGE('',*,*,#1223,.T.);
#457=ORIENTED_EDGE('',*,*,#1318,.F.);
#458=ORIENTED_EDGE('',*,*,#1319,.F.);
#459=ORIENTED_EDGE('',*,*,#1320,.T.);
#460=ORIENTED_EDGE('',*,*,#1321,.F.);
#461=ORIENTED_EDGE('',*,*,#1322,.T.);
#462=ORIENTED_EDGE('',*,*,#1302,.T.);
#463=ORIENTED_EDGE('',*,*,#1323,.F.);
#464=ORIENTED_EDGE('',*,*,#1324,.F.);
#465=ORIENTED_EDGE('',*,*,#1325,.T.);
#466=ORIENTED_EDGE('',*,*,#1326,.F.);
#467=ORIENTED_EDGE('',*,*,#1327,.T.);
#468=ORIENTED_EDGE('',*,*,#1299,.T.);
#469=ORIENTED_EDGE('',*,*,#1328,.F.);
#470=ORIENTED_EDGE('',*,*,#1329,.F.);
#471=ORIENTED_EDGE('',*,*,#1330,.T.);
#472=ORIENTED_EDGE('',*,*,#1331,.F.);
#473=ORIENTED_EDGE('',*,*,#1332,.T.);
#474=ORIENTED_EDGE('',*,*,#1295,.T.);
#475=ORIENTED_EDGE('',*,*,#1333,.F.);
#476=ORIENTED_EDGE('',*,*,#1334,.F.);
#477=ORIENTED_EDGE('',*,*,#1335,.T.);
#478=ORIENTED_EDGE('',*,*,#1336,.F.);
#479=ORIENTED_EDGE('',*,*,#1337,.T.);
#480=ORIENTED_EDGE('',*,*,#1291,.T.);
#481=ORIENTED_EDGE('',*,*,#1338,.F.);
#482=ORIENTED_EDGE('',*,*,#1339,.F.);
#483=ORIENTED_EDGE('',*,*,#1340,.T.);
#484=ORIENTED_EDGE('',*,*,#1341,.F.);
#485=ORIENTED_EDGE('',*,*,#1342,.T.);
#486=ORIENTED_EDGE('',*,*,#1283,.T.);
#487=ORIENTED_EDGE('',*,*,#1343,.F.);
#488=ORIENTED_EDGE('',*,*,#1344,.F.);
#489=ORIENTED_EDGE('',*,*,#1345,.T.);
#490=ORIENTED_EDGE('',*,*,#1346,.F.);
#491=ORIENTED_EDGE('',*,*,#1347,.T.);
#492=ORIENTED_EDGE('',*,*,#1286,.T.);
#493=ORIENTED_EDGE('',*,*,#1348,.F.);
#494=ORIENTED_EDGE('',*,*,#1349,.F.);
#495=ORIENTED_EDGE('',*,*,#1350,.T.);
#496=ORIENTED_EDGE('',*,*,#1351,.F.);
#497=ORIENTED_EDGE('',*,*,#1352,.T.);
#498=ORIENTED_EDGE('',*,*,#1279,.T.);
#499=ORIENTED_EDGE('',*,*,#1353,.F.);
#500=ORIENTED_EDGE('',*,*,#1354,.F.);
#501=ORIENTED_EDGE('',*,*,#1355,.T.);
#502=ORIENTED_EDGE('',*,*,#1356,.F.);
#503=ORIENTED_EDGE('',*,*,#1357,.T.);
#504=ORIENTED_EDGE('',*,*,#1358,.T.);
#505=ORIENTED_EDGE('',*,*,#1359,.F.);
#506=ORIENTED_EDGE('',*,*,#1360,.F.);
#507=ORIENTED_EDGE('',*,*,#1361,.T.);
#508=ORIENTED_EDGE('',*,*,#1362,.F.);
#509=ORIENTED_EDGE('',*,*,#1363,.T.);
#510=ORIENTED_EDGE('',*,*,#1263,.T.);
#511=ORIENTED_EDGE('',*,*,#1364,.F.);
#512=ORIENTED_EDGE('',*,*,#1365,.F.);
#513=ORIENTED_EDGE('',*,*,#1366,.T.);
#514=ORIENTED_EDGE('',*,*,#1367,.F.);
#515=ORIENTED_EDGE('',*,*,#1368,.T.);
#516=ORIENTED_EDGE('',*,*,#1266,.T.);
#517=ORIENTED_EDGE('',*,*,#1369,.F.);
#518=ORIENTED_EDGE('',*,*,#1370,.F.);
#519=ORIENTED_EDGE('',*,*,#1371,.T.);
#520=ORIENTED_EDGE('',*,*,#1372,.F.);
#521=ORIENTED_EDGE('',*,*,#1373,.T.);
#522=ORIENTED_EDGE('',*,*,#1274,.T.);
#523=ORIENTED_EDGE('',*,*,#1374,.F.);
#524=ORIENTED_EDGE('',*,*,#1375,.F.);
#525=ORIENTED_EDGE('',*,*,#1376,.T.);
#526=ORIENTED_EDGE('',*,*,#1377,.F.);
#527=ORIENTED_EDGE('',*,*,#1378,.T.);
#528=ORIENTED_EDGE('',*,*,#1271,.T.);
#529=ORIENTED_EDGE('',*,*,#1379,.F.);
#530=ORIENTED_EDGE('',*,*,#1380,.F.);
#531=ORIENTED_EDGE('',*,*,#1381,.T.);
#532=ORIENTED_EDGE('',*,*,#1382,.F.);
#533=ORIENTED_EDGE('',*,*,#1383,.T.);
#534=ORIENTED_EDGE('',*,*,#1259,.T.);
#535=ORIENTED_EDGE('',*,*,#1384,.F.);
#536=ORIENTED_EDGE('',*,*,#1385,.F.);
#537=ORIENTED_EDGE('',*,*,#1386,.T.);
#538=ORIENTED_EDGE('',*,*,#1387,.F.);
#539=ORIENTED_EDGE('',*,*,#1388,.T.);
#540=ORIENTED_EDGE('',*,*,#1255,.T.);
#541=ORIENTED_EDGE('',*,*,#1389,.F.);
#542=ORIENTED_EDGE('',*,*,#1390,.F.);
#543=ORIENTED_EDGE('',*,*,#1391,.T.);
#544=ORIENTED_EDGE('',*,*,#1392,.F.);
#545=ORIENTED_EDGE('',*,*,#1393,.T.);
#546=ORIENTED_EDGE('',*,*,#1251,.T.);
#547=ORIENTED_EDGE('',*,*,#1394,.F.);
#548=ORIENTED_EDGE('',*,*,#1395,.F.);
#549=ORIENTED_EDGE('',*,*,#1396,.T.);
#550=ORIENTED_EDGE('',*,*,#1397,.F.);
#551=ORIENTED_EDGE('',*,*,#1398,.T.);
#552=ORIENTED_EDGE('',*,*,#1247,.T.);
#553=ORIENTED_EDGE('',*,*,#1399,.F.);
#554=ORIENTED_EDGE('',*,*,#1400,.F.);
#555=ORIENTED_EDGE('',*,*,#1401,.T.);
#556=ORIENTED_EDGE('',*,*,#1402,.F.);
#557=ORIENTED_EDGE('',*,*,#1403,.T.);
#558=ORIENTED_EDGE('',*,*,#1239,.T.);
#559=ORIENTED_EDGE('',*,*,#1404,.F.);
#560=ORIENTED_EDGE('',*,*,#1405,.F.);
#561=ORIENTED_EDGE('',*,*,#1406,.T.);
#562=ORIENTED_EDGE('',*,*,#1407,.F.);
#563=ORIENTED_EDGE('',*,*,#1408,.T.);
#564=ORIENTED_EDGE('',*,*,#1242,.T.);
#565=ORIENTED_EDGE('',*,*,#1409,.F.);
#566=ORIENTED_EDGE('',*,*,#1410,.F.);
#567=ORIENTED_EDGE('',*,*,#1411,.T.);
#568=ORIENTED_EDGE('',*,*,#1412,.F.);
#569=ORIENTED_EDGE('',*,*,#1413,.T.);
#570=ORIENTED_EDGE('',*,*,#1235,.T.);
#571=ORIENTED_EDGE('',*,*,#1414,.F.);
#572=ORIENTED_EDGE('',*,*,#1415,.F.);
#573=ORIENTED_EDGE('',*,*,#1416,.T.);
#574=ORIENTED_EDGE('',*,*,#1417,.F.);
#575=ORIENTED_EDGE('',*,*,#1418,.T.);
#576=ORIENTED_EDGE('',*,*,#1231,.T.);
#577=ORIENTED_EDGE('',*,*,#1419,.F.);
#578=ORIENTED_EDGE('',*,*,#1420,.F.);
#579=ORIENTED_EDGE('',*,*,#1421,.T.);
#580=ORIENTED_EDGE('',*,*,#1422,.F.);
#581=ORIENTED_EDGE('',*,*,#1423,.T.);
#582=ORIENTED_EDGE('',*,*,#1215,.T.);
#583=ORIENTED_EDGE('',*,*,#1424,.F.);
#584=ORIENTED_EDGE('',*,*,#1425,.F.);
#585=ORIENTED_EDGE('',*,*,#1426,.T.);
#586=ORIENTED_EDGE('',*,*,#1358,.F.);
#587=ORIENTED_EDGE('',*,*,#1427,.T.);
#588=ORIENTED_EDGE('',*,*,#1428,.T.);
#589=ORIENTED_EDGE('',*,*,#1429,.F.);
#590=ORIENTED_EDGE('',*,*,#1430,.F.);
#591=ORIENTED_EDGE('',*,*,#1431,.T.);
#592=ORIENTED_EDGE('',*,*,#1217,.F.);
#593=ORIENTED_EDGE('',*,*,#1432,.F.);
#594=ORIENTED_EDGE('',*,*,#1433,.F.);
#595=ORIENTED_EDGE('',*,*,#1434,.F.);
#596=ORIENTED_EDGE('',*,*,#1435,.F.);
#597=ORIENTED_EDGE('',*,*,#1436,.T.);
#598=ORIENTED_EDGE('',*,*,#1233,.F.);
#599=ORIENTED_EDGE('',*,*,#1437,.F.);
#600=ORIENTED_EDGE('',*,*,#1438,.F.);
#601=ORIENTED_EDGE('',*,*,#1439,.F.);
#602=ORIENTED_EDGE('',*,*,#1440,.F.);
#603=ORIENTED_EDGE('',*,*,#1441,.T.);
#604=ORIENTED_EDGE('',*,*,#1237,.F.);
#605=ORIENTED_EDGE('',*,*,#1442,.F.);
#606=ORIENTED_EDGE('',*,*,#1443,.F.);
#607=ORIENTED_EDGE('',*,*,#1444,.F.);
#608=ORIENTED_EDGE('',*,*,#1445,.F.);
#609=ORIENTED_EDGE('',*,*,#1446,.T.);
#610=ORIENTED_EDGE('',*,*,#1244,.F.);
#611=ORIENTED_EDGE('',*,*,#1447,.F.);
#612=ORIENTED_EDGE('',*,*,#1448,.F.);
#613=ORIENTED_EDGE('',*,*,#1449,.F.);
#614=ORIENTED_EDGE('',*,*,#1450,.F.);
#615=ORIENTED_EDGE('',*,*,#1451,.T.);
#616=ORIENTED_EDGE('',*,*,#1241,.F.);
#617=ORIENTED_EDGE('',*,*,#1452,.F.);
#618=ORIENTED_EDGE('',*,*,#1453,.F.);
#619=ORIENTED_EDGE('',*,*,#1454,.F.);
#620=ORIENTED_EDGE('',*,*,#1455,.F.);
#621=ORIENTED_EDGE('',*,*,#1456,.T.);
#622=ORIENTED_EDGE('',*,*,#1249,.F.);
#623=ORIENTED_EDGE('',*,*,#1457,.F.);
#624=ORIENTED_EDGE('',*,*,#1458,.F.);
#625=ORIENTED_EDGE('',*,*,#1459,.F.);
#626=ORIENTED_EDGE('',*,*,#1460,.F.);
#627=ORIENTED_EDGE('',*,*,#1461,.T.);
#628=ORIENTED_EDGE('',*,*,#1253,.F.);
#629=ORIENTED_EDGE('',*,*,#1462,.F.);
#630=ORIENTED_EDGE('',*,*,#1463,.F.);
#631=ORIENTED_EDGE('',*,*,#1464,.F.);
#632=ORIENTED_EDGE('',*,*,#1465,.F.);
#633=ORIENTED_EDGE('',*,*,#1466,.T.);
#634=ORIENTED_EDGE('',*,*,#1257,.F.);
#635=ORIENTED_EDGE('',*,*,#1467,.F.);
#636=ORIENTED_EDGE('',*,*,#1468,.F.);
#637=ORIENTED_EDGE('',*,*,#1469,.F.);
#638=ORIENTED_EDGE('',*,*,#1470,.F.);
#639=ORIENTED_EDGE('',*,*,#1471,.T.);
#640=ORIENTED_EDGE('',*,*,#1261,.F.);
#641=ORIENTED_EDGE('',*,*,#1472,.F.);
#642=ORIENTED_EDGE('',*,*,#1473,.F.);
#643=ORIENTED_EDGE('',*,*,#1474,.F.);
#644=ORIENTED_EDGE('',*,*,#1475,.F.);
#645=ORIENTED_EDGE('',*,*,#1476,.T.);
#646=ORIENTED_EDGE('',*,*,#1273,.F.);
#647=ORIENTED_EDGE('',*,*,#1477,.F.);
#648=ORIENTED_EDGE('',*,*,#1478,.F.);
#649=ORIENTED_EDGE('',*,*,#1479,.F.);
#650=ORIENTED_EDGE('',*,*,#1480,.F.);
#651=ORIENTED_EDGE('',*,*,#1481,.T.);
#652=ORIENTED_EDGE('',*,*,#1276,.F.);
#653=ORIENTED_EDGE('',*,*,#1482,.F.);
#654=ORIENTED_EDGE('',*,*,#1483,.F.);
#655=ORIENTED_EDGE('',*,*,#1484,.F.);
#656=ORIENTED_EDGE('',*,*,#1485,.F.);
#657=ORIENTED_EDGE('',*,*,#1486,.T.);
#658=ORIENTED_EDGE('',*,*,#1268,.F.);
#659=ORIENTED_EDGE('',*,*,#1487,.F.);
#660=ORIENTED_EDGE('',*,*,#1488,.F.);
#661=ORIENTED_EDGE('',*,*,#1489,.F.);
#662=ORIENTED_EDGE('',*,*,#1490,.F.);
#663=ORIENTED_EDGE('',*,*,#1491,.T.);
#664=ORIENTED_EDGE('',*,*,#1265,.F.);
#665=ORIENTED_EDGE('',*,*,#1492,.F.);
#666=ORIENTED_EDGE('',*,*,#1493,.F.);
#667=ORIENTED_EDGE('',*,*,#1494,.F.);
#668=ORIENTED_EDGE('',*,*,#1495,.F.);
#669=ORIENTED_EDGE('',*,*,#1496,.T.);
#670=ORIENTED_EDGE('',*,*,#1428,.F.);
#671=ORIENTED_EDGE('',*,*,#1497,.F.);
#672=ORIENTED_EDGE('',*,*,#1498,.F.);
#673=ORIENTED_EDGE('',*,*,#1499,.F.);
#674=ORIENTED_EDGE('',*,*,#1500,.F.);
#675=ORIENTED_EDGE('',*,*,#1501,.T.);
#676=ORIENTED_EDGE('',*,*,#1281,.F.);
#677=ORIENTED_EDGE('',*,*,#1502,.F.);
#678=ORIENTED_EDGE('',*,*,#1503,.F.);
#679=ORIENTED_EDGE('',*,*,#1504,.F.);
#680=ORIENTED_EDGE('',*,*,#1505,.F.);
#681=ORIENTED_EDGE('',*,*,#1506,.T.);
#682=ORIENTED_EDGE('',*,*,#1288,.F.);
#683=ORIENTED_EDGE('',*,*,#1507,.F.);
#684=ORIENTED_EDGE('',*,*,#1508,.F.);
#685=ORIENTED_EDGE('',*,*,#1509,.F.);
#686=ORIENTED_EDGE('',*,*,#1510,.F.);
#687=ORIENTED_EDGE('',*,*,#1511,.T.);
#688=ORIENTED_EDGE('',*,*,#1285,.F.);
#689=ORIENTED_EDGE('',*,*,#1512,.F.);
#690=ORIENTED_EDGE('',*,*,#1513,.F.);
#691=ORIENTED_EDGE('',*,*,#1514,.F.);
#692=ORIENTED_EDGE('',*,*,#1515,.F.);
#693=ORIENTED_EDGE('',*,*,#1516,.T.);
#694=ORIENTED_EDGE('',*,*,#1293,.F.);
#695=ORIENTED_EDGE('',*,*,#1517,.F.);
#696=ORIENTED_EDGE('',*,*,#1518,.F.);
#697=ORIENTED_EDGE('',*,*,#1519,.F.);
#698=ORIENTED_EDGE('',*,*,#1520,.F.);
#699=ORIENTED_EDGE('',*,*,#1521,.T.);
#700=ORIENTED_EDGE('',*,*,#1297,.F.);
#701=ORIENTED_EDGE('',*,*,#1522,.F.);
#702=ORIENTED_EDGE('',*,*,#1523,.F.);
#703=ORIENTED_EDGE('',*,*,#1524,.F.);
#704=ORIENTED_EDGE('',*,*,#1525,.F.);
#705=ORIENTED_EDGE('',*,*,#1526,.T.);
#706=ORIENTED_EDGE('',*,*,#1301,.F.);
#707=ORIENTED_EDGE('',*,*,#1527,.F.);
#708=ORIENTED_EDGE('',*,*,#1528,.F.);
#709=ORIENTED_EDGE('',*,*,#1529,.F.);
#710=ORIENTED_EDGE('',*,*,#1530,.F.);
#711=ORIENTED_EDGE('',*,*,#1531,.T.);
#712=ORIENTED_EDGE('',*,*,#1304,.F.);
#713=ORIENTED_EDGE('',*,*,#1532,.F.);
#714=ORIENTED_EDGE('',*,*,#1533,.F.);
#715=ORIENTED_EDGE('',*,*,#1534,.F.);
#716=ORIENTED_EDGE('',*,*,#1535,.F.);
#717=ORIENTED_EDGE('',*,*,#1536,.T.);
#718=ORIENTED_EDGE('',*,*,#1225,.F.);
#719=ORIENTED_EDGE('',*,*,#1537,.F.);
#720=ORIENTED_EDGE('',*,*,#1538,.F.);
#721=ORIENTED_EDGE('',*,*,#1539,.F.);
#722=ORIENTED_EDGE('',*,*,#1540,.F.);
#723=ORIENTED_EDGE('',*,*,#1541,.T.);
#724=ORIENTED_EDGE('',*,*,#1228,.F.);
#725=ORIENTED_EDGE('',*,*,#1542,.F.);
#726=ORIENTED_EDGE('',*,*,#1543,.F.);
#727=ORIENTED_EDGE('',*,*,#1544,.F.);
#728=ORIENTED_EDGE('',*,*,#1545,.F.);
#729=ORIENTED_EDGE('',*,*,#1546,.T.);
#730=ORIENTED_EDGE('',*,*,#1220,.F.);
#731=ORIENTED_EDGE('',*,*,#1547,.F.);
#732=ORIENTED_EDGE('',*,*,#1548,.F.);
#733=ORIENTED_EDGE('',*,*,#1549,.F.);
#734=ORIENTED_EDGE('',*,*,#1492,.T.);
#735=ORIENTED_EDGE('',*,*,#1264,.F.);
#736=ORIENTED_EDGE('',*,*,#1363,.F.);
#737=ORIENTED_EDGE('',*,*,#1550,.F.);
#738=ORIENTED_EDGE('',*,*,#1361,.F.);
#739=ORIENTED_EDGE('',*,*,#1551,.F.);
#740=ORIENTED_EDGE('',*,*,#1494,.T.);
#741=ORIENTED_EDGE('',*,*,#1552,.F.);
#742=ORIENTED_EDGE('',*,*,#1359,.T.);
#743=ORIENTED_EDGE('',*,*,#1429,.T.);
#744=ORIENTED_EDGE('',*,*,#1496,.F.);
#745=ORIENTED_EDGE('',*,*,#1553,.F.);
#746=ORIENTED_EDGE('',*,*,#1362,.T.);
#747=ORIENTED_EDGE('',*,*,#1552,.T.);
#748=ORIENTED_EDGE('',*,*,#1493,.T.);
#749=ORIENTED_EDGE('',*,*,#1550,.T.);
#750=ORIENTED_EDGE('',*,*,#1360,.T.);
#751=ORIENTED_EDGE('',*,*,#1553,.T.);
#752=ORIENTED_EDGE('',*,*,#1495,.T.);
#753=ORIENTED_EDGE('',*,*,#1551,.T.);
#754=ORIENTED_EDGE('',*,*,#1527,.T.);
#755=ORIENTED_EDGE('',*,*,#1300,.F.);
#756=ORIENTED_EDGE('',*,*,#1327,.F.);
#757=ORIENTED_EDGE('',*,*,#1554,.F.);
#758=ORIENTED_EDGE('',*,*,#1325,.F.);
#759=ORIENTED_EDGE('',*,*,#1555,.F.);
#760=ORIENTED_EDGE('',*,*,#1529,.T.);
#761=ORIENTED_EDGE('',*,*,#1556,.F.);
#762=ORIENTED_EDGE('',*,*,#1323,.T.);
#763=ORIENTED_EDGE('',*,*,#1305,.T.);
#764=ORIENTED_EDGE('',*,*,#1531,.F.);
#765=ORIENTED_EDGE('',*,*,#1557,.F.);
#766=ORIENTED_EDGE('',*,*,#1326,.T.);
#767=ORIENTED_EDGE('',*,*,#1556,.T.);
#768=ORIENTED_EDGE('',*,*,#1528,.T.);
#769=ORIENTED_EDGE('',*,*,#1554,.T.);
#770=ORIENTED_EDGE('',*,*,#1324,.T.);
#771=ORIENTED_EDGE('',*,*,#1557,.T.);
#772=ORIENTED_EDGE('',*,*,#1530,.T.);
#773=ORIENTED_EDGE('',*,*,#1555,.T.);
#774=ORIENTED_EDGE('',*,*,#1522,.T.);
#775=ORIENTED_EDGE('',*,*,#1296,.F.);
#776=ORIENTED_EDGE('',*,*,#1332,.F.);
#777=ORIENTED_EDGE('',*,*,#1558,.F.);
#778=ORIENTED_EDGE('',*,*,#1330,.F.);
#779=ORIENTED_EDGE('',*,*,#1559,.F.);
#780=ORIENTED_EDGE('',*,*,#1524,.T.);
#781=ORIENTED_EDGE('',*,*,#1560,.F.);
#782=ORIENTED_EDGE('',*,*,#1328,.T.);
#783=ORIENTED_EDGE('',*,*,#1298,.T.);
#784=ORIENTED_EDGE('',*,*,#1526,.F.);
#785=ORIENTED_EDGE('',*,*,#1561,.F.);
#786=ORIENTED_EDGE('',*,*,#1331,.T.);
#787=ORIENTED_EDGE('',*,*,#1560,.T.);
#788=ORIENTED_EDGE('',*,*,#1523,.T.);
#789=ORIENTED_EDGE('',*,*,#1558,.T.);
#790=ORIENTED_EDGE('',*,*,#1329,.T.);
#791=ORIENTED_EDGE('',*,*,#1561,.T.);
#792=ORIENTED_EDGE('',*,*,#1525,.T.);
#793=ORIENTED_EDGE('',*,*,#1559,.T.);
#794=ORIENTED_EDGE('',*,*,#1517,.T.);
#795=ORIENTED_EDGE('',*,*,#1292,.F.);
#796=ORIENTED_EDGE('',*,*,#1337,.F.);
#797=ORIENTED_EDGE('',*,*,#1562,.F.);
#798=ORIENTED_EDGE('',*,*,#1335,.F.);
#799=ORIENTED_EDGE('',*,*,#1563,.F.);
#800=ORIENTED_EDGE('',*,*,#1519,.T.);
#801=ORIENTED_EDGE('',*,*,#1564,.F.);
#802=ORIENTED_EDGE('',*,*,#1333,.T.);
#803=ORIENTED_EDGE('',*,*,#1294,.T.);
#804=ORIENTED_EDGE('',*,*,#1521,.F.);
#805=ORIENTED_EDGE('',*,*,#1565,.F.);
#806=ORIENTED_EDGE('',*,*,#1336,.T.);
#807=ORIENTED_EDGE('',*,*,#1564,.T.);
#808=ORIENTED_EDGE('',*,*,#1518,.T.);
#809=ORIENTED_EDGE('',*,*,#1562,.T.);
#810=ORIENTED_EDGE('',*,*,#1334,.T.);
#811=ORIENTED_EDGE('',*,*,#1565,.T.);
#812=ORIENTED_EDGE('',*,*,#1520,.T.);
#813=ORIENTED_EDGE('',*,*,#1563,.T.);
#814=ORIENTED_EDGE('',*,*,#1512,.T.);
#815=ORIENTED_EDGE('',*,*,#1284,.F.);
#816=ORIENTED_EDGE('',*,*,#1342,.F.);
#817=ORIENTED_EDGE('',*,*,#1566,.F.);
#818=ORIENTED_EDGE('',*,*,#1340,.F.);
#819=ORIENTED_EDGE('',*,*,#1567,.F.);
#820=ORIENTED_EDGE('',*,*,#1514,.T.);
#821=ORIENTED_EDGE('',*,*,#1568,.F.);
#822=ORIENTED_EDGE('',*,*,#1338,.T.);
#823=ORIENTED_EDGE('',*,*,#1290,.T.);
#824=ORIENTED_EDGE('',*,*,#1516,.F.);
#825=ORIENTED_EDGE('',*,*,#1569,.F.);
#826=ORIENTED_EDGE('',*,*,#1341,.T.);
#827=ORIENTED_EDGE('',*,*,#1568,.T.);
#828=ORIENTED_EDGE('',*,*,#1513,.T.);
#829=ORIENTED_EDGE('',*,*,#1566,.T.);
#830=ORIENTED_EDGE('',*,*,#1339,.T.);
#831=ORIENTED_EDGE('',*,*,#1569,.T.);
#832=ORIENTED_EDGE('',*,*,#1515,.T.);
#833=ORIENTED_EDGE('',*,*,#1567,.T.);
#834=ORIENTED_EDGE('',*,*,#1502,.T.);
#835=ORIENTED_EDGE('',*,*,#1280,.F.);
#836=ORIENTED_EDGE('',*,*,#1352,.F.);
#837=ORIENTED_EDGE('',*,*,#1570,.F.);
#838=ORIENTED_EDGE('',*,*,#1350,.F.);
#839=ORIENTED_EDGE('',*,*,#1571,.F.);
#840=ORIENTED_EDGE('',*,*,#1504,.T.);
#841=ORIENTED_EDGE('',*,*,#1572,.F.);
#842=ORIENTED_EDGE('',*,*,#1348,.T.);
#843=ORIENTED_EDGE('',*,*,#1289,.T.);
#844=ORIENTED_EDGE('',*,*,#1506,.F.);
#845=ORIENTED_EDGE('',*,*,#1573,.F.);
#846=ORIENTED_EDGE('',*,*,#1351,.T.);
#847=ORIENTED_EDGE('',*,*,#1572,.T.);
#848=ORIENTED_EDGE('',*,*,#1503,.T.);
#849=ORIENTED_EDGE('',*,*,#1570,.T.);
#850=ORIENTED_EDGE('',*,*,#1349,.T.);
#851=ORIENTED_EDGE('',*,*,#1573,.T.);
#852=ORIENTED_EDGE('',*,*,#1505,.T.);
#853=ORIENTED_EDGE('',*,*,#1571,.T.);
#854=ORIENTED_EDGE('',*,*,#1507,.T.);
#855=ORIENTED_EDGE('',*,*,#1287,.F.);
#856=ORIENTED_EDGE('',*,*,#1347,.F.);
#857=ORIENTED_EDGE('',*,*,#1574,.F.);
#858=ORIENTED_EDGE('',*,*,#1345,.F.);
#859=ORIENTED_EDGE('',*,*,#1575,.F.);
#860=ORIENTED_EDGE('',*,*,#1509,.T.);
#861=ORIENTED_EDGE('',*,*,#1576,.F.);
#862=ORIENTED_EDGE('',*,*,#1343,.T.);
#863=ORIENTED_EDGE('',*,*,#1282,.T.);
#864=ORIENTED_EDGE('',*,*,#1511,.F.);
#865=ORIENTED_EDGE('',*,*,#1577,.F.);
#866=ORIENTED_EDGE('',*,*,#1346,.T.);
#867=ORIENTED_EDGE('',*,*,#1576,.T.);
#868=ORIENTED_EDGE('',*,*,#1508,.T.);
#869=ORIENTED_EDGE('',*,*,#1574,.T.);
#870=ORIENTED_EDGE('',*,*,#1344,.T.);
#871=ORIENTED_EDGE('',*,*,#1577,.T.);
#872=ORIENTED_EDGE('',*,*,#1510,.T.);
#873=ORIENTED_EDGE('',*,*,#1575,.T.);
#874=ORIENTED_EDGE('',*,*,#1497,.T.);
#875=ORIENTED_EDGE('',*,*,#1427,.F.);
#876=ORIENTED_EDGE('',*,*,#1357,.F.);
#877=ORIENTED_EDGE('',*,*,#1578,.F.);
#878=ORIENTED_EDGE('',*,*,#1355,.F.);
#879=ORIENTED_EDGE('',*,*,#1579,.F.);
#880=ORIENTED_EDGE('',*,*,#1499,.T.);
#881=ORIENTED_EDGE('',*,*,#1580,.F.);
#882=ORIENTED_EDGE('',*,*,#1353,.T.);
#883=ORIENTED_EDGE('',*,*,#1278,.T.);
#884=ORIENTED_EDGE('',*,*,#1501,.F.);
#885=ORIENTED_EDGE('',*,*,#1581,.F.);
#886=ORIENTED_EDGE('',*,*,#1356,.T.);
#887=ORIENTED_EDGE('',*,*,#1580,.T.);
#888=ORIENTED_EDGE('',*,*,#1498,.T.);
#889=ORIENTED_EDGE('',*,*,#1578,.T.);
#890=ORIENTED_EDGE('',*,*,#1354,.T.);
#891=ORIENTED_EDGE('',*,*,#1581,.T.);
#892=ORIENTED_EDGE('',*,*,#1500,.T.);
#893=ORIENTED_EDGE('',*,*,#1579,.T.);
#894=ORIENTED_EDGE('',*,*,#1477,.T.);
#895=ORIENTED_EDGE('',*,*,#1272,.F.);
#896=ORIENTED_EDGE('',*,*,#1378,.F.);
#897=ORIENTED_EDGE('',*,*,#1582,.F.);
#898=ORIENTED_EDGE('',*,*,#1376,.F.);
#899=ORIENTED_EDGE('',*,*,#1583,.F.);
#900=ORIENTED_EDGE('',*,*,#1479,.T.);
#901=ORIENTED_EDGE('',*,*,#1584,.F.);
#902=ORIENTED_EDGE('',*,*,#1374,.T.);
#903=ORIENTED_EDGE('',*,*,#1277,.T.);
#904=ORIENTED_EDGE('',*,*,#1481,.F.);
#905=ORIENTED_EDGE('',*,*,#1585,.F.);
#906=ORIENTED_EDGE('',*,*,#1377,.T.);
#907=ORIENTED_EDGE('',*,*,#1584,.T.);
#908=ORIENTED_EDGE('',*,*,#1478,.T.);
#909=ORIENTED_EDGE('',*,*,#1582,.T.);
#910=ORIENTED_EDGE('',*,*,#1375,.T.);
#911=ORIENTED_EDGE('',*,*,#1585,.T.);
#912=ORIENTED_EDGE('',*,*,#1480,.T.);
#913=ORIENTED_EDGE('',*,*,#1583,.T.);
#914=ORIENTED_EDGE('',*,*,#1472,.T.);
#915=ORIENTED_EDGE('',*,*,#1260,.F.);
#916=ORIENTED_EDGE('',*,*,#1383,.F.);
#917=ORIENTED_EDGE('',*,*,#1586,.F.);
#918=ORIENTED_EDGE('',*,*,#1381,.F.);
#919=ORIENTED_EDGE('',*,*,#1587,.F.);
#920=ORIENTED_EDGE('',*,*,#1474,.T.);
#921=ORIENTED_EDGE('',*,*,#1588,.F.);
#922=ORIENTED_EDGE('',*,*,#1379,.T.);
#923=ORIENTED_EDGE('',*,*,#1270,.T.);
#924=ORIENTED_EDGE('',*,*,#1476,.F.);
#925=ORIENTED_EDGE('',*,*,#1589,.F.);
#926=ORIENTED_EDGE('',*,*,#1382,.T.);
#927=ORIENTED_EDGE('',*,*,#1588,.T.);
#928=ORIENTED_EDGE('',*,*,#1473,.T.);
#929=ORIENTED_EDGE('',*,*,#1586,.T.);
#930=ORIENTED_EDGE('',*,*,#1380,.T.);
#931=ORIENTED_EDGE('',*,*,#1589,.T.);
#932=ORIENTED_EDGE('',*,*,#1475,.T.);
#933=ORIENTED_EDGE('',*,*,#1587,.T.);
#934=ORIENTED_EDGE('',*,*,#1482,.T.);
#935=ORIENTED_EDGE('',*,*,#1275,.F.);
#936=ORIENTED_EDGE('',*,*,#1373,.F.);
#937=ORIENTED_EDGE('',*,*,#1590,.F.);
#938=ORIENTED_EDGE('',*,*,#1371,.F.);
#939=ORIENTED_EDGE('',*,*,#1591,.F.);
#940=ORIENTED_EDGE('',*,*,#1484,.T.);
#941=ORIENTED_EDGE('',*,*,#1592,.F.);
#942=ORIENTED_EDGE('',*,*,#1369,.T.);
#943=ORIENTED_EDGE('',*,*,#1269,.T.);
#944=ORIENTED_EDGE('',*,*,#1486,.F.);
#945=ORIENTED_EDGE('',*,*,#1593,.F.);
#946=ORIENTED_EDGE('',*,*,#1372,.T.);
#947=ORIENTED_EDGE('',*,*,#1592,.T.);
#948=ORIENTED_EDGE('',*,*,#1483,.T.);
#949=ORIENTED_EDGE('',*,*,#1590,.T.);
#950=ORIENTED_EDGE('',*,*,#1370,.T.);
#951=ORIENTED_EDGE('',*,*,#1593,.T.);
#952=ORIENTED_EDGE('',*,*,#1485,.T.);
#953=ORIENTED_EDGE('',*,*,#1591,.T.);
#954=ORIENTED_EDGE('',*,*,#1487,.T.);
#955=ORIENTED_EDGE('',*,*,#1267,.F.);
#956=ORIENTED_EDGE('',*,*,#1368,.F.);
#957=ORIENTED_EDGE('',*,*,#1594,.F.);
#958=ORIENTED_EDGE('',*,*,#1366,.F.);
#959=ORIENTED_EDGE('',*,*,#1595,.F.);
#960=ORIENTED_EDGE('',*,*,#1489,.T.);
#961=ORIENTED_EDGE('',*,*,#1596,.F.);
#962=ORIENTED_EDGE('',*,*,#1364,.T.);
#963=ORIENTED_EDGE('',*,*,#1262,.T.);
#964=ORIENTED_EDGE('',*,*,#1491,.F.);
#965=ORIENTED_EDGE('',*,*,#1597,.F.);
#966=ORIENTED_EDGE('',*,*,#1367,.T.);
#967=ORIENTED_EDGE('',*,*,#1596,.T.);
#968=ORIENTED_EDGE('',*,*,#1488,.T.);
#969=ORIENTED_EDGE('',*,*,#1594,.T.);
#970=ORIENTED_EDGE('',*,*,#1365,.T.);
#971=ORIENTED_EDGE('',*,*,#1597,.T.);
#972=ORIENTED_EDGE('',*,*,#1490,.T.);
#973=ORIENTED_EDGE('',*,*,#1595,.T.);
#974=ORIENTED_EDGE('',*,*,#1467,.T.);
#975=ORIENTED_EDGE('',*,*,#1256,.F.);
#976=ORIENTED_EDGE('',*,*,#1388,.F.);
#977=ORIENTED_EDGE('',*,*,#1598,.F.);
#978=ORIENTED_EDGE('',*,*,#1386,.F.);
#979=ORIENTED_EDGE('',*,*,#1599,.F.);
#980=ORIENTED_EDGE('',*,*,#1469,.T.);
#981=ORIENTED_EDGE('',*,*,#1600,.F.);
#982=ORIENTED_EDGE('',*,*,#1384,.T.);
#983=ORIENTED_EDGE('',*,*,#1258,.T.);
#984=ORIENTED_EDGE('',*,*,#1471,.F.);
#985=ORIENTED_EDGE('',*,*,#1601,.F.);
#986=ORIENTED_EDGE('',*,*,#1387,.T.);
#987=ORIENTED_EDGE('',*,*,#1600,.T.);
#988=ORIENTED_EDGE('',*,*,#1468,.T.);
#989=ORIENTED_EDGE('',*,*,#1598,.T.);
#990=ORIENTED_EDGE('',*,*,#1385,.T.);
#991=ORIENTED_EDGE('',*,*,#1601,.T.);
#992=ORIENTED_EDGE('',*,*,#1470,.T.);
#993=ORIENTED_EDGE('',*,*,#1599,.T.);
#994=ORIENTED_EDGE('',*,*,#1462,.T.);
#995=ORIENTED_EDGE('',*,*,#1252,.F.);
#996=ORIENTED_EDGE('',*,*,#1393,.F.);
#997=ORIENTED_EDGE('',*,*,#1602,.F.);
#998=ORIENTED_EDGE('',*,*,#1391,.F.);
#999=ORIENTED_EDGE('',*,*,#1603,.F.);
#1000=ORIENTED_EDGE('',*,*,#1464,.T.);
#1001=ORIENTED_EDGE('',*,*,#1604,.F.);
#1002=ORIENTED_EDGE('',*,*,#1389,.T.);
#1003=ORIENTED_EDGE('',*,*,#1254,.T.);
#1004=ORIENTED_EDGE('',*,*,#1466,.F.);
#1005=ORIENTED_EDGE('',*,*,#1605,.F.);
#1006=ORIENTED_EDGE('',*,*,#1392,.T.);
#1007=ORIENTED_EDGE('',*,*,#1604,.T.);
#1008=ORIENTED_EDGE('',*,*,#1463,.T.);
#1009=ORIENTED_EDGE('',*,*,#1602,.T.);
#1010=ORIENTED_EDGE('',*,*,#1390,.T.);
#1011=ORIENTED_EDGE('',*,*,#1605,.T.);
#1012=ORIENTED_EDGE('',*,*,#1465,.T.);
#1013=ORIENTED_EDGE('',*,*,#1603,.T.);
#1014=ORIENTED_EDGE('',*,*,#1457,.T.);
#1015=ORIENTED_EDGE('',*,*,#1248,.F.);
#1016=ORIENTED_EDGE('',*,*,#1398,.F.);
#1017=ORIENTED_EDGE('',*,*,#1606,.F.);
#1018=ORIENTED_EDGE('',*,*,#1396,.F.);
#1019=ORIENTED_EDGE('',*,*,#1607,.F.);
#1020=ORIENTED_EDGE('',*,*,#1459,.T.);
#1021=ORIENTED_EDGE('',*,*,#1608,.F.);
#1022=ORIENTED_EDGE('',*,*,#1394,.T.);
#1023=ORIENTED_EDGE('',*,*,#1250,.T.);
#1024=ORIENTED_EDGE('',*,*,#1461,.F.);
#1025=ORIENTED_EDGE('',*,*,#1609,.F.);
#1026=ORIENTED_EDGE('',*,*,#1397,.T.);
#1027=ORIENTED_EDGE('',*,*,#1608,.T.);
#1028=ORIENTED_EDGE('',*,*,#1458,.T.);
#1029=ORIENTED_EDGE('',*,*,#1606,.T.);
#1030=ORIENTED_EDGE('',*,*,#1395,.T.);
#1031=ORIENTED_EDGE('',*,*,#1609,.T.);
#1032=ORIENTED_EDGE('',*,*,#1460,.T.);
#1033=ORIENTED_EDGE('',*,*,#1607,.T.);
#1034=ORIENTED_EDGE('',*,*,#1452,.T.);
#1035=ORIENTED_EDGE('',*,*,#1240,.F.);
#1036=ORIENTED_EDGE('',*,*,#1403,.F.);
#1037=ORIENTED_EDGE('',*,*,#1610,.F.);
#1038=ORIENTED_EDGE('',*,*,#1401,.F.);
#1039=ORIENTED_EDGE('',*,*,#1611,.F.);
#1040=ORIENTED_EDGE('',*,*,#1454,.T.);
#1041=ORIENTED_EDGE('',*,*,#1612,.F.);
#1042=ORIENTED_EDGE('',*,*,#1399,.T.);
#1043=ORIENTED_EDGE('',*,*,#1246,.T.);
#1044=ORIENTED_EDGE('',*,*,#1456,.F.);
#1045=ORIENTED_EDGE('',*,*,#1613,.F.);
#1046=ORIENTED_EDGE('',*,*,#1402,.T.);
#1047=ORIENTED_EDGE('',*,*,#1612,.T.);
#1048=ORIENTED_EDGE('',*,*,#1453,.T.);
#1049=ORIENTED_EDGE('',*,*,#1610,.T.);
#1050=ORIENTED_EDGE('',*,*,#1400,.T.);
#1051=ORIENTED_EDGE('',*,*,#1613,.T.);
#1052=ORIENTED_EDGE('',*,*,#1455,.T.);
#1053=ORIENTED_EDGE('',*,*,#1611,.T.);
#1054=ORIENTED_EDGE('',*,*,#1442,.T.);
#1055=ORIENTED_EDGE('',*,*,#1236,.F.);
#1056=ORIENTED_EDGE('',*,*,#1413,.F.);
#1057=ORIENTED_EDGE('',*,*,#1614,.F.);
#1058=ORIENTED_EDGE('',*,*,#1411,.F.);
#1059=ORIENTED_EDGE('',*,*,#1615,.F.);
#1060=ORIENTED_EDGE('',*,*,#1444,.T.);
#1061=ORIENTED_EDGE('',*,*,#1616,.F.);
#1062=ORIENTED_EDGE('',*,*,#1409,.T.);
#1063=ORIENTED_EDGE('',*,*,#1245,.T.);
#1064=ORIENTED_EDGE('',*,*,#1446,.F.);
#1065=ORIENTED_EDGE('',*,*,#1617,.F.);
#1066=ORIENTED_EDGE('',*,*,#1412,.T.);
#1067=ORIENTED_EDGE('',*,*,#1616,.T.);
#1068=ORIENTED_EDGE('',*,*,#1443,.T.);
#1069=ORIENTED_EDGE('',*,*,#1614,.T.);
#1070=ORIENTED_EDGE('',*,*,#1410,.T.);
#1071=ORIENTED_EDGE('',*,*,#1617,.T.);
#1072=ORIENTED_EDGE('',*,*,#1445,.T.);
#1073=ORIENTED_EDGE('',*,*,#1615,.T.);
#1074=ORIENTED_EDGE('',*,*,#1447,.T.);
#1075=ORIENTED_EDGE('',*,*,#1243,.F.);
#1076=ORIENTED_EDGE('',*,*,#1408,.F.);
#1077=ORIENTED_EDGE('',*,*,#1618,.F.);
#1078=ORIENTED_EDGE('',*,*,#1406,.F.);
#1079=ORIENTED_EDGE('',*,*,#1619,.F.);
#1080=ORIENTED_EDGE('',*,*,#1449,.T.);
#1081=ORIENTED_EDGE('',*,*,#1620,.F.);
#1082=ORIENTED_EDGE('',*,*,#1404,.T.);
#1083=ORIENTED_EDGE('',*,*,#1238,.T.);
#1084=ORIENTED_EDGE('',*,*,#1451,.F.);
#1085=ORIENTED_EDGE('',*,*,#1621,.F.);
#1086=ORIENTED_EDGE('',*,*,#1407,.T.);
#1087=ORIENTED_EDGE('',*,*,#1620,.T.);
#1088=ORIENTED_EDGE('',*,*,#1448,.T.);
#1089=ORIENTED_EDGE('',*,*,#1618,.T.);
#1090=ORIENTED_EDGE('',*,*,#1405,.T.);
#1091=ORIENTED_EDGE('',*,*,#1621,.T.);
#1092=ORIENTED_EDGE('',*,*,#1450,.T.);
#1093=ORIENTED_EDGE('',*,*,#1619,.T.);
#1094=ORIENTED_EDGE('',*,*,#1437,.T.);
#1095=ORIENTED_EDGE('',*,*,#1232,.F.);
#1096=ORIENTED_EDGE('',*,*,#1418,.F.);
#1097=ORIENTED_EDGE('',*,*,#1622,.F.);
#1098=ORIENTED_EDGE('',*,*,#1416,.F.);
#1099=ORIENTED_EDGE('',*,*,#1623,.F.);
#1100=ORIENTED_EDGE('',*,*,#1439,.T.);
#1101=ORIENTED_EDGE('',*,*,#1624,.F.);
#1102=ORIENTED_EDGE('',*,*,#1414,.T.);
#1103=ORIENTED_EDGE('',*,*,#1234,.T.);
#1104=ORIENTED_EDGE('',*,*,#1441,.F.);
#1105=ORIENTED_EDGE('',*,*,#1625,.F.);
#1106=ORIENTED_EDGE('',*,*,#1417,.T.);
#1107=ORIENTED_EDGE('',*,*,#1624,.T.);
#1108=ORIENTED_EDGE('',*,*,#1438,.T.);
#1109=ORIENTED_EDGE('',*,*,#1622,.T.);
#1110=ORIENTED_EDGE('',*,*,#1415,.T.);
#1111=ORIENTED_EDGE('',*,*,#1625,.T.);
#1112=ORIENTED_EDGE('',*,*,#1440,.T.);
#1113=ORIENTED_EDGE('',*,*,#1623,.T.);
#1114=ORIENTED_EDGE('',*,*,#1432,.T.);
#1115=ORIENTED_EDGE('',*,*,#1216,.F.);
#1116=ORIENTED_EDGE('',*,*,#1423,.F.);
#1117=ORIENTED_EDGE('',*,*,#1626,.F.);
#1118=ORIENTED_EDGE('',*,*,#1421,.F.);
#1119=ORIENTED_EDGE('',*,*,#1627,.F.);
#1120=ORIENTED_EDGE('',*,*,#1434,.T.);
#1121=ORIENTED_EDGE('',*,*,#1628,.F.);
#1122=ORIENTED_EDGE('',*,*,#1419,.T.);
#1123=ORIENTED_EDGE('',*,*,#1230,.T.);
#1124=ORIENTED_EDGE('',*,*,#1436,.F.);
#1125=ORIENTED_EDGE('',*,*,#1629,.F.);
#1126=ORIENTED_EDGE('',*,*,#1422,.T.);
#1127=ORIENTED_EDGE('',*,*,#1628,.T.);
#1128=ORIENTED_EDGE('',*,*,#1433,.T.);
#1129=ORIENTED_EDGE('',*,*,#1626,.T.);
#1130=ORIENTED_EDGE('',*,*,#1420,.T.);
#1131=ORIENTED_EDGE('',*,*,#1629,.T.);
#1132=ORIENTED_EDGE('',*,*,#1435,.T.);
#1133=ORIENTED_EDGE('',*,*,#1627,.T.);
#1134=ORIENTED_EDGE('',*,*,#1537,.T.);
#1135=ORIENTED_EDGE('',*,*,#1224,.F.);
#1136=ORIENTED_EDGE('',*,*,#1317,.F.);
#1137=ORIENTED_EDGE('',*,*,#1630,.F.);
#1138=ORIENTED_EDGE('',*,*,#1315,.F.);
#1139=ORIENTED_EDGE('',*,*,#1631,.F.);
#1140=ORIENTED_EDGE('',*,*,#1539,.T.);
#1141=ORIENTED_EDGE('',*,*,#1632,.F.);
#1142=ORIENTED_EDGE('',*,*,#1313,.T.);
#1143=ORIENTED_EDGE('',*,*,#1229,.T.);
#1144=ORIENTED_EDGE('',*,*,#1541,.F.);
#1145=ORIENTED_EDGE('',*,*,#1633,.F.);
#1146=ORIENTED_EDGE('',*,*,#1316,.T.);
#1147=ORIENTED_EDGE('',*,*,#1632,.T.);
#1148=ORIENTED_EDGE('',*,*,#1538,.T.);
#1149=ORIENTED_EDGE('',*,*,#1630,.T.);
#1150=ORIENTED_EDGE('',*,*,#1314,.T.);
#1151=ORIENTED_EDGE('',*,*,#1633,.T.);
#1152=ORIENTED_EDGE('',*,*,#1540,.T.);
#1153=ORIENTED_EDGE('',*,*,#1631,.T.);
#1154=ORIENTED_EDGE('',*,*,#1532,.T.);
#1155=ORIENTED_EDGE('',*,*,#1303,.F.);
#1156=ORIENTED_EDGE('',*,*,#1322,.F.);
#1157=ORIENTED_EDGE('',*,*,#1634,.F.);
#1158=ORIENTED_EDGE('',*,*,#1320,.F.);
#1159=ORIENTED_EDGE('',*,*,#1635,.F.);
#1160=ORIENTED_EDGE('',*,*,#1534,.T.);
#1161=ORIENTED_EDGE('',*,*,#1636,.F.);
#1162=ORIENTED_EDGE('',*,*,#1318,.T.);
#1163=ORIENTED_EDGE('',*,*,#1222,.T.);
#1164=ORIENTED_EDGE('',*,*,#1536,.F.);
#1165=ORIENTED_EDGE('',*,*,#1637,.F.);
#1166=ORIENTED_EDGE('',*,*,#1321,.T.);
#1167=ORIENTED_EDGE('',*,*,#1636,.T.);
#1168=ORIENTED_EDGE('',*,*,#1533,.T.);
#1169=ORIENTED_EDGE('',*,*,#1634,.T.);
#1170=ORIENTED_EDGE('',*,*,#1319,.T.);
#1171=ORIENTED_EDGE('',*,*,#1637,.T.);
#1172=ORIENTED_EDGE('',*,*,#1535,.T.);
#1173=ORIENTED_EDGE('',*,*,#1635,.T.);
#1174=ORIENTED_EDGE('',*,*,#1542,.T.);
#1175=ORIENTED_EDGE('',*,*,#1227,.F.);
#1176=ORIENTED_EDGE('',*,*,#1312,.F.);
#1177=ORIENTED_EDGE('',*,*,#1638,.F.);
#1178=ORIENTED_EDGE('',*,*,#1310,.F.);
#1179=ORIENTED_EDGE('',*,*,#1639,.F.);
#1180=ORIENTED_EDGE('',*,*,#1544,.T.);
#1181=ORIENTED_EDGE('',*,*,#1640,.F.);
#1182=ORIENTED_EDGE('',*,*,#1308,.T.);
#1183=ORIENTED_EDGE('',*,*,#1221,.T.);
#1184=ORIENTED_EDGE('',*,*,#1546,.F.);
#1185=ORIENTED_EDGE('',*,*,#1641,.F.);
#1186=ORIENTED_EDGE('',*,*,#1311,.T.);
#1187=ORIENTED_EDGE('',*,*,#1640,.T.);
#1188=ORIENTED_EDGE('',*,*,#1543,.T.);
#1189=ORIENTED_EDGE('',*,*,#1638,.T.);
#1190=ORIENTED_EDGE('',*,*,#1309,.T.);
#1191=ORIENTED_EDGE('',*,*,#1641,.T.);
#1192=ORIENTED_EDGE('',*,*,#1545,.T.);
#1193=ORIENTED_EDGE('',*,*,#1639,.T.);
#1194=ORIENTED_EDGE('',*,*,#1547,.T.);
#1195=ORIENTED_EDGE('',*,*,#1219,.F.);
#1196=ORIENTED_EDGE('',*,*,#1307,.F.);
#1197=ORIENTED_EDGE('',*,*,#1642,.F.);
#1198=ORIENTED_EDGE('',*,*,#1426,.F.);
#1199=ORIENTED_EDGE('',*,*,#1643,.F.);
#1200=ORIENTED_EDGE('',*,*,#1549,.T.);
#1201=ORIENTED_EDGE('',*,*,#1644,.F.);
#1202=ORIENTED_EDGE('',*,*,#1424,.T.);
#1203=ORIENTED_EDGE('',*,*,#1214,.T.);
#1204=ORIENTED_EDGE('',*,*,#1431,.F.);
#1205=ORIENTED_EDGE('',*,*,#1645,.F.);
#1206=ORIENTED_EDGE('',*,*,#1306,.T.);
#1207=ORIENTED_EDGE('',*,*,#1644,.T.);
#1208=ORIENTED_EDGE('',*,*,#1548,.T.);
#1209=ORIENTED_EDGE('',*,*,#1642,.T.);
#1210=ORIENTED_EDGE('',*,*,#1425,.T.);
#1211=ORIENTED_EDGE('',*,*,#1645,.T.);
#1212=ORIENTED_EDGE('',*,*,#1430,.T.);
#1213=ORIENTED_EDGE('',*,*,#1643,.T.);
#1214=EDGE_CURVE('',#1646,#1647,#1934,.T.);
#1215=EDGE_CURVE('',#1648,#1646,#158,.T.);
#1216=EDGE_CURVE('',#1648,#1649,#1935,.T.);
#1217=EDGE_CURVE('',#1649,#1647,#159,.T.);
#1218=EDGE_CURVE('',#1650,#1651,#160,.T.);
#1219=EDGE_CURVE('',#1650,#1652,#1936,.T.);
#1220=EDGE_CURVE('',#1652,#1653,#161,.T.);
#1221=EDGE_CURVE('',#1651,#1653,#1937,.T.);
#1222=EDGE_CURVE('',#1654,#1655,#1938,.T.);
#1223=EDGE_CURVE('',#1656,#1654,#162,.T.);
#1224=EDGE_CURVE('',#1656,#1657,#1939,.T.);
#1225=EDGE_CURVE('',#1657,#1655,#163,.T.);
#1226=EDGE_CURVE('',#1658,#1659,#164,.T.);
#1227=EDGE_CURVE('',#1658,#1660,#1940,.T.);
#1228=EDGE_CURVE('',#1660,#1661,#165,.T.);
#1229=EDGE_CURVE('',#1659,#1661,#1941,.T.);
#1230=EDGE_CURVE('',#1662,#1663,#1942,.T.);
#1231=EDGE_CURVE('',#1664,#1662,#166,.T.);
#1232=EDGE_CURVE('',#1664,#1665,#1943,.T.);
#1233=EDGE_CURVE('',#1665,#1663,#167,.T.);
#1234=EDGE_CURVE('',#1666,#1667,#1944,.T.);
#1235=EDGE_CURVE('',#1668,#1666,#168,.T.);
#1236=EDGE_CURVE('',#1668,#1669,#1945,.T.);
#1237=EDGE_CURVE('',#1669,#1667,#169,.T.);
#1238=EDGE_CURVE('',#1670,#1671,#1946,.T.);
#1239=EDGE_CURVE('',#1672,#1670,#170,.T.);
#1240=EDGE_CURVE('',#1672,#1673,#1947,.T.);
#1241=EDGE_CURVE('',#1673,#1671,#171,.T.);
#1242=EDGE_CURVE('',#1674,#1675,#172,.T.);
#1243=EDGE_CURVE('',#1674,#1676,#1948,.T.);
#1244=EDGE_CURVE('',#1676,#1677,#173,.T.);
#1245=EDGE_CURVE('',#1675,#1677,#1949,.T.);
#1246=EDGE_CURVE('',#1678,#1679,#1950,.T.);
#1247=EDGE_CURVE('',#1680,#1678,#174,.T.);
#1248=EDGE_CURVE('',#1680,#1681,#1951,.T.);
#1249=EDGE_CURVE('',#1681,#1679,#175,.T.);
#1250=EDGE_CURVE('',#1682,#1683,#1952,.T.);
#1251=EDGE_CURVE('',#1684,#1682,#176,.T.);
#1252=EDGE_CURVE('',#1684,#1685,#1953,.T.);
#1253=EDGE_CURVE('',#1685,#1683,#177,.T.);
#1254=EDGE_CURVE('',#1686,#1687,#1954,.T.);
#1255=EDGE_CURVE('',#1688,#1686,#178,.T.);
#1256=EDGE_CURVE('',#1688,#1689,#1955,.T.);
#1257=EDGE_CURVE('',#1689,#1687,#179,.T.);
#1258=EDGE_CURVE('',#1690,#1691,#1956,.T.);
#1259=EDGE_CURVE('',#1692,#1690,#180,.T.);
#1260=EDGE_CURVE('',#1692,#1693,#1957,.T.);
#1261=EDGE_CURVE('',#1693,#1691,#181,.T.);
#1262=EDGE_CURVE('',#1694,#1695,#1958,.T.);
#1263=EDGE_CURVE('',#1696,#1694,#182,.T.);
#1264=EDGE_CURVE('',#1696,#1697,#1959,.T.);
#1265=EDGE_CURVE('',#1697,#1695,#183,.T.);
#1266=EDGE_CURVE('',#1698,#1699,#184,.T.);
#1267=EDGE_CURVE('',#1698,#1700,#1960,.T.);
#1268=EDGE_CURVE('',#1700,#1701,#185,.T.);
#1269=EDGE_CURVE('',#1699,#1701,#1961,.T.);
#1270=EDGE_CURVE('',#1702,#1703,#1962,.T.);
#1271=EDGE_CURVE('',#1704,#1702,#186,.T.);
#1272=EDGE_CURVE('',#1704,#1705,#1963,.T.);
#1273=EDGE_CURVE('',#1705,#1703,#187,.T.);
#1274=EDGE_CURVE('',#1706,#1707,#188,.T.);
#1275=EDGE_CURVE('',#1706,#1708,#1964,.T.);
#1276=EDGE_CURVE('',#1708,#1709,#189,.T.);
#1277=EDGE_CURVE('',#1707,#1709,#1965,.T.);
#1278=EDGE_CURVE('',#1710,#1711,#1966,.T.);
#1279=EDGE_CURVE('',#1712,#1710,#190,.T.);
#1280=EDGE_CURVE('',#1712,#1713,#1967,.T.);
#1281=EDGE_CURVE('',#1713,#1711,#191,.T.);
#1282=EDGE_CURVE('',#1714,#1715,#1968,.T.);
#1283=EDGE_CURVE('',#1716,#1714,#192,.T.);
#1284=EDGE_CURVE('',#1716,#1717,#1969,.T.);
#1285=EDGE_CURVE('',#1717,#1715,#193,.T.);
#1286=EDGE_CURVE('',#1718,#1719,#194,.T.);
#1287=EDGE_CURVE('',#1718,#1720,#1970,.T.);
#1288=EDGE_CURVE('',#1720,#1721,#195,.T.);
#1289=EDGE_CURVE('',#1719,#1721,#1971,.T.);
#1290=EDGE_CURVE('',#1722,#1723,#1972,.T.);
#1291=EDGE_CURVE('',#1724,#1722,#196,.T.);
#1292=EDGE_CURVE('',#1724,#1725,#1973,.T.);
#1293=EDGE_CURVE('',#1725,#1723,#197,.T.);
#1294=EDGE_CURVE('',#1726,#1727,#1974,.T.);
#1295=EDGE_CURVE('',#1728,#1726,#198,.T.);
#1296=EDGE_CURVE('',#1728,#1729,#1975,.T.);
#1297=EDGE_CURVE('',#1729,#1727,#199,.T.);
#1298=EDGE_CURVE('',#1730,#1731,#1976,.T.);
#1299=EDGE_CURVE('',#1732,#1730,#200,.T.);
#1300=EDGE_CURVE('',#1732,#1733,#1977,.T.);
#1301=EDGE_CURVE('',#1733,#1731,#201,.T.);
#1302=EDGE_CURVE('',#1734,#1735,#202,.T.);
#1303=EDGE_CURVE('',#1734,#1736,#1978,.T.);
#1304=EDGE_CURVE('',#1736,#1737,#203,.T.);
#1305=EDGE_CURVE('',#1735,#1737,#1979,.T.);
#1306=EDGE_CURVE('',#1738,#1739,#204,.T.);
#1307=EDGE_CURVE('',#1738,#1650,#60,.T.);
#1308=EDGE_CURVE('',#1740,#1651,#61,.T.);
#1309=EDGE_CURVE('',#1741,#1740,#205,.T.);
#1310=EDGE_CURVE('',#1741,#1742,#206,.T.);
#1311=EDGE_CURVE('',#1743,#1742,#207,.T.);
#1312=EDGE_CURVE('',#1743,#1658,#62,.T.);
#1313=EDGE_CURVE('',#1744,#1659,#63,.T.);
#1314=EDGE_CURVE('',#1745,#1744,#208,.T.);
#1315=EDGE_CURVE('',#1745,#1746,#209,.T.);
#1316=EDGE_CURVE('',#1747,#1746,#210,.T.);
#1317=EDGE_CURVE('',#1747,#1656,#64,.T.);
#1318=EDGE_CURVE('',#1748,#1654,#65,.T.);
#1319=EDGE_CURVE('',#1749,#1748,#211,.T.);
#1320=EDGE_CURVE('',#1749,#1750,#212,.T.);
#1321=EDGE_CURVE('',#1751,#1750,#213,.T.);
#1322=EDGE_CURVE('',#1751,#1734,#66,.T.);
#1323=EDGE_CURVE('',#1752,#1735,#67,.T.);
#1324=EDGE_CURVE('',#1753,#1752,#214,.T.);
#1325=EDGE_CURVE('',#1753,#1754,#215,.T.);
#1326=EDGE_CURVE('',#1755,#1754,#216,.T.);
#1327=EDGE_CURVE('',#1755,#1732,#68,.T.);
#1328=EDGE_CURVE('',#1756,#1730,#69,.T.);
#1329=EDGE_CURVE('',#1757,#1756,#217,.T.);
#1330=EDGE_CURVE('',#1757,#1758,#218,.T.);
#1331=EDGE_CURVE('',#1759,#1758,#219,.T.);
#1332=EDGE_CURVE('',#1759,#1728,#70,.T.);
#1333=EDGE_CURVE('',#1760,#1726,#71,.T.);
#1334=EDGE_CURVE('',#1761,#1760,#220,.T.);
#1335=EDGE_CURVE('',#1761,#1762,#221,.T.);
#1336=EDGE_CURVE('',#1763,#1762,#222,.T.);
#1337=EDGE_CURVE('',#1763,#1724,#72,.T.);
#1338=EDGE_CURVE('',#1764,#1722,#73,.T.);
#1339=EDGE_CURVE('',#1765,#1764,#223,.T.);
#1340=EDGE_CURVE('',#1765,#1766,#224,.T.);
#1341=EDGE_CURVE('',#1767,#1766,#225,.T.);
#1342=EDGE_CURVE('',#1767,#1716,#74,.T.);
#1343=EDGE_CURVE('',#1768,#1714,#75,.T.);
#1344=EDGE_CURVE('',#1769,#1768,#226,.T.);
#1345=EDGE_CURVE('',#1769,#1770,#227,.T.);
#1346=EDGE_CURVE('',#1771,#1770,#228,.T.);
#1347=EDGE_CURVE('',#1771,#1718,#76,.T.);
#1348=EDGE_CURVE('',#1772,#1719,#77,.T.);
#1349=EDGE_CURVE('',#1773,#1772,#229,.T.);
#1350=EDGE_CURVE('',#1773,#1774,#230,.T.);
#1351=EDGE_CURVE('',#1775,#1774,#231,.T.);
#1352=EDGE_CURVE('',#1775,#1712,#78,.T.);
#1353=EDGE_CURVE('',#1776,#1710,#79,.T.);
#1354=EDGE_CURVE('',#1777,#1776,#232,.T.);
#1355=EDGE_CURVE('',#1777,#1778,#233,.T.);
#1356=EDGE_CURVE('',#1779,#1778,#234,.T.);
#1357=EDGE_CURVE('',#1779,#1780,#80,.T.);
#1358=EDGE_CURVE('',#1780,#1781,#235,.T.);
#1359=EDGE_CURVE('',#1782,#1781,#81,.T.);
#1360=EDGE_CURVE('',#1783,#1782,#236,.T.);
#1361=EDGE_CURVE('',#1783,#1784,#237,.T.);
#1362=EDGE_CURVE('',#1785,#1784,#238,.T.);
#1363=EDGE_CURVE('',#1785,#1696,#82,.T.);
#1364=EDGE_CURVE('',#1786,#1694,#83,.T.);
#1365=EDGE_CURVE('',#1787,#1786,#239,.T.);
#1366=EDGE_CURVE('',#1787,#1788,#240,.T.);
#1367=EDGE_CURVE('',#1789,#1788,#241,.T.);
#1368=EDGE_CURVE('',#1789,#1698,#84,.T.);
#1369=EDGE_CURVE('',#1790,#1699,#85,.T.);
#1370=EDGE_CURVE('',#1791,#1790,#242,.T.);
#1371=EDGE_CURVE('',#1791,#1792,#243,.T.);
#1372=EDGE_CURVE('',#1793,#1792,#244,.T.);
#1373=EDGE_CURVE('',#1793,#1706,#86,.T.);
#1374=EDGE_CURVE('',#1794,#1707,#87,.T.);
#1375=EDGE_CURVE('',#1795,#1794,#245,.T.);
#1376=EDGE_CURVE('',#1795,#1796,#246,.T.);
#1377=EDGE_CURVE('',#1797,#1796,#247,.T.);
#1378=EDGE_CURVE('',#1797,#1704,#88,.T.);
#1379=EDGE_CURVE('',#1798,#1702,#89,.T.);
#1380=EDGE_CURVE('',#1799,#1798,#248,.T.);
#1381=EDGE_CURVE('',#1799,#1800,#249,.T.);
#1382=EDGE_CURVE('',#1801,#1800,#250,.T.);
#1383=EDGE_CURVE('',#1801,#1692,#90,.T.);
#1384=EDGE_CURVE('',#1802,#1690,#91,.T.);
#1385=EDGE_CURVE('',#1803,#1802,#251,.T.);
#1386=EDGE_CURVE('',#1803,#1804,#252,.T.);
#1387=EDGE_CURVE('',#1805,#1804,#253,.T.);
#1388=EDGE_CURVE('',#1805,#1688,#92,.T.);
#1389=EDGE_CURVE('',#1806,#1686,#93,.T.);
#1390=EDGE_CURVE('',#1807,#1806,#254,.T.);
#1391=EDGE_CURVE('',#1807,#1808,#255,.T.);
#1392=EDGE_CURVE('',#1809,#1808,#256,.T.);
#1393=EDGE_CURVE('',#1809,#1684,#94,.T.);
#1394=EDGE_CURVE('',#1810,#1682,#95,.T.);
#1395=EDGE_CURVE('',#1811,#1810,#257,.T.);
#1396=EDGE_CURVE('',#1811,#1812,#258,.T.);
#1397=EDGE_CURVE('',#1813,#1812,#259,.T.);
#1398=EDGE_CURVE('',#1813,#1680,#96,.T.);
#1399=EDGE_CURVE('',#1814,#1678,#97,.T.);
#1400=EDGE_CURVE('',#1815,#1814,#260,.T.);
#1401=EDGE_CURVE('',#1815,#1816,#261,.T.);
#1402=EDGE_CURVE('',#1817,#1816,#262,.T.);
#1403=EDGE_CURVE('',#1817,#1672,#98,.T.);
#1404=EDGE_CURVE('',#1818,#1670,#99,.T.);
#1405=EDGE_CURVE('',#1819,#1818,#263,.T.);
#1406=EDGE_CURVE('',#1819,#1820,#264,.T.);
#1407=EDGE_CURVE('',#1821,#1820,#265,.T.);
#1408=EDGE_CURVE('',#1821,#1674,#100,.T.);
#1409=EDGE_CURVE('',#1822,#1675,#101,.T.);
#1410=EDGE_CURVE('',#1823,#1822,#266,.T.);
#1411=EDGE_CURVE('',#1823,#1824,#267,.T.);
#1412=EDGE_CURVE('',#1825,#1824,#268,.T.);
#1413=EDGE_CURVE('',#1825,#1668,#102,.T.);
#1414=EDGE_CURVE('',#1826,#1666,#103,.T.);
#1415=EDGE_CURVE('',#1827,#1826,#269,.T.);
#1416=EDGE_CURVE('',#1827,#1828,#270,.T.);
#1417=EDGE_CURVE('',#1829,#1828,#271,.T.);
#1418=EDGE_CURVE('',#1829,#1664,#104,.T.);
#1419=EDGE_CURVE('',#1830,#1662,#105,.T.);
#1420=EDGE_CURVE('',#1831,#1830,#272,.T.);
#1421=EDGE_CURVE('',#1831,#1832,#273,.T.);
#1422=EDGE_CURVE('',#1833,#1832,#274,.T.);
#1423=EDGE_CURVE('',#1833,#1648,#106,.T.);
#1424=EDGE_CURVE('',#1834,#1646,#107,.T.);
#1425=EDGE_CURVE('',#1835,#1834,#275,.T.);
#1426=EDGE_CURVE('',#1835,#1739,#276,.T.);
#1427=EDGE_CURVE('',#1780,#1836,#1980,.T.);
#1428=EDGE_CURVE('',#1836,#1837,#277,.T.);
#1429=EDGE_CURVE('',#1781,#1837,#1981,.T.);
#1430=EDGE_CURVE('',#1838,#1839,#278,.F.);
#1431=EDGE_CURVE('',#1838,#1647,#108,.T.);
#1432=EDGE_CURVE('',#1840,#1649,#109,.T.);
#1433=EDGE_CURVE('',#1841,#1840,#279,.F.);
#1434=EDGE_CURVE('',#1842,#1841,#280,.T.);
#1435=EDGE_CURVE('',#1843,#1842,#281,.F.);
#1436=EDGE_CURVE('',#1843,#1663,#110,.T.);
#1437=EDGE_CURVE('',#1844,#1665,#111,.T.);
#1438=EDGE_CURVE('',#1845,#1844,#282,.F.);
#1439=EDGE_CURVE('',#1846,#1845,#283,.T.);
#1440=EDGE_CURVE('',#1847,#1846,#284,.F.);
#1441=EDGE_CURVE('',#1847,#1667,#112,.T.);
#1442=EDGE_CURVE('',#1848,#1669,#113,.T.);
#1443=EDGE_CURVE('',#1849,#1848,#285,.F.);
#1444=EDGE_CURVE('',#1850,#1849,#286,.T.);
#1445=EDGE_CURVE('',#1851,#1850,#287,.F.);
#1446=EDGE_CURVE('',#1851,#1677,#114,.T.);
#1447=EDGE_CURVE('',#1852,#1676,#115,.T.);
#1448=EDGE_CURVE('',#1853,#1852,#288,.F.);
#1449=EDGE_CURVE('',#1854,#1853,#289,.T.);
#1450=EDGE_CURVE('',#1855,#1854,#290,.F.);
#1451=EDGE_CURVE('',#1855,#1671,#116,.T.);
#1452=EDGE_CURVE('',#1856,#1673,#117,.T.);
#1453=EDGE_CURVE('',#1857,#1856,#291,.F.);
#1454=EDGE_CURVE('',#1858,#1857,#292,.T.);
#1455=EDGE_CURVE('',#1859,#1858,#293,.F.);
#1456=EDGE_CURVE('',#1859,#1679,#118,.T.);
#1457=EDGE_CURVE('',#1860,#1681,#119,.T.);
#1458=EDGE_CURVE('',#1861,#1860,#294,.F.);
#1459=EDGE_CURVE('',#1862,#1861,#295,.T.);
#1460=EDGE_CURVE('',#1863,#1862,#296,.F.);
#1461=EDGE_CURVE('',#1863,#1683,#120,.T.);
#1462=EDGE_CURVE('',#1864,#1685,#121,.T.);
#1463=EDGE_CURVE('',#1865,#1864,#297,.F.);
#1464=EDGE_CURVE('',#1866,#1865,#298,.T.);
#1465=EDGE_CURVE('',#1867,#1866,#299,.F.);
#1466=EDGE_CURVE('',#1867,#1687,#122,.T.);
#1467=EDGE_CURVE('',#1868,#1689,#123,.T.);
#1468=EDGE_CURVE('',#1869,#1868,#300,.F.);
#1469=EDGE_CURVE('',#1870,#1869,#301,.T.);
#1470=EDGE_CURVE('',#1871,#1870,#302,.F.);
#1471=EDGE_CURVE('',#1871,#1691,#124,.T.);
#1472=EDGE_CURVE('',#1872,#1693,#125,.T.);
#1473=EDGE_CURVE('',#1873,#1872,#303,.F.);
#1474=EDGE_CURVE('',#1874,#1873,#304,.T.);
#1475=EDGE_CURVE('',#1875,#1874,#305,.F.);
#1476=EDGE_CURVE('',#1875,#1703,#126,.T.);
#1477=EDGE_CURVE('',#1876,#1705,#127,.T.);
#1478=EDGE_CURVE('',#1877,#1876,#306,.F.);
#1479=EDGE_CURVE('',#1878,#1877,#307,.T.);
#1480=EDGE_CURVE('',#1879,#1878,#308,.F.);
#1481=EDGE_CURVE('',#1879,#1709,#128,.T.);
#1482=EDGE_CURVE('',#1880,#1708,#129,.T.);
#1483=EDGE_CURVE('',#1881,#1880,#309,.F.);
#1484=EDGE_CURVE('',#1882,#1881,#310,.T.);
#1485=EDGE_CURVE('',#1883,#1882,#311,.F.);
#1486=EDGE_CURVE('',#1883,#1701,#130,.T.);
#1487=EDGE_CURVE('',#1884,#1700,#131,.T.);
#1488=EDGE_CURVE('',#1885,#1884,#312,.F.);
#1489=EDGE_CURVE('',#1886,#1885,#313,.T.);
#1490=EDGE_CURVE('',#1887,#1886,#314,.F.);
#1491=EDGE_CURVE('',#1887,#1695,#132,.T.);
#1492=EDGE_CURVE('',#1888,#1697,#133,.T.);
#1493=EDGE_CURVE('',#1889,#1888,#315,.F.);
#1494=EDGE_CURVE('',#1890,#1889,#316,.T.);
#1495=EDGE_CURVE('',#1891,#1890,#317,.F.);
#1496=EDGE_CURVE('',#1891,#1837,#134,.T.);
#1497=EDGE_CURVE('',#1892,#1836,#135,.T.);
#1498=EDGE_CURVE('',#1893,#1892,#318,.F.);
#1499=EDGE_CURVE('',#1894,#1893,#319,.T.);
#1500=EDGE_CURVE('',#1895,#1894,#320,.F.);
#1501=EDGE_CURVE('',#1895,#1711,#136,.T.);
#1502=EDGE_CURVE('',#1896,#1713,#137,.T.);
#1503=EDGE_CURVE('',#1897,#1896,#321,.F.);
#1504=EDGE_CURVE('',#1898,#1897,#322,.T.);
#1505=EDGE_CURVE('',#1899,#1898,#323,.F.);
#1506=EDGE_CURVE('',#1899,#1721,#138,.T.);
#1507=EDGE_CURVE('',#1900,#1720,#139,.T.);
#1508=EDGE_CURVE('',#1901,#1900,#324,.F.);
#1509=EDGE_CURVE('',#1902,#1901,#325,.T.);
#1510=EDGE_CURVE('',#1903,#1902,#326,.F.);
#1511=EDGE_CURVE('',#1903,#1715,#140,.T.);
#1512=EDGE_CURVE('',#1904,#1717,#141,.T.);
#1513=EDGE_CURVE('',#1905,#1904,#327,.F.);
#1514=EDGE_CURVE('',#1906,#1905,#328,.T.);
#1515=EDGE_CURVE('',#1907,#1906,#329,.F.);
#1516=EDGE_CURVE('',#1907,#1723,#142,.T.);
#1517=EDGE_CURVE('',#1908,#1725,#143,.T.);
#1518=EDGE_CURVE('',#1909,#1908,#330,.F.);
#1519=EDGE_CURVE('',#1910,#1909,#331,.T.);
#1520=EDGE_CURVE('',#1911,#1910,#332,.F.);
#1521=EDGE_CURVE('',#1911,#1727,#144,.T.);
#1522=EDGE_CURVE('',#1912,#1729,#145,.T.);
#1523=EDGE_CURVE('',#1913,#1912,#333,.F.);
#1524=EDGE_CURVE('',#1914,#1913,#334,.T.);
#1525=EDGE_CURVE('',#1915,#1914,#335,.F.);
#1526=EDGE_CURVE('',#1915,#1731,#146,.T.);
#1527=EDGE_CURVE('',#1916,#1733,#147,.T.);
#1528=EDGE_CURVE('',#1917,#1916,#336,.F.);
#1529=EDGE_CURVE('',#1918,#1917,#337,.T.);
#1530=EDGE_CURVE('',#1919,#1918,#338,.F.);
#1531=EDGE_CURVE('',#1919,#1737,#148,.T.);
#1532=EDGE_CURVE('',#1920,#1736,#149,.T.);
#1533=EDGE_CURVE('',#1921,#1920,#339,.F.);
#1534=EDGE_CURVE('',#1922,#1921,#340,.T.);
#1535=EDGE_CURVE('',#1923,#1922,#341,.F.);
#1536=EDGE_CURVE('',#1923,#1655,#150,.T.);
#1537=EDGE_CURVE('',#1924,#1657,#151,.T.);
#1538=EDGE_CURVE('',#1925,#1924,#342,.F.);
#1539=EDGE_CURVE('',#1926,#1925,#343,.T.);
#1540=EDGE_CURVE('',#1927,#1926,#344,.F.);
#1541=EDGE_CURVE('',#1927,#1661,#152,.T.);
#1542=EDGE_CURVE('',#1928,#1660,#153,.T.);
#1543=EDGE_CURVE('',#1929,#1928,#345,.F.);
#1544=EDGE_CURVE('',#1930,#1929,#346,.T.);
#1545=EDGE_CURVE('',#1931,#1930,#347,.F.);
#1546=EDGE_CURVE('',#1931,#1653,#154,.T.);
#1547=EDGE_CURVE('',#1932,#1652,#155,.T.);
#1548=EDGE_CURVE('',#1933,#1932,#348,.F.);
#1549=EDGE_CURVE('',#1839,#1933,#349,.T.);
#1550=EDGE_CURVE('',#1888,#1785,#1982,.F.);
#1551=EDGE_CURVE('',#1890,#1783,#1983,.F.);
#1552=EDGE_CURVE('',#1784,#1889,#1984,.T.);
#1553=EDGE_CURVE('',#1782,#1891,#1985,.T.);
#1554=EDGE_CURVE('',#1916,#1755,#1986,.F.);
#1555=EDGE_CURVE('',#1918,#1753,#1987,.F.);
#1556=EDGE_CURVE('',#1754,#1917,#1988,.T.);
#1557=EDGE_CURVE('',#1752,#1919,#1989,.T.);
#1558=EDGE_CURVE('',#1912,#1759,#1990,.F.);
#1559=EDGE_CURVE('',#1914,#1757,#1991,.F.);
#1560=EDGE_CURVE('',#1758,#1913,#1992,.T.);
#1561=EDGE_CURVE('',#1756,#1915,#1993,.T.);
#1562=EDGE_CURVE('',#1908,#1763,#1994,.F.);
#1563=EDGE_CURVE('',#1910,#1761,#1995,.F.);
#1564=EDGE_CURVE('',#1762,#1909,#1996,.T.);
#1565=EDGE_CURVE('',#1760,#1911,#1997,.T.);
#1566=EDGE_CURVE('',#1904,#1767,#1998,.F.);
#1567=EDGE_CURVE('',#1906,#1765,#1999,.F.);
#1568=EDGE_CURVE('',#1766,#1905,#2000,.T.);
#1569=EDGE_CURVE('',#1764,#1907,#2001,.T.);
#1570=EDGE_CURVE('',#1896,#1775,#2002,.F.);
#1571=EDGE_CURVE('',#1898,#1773,#2003,.F.);
#1572=EDGE_CURVE('',#1774,#1897,#2004,.T.);
#1573=EDGE_CURVE('',#1772,#1899,#2005,.T.);
#1574=EDGE_CURVE('',#1900,#1771,#2006,.F.);
#1575=EDGE_CURVE('',#1902,#1769,#2007,.F.);
#1576=EDGE_CURVE('',#1770,#1901,#2008,.T.);
#1577=EDGE_CURVE('',#1768,#1903,#2009,.T.);
#1578=EDGE_CURVE('',#1892,#1779,#2010,.F.);
#1579=EDGE_CURVE('',#1894,#1777,#2011,.F.);
#1580=EDGE_CURVE('',#1778,#1893,#2012,.T.);
#1581=EDGE_CURVE('',#1776,#1895,#2013,.T.);
#1582=EDGE_CURVE('',#1876,#1797,#2014,.F.);
#1583=EDGE_CURVE('',#1878,#1795,#2015,.F.);
#1584=EDGE_CURVE('',#1796,#1877,#2016,.T.);
#1585=EDGE_CURVE('',#1794,#1879,#2017,.T.);
#1586=EDGE_CURVE('',#1872,#1801,#2018,.F.);
#1587=EDGE_CURVE('',#1874,#1799,#2019,.F.);
#1588=EDGE_CURVE('',#1800,#1873,#2020,.T.);
#1589=EDGE_CURVE('',#1798,#1875,#2021,.T.);
#1590=EDGE_CURVE('',#1880,#1793,#2022,.F.);
#1591=EDGE_CURVE('',#1882,#1791,#2023,.F.);
#1592=EDGE_CURVE('',#1792,#1881,#2024,.T.);
#1593=EDGE_CURVE('',#1790,#1883,#2025,.T.);
#1594=EDGE_CURVE('',#1884,#1789,#2026,.F.);
#1595=EDGE_CURVE('',#1886,#1787,#2027,.F.);
#1596=EDGE_CURVE('',#1788,#1885,#2028,.T.);
#1597=EDGE_CURVE('',#1786,#1887,#2029,.T.);
#1598=EDGE_CURVE('',#1868,#1805,#2030,.F.);
#1599=EDGE_CURVE('',#1870,#1803,#2031,.F.);
#1600=EDGE_CURVE('',#1804,#1869,#2032,.T.);
#1601=EDGE_CURVE('',#1802,#1871,#2033,.T.);
#1602=EDGE_CURVE('',#1864,#1809,#2034,.F.);
#1603=EDGE_CURVE('',#1866,#1807,#2035,.F.);
#1604=EDGE_CURVE('',#1808,#1865,#2036,.T.);
#1605=EDGE_CURVE('',#1806,#1867,#2037,.T.);
#1606=EDGE_CURVE('',#1860,#1813,#2038,.F.);
#1607=EDGE_CURVE('',#1862,#1811,#2039,.F.);
#1608=EDGE_CURVE('',#1812,#1861,#2040,.T.);
#1609=EDGE_CURVE('',#1810,#1863,#2041,.T.);
#1610=EDGE_CURVE('',#1856,#1817,#2042,.F.);
#1611=EDGE_CURVE('',#1858,#1815,#2043,.F.);
#1612=EDGE_CURVE('',#1816,#1857,#2044,.T.);
#1613=EDGE_CURVE('',#1814,#1859,#2045,.T.);
#1614=EDGE_CURVE('',#1848,#1825,#2046,.F.);
#1615=EDGE_CURVE('',#1850,#1823,#2047,.F.);
#1616=EDGE_CURVE('',#1824,#1849,#2048,.T.);
#1617=EDGE_CURVE('',#1822,#1851,#2049,.T.);
#1618=EDGE_CURVE('',#1852,#1821,#2050,.F.);
#1619=EDGE_CURVE('',#1854,#1819,#2051,.F.);
#1620=EDGE_CURVE('',#1820,#1853,#2052,.T.);
#1621=EDGE_CURVE('',#1818,#1855,#2053,.T.);
#1622=EDGE_CURVE('',#1844,#1829,#2054,.F.);
#1623=EDGE_CURVE('',#1846,#1827,#2055,.F.);
#1624=EDGE_CURVE('',#1828,#1845,#2056,.T.);
#1625=EDGE_CURVE('',#1826,#1847,#2057,.T.);
#1626=EDGE_CURVE('',#1840,#1833,#2058,.F.);
#1627=EDGE_CURVE('',#1842,#1831,#2059,.F.);
#1628=EDGE_CURVE('',#1832,#1841,#2060,.T.);
#1629=EDGE_CURVE('',#1830,#1843,#2061,.T.);
#1630=EDGE_CURVE('',#1924,#1747,#2062,.F.);
#1631=EDGE_CURVE('',#1926,#1745,#2063,.F.);
#1632=EDGE_CURVE('',#1746,#1925,#2064,.T.);
#1633=EDGE_CURVE('',#1744,#1927,#2065,.T.);
#1634=EDGE_CURVE('',#1920,#1751,#2066,.F.);
#1635=EDGE_CURVE('',#1922,#1749,#2067,.F.);
#1636=EDGE_CURVE('',#1750,#1921,#2068,.T.);
#1637=EDGE_CURVE('',#1748,#1923,#2069,.T.);
#1638=EDGE_CURVE('',#1928,#1743,#2070,.F.);
#1639=EDGE_CURVE('',#1930,#1741,#2071,.F.);
#1640=EDGE_CURVE('',#1742,#1929,#2072,.T.);
#1641=EDGE_CURVE('',#1740,#1931,#2073,.T.);
#1642=EDGE_CURVE('',#1932,#1738,#2074,.F.);
#1643=EDGE_CURVE('',#1839,#1835,#2075,.F.);
#1644=EDGE_CURVE('',#1739,#1933,#2076,.T.);
#1645=EDGE_CURVE('',#1834,#1838,#2077,.T.);
#1646=VERTEX_POINT('',#3788);
#1647=VERTEX_POINT('',#3789);
#1648=VERTEX_POINT('',#3791);
#1649=VERTEX_POINT('',#3793);
#1650=VERTEX_POINT('',#3797);
#1651=VERTEX_POINT('',#3798);
#1652=VERTEX_POINT('',#3800);
#1653=VERTEX_POINT('',#3802);
#1654=VERTEX_POINT('',#3806);
#1655=VERTEX_POINT('',#3807);
#1656=VERTEX_POINT('',#3809);
#1657=VERTEX_POINT('',#3811);
#1658=VERTEX_POINT('',#3815);
#1659=VERTEX_POINT('',#3816);
#1660=VERTEX_POINT('',#3818);
#1661=VERTEX_POINT('',#3820);
#1662=VERTEX_POINT('',#3824);
#1663=VERTEX_POINT('',#3825);
#1664=VERTEX_POINT('',#3827);
#1665=VERTEX_POINT('',#3829);
#1666=VERTEX_POINT('',#3833);
#1667=VERTEX_POINT('',#3834);
#1668=VERTEX_POINT('',#3836);
#1669=VERTEX_POINT('',#3838);
#1670=VERTEX_POINT('',#3842);
#1671=VERTEX_POINT('',#3843);
#1672=VERTEX_POINT('',#3845);
#1673=VERTEX_POINT('',#3847);
#1674=VERTEX_POINT('',#3851);
#1675=VERTEX_POINT('',#3852);
#1676=VERTEX_POINT('',#3854);
#1677=VERTEX_POINT('',#3856);
#1678=VERTEX_POINT('',#3860);
#1679=VERTEX_POINT('',#3861);
#1680=VERTEX_POINT('',#3863);
#1681=VERTEX_POINT('',#3865);
#1682=VERTEX_POINT('',#3869);
#1683=VERTEX_POINT('',#3870);
#1684=VERTEX_POINT('',#3872);
#1685=VERTEX_POINT('',#3874);
#1686=VERTEX_POINT('',#3878);
#1687=VERTEX_POINT('',#3879);
#1688=VERTEX_POINT('',#3881);
#1689=VERTEX_POINT('',#3883);
#1690=VERTEX_POINT('',#3887);
#1691=VERTEX_POINT('',#3888);
#1692=VERTEX_POINT('',#3890);
#1693=VERTEX_POINT('',#3892);
#1694=VERTEX_POINT('',#3896);
#1695=VERTEX_POINT('',#3897);
#1696=VERTEX_POINT('',#3899);
#1697=VERTEX_POINT('',#3901);
#1698=VERTEX_POINT('',#3905);
#1699=VERTEX_POINT('',#3906);
#1700=VERTEX_POINT('',#3908);
#1701=VERTEX_POINT('',#3910);
#1702=VERTEX_POINT('',#3914);
#1703=VERTEX_POINT('',#3915);
#1704=VERTEX_POINT('',#3917);
#1705=VERTEX_POINT('',#3919);
#1706=VERTEX_POINT('',#3923);
#1707=VERTEX_POINT('',#3924);
#1708=VERTEX_POINT('',#3926);
#1709=VERTEX_POINT('',#3928);
#1710=VERTEX_POINT('',#3932);
#1711=VERTEX_POINT('',#3933);
#1712=VERTEX_POINT('',#3935);
#1713=VERTEX_POINT('',#3937);
#1714=VERTEX_POINT('',#3941);
#1715=VERTEX_POINT('',#3942);
#1716=VERTEX_POINT('',#3944);
#1717=VERTEX_POINT('',#3946);
#1718=VERTEX_POINT('',#3950);
#1719=VERTEX_POINT('',#3951);
#1720=VERTEX_POINT('',#3953);
#1721=VERTEX_POINT('',#3955);
#1722=VERTEX_POINT('',#3959);
#1723=VERTEX_POINT('',#3960);
#1724=VERTEX_POINT('',#3962);
#1725=VERTEX_POINT('',#3964);
#1726=VERTEX_POINT('',#3968);
#1727=VERTEX_POINT('',#3969);
#1728=VERTEX_POINT('',#3971);
#1729=VERTEX_POINT('',#3973);
#1730=VERTEX_POINT('',#3977);
#1731=VERTEX_POINT('',#3978);
#1732=VERTEX_POINT('',#3980);
#1733=VERTEX_POINT('',#3982);
#1734=VERTEX_POINT('',#3986);
#1735=VERTEX_POINT('',#3987);
#1736=VERTEX_POINT('',#3989);
#1737=VERTEX_POINT('',#3991);
#1738=VERTEX_POINT('',#3995);
#1739=VERTEX_POINT('',#3996);
#1740=VERTEX_POINT('',#4027);
#1741=VERTEX_POINT('',#4029);
#1742=VERTEX_POINT('',#4031);
#1743=VERTEX_POINT('',#4033);
#1744=VERTEX_POINT('',#4064);
#1745=VERTEX_POINT('',#4066);
#1746=VERTEX_POINT('',#4068);
#1747=VERTEX_POINT('',#4070);
#1748=VERTEX_POINT('',#4101);
#1749=VERTEX_POINT('',#4103);
#1750=VERTEX_POINT('',#4105);
#1751=VERTEX_POINT('',#4107);
#1752=VERTEX_POINT('',#4138);
#1753=VERTEX_POINT('',#4140);
#1754=VERTEX_POINT('',#4142);
#1755=VERTEX_POINT('',#4144);
#1756=VERTEX_POINT('',#4175);
#1757=VERTEX_POINT('',#4177);
#1758=VERTEX_POINT('',#4179);
#1759=VERTEX_POINT('',#4181);
#1760=VERTEX_POINT('',#4212);
#1761=VERTEX_POINT('',#4214);
#1762=VERTEX_POINT('',#4216);
#1763=VERTEX_POINT('',#4218);
#1764=VERTEX_POINT('',#4249);
#1765=VERTEX_POINT('',#4251);
#1766=VERTEX_POINT('',#4253);
#1767=VERTEX_POINT('',#4255);
#1768=VERTEX_POINT('',#4286);
#1769=VERTEX_POINT('',#4288);
#1770=VERTEX_POINT('',#4290);
#1771=VERTEX_POINT('',#4292);
#1772=VERTEX_POINT('',#4323);
#1773=VERTEX_POINT('',#4325);
#1774=VERTEX_POINT('',#4327);
#1775=VERTEX_POINT('',#4329);
#1776=VERTEX_POINT('',#4360);
#1777=VERTEX_POINT('',#4362);
#1778=VERTEX_POINT('',#4364);
#1779=VERTEX_POINT('',#4366);
#1780=VERTEX_POINT('',#4382);
#1781=VERTEX_POINT('',#4384);
#1782=VERTEX_POINT('',#4400);
#1783=VERTEX_POINT('',#4402);
#1784=VERTEX_POINT('',#4404);
#1785=VERTEX_POINT('',#4406);
#1786=VERTEX_POINT('',#4437);
#1787=VERTEX_POINT('',#4439);
#1788=VERTEX_POINT('',#4441);
#1789=VERTEX_POINT('',#4443);
#1790=VERTEX_POINT('',#4474);
#1791=VERTEX_POINT('',#4476);
#1792=VERTEX_POINT('',#4478);
#1793=VERTEX_POINT('',#4480);
#1794=VERTEX_POINT('',#4511);
#1795=VERTEX_POINT('',#4513);
#1796=VERTEX_POINT('',#4515);
#1797=VERTEX_POINT('',#4517);
#1798=VERTEX_POINT('',#4548);
#1799=VERTEX_POINT('',#4550);
#1800=VERTEX_POINT('',#4552);
#1801=VERTEX_POINT('',#4554);
#1802=VERTEX_POINT('',#4585);
#1803=VERTEX_POINT('',#4587);
#1804=VERTEX_POINT('',#4589);
#1805=VERTEX_POINT('',#4591);
#1806=VERTEX_POINT('',#4622);
#1807=VERTEX_POINT('',#4624);
#1808=VERTEX_POINT('',#4626);
#1809=VERTEX_POINT('',#4628);
#1810=VERTEX_POINT('',#4659);
#1811=VERTEX_POINT('',#4661);
#1812=VERTEX_POINT('',#4663);
#1813=VERTEX_POINT('',#4665);
#1814=VERTEX_POINT('',#4696);
#1815=VERTEX_POINT('',#4698);
#1816=VERTEX_POINT('',#4700);
#1817=VERTEX_POINT('',#4702);
#1818=VERTEX_POINT('',#4733);
#1819=VERTEX_POINT('',#4735);
#1820=VERTEX_POINT('',#4737);
#1821=VERTEX_POINT('',#4739);
#1822=VERTEX_POINT('',#4770);
#1823=VERTEX_POINT('',#4772);
#1824=VERTEX_POINT('',#4774);
#1825=VERTEX_POINT('',#4776);
#1826=VERTEX_POINT('',#4807);
#1827=VERTEX_POINT('',#4809);
#1828=VERTEX_POINT('',#4811);
#1829=VERTEX_POINT('',#4813);
#1830=VERTEX_POINT('',#4844);
#1831=VERTEX_POINT('',#4846);
#1832=VERTEX_POINT('',#4848);
#1833=VERTEX_POINT('',#4850);
#1834=VERTEX_POINT('',#4881);
#1835=VERTEX_POINT('',#4883);
#1836=VERTEX_POINT('',#4887);
#1837=VERTEX_POINT('',#4889);
#1838=VERTEX_POINT('',#4893);
#1839=VERTEX_POINT('',#4894);
#1840=VERTEX_POINT('',#4925);
#1841=VERTEX_POINT('',#4927);
#1842=VERTEX_POINT('',#4929);
#1843=VERTEX_POINT('',#4931);
#1844=VERTEX_POINT('',#4962);
#1845=VERTEX_POINT('',#4964);
#1846=VERTEX_POINT('',#4966);
#1847=VERTEX_POINT('',#4968);
#1848=VERTEX_POINT('',#4999);
#1849=VERTEX_POINT('',#5001);
#1850=VERTEX_POINT('',#5003);
#1851=VERTEX_POINT('',#5005);
#1852=VERTEX_POINT('',#5036);
#1853=VERTEX_POINT('',#5038);
#1854=VERTEX_POINT('',#5040);
#1855=VERTEX_POINT('',#5042);
#1856=VERTEX_POINT('',#5073);
#1857=VERTEX_POINT('',#5075);
#1858=VERTEX_POINT('',#5077);
#1859=VERTEX_POINT('',#5079);
#1860=VERTEX_POINT('',#5110);
#1861=VERTEX_POINT('',#5112);
#1862=VERTEX_POINT('',#5114);
#1863=VERTEX_POINT('',#5116);
#1864=VERTEX_POINT('',#5147);
#1865=VERTEX_POINT('',#5149);
#1866=VERTEX_POINT('',#5151);
#1867=VERTEX_POINT('',#5153);
#1868=VERTEX_POINT('',#5184);
#1869=VERTEX_POINT('',#5186);
#1870=VERTEX_POINT('',#5188);
#1871=VERTEX_POINT('',#5190);
#1872=VERTEX_POINT('',#5221);
#1873=VERTEX_POINT('',#5223);
#1874=VERTEX_POINT('',#5225);
#1875=VERTEX_POINT('',#5227);
#1876=VERTEX_POINT('',#5258);
#1877=VERTEX_POINT('',#5260);
#1878=VERTEX_POINT('',#5262);
#1879=VERTEX_POINT('',#5264);
#1880=VERTEX_POINT('',#5295);
#1881=VERTEX_POINT('',#5297);
#1882=VERTEX_POINT('',#5299);
#1883=VERTEX_POINT('',#5301);
#1884=VERTEX_POINT('',#5332);
#1885=VERTEX_POINT('',#5334);
#1886=VERTEX_POINT('',#5336);
#1887=VERTEX_POINT('',#5338);
#1888=VERTEX_POINT('',#5369);
#1889=VERTEX_POINT('',#5371);
#1890=VERTEX_POINT('',#5373);
#1891=VERTEX_POINT('',#5375);
#1892=VERTEX_POINT('',#5406);
#1893=VERTEX_POINT('',#5408);
#1894=VERTEX_POINT('',#5410);
#1895=VERTEX_POINT('',#5412);
#1896=VERTEX_POINT('',#5443);
#1897=VERTEX_POINT('',#5445);
#1898=VERTEX_POINT('',#5447);
#1899=VERTEX_POINT('',#5449);
#1900=VERTEX_POINT('',#5480);
#1901=VERTEX_POINT('',#5482);
#1902=VERTEX_POINT('',#5484);
#1903=VERTEX_POINT('',#5486);
#1904=VERTEX_POINT('',#5517);
#1905=VERTEX_POINT('',#5519);
#1906=VERTEX_POINT('',#5521);
#1907=VERTEX_POINT('',#5523);
#1908=VERTEX_POINT('',#5554);
#1909=VERTEX_POINT('',#5556);
#1910=VERTEX_POINT('',#5558);
#1911=VERTEX_POINT('',#5560);
#1912=VERTEX_POINT('',#5591);
#1913=VERTEX_POINT('',#5593);
#1914=VERTEX_POINT('',#5595);
#1915=VERTEX_POINT('',#5597);
#1916=VERTEX_POINT('',#5628);
#1917=VERTEX_POINT('',#5630);
#1918=VERTEX_POINT('',#5632);
#1919=VERTEX_POINT('',#5634);
#1920=VERTEX_POINT('',#5665);
#1921=VERTEX_POINT('',#5667);
#1922=VERTEX_POINT('',#5669);
#1923=VERTEX_POINT('',#5671);
#1924=VERTEX_POINT('',#5702);
#1925=VERTEX_POINT('',#5704);
#1926=VERTEX_POINT('',#5706);
#1927=VERTEX_POINT('',#5708);
#1928=VERTEX_POINT('',#5739);
#1929=VERTEX_POINT('',#5741);
#1930=VERTEX_POINT('',#5743);
#1931=VERTEX_POINT('',#5745);
#1932=VERTEX_POINT('',#5776);
#1933=VERTEX_POINT('',#5778);
#1934=LINE('',#3787,#2078);
#1935=LINE('',#3792,#2079);
#1936=LINE('',#3799,#2080);
#1937=LINE('',#3803,#2081);
#1938=LINE('',#3805,#2082);
#1939=LINE('',#3810,#2083);
#1940=LINE('',#3817,#2084);
#1941=LINE('',#3821,#2085);
#1942=LINE('',#3823,#2086);
#1943=LINE('',#3828,#2087);
#1944=LINE('',#3832,#2088);
#1945=LINE('',#3837,#2089);
#1946=LINE('',#3841,#2090);
#1947=LINE('',#3846,#2091);
#1948=LINE('',#3853,#2092);
#1949=LINE('',#3857,#2093);
#1950=LINE('',#3859,#2094);
#1951=LINE('',#3864,#2095);
#1952=LINE('',#3868,#2096);
#1953=LINE('',#3873,#2097);
#1954=LINE('',#3877,#2098);
#1955=LINE('',#3882,#2099);
#1956=LINE('',#3886,#2100);
#1957=LINE('',#3891,#2101);
#1958=LINE('',#3895,#2102);
#1959=LINE('',#3900,#2103);
#1960=LINE('',#3907,#2104);
#1961=LINE('',#3911,#2105);
#1962=LINE('',#3913,#2106);
#1963=LINE('',#3918,#2107);
#1964=LINE('',#3925,#2108);
#1965=LINE('',#3929,#2109);
#1966=LINE('',#3931,#2110);
#1967=LINE('',#3936,#2111);
#1968=LINE('',#3940,#2112);
#1969=LINE('',#3945,#2113);
#1970=LINE('',#3952,#2114);
#1971=LINE('',#3956,#2115);
#1972=LINE('',#3958,#2116);
#1973=LINE('',#3963,#2117);
#1974=LINE('',#3967,#2118);
#1975=LINE('',#3972,#2119);
#1976=LINE('',#3976,#2120);
#1977=LINE('',#3981,#2121);
#1978=LINE('',#3988,#2122);
#1979=LINE('',#3992,#2123);
#1980=LINE('',#4886,#2124);
#1981=LINE('',#4890,#2125);
#1982=LINE('',#5800,#2126);
#1983=LINE('',#5802,#2127);
#1984=LINE('',#5803,#2128);
#1985=LINE('',#5824,#2129);
#1986=LINE('',#5847,#2130);
#1987=LINE('',#5849,#2131);
#1988=LINE('',#5850,#2132);
#1989=LINE('',#5871,#2133);
#1990=LINE('',#5894,#2134);
#1991=LINE('',#5896,#2135);
#1992=LINE('',#5897,#2136);
#1993=LINE('',#5918,#2137);
#1994=LINE('',#5941,#2138);
#1995=LINE('',#5943,#2139);
#1996=LINE('',#5944,#2140);
#1997=LINE('',#5965,#2141);
#1998=LINE('',#5988,#2142);
#1999=LINE('',#5990,#2143);
#2000=LINE('',#5991,#2144);
#2001=LINE('',#6012,#2145);
#2002=LINE('',#6035,#2146);
#2003=LINE('',#6037,#2147);
#2004=LINE('',#6038,#2148);
#2005=LINE('',#6059,#2149);
#2006=LINE('',#6082,#2150);
#2007=LINE('',#6084,#2151);
#2008=LINE('',#6085,#2152);
#2009=LINE('',#6106,#2153);
#2010=LINE('',#6129,#2154);
#2011=LINE('',#6131,#2155);
#2012=LINE('',#6132,#2156);
#2013=LINE('',#6153,#2157);
#2014=LINE('',#6176,#2158);
#2015=LINE('',#6178,#2159);
#2016=LINE('',#6179,#2160);
#2017=LINE('',#6200,#2161);
#2018=LINE('',#6223,#2162);
#2019=LINE('',#6225,#2163);
#2020=LINE('',#6226,#2164);
#2021=LINE('',#6247,#2165);
#2022=LINE('',#6270,#2166);
#2023=LINE('',#6272,#2167);
#2024=LINE('',#6273,#2168);
#2025=LINE('',#6294,#2169);
#2026=LINE('',#6317,#2170);
#2027=LINE('',#6319,#2171);
#2028=LINE('',#6320,#2172);
#2029=LINE('',#6341,#2173);
#2030=LINE('',#6364,#2174);
#2031=LINE('',#6366,#2175);
#2032=LINE('',#6367,#2176);
#2033=LINE('',#6388,#2177);
#2034=LINE('',#6411,#2178);
#2035=LINE('',#6413,#2179);
#2036=LINE('',#6414,#2180);
#2037=LINE('',#6435,#2181);
#2038=LINE('',#6458,#2182);
#2039=LINE('',#6460,#2183);
#2040=LINE('',#6461,#2184);
#2041=LINE('',#6482,#2185);
#2042=LINE('',#6505,#2186);
#2043=LINE('',#6507,#2187);
#2044=LINE('',#6508,#2188);
#2045=LINE('',#6529,#2189);
#2046=LINE('',#6552,#2190);
#2047=LINE('',#6554,#2191);
#2048=LINE('',#6555,#2192);
#2049=LINE('',#6576,#2193);
#2050=LINE('',#6599,#2194);
#2051=LINE('',#6601,#2195);
#2052=LINE('',#6602,#2196);
#2053=LINE('',#6623,#2197);
#2054=LINE('',#6646,#2198);
#2055=LINE('',#6648,#2199);
#2056=LINE('',#6649,#2200);
#2057=LINE('',#6670,#2201);
#2058=LINE('',#6693,#2202);
#2059=LINE('',#6695,#2203);
#2060=LINE('',#6696,#2204);
#2061=LINE('',#6717,#2205);
#2062=LINE('',#6740,#2206);
#2063=LINE('',#6742,#2207);
#2064=LINE('',#6743,#2208);
#2065=LINE('',#6764,#2209);
#2066=LINE('',#6787,#2210);
#2067=LINE('',#6789,#2211);
#2068=LINE('',#6790,#2212);
#2069=LINE('',#6811,#2213);
#2070=LINE('',#6834,#2214);
#2071=LINE('',#6836,#2215);
#2072=LINE('',#6837,#2216);
#2073=LINE('',#6858,#2217);
#2074=LINE('',#6881,#2218);
#2075=LINE('',#6883,#2219);
#2076=LINE('',#6884,#2220);
#2077=LINE('',#6905,#2221);
#2078=VECTOR('',#3063,1.);
#2079=VECTOR('',#3066,1.);
#2080=VECTOR('',#3073,1.);
#2081=VECTOR('',#3076,1.);
#2082=VECTOR('',#3079,1.);
#2083=VECTOR('',#3082,1.);
#2084=VECTOR('',#3089,1.);
#2085=VECTOR('',#3092,1.);
#2086=VECTOR('',#3095,1.);
#2087=VECTOR('',#3098,1.);
#2088=VECTOR('',#3103,1.);
#2089=VECTOR('',#3106,1.);
#2090=VECTOR('',#3111,1.);
#2091=VECTOR('',#3114,1.);
#2092=VECTOR('',#3121,1.);
#2093=VECTOR('',#3124,1.);
#2094=VECTOR('',#3127,1.);
#2095=VECTOR('',#3130,1.);
#2096=VECTOR('',#3135,1.);
#2097=VECTOR('',#3138,1.);
#2098=VECTOR('',#3143,1.);
#2099=VECTOR('',#3146,1.);
#2100=VECTOR('',#3151,1.);
#2101=VECTOR('',#3154,1.);
#2102=VECTOR('',#3159,1.);
#2103=VECTOR('',#3162,1.);
#2104=VECTOR('',#3169,1.);
#2105=VECTOR('',#3172,1.);
#2106=VECTOR('',#3175,1.);
#2107=VECTOR('',#3178,1.);
#2108=VECTOR('',#3185,1.);
#2109=VECTOR('',#3188,1.);
#2110=VECTOR('',#3191,1.);
#2111=VECTOR('',#3194,1.);
#2112=VECTOR('',#3199,1.);
#2113=VECTOR('',#3202,1.);
#2114=VECTOR('',#3209,1.);
#2115=VECTOR('',#3212,1.);
#2116=VECTOR('',#3215,1.);
#2117=VECTOR('',#3218,1.);
#2118=VECTOR('',#3223,1.);
#2119=VECTOR('',#3226,1.);
#2120=VECTOR('',#3231,1.);
#2121=VECTOR('',#3234,1.);
#2122=VECTOR('',#3241,1.);
#2123=VECTOR('',#3244,1.);
#2124=VECTOR('',#3395,1.);
#2125=VECTOR('',#3398,1.);
#2126=VECTOR('',#3545,1.);
#2127=VECTOR('',#3548,1.);
#2128=VECTOR('',#3549,1.);
#2129=VECTOR('',#3550,1.);
#2130=VECTOR('',#3555,1.);
#2131=VECTOR('',#3558,1.);
#2132=VECTOR('',#3559,1.);
#2133=VECTOR('',#3560,1.);
#2134=VECTOR('',#3565,1.);
#2135=VECTOR('',#3568,1.);
#2136=VECTOR('',#3569,1.);
#2137=VECTOR('',#3570,1.);
#2138=VECTOR('',#3575,1.);
#2139=VECTOR('',#3578,1.);
#2140=VECTOR('',#3579,1.);
#2141=VECTOR('',#3580,1.);
#2142=VECTOR('',#3585,1.);
#2143=VECTOR('',#3588,1.);
#2144=VECTOR('',#3589,1.);
#2145=VECTOR('',#3590,1.);
#2146=VECTOR('',#3595,1.);
#2147=VECTOR('',#3598,1.);
#2148=VECTOR('',#3599,1.);
#2149=VECTOR('',#3600,1.);
#2150=VECTOR('',#3605,1.);
#2151=VECTOR('',#3608,1.);
#2152=VECTOR('',#3609,1.);
#2153=VECTOR('',#3610,1.);
#2154=VECTOR('',#3615,1.);
#2155=VECTOR('',#3618,1.);
#2156=VECTOR('',#3619,1.);
#2157=VECTOR('',#3620,1.);
#2158=VECTOR('',#3625,1.);
#2159=VECTOR('',#3628,1.);
#2160=VECTOR('',#3629,1.);
#2161=VECTOR('',#3630,1.);
#2162=VECTOR('',#3635,1.);
#2163=VECTOR('',#3638,1.);
#2164=VECTOR('',#3639,1.);
#2165=VECTOR('',#3640,1.);
#2166=VECTOR('',#3645,1.);
#2167=VECTOR('',#3648,1.);
#2168=VECTOR('',#3649,1.);
#2169=VECTOR('',#3650,1.);
#2170=VECTOR('',#3655,1.);
#2171=VECTOR('',#3658,1.);
#2172=VECTOR('',#3659,1.);
#2173=VECTOR('',#3660,1.);
#2174=VECTOR('',#3665,1.);
#2175=VECTOR('',#3668,1.);
#2176=VECTOR('',#3669,1.);
#2177=VECTOR('',#3670,1.);
#2178=VECTOR('',#3675,1.);
#2179=VECTOR('',#3678,1.);
#2180=VECTOR('',#3679,1.);
#2181=VECTOR('',#3680,1.);
#2182=VECTOR('',#3685,1.);
#2183=VECTOR('',#3688,1.);
#2184=VECTOR('',#3689,1.);
#2185=VECTOR('',#3690,1.);
#2186=VECTOR('',#3695,1.);
#2187=VECTOR('',#3698,1.);
#2188=VECTOR('',#3699,1.);
#2189=VECTOR('',#3700,1.);
#2190=VECTOR('',#3705,1.);
#2191=VECTOR('',#3708,1.);
#2192=VECTOR('',#3709,1.);
#2193=VECTOR('',#3710,1.);
#2194=VECTOR('',#3715,1.);
#2195=VECTOR('',#3718,1.);
#2196=VECTOR('',#3719,1.);
#2197=VECTOR('',#3720,1.);
#2198=VECTOR('',#3725,1.);
#2199=VECTOR('',#3728,1.);
#2200=VECTOR('',#3729,1.);
#2201=VECTOR('',#3730,1.);
#2202=VECTOR('',#3735,1.);
#2203=VECTOR('',#3738,1.);
#2204=VECTOR('',#3739,1.);
#2205=VECTOR('',#3740,1.);
#2206=VECTOR('',#3745,1.);
#2207=VECTOR('',#3748,1.);
#2208=VECTOR('',#3749,1.);
#2209=VECTOR('',#3750,1.);
#2210=VECTOR('',#3755,1.);
#2211=VECTOR('',#3758,1.);
#2212=VECTOR('',#3759,1.);
#2213=VECTOR('',#3760,1.);
#2214=VECTOR('',#3765,1.);
#2215=VECTOR('',#3768,1.);
#2216=VECTOR('',#3769,1.);
#2217=VECTOR('',#3770,1.);
#2218=VECTOR('',#3775,1.);
#2219=VECTOR('',#3778,1.);
#2220=VECTOR('',#3779,1.);
#2221=VECTOR('',#3780,1.);
#2222=EDGE_LOOP('',(#350,#351,#352,#353));
#2223=EDGE_LOOP('',(#354,#355,#356,#357));
#2224=EDGE_LOOP('',(#358,#359,#360,#361));
#2225=EDGE_LOOP('',(#362,#363,#364,#365));
#2226=EDGE_LOOP('',(#366,#367,#368,#369));
#2227=EDGE_LOOP('',(#370,#371,#372,#373));
#2228=EDGE_LOOP('',(#374,#375,#376,#377));
#2229=EDGE_LOOP('',(#378,#379,#380,#381));
#2230=EDGE_LOOP('',(#382,#383,#384,#385));
#2231=EDGE_LOOP('',(#386,#387,#388,#389));
#2232=EDGE_LOOP('',(#390,#391,#392,#393));
#2233=EDGE_LOOP('',(#394,#395,#396,#397));
#2234=EDGE_LOOP('',(#398,#399,#400,#401));
#2235=EDGE_LOOP('',(#402,#403,#404,#405));
#2236=EDGE_LOOP('',(#406,#407,#408,#409));
#2237=EDGE_LOOP('',(#410,#411,#412,#413));
#2238=EDGE_LOOP('',(#414,#415,#416,#417));
#2239=EDGE_LOOP('',(#418,#419,#420,#421));
#2240=EDGE_LOOP('',(#422,#423,#424,#425));
#2241=EDGE_LOOP('',(#426,#427,#428,#429));
#2242=EDGE_LOOP('',(#430,#431,#432,#433));
#2243=EDGE_LOOP('',(#434,#435,#436,#437));
#2244=EDGE_LOOP('',(#438,#439,#440,#441));
#2245=EDGE_LOOP('',(#442,#443,#444,#445,#446,#447,#448,#449,#450,#451,#452,
#453,#454,#455,#456,#457,#458,#459,#460,#461,#462,#463,#464,#465,#466,#467,
#468,#469,#470,#471,#472,#473,#474,#475,#476,#477,#478,#479,#480,#481,#482,
#483,#484,#485,#486,#487,#488,#489,#490,#491,#492,#493,#494,#495,#496,#497,
#498,#499,#500,#501,#502,#503,#504,#505,#506,#507,#508,#509,#510,#511,#512,
#513,#514,#515,#516,#517,#518,#519,#520,#521,#522,#523,#524,#525,#526,#527,
#528,#529,#530,#531,#532,#533,#534,#535,#536,#537,#538,#539,#540,#541,#542,
#543,#544,#545,#546,#547,#548,#549,#550,#551,#552,#553,#554,#555,#556,#557,
#558,#559,#560,#561,#562,#563,#564,#565,#566,#567,#568,#569,#570,#571,#572,
#573,#574,#575,#576,#577,#578,#579,#580,#581,#582,#583,#584,#585));
#2246=EDGE_LOOP('',(#586,#587,#588,#589));
#2247=EDGE_LOOP('',(#590,#591,#592,#593,#594,#595,#596,#597,#598,#599,#600,
#601,#602,#603,#604,#605,#606,#607,#608,#609,#610,#611,#612,#613,#614,#615,
#616,#617,#618,#619,#620,#621,#622,#623,#624,#625,#626,#627,#628,#629,#630,
#631,#632,#633,#634,#635,#636,#637,#638,#639,#640,#641,#642,#643,#644,#645,
#646,#647,#648,#649,#650,#651,#652,#653,#654,#655,#656,#657,#658,#659,#660,
#661,#662,#663,#664,#665,#666,#667,#668,#669,#670,#671,#672,#673,#674,#675,
#676,#677,#678,#679,#680,#681,#682,#683,#684,#685,#686,#687,#688,#689,#690,
#691,#692,#693,#694,#695,#696,#697,#698,#699,#700,#701,#702,#703,#704,#705,
#706,#707,#708,#709,#710,#711,#712,#713,#714,#715,#716,#717,#718,#719,#720,
#721,#722,#723,#724,#725,#726,#727,#728,#729,#730,#731,#732,#733));
#2248=EDGE_LOOP('',(#734,#735,#736,#737));
#2249=EDGE_LOOP('',(#738,#739,#740,#741));
#2250=EDGE_LOOP('',(#742,#743,#744,#745));
#2251=EDGE_LOOP('',(#746,#747,#748,#749));
#2252=EDGE_LOOP('',(#750,#751,#752,#753));
#2253=EDGE_LOOP('',(#754,#755,#756,#757));
#2254=EDGE_LOOP('',(#758,#759,#760,#761));
#2255=EDGE_LOOP('',(#762,#763,#764,#765));
#2256=EDGE_LOOP('',(#766,#767,#768,#769));
#2257=EDGE_LOOP('',(#770,#771,#772,#773));
#2258=EDGE_LOOP('',(#774,#775,#776,#777));
#2259=EDGE_LOOP('',(#778,#779,#780,#781));
#2260=EDGE_LOOP('',(#782,#783,#784,#785));
#2261=EDGE_LOOP('',(#786,#787,#788,#789));
#2262=EDGE_LOOP('',(#790,#791,#792,#793));
#2263=EDGE_LOOP('',(#794,#795,#796,#797));
#2264=EDGE_LOOP('',(#798,#799,#800,#801));
#2265=EDGE_LOOP('',(#802,#803,#804,#805));
#2266=EDGE_LOOP('',(#806,#807,#808,#809));
#2267=EDGE_LOOP('',(#810,#811,#812,#813));
#2268=EDGE_LOOP('',(#814,#815,#816,#817));
#2269=EDGE_LOOP('',(#818,#819,#820,#821));
#2270=EDGE_LOOP('',(#822,#823,#824,#825));
#2271=EDGE_LOOP('',(#826,#827,#828,#829));
#2272=EDGE_LOOP('',(#830,#831,#832,#833));
#2273=EDGE_LOOP('',(#834,#835,#836,#837));
#2274=EDGE_LOOP('',(#838,#839,#840,#841));
#2275=EDGE_LOOP('',(#842,#843,#844,#845));
#2276=EDGE_LOOP('',(#846,#847,#848,#849));
#2277=EDGE_LOOP('',(#850,#851,#852,#853));
#2278=EDGE_LOOP('',(#854,#855,#856,#857));
#2279=EDGE_LOOP('',(#858,#859,#860,#861));
#2280=EDGE_LOOP('',(#862,#863,#864,#865));
#2281=EDGE_LOOP('',(#866,#867,#868,#869));
#2282=EDGE_LOOP('',(#870,#871,#872,#873));
#2283=EDGE_LOOP('',(#874,#875,#876,#877));
#2284=EDGE_LOOP('',(#878,#879,#880,#881));
#2285=EDGE_LOOP('',(#882,#883,#884,#885));
#2286=EDGE_LOOP('',(#886,#887,#888,#889));
#2287=EDGE_LOOP('',(#890,#891,#892,#893));
#2288=EDGE_LOOP('',(#894,#895,#896,#897));
#2289=EDGE_LOOP('',(#898,#899,#900,#901));
#2290=EDGE_LOOP('',(#902,#903,#904,#905));
#2291=EDGE_LOOP('',(#906,#907,#908,#909));
#2292=EDGE_LOOP('',(#910,#911,#912,#913));
#2293=EDGE_LOOP('',(#914,#915,#916,#917));
#2294=EDGE_LOOP('',(#918,#919,#920,#921));
#2295=EDGE_LOOP('',(#922,#923,#924,#925));
#2296=EDGE_LOOP('',(#926,#927,#928,#929));
#2297=EDGE_LOOP('',(#930,#931,#932,#933));
#2298=EDGE_LOOP('',(#934,#935,#936,#937));
#2299=EDGE_LOOP('',(#938,#939,#940,#941));
#2300=EDGE_LOOP('',(#942,#943,#944,#945));
#2301=EDGE_LOOP('',(#946,#947,#948,#949));
#2302=EDGE_LOOP('',(#950,#951,#952,#953));
#2303=EDGE_LOOP('',(#954,#955,#956,#957));
#2304=EDGE_LOOP('',(#958,#959,#960,#961));
#2305=EDGE_LOOP('',(#962,#963,#964,#965));
#2306=EDGE_LOOP('',(#966,#967,#968,#969));
#2307=EDGE_LOOP('',(#970,#971,#972,#973));
#2308=EDGE_LOOP('',(#974,#975,#976,#977));
#2309=EDGE_LOOP('',(#978,#979,#980,#981));
#2310=EDGE_LOOP('',(#982,#983,#984,#985));
#2311=EDGE_LOOP('',(#986,#987,#988,#989));
#2312=EDGE_LOOP('',(#990,#991,#992,#993));
#2313=EDGE_LOOP('',(#994,#995,#996,#997));
#2314=EDGE_LOOP('',(#998,#999,#1000,#1001));
#2315=EDGE_LOOP('',(#1002,#1003,#1004,#1005));
#2316=EDGE_LOOP('',(#1006,#1007,#1008,#1009));
#2317=EDGE_LOOP('',(#1010,#1011,#1012,#1013));
#2318=EDGE_LOOP('',(#1014,#1015,#1016,#1017));
#2319=EDGE_LOOP('',(#1018,#1019,#1020,#1021));
#2320=EDGE_LOOP('',(#1022,#1023,#1024,#1025));
#2321=EDGE_LOOP('',(#1026,#1027,#1028,#1029));
#2322=EDGE_LOOP('',(#1030,#1031,#1032,#1033));
#2323=EDGE_LOOP('',(#1034,#1035,#1036,#1037));
#2324=EDGE_LOOP('',(#1038,#1039,#1040,#1041));
#2325=EDGE_LOOP('',(#1042,#1043,#1044,#1045));
#2326=EDGE_LOOP('',(#1046,#1047,#1048,#1049));
#2327=EDGE_LOOP('',(#1050,#1051,#1052,#1053));
#2328=EDGE_LOOP('',(#1054,#1055,#1056,#1057));
#2329=EDGE_LOOP('',(#1058,#1059,#1060,#1061));
#2330=EDGE_LOOP('',(#1062,#1063,#1064,#1065));
#2331=EDGE_LOOP('',(#1066,#1067,#1068,#1069));
#2332=EDGE_LOOP('',(#1070,#1071,#1072,#1073));
#2333=EDGE_LOOP('',(#1074,#1075,#1076,#1077));
#2334=EDGE_LOOP('',(#1078,#1079,#1080,#1081));
#2335=EDGE_LOOP('',(#1082,#1083,#1084,#1085));
#2336=EDGE_LOOP('',(#1086,#1087,#1088,#1089));
#2337=EDGE_LOOP('',(#1090,#1091,#1092,#1093));
#2338=EDGE_LOOP('',(#1094,#1095,#1096,#1097));
#2339=EDGE_LOOP('',(#1098,#1099,#1100,#1101));
#2340=EDGE_LOOP('',(#1102,#1103,#1104,#1105));
#2341=EDGE_LOOP('',(#1106,#1107,#1108,#1109));
#2342=EDGE_LOOP('',(#1110,#1111,#1112,#1113));
#2343=EDGE_LOOP('',(#1114,#1115,#1116,#1117));
#2344=EDGE_LOOP('',(#1118,#1119,#1120,#1121));
#2345=EDGE_LOOP('',(#1122,#1123,#1124,#1125));
#2346=EDGE_LOOP('',(#1126,#1127,#1128,#1129));
#2347=EDGE_LOOP('',(#1130,#1131,#1132,#1133));
#2348=EDGE_LOOP('',(#1134,#1135,#1136,#1137));
#2349=EDGE_LOOP('',(#1138,#1139,#1140,#1141));
#2350=EDGE_LOOP('',(#1142,#1143,#1144,#1145));
#2351=EDGE_LOOP('',(#1146,#1147,#1148,#1149));
#2352=EDGE_LOOP('',(#1150,#1151,#1152,#1153));
#2353=EDGE_LOOP('',(#1154,#1155,#1156,#1157));
#2354=EDGE_LOOP('',(#1158,#1159,#1160,#1161));
#2355=EDGE_LOOP('',(#1162,#1163,#1164,#1165));
#2356=EDGE_LOOP('',(#1166,#1167,#1168,#1169));
#2357=EDGE_LOOP('',(#1170,#1171,#1172,#1173));
#2358=EDGE_LOOP('',(#1174,#1175,#1176,#1177));
#2359=EDGE_LOOP('',(#1178,#1179,#1180,#1181));
#2360=EDGE_LOOP('',(#1182,#1183,#1184,#1185));
#2361=EDGE_LOOP('',(#1186,#1187,#1188,#1189));
#2362=EDGE_LOOP('',(#1190,#1191,#1192,#1193));
#2363=EDGE_LOOP('',(#1194,#1195,#1196,#1197));
#2364=EDGE_LOOP('',(#1198,#1199,#1200,#1201));
#2365=EDGE_LOOP('',(#1202,#1203,#1204,#1205));
#2366=EDGE_LOOP('',(#1206,#1207,#1208,#1209));
#2367=EDGE_LOOP('',(#1210,#1211,#1212,#1213));
#2368=FACE_BOUND('',#2222,.T.);
#2369=FACE_BOUND('',#2223,.T.);
#2370=FACE_BOUND('',#2224,.T.);
#2371=FACE_BOUND('',#2225,.T.);
#2372=FACE_BOUND('',#2226,.T.);
#2373=FACE_BOUND('',#2227,.T.);
#2374=FACE_BOUND('',#2228,.T.);
#2375=FACE_BOUND('',#2229,.T.);
#2376=FACE_BOUND('',#2230,.T.);
#2377=FACE_BOUND('',#2231,.T.);
#2378=FACE_BOUND('',#2232,.T.);
#2379=FACE_BOUND('',#2233,.T.);
#2380=FACE_BOUND('',#2234,.T.);
#2381=FACE_BOUND('',#2235,.T.);
#2382=FACE_BOUND('',#2236,.T.);
#2383=FACE_BOUND('',#2237,.T.);
#2384=FACE_BOUND('',#2238,.T.);
#2385=FACE_BOUND('',#2239,.T.);
#2386=FACE_BOUND('',#2240,.T.);
#2387=FACE_BOUND('',#2241,.T.);
#2388=FACE_BOUND('',#2242,.T.);
#2389=FACE_BOUND('',#2243,.T.);
#2390=FACE_BOUND('',#2244,.T.);
#2391=FACE_BOUND('',#2245,.T.);
#2392=FACE_BOUND('',#2246,.T.);
#2393=FACE_BOUND('',#2247,.T.);
#2394=FACE_BOUND('',#2248,.T.);
#2395=FACE_BOUND('',#2249,.T.);
#2396=FACE_BOUND('',#2250,.T.);
#2397=FACE_BOUND('',#2251,.T.);
#2398=FACE_BOUND('',#2252,.T.);
#2399=FACE_BOUND('',#2253,.T.);
#2400=FACE_BOUND('',#2254,.T.);
#2401=FACE_BOUND('',#2255,.T.);
#2402=FACE_BOUND('',#2256,.T.);
#2403=FACE_BOUND('',#2257,.T.);
#2404=FACE_BOUND('',#2258,.T.);
#2405=FACE_BOUND('',#2259,.T.);
#2406=FACE_BOUND('',#2260,.T.);
#2407=FACE_BOUND('',#2261,.T.);
#2408=FACE_BOUND('',#2262,.T.);
#2409=FACE_BOUND('',#2263,.T.);
#2410=FACE_BOUND('',#2264,.T.);
#2411=FACE_BOUND('',#2265,.T.);
#2412=FACE_BOUND('',#2266,.T.);
#2413=FACE_BOUND('',#2267,.T.);
#2414=FACE_BOUND('',#2268,.T.);
#2415=FACE_BOUND('',#2269,.T.);
#2416=FACE_BOUND('',#2270,.T.);
#2417=FACE_BOUND('',#2271,.T.);
#2418=FACE_BOUND('',#2272,.T.);
#2419=FACE_BOUND('',#2273,.T.);
#2420=FACE_BOUND('',#2274,.T.);
#2421=FACE_BOUND('',#2275,.T.);
#2422=FACE_BOUND('',#2276,.T.);
#2423=FACE_BOUND('',#2277,.T.);
#2424=FACE_BOUND('',#2278,.T.);
#2425=FACE_BOUND('',#2279,.T.);
#2426=FACE_BOUND('',#2280,.T.);
#2427=FACE_BOUND('',#2281,.T.);
#2428=FACE_BOUND('',#2282,.T.);
#2429=FACE_BOUND('',#2283,.T.);
#2430=FACE_BOUND('',#2284,.T.);
#2431=FACE_BOUND('',#2285,.T.);
#2432=FACE_BOUND('',#2286,.T.);
#2433=FACE_BOUND('',#2287,.T.);
#2434=FACE_BOUND('',#2288,.T.);
#2435=FACE_BOUND('',#2289,.T.);
#2436=FACE_BOUND('',#2290,.T.);
#2437=FACE_BOUND('',#2291,.T.);
#2438=FACE_BOUND('',#2292,.T.);
#2439=FACE_BOUND('',#2293,.T.);
#2440=FACE_BOUND('',#2294,.T.);
#2441=FACE_BOUND('',#2295,.T.);
#2442=FACE_BOUND('',#2296,.T.);
#2443=FACE_BOUND('',#2297,.T.);
#2444=FACE_BOUND('',#2298,.T.);
#2445=FACE_BOUND('',#2299,.T.);
#2446=FACE_BOUND('',#2300,.T.);
#2447=FACE_BOUND('',#2301,.T.);
#2448=FACE_BOUND('',#2302,.T.);
#2449=FACE_BOUND('',#2303,.T.);
#2450=FACE_BOUND('',#2304,.T.);
#2451=FACE_BOUND('',#2305,.T.);
#2452=FACE_BOUND('',#2306,.T.);
#2453=FACE_BOUND('',#2307,.T.);
#2454=FACE_BOUND('',#2308,.T.);
#2455=FACE_BOUND('',#2309,.T.);
#2456=FACE_BOUND('',#2310,.T.);
#2457=FACE_BOUND('',#2311,.T.);
#2458=FACE_BOUND('',#2312,.T.);
#2459=FACE_BOUND('',#2313,.T.);
#2460=FACE_BOUND('',#2314,.T.);
#2461=FACE_BOUND('',#2315,.T.);
#2462=FACE_BOUND('',#2316,.T.);
#2463=FACE_BOUND('',#2317,.T.);
#2464=FACE_BOUND('',#2318,.T.);
#2465=FACE_BOUND('',#2319,.T.);
#2466=FACE_BOUND('',#2320,.T.);
#2467=FACE_BOUND('',#2321,.T.);
#2468=FACE_BOUND('',#2322,.T.);
#2469=FACE_BOUND('',#2323,.T.);
#2470=FACE_BOUND('',#2324,.T.);
#2471=FACE_BOUND('',#2325,.T.);
#2472=FACE_BOUND('',#2326,.T.);
#2473=FACE_BOUND('',#2327,.T.);
#2474=FACE_BOUND('',#2328,.T.);
#2475=FACE_BOUND('',#2329,.T.);
#2476=FACE_BOUND('',#2330,.T.);
#2477=FACE_BOUND('',#2331,.T.);
#2478=FACE_BOUND('',#2332,.T.);
#2479=FACE_BOUND('',#2333,.T.);
#2480=FACE_BOUND('',#2334,.T.);
#2481=FACE_BOUND('',#2335,.T.);
#2482=FACE_BOUND('',#2336,.T.);
#2483=FACE_BOUND('',#2337,.T.);
#2484=FACE_BOUND('',#2338,.T.);
#2485=FACE_BOUND('',#2339,.T.);
#2486=FACE_BOUND('',#2340,.T.);
#2487=FACE_BOUND('',#2341,.T.);
#2488=FACE_BOUND('',#2342,.T.);
#2489=FACE_BOUND('',#2343,.T.);
#2490=FACE_BOUND('',#2344,.T.);
#2491=FACE_BOUND('',#2345,.T.);
#2492=FACE_BOUND('',#2346,.T.);
#2493=FACE_BOUND('',#2347,.T.);
#2494=FACE_BOUND('',#2348,.T.);
#2495=FACE_BOUND('',#2349,.T.);
#2496=FACE_BOUND('',#2350,.T.);
#2497=FACE_BOUND('',#2351,.T.);
#2498=FACE_BOUND('',#2352,.T.);
#2499=FACE_BOUND('',#2353,.T.);
#2500=FACE_BOUND('',#2354,.T.);
#2501=FACE_BOUND('',#2355,.T.);
#2502=FACE_BOUND('',#2356,.T.);
#2503=FACE_BOUND('',#2357,.T.);
#2504=FACE_BOUND('',#2358,.T.);
#2505=FACE_BOUND('',#2359,.T.);
#2506=FACE_BOUND('',#2360,.T.);
#2507=FACE_BOUND('',#2361,.T.);
#2508=FACE_BOUND('',#2362,.T.);
#2509=FACE_BOUND('',#2363,.T.);
#2510=FACE_BOUND('',#2364,.T.);
#2511=FACE_BOUND('',#2365,.T.);
#2512=FACE_BOUND('',#2366,.T.);
#2513=FACE_BOUND('',#2367,.T.);
#2514=CYLINDRICAL_SURFACE('',#2769,0.0137583333333333);
#2515=CYLINDRICAL_SURFACE('',#2772,0.0137583333333333);
#2516=CYLINDRICAL_SURFACE('',#2775,0.0137583333333333);
#2517=CYLINDRICAL_SURFACE('',#2778,0.0137583333333333);
#2518=CYLINDRICAL_SURFACE('',#2781,0.0137583333333333);
#2519=CYLINDRICAL_SURFACE('',#2784,0.0137583333333333);
#2520=CYLINDRICAL_SURFACE('',#2787,0.0137583333333333);
#2521=CYLINDRICAL_SURFACE('',#2790,0.0137583333333333);
#2522=CYLINDRICAL_SURFACE('',#2793,0.0137583333333333);
#2523=CYLINDRICAL_SURFACE('',#2796,0.0137583333333333);
#2524=CYLINDRICAL_SURFACE('',#2799,0.0137583333333333);
#2525=CYLINDRICAL_SURFACE('',#2802,0.0137583333333333);
#2526=CYLINDRICAL_SURFACE('',#2805,0.0137583333333333);
#2527=CYLINDRICAL_SURFACE('',#2808,0.0137583333333333);
#2528=CYLINDRICAL_SURFACE('',#2811,0.0137583333333333);
#2529=CYLINDRICAL_SURFACE('',#2814,0.0137583333333333);
#2530=CYLINDRICAL_SURFACE('',#2817,0.0137583333333333);
#2531=CYLINDRICAL_SURFACE('',#2820,0.0137583333333333);
#2532=CYLINDRICAL_SURFACE('',#2823,0.0137583333333333);
#2533=CYLINDRICAL_SURFACE('',#2826,0.0137583333333333);
#2534=CYLINDRICAL_SURFACE('',#2829,0.0137583333333333);
#2535=CYLINDRICAL_SURFACE('',#2832,0.0137583333333333);
#2536=CYLINDRICAL_SURFACE('',#2835,0.0137583333333333);
#2537=CYLINDRICAL_SURFACE('',#2912,0.0137583333333333);
#2538=CYLINDRICAL_SURFACE('',#2987,0.0113770833333343);
#2539=CYLINDRICAL_SURFACE('',#2988,0.000404158687149772);
#2540=CYLINDRICAL_SURFACE('',#2989,0.000404158687149772);
#2541=CYLINDRICAL_SURFACE('',#2990,0.0113770833333343);
#2542=CYLINDRICAL_SURFACE('',#2991,0.000404158687149772);
#2543=CYLINDRICAL_SURFACE('',#2992,0.000404158687149772);
#2544=CYLINDRICAL_SURFACE('',#2993,0.0113770833333343);
#2545=CYLINDRICAL_SURFACE('',#2994,0.000404158687149772);
#2546=CYLINDRICAL_SURFACE('',#2995,0.000404158687149772);
#2547=CYLINDRICAL_SURFACE('',#2996,0.0113770833333343);
#2548=CYLINDRICAL_SURFACE('',#2997,0.000404158687149772);
#2549=CYLINDRICAL_SURFACE('',#2998,0.000404158687149772);
#2550=CYLINDRICAL_SURFACE('',#2999,0.0113770833333343);
#2551=CYLINDRICAL_SURFACE('',#3000,0.000404158687149772);
#2552=CYLINDRICAL_SURFACE('',#3001,0.000404158687149772);
#2553=CYLINDRICAL_SURFACE('',#3002,0.0113770833333343);
#2554=CYLINDRICAL_SURFACE('',#3003,0.000404158687149772);
#2555=CYLINDRICAL_SURFACE('',#3004,0.000404158687149772);
#2556=CYLINDRICAL_SURFACE('',#3005,0.0113770833333343);
#2557=CYLINDRICAL_SURFACE('',#3006,0.000404158687149772);
#2558=CYLINDRICAL_SURFACE('',#3007,0.000404158687149772);
#2559=CYLINDRICAL_SURFACE('',#3008,0.0113770833333343);
#2560=CYLINDRICAL_SURFACE('',#3009,0.000404158687149772);
#2561=CYLINDRICAL_SURFACE('',#3010,0.000404158687149772);
#2562=CYLINDRICAL_SURFACE('',#3011,0.0113770833333343);
#2563=CYLINDRICAL_SURFACE('',#3012,0.000404158687149772);
#2564=CYLINDRICAL_SURFACE('',#3013,0.000404158687149772);
#2565=CYLINDRICAL_SURFACE('',#3014,0.0113770833333343);
#2566=CYLINDRICAL_SURFACE('',#3015,0.000404158687149772);
#2567=CYLINDRICAL_SURFACE('',#3016,0.000404158687149772);
#2568=CYLINDRICAL_SURFACE('',#3017,0.0113770833333343);
#2569=CYLINDRICAL_SURFACE('',#3018,0.000404158687149772);
#2570=CYLINDRICAL_SURFACE('',#3019,0.000404158687149772);
#2571=CYLINDRICAL_SURFACE('',#3020,0.0113770833333343);
#2572=CYLINDRICAL_SURFACE('',#3021,0.000404158687149772);
#2573=CYLINDRICAL_SURFACE('',#3022,0.000404158687149772);
#2574=CYLINDRICAL_SURFACE('',#3023,0.0113770833333343);
#2575=CYLINDRICAL_SURFACE('',#3024,0.000404158687149772);
#2576=CYLINDRICAL_SURFACE('',#3025,0.000404158687149772);
#2577=CYLINDRICAL_SURFACE('',#3026,0.0113770833333343);
#2578=CYLINDRICAL_SURFACE('',#3027,0.000404158687149772);
#2579=CYLINDRICAL_SURFACE('',#3028,0.000404158687149772);
#2580=CYLINDRICAL_SURFACE('',#3029,0.0113770833333343);
#2581=CYLINDRICAL_SURFACE('',#3030,0.000404158687149772);
#2582=CYLINDRICAL_SURFACE('',#3031,0.000404158687149772);
#2583=CYLINDRICAL_SURFACE('',#3032,0.0113770833333343);
#2584=CYLINDRICAL_SURFACE('',#3033,0.000404158687149772);
#2585=CYLINDRICAL_SURFACE('',#3034,0.000404158687149772);
#2586=CYLINDRICAL_SURFACE('',#3035,0.0113770833333343);
#2587=CYLINDRICAL_SURFACE('',#3036,0.000404158687149772);
#2588=CYLINDRICAL_SURFACE('',#3037,0.000404158687149772);
#2589=CYLINDRICAL_SURFACE('',#3038,0.0113770833333343);
#2590=CYLINDRICAL_SURFACE('',#3039,0.000404158687149772);
#2591=CYLINDRICAL_SURFACE('',#3040,0.000404158687149772);
#2592=CYLINDRICAL_SURFACE('',#3041,0.0113770833333343);
#2593=CYLINDRICAL_SURFACE('',#3042,0.000404158687149772);
#2594=CYLINDRICAL_SURFACE('',#3043,0.000404158687149772);
#2595=CYLINDRICAL_SURFACE('',#3044,0.0113770833333343);
#2596=CYLINDRICAL_SURFACE('',#3045,0.000404158687149772);
#2597=CYLINDRICAL_SURFACE('',#3046,0.000404158687149772);
#2598=CYLINDRICAL_SURFACE('',#3047,0.0113770833333343);
#2599=CYLINDRICAL_SURFACE('',#3048,0.000404158687149772);
#2600=CYLINDRICAL_SURFACE('',#3049,0.000404158687149772);
#2601=CYLINDRICAL_SURFACE('',#3050,0.0113770833333343);
#2602=CYLINDRICAL_SURFACE('',#3051,0.000404158687149772);
#2603=CYLINDRICAL_SURFACE('',#3052,0.000404158687149772);
#2604=CYLINDRICAL_SURFACE('',#3053,0.0113770833333343);
#2605=CYLINDRICAL_SURFACE('',#3054,0.000404158687149772);
#2606=CYLINDRICAL_SURFACE('',#3055,0.000404158687149772);
#2607=CYLINDRICAL_SURFACE('',#3056,0.0113770833333343);
#2608=CYLINDRICAL_SURFACE('',#3057,0.000404158687149772);
#2609=CYLINDRICAL_SURFACE('',#3058,0.000404158687149772);
#2610=ADVANCED_FACE('',(#2368),#2514,.T.);
#2611=ADVANCED_FACE('',(#2369),#2515,.T.);
#2612=ADVANCED_FACE('',(#2370),#2516,.T.);
#2613=ADVANCED_FACE('',(#2371),#2517,.T.);
#2614=ADVANCED_FACE('',(#2372),#2518,.T.);
#2615=ADVANCED_FACE('',(#2373),#2519,.T.);
#2616=ADVANCED_FACE('',(#2374),#2520,.T.);
#2617=ADVANCED_FACE('',(#2375),#2521,.T.);
#2618=ADVANCED_FACE('',(#2376),#2522,.T.);
#2619=ADVANCED_FACE('',(#2377),#2523,.T.);
#2620=ADVANCED_FACE('',(#2378),#2524,.T.);
#2621=ADVANCED_FACE('',(#2379),#2525,.T.);
#2622=ADVANCED_FACE('',(#2380),#2526,.T.);
#2623=ADVANCED_FACE('',(#2381),#2527,.T.);
#2624=ADVANCED_FACE('',(#2382),#2528,.T.);
#2625=ADVANCED_FACE('',(#2383),#2529,.T.);
#2626=ADVANCED_FACE('',(#2384),#2530,.T.);
#2627=ADVANCED_FACE('',(#2385),#2531,.T.);
#2628=ADVANCED_FACE('',(#2386),#2532,.T.);
#2629=ADVANCED_FACE('',(#2387),#2533,.T.);
#2630=ADVANCED_FACE('',(#2388),#2534,.T.);
#2631=ADVANCED_FACE('',(#2389),#2535,.T.);
#2632=ADVANCED_FACE('',(#2390),#2536,.T.);
#2633=ADVANCED_FACE('',(#2391),#156,.T.);
#2634=ADVANCED_FACE('',(#2392),#2537,.T.);
#2635=ADVANCED_FACE('',(#2393),#157,.F.);
#2636=ADVANCED_FACE('',(#2394),#12,.F.);
#2637=ADVANCED_FACE('',(#2395),#2538,.T.);
#2638=ADVANCED_FACE('',(#2396),#13,.T.);
#2639=ADVANCED_FACE('',(#2397),#2539,.F.);
#2640=ADVANCED_FACE('',(#2398),#2540,.F.);
#2641=ADVANCED_FACE('',(#2399),#14,.F.);
#2642=ADVANCED_FACE('',(#2400),#2541,.T.);
#2643=ADVANCED_FACE('',(#2401),#15,.T.);
#2644=ADVANCED_FACE('',(#2402),#2542,.F.);
#2645=ADVANCED_FACE('',(#2403),#2543,.F.);
#2646=ADVANCED_FACE('',(#2404),#16,.F.);
#2647=ADVANCED_FACE('',(#2405),#2544,.T.);
#2648=ADVANCED_FACE('',(#2406),#17,.T.);
#2649=ADVANCED_FACE('',(#2407),#2545,.F.);
#2650=ADVANCED_FACE('',(#2408),#2546,.F.);
#2651=ADVANCED_FACE('',(#2409),#18,.F.);
#2652=ADVANCED_FACE('',(#2410),#2547,.T.);
#2653=ADVANCED_FACE('',(#2411),#19,.T.);
#2654=ADVANCED_FACE('',(#2412),#2548,.F.);
#2655=ADVANCED_FACE('',(#2413),#2549,.F.);
#2656=ADVANCED_FACE('',(#2414),#20,.F.);
#2657=ADVANCED_FACE('',(#2415),#2550,.T.);
#2658=ADVANCED_FACE('',(#2416),#21,.T.);
#2659=ADVANCED_FACE('',(#2417),#2551,.F.);
#2660=ADVANCED_FACE('',(#2418),#2552,.F.);
#2661=ADVANCED_FACE('',(#2419),#22,.F.);
#2662=ADVANCED_FACE('',(#2420),#2553,.T.);
#2663=ADVANCED_FACE('',(#2421),#23,.T.);
#2664=ADVANCED_FACE('',(#2422),#2554,.F.);
#2665=ADVANCED_FACE('',(#2423),#2555,.F.);
#2666=ADVANCED_FACE('',(#2424),#24,.F.);
#2667=ADVANCED_FACE('',(#2425),#2556,.T.);
#2668=ADVANCED_FACE('',(#2426),#25,.T.);
#2669=ADVANCED_FACE('',(#2427),#2557,.F.);
#2670=ADVANCED_FACE('',(#2428),#2558,.F.);
#2671=ADVANCED_FACE('',(#2429),#26,.F.);
#2672=ADVANCED_FACE('',(#2430),#2559,.T.);
#2673=ADVANCED_FACE('',(#2431),#27,.T.);
#2674=ADVANCED_FACE('',(#2432),#2560,.F.);
#2675=ADVANCED_FACE('',(#2433),#2561,.F.);
#2676=ADVANCED_FACE('',(#2434),#28,.F.);
#2677=ADVANCED_FACE('',(#2435),#2562,.T.);
#2678=ADVANCED_FACE('',(#2436),#29,.T.);
#2679=ADVANCED_FACE('',(#2437),#2563,.F.);
#2680=ADVANCED_FACE('',(#2438),#2564,.F.);
#2681=ADVANCED_FACE('',(#2439),#30,.F.);
#2682=ADVANCED_FACE('',(#2440),#2565,.T.);
#2683=ADVANCED_FACE('',(#2441),#31,.T.);
#2684=ADVANCED_FACE('',(#2442),#2566,.F.);
#2685=ADVANCED_FACE('',(#2443),#2567,.F.);
#2686=ADVANCED_FACE('',(#2444),#32,.F.);
#2687=ADVANCED_FACE('',(#2445),#2568,.T.);
#2688=ADVANCED_FACE('',(#2446),#33,.T.);
#2689=ADVANCED_FACE('',(#2447),#2569,.F.);
#2690=ADVANCED_FACE('',(#2448),#2570,.F.);
#2691=ADVANCED_FACE('',(#2449),#34,.F.);
#2692=ADVANCED_FACE('',(#2450),#2571,.T.);
#2693=ADVANCED_FACE('',(#2451),#35,.T.);
#2694=ADVANCED_FACE('',(#2452),#2572,.F.);
#2695=ADVANCED_FACE('',(#2453),#2573,.F.);
#2696=ADVANCED_FACE('',(#2454),#36,.F.);
#2697=ADVANCED_FACE('',(#2455),#2574,.T.);
#2698=ADVANCED_FACE('',(#2456),#37,.T.);
#2699=ADVANCED_FACE('',(#2457),#2575,.F.);
#2700=ADVANCED_FACE('',(#2458),#2576,.F.);
#2701=ADVANCED_FACE('',(#2459),#38,.F.);
#2702=ADVANCED_FACE('',(#2460),#2577,.T.);
#2703=ADVANCED_FACE('',(#2461),#39,.T.);
#2704=ADVANCED_FACE('',(#2462),#2578,.F.);
#2705=ADVANCED_FACE('',(#2463),#2579,.F.);
#2706=ADVANCED_FACE('',(#2464),#40,.F.);
#2707=ADVANCED_FACE('',(#2465),#2580,.T.);
#2708=ADVANCED_FACE('',(#2466),#41,.T.);
#2709=ADVANCED_FACE('',(#2467),#2581,.F.);
#2710=ADVANCED_FACE('',(#2468),#2582,.F.);
#2711=ADVANCED_FACE('',(#2469),#42,.F.);
#2712=ADVANCED_FACE('',(#2470),#2583,.T.);
#2713=ADVANCED_FACE('',(#2471),#43,.T.);
#2714=ADVANCED_FACE('',(#2472),#2584,.F.);
#2715=ADVANCED_FACE('',(#2473),#2585,.F.);
#2716=ADVANCED_FACE('',(#2474),#44,.F.);
#2717=ADVANCED_FACE('',(#2475),#2586,.T.);
#2718=ADVANCED_FACE('',(#2476),#45,.T.);
#2719=ADVANCED_FACE('',(#2477),#2587,.F.);
#2720=ADVANCED_FACE('',(#2478),#2588,.F.);
#2721=ADVANCED_FACE('',(#2479),#46,.F.);
#2722=ADVANCED_FACE('',(#2480),#2589,.T.);
#2723=ADVANCED_FACE('',(#2481),#47,.T.);
#2724=ADVANCED_FACE('',(#2482),#2590,.F.);
#2725=ADVANCED_FACE('',(#2483),#2591,.F.);
#2726=ADVANCED_FACE('',(#2484),#48,.F.);
#2727=ADVANCED_FACE('',(#2485),#2592,.T.);
#2728=ADVANCED_FACE('',(#2486),#49,.T.);
#2729=ADVANCED_FACE('',(#2487),#2593,.F.);
#2730=ADVANCED_FACE('',(#2488),#2594,.F.);
#2731=ADVANCED_FACE('',(#2489),#50,.F.);
#2732=ADVANCED_FACE('',(#2490),#2595,.T.);
#2733=ADVANCED_FACE('',(#2491),#51,.T.);
#2734=ADVANCED_FACE('',(#2492),#2596,.F.);
#2735=ADVANCED_FACE('',(#2493),#2597,.F.);
#2736=ADVANCED_FACE('',(#2494),#52,.F.);
#2737=ADVANCED_FACE('',(#2495),#2598,.T.);
#2738=ADVANCED_FACE('',(#2496),#53,.T.);
#2739=ADVANCED_FACE('',(#2497),#2599,.F.);
#2740=ADVANCED_FACE('',(#2498),#2600,.F.);
#2741=ADVANCED_FACE('',(#2499),#54,.F.);
#2742=ADVANCED_FACE('',(#2500),#2601,.T.);
#2743=ADVANCED_FACE('',(#2501),#55,.T.);
#2744=ADVANCED_FACE('',(#2502),#2602,.F.);
#2745=ADVANCED_FACE('',(#2503),#2603,.F.);
#2746=ADVANCED_FACE('',(#2504),#56,.F.);
#2747=ADVANCED_FACE('',(#2505),#2604,.T.);
#2748=ADVANCED_FACE('',(#2506),#57,.T.);
#2749=ADVANCED_FACE('',(#2507),#2605,.F.);
#2750=ADVANCED_FACE('',(#2508),#2606,.F.);
#2751=ADVANCED_FACE('',(#2509),#58,.F.);
#2752=ADVANCED_FACE('',(#2510),#2607,.T.);
#2753=ADVANCED_FACE('',(#2511),#59,.T.);
#2754=ADVANCED_FACE('',(#2512),#2608,.F.);
#2755=ADVANCED_FACE('',(#2513),#2609,.F.);
#2756=CLOSED_SHELL('',(#2610,#2611,#2612,#2613,#2614,#2615,#2616,#2617,
#2618,#2619,#2620,#2621,#2622,#2623,#2624,#2625,#2626,#2627,#2628,#2629,
#2630,#2631,#2632,#2633,#2634,#2635,#2636,#2637,#2638,#2639,#2640,#2641,
#2642,#2643,#2644,#2645,#2646,#2647,#2648,#2649,#2650,#2651,#2652,#2653,
#2654,#2655,#2656,#2657,#2658,#2659,#2660,#2661,#2662,#2663,#2664,#2665,
#2666,#2667,#2668,#2669,#2670,#2671,#2672,#2673,#2674,#2675,#2676,#2677,
#2678,#2679,#2680,#2681,#2682,#2683,#2684,#2685,#2686,#2687,#2688,#2689,
#2690,#2691,#2692,#2693,#2694,#2695,#2696,#2697,#2698,#2699,#2700,#2701,
#2702,#2703,#2704,#2705,#2706,#2707,#2708,#2709,#2710,#2711,#2712,#2713,
#2714,#2715,#2716,#2717,#2718,#2719,#2720,#2721,#2722,#2723,#2724,#2725,
#2726,#2727,#2728,#2729,#2730,#2731,#2732,#2733,#2734,#2735,#2736,#2737,
#2738,#2739,#2740,#2741,#2742,#2743,#2744,#2745,#2746,#2747,#2748,#2749,
#2750,#2751,#2752,#2753,#2754,#2755));
#2757=STYLED_ITEM('',(#2758),#2765);
#2758=PRESENTATION_STYLE_ASSIGNMENT((#2759));
#2759=SURFACE_STYLE_USAGE(.BOTH.,#2760);
#2760=SURFACE_SIDE_STYLE('',(#2761));
#2761=SURFACE_STYLE_FILL_AREA(#2762);
#2762=FILL_AREA_STYLE('',(#2763));
#2763=FILL_AREA_STYLE_COLOUR('',#2764);
#2764=COLOUR_RGB('',0.615686274509804,0.811764705882353,0.929411764705882);
#2765=MANIFOLD_SOLID_BREP('Part 1',#2756);
#2766=SHAPE_DEFINITION_REPRESENTATION(#6914,#2767);
#2767=SHAPE_REPRESENTATION('Part 1',(#2768),#6909);
#2768=AXIS2_PLACEMENT_3D('',#3785,#3059,#3060);
#2769=AXIS2_PLACEMENT_3D('',#3786,#3061,#3062);
#2770=AXIS2_PLACEMENT_3D('',#3790,#3064,#3065);
#2771=AXIS2_PLACEMENT_3D('',#3794,#3067,#3068);
#2772=AXIS2_PLACEMENT_3D('',#3795,#3069,#3070);
#2773=AXIS2_PLACEMENT_3D('',#3796,#3071,#3072);
#2774=AXIS2_PLACEMENT_3D('',#3801,#3074,#3075);
#2775=AXIS2_PLACEMENT_3D('',#3804,#3077,#3078);
#2776=AXIS2_PLACEMENT_3D('',#3808,#3080,#3081);
#2777=AXIS2_PLACEMENT_3D('',#3812,#3083,#3084);
#2778=AXIS2_PLACEMENT_3D('',#3813,#3085,#3086);
#2779=AXIS2_PLACEMENT_3D('',#3814,#3087,#3088);
#2780=AXIS2_PLACEMENT_3D('',#3819,#3090,#3091);
#2781=AXIS2_PLACEMENT_3D('',#3822,#3093,#3094);
#2782=AXIS2_PLACEMENT_3D('',#3826,#3096,#3097);
#2783=AXIS2_PLACEMENT_3D('',#3830,#3099,#3100);
#2784=AXIS2_PLACEMENT_3D('',#3831,#3101,#3102);
#2785=AXIS2_PLACEMENT_3D('',#3835,#3104,#3105);
#2786=AXIS2_PLACEMENT_3D('',#3839,#3107,#3108);
#2787=AXIS2_PLACEMENT_3D('',#3840,#3109,#3110);
#2788=AXIS2_PLACEMENT_3D('',#3844,#3112,#3113);
#2789=AXIS2_PLACEMENT_3D('',#3848,#3115,#3116);
#2790=AXIS2_PLACEMENT_3D('',#3849,#3117,#3118);
#2791=AXIS2_PLACEMENT_3D('',#3850,#3119,#3120);
#2792=AXIS2_PLACEMENT_3D('',#3855,#3122,#3123);
#2793=AXIS2_PLACEMENT_3D('',#3858,#3125,#3126);
#2794=AXIS2_PLACEMENT_3D('',#3862,#3128,#3129);
#2795=AXIS2_PLACEMENT_3D('',#3866,#3131,#3132);
#2796=AXIS2_PLACEMENT_3D('',#3867,#3133,#3134);
#2797=AXIS2_PLACEMENT_3D('',#3871,#3136,#3137);
#2798=AXIS2_PLACEMENT_3D('',#3875,#3139,#3140);
#2799=AXIS2_PLACEMENT_3D('',#3876,#3141,#3142);
#2800=AXIS2_PLACEMENT_3D('',#3880,#3144,#3145);
#2801=AXIS2_PLACEMENT_3D('',#3884,#3147,#3148);
#2802=AXIS2_PLACEMENT_3D('',#3885,#3149,#3150);
#2803=AXIS2_PLACEMENT_3D('',#3889,#3152,#3153);
#2804=AXIS2_PLACEMENT_3D('',#3893,#3155,#3156);
#2805=AXIS2_PLACEMENT_3D('',#3894,#3157,#3158);
#2806=AXIS2_PLACEMENT_3D('',#3898,#3160,#3161);
#2807=AXIS2_PLACEMENT_3D('',#3902,#3163,#3164);
#2808=AXIS2_PLACEMENT_3D('',#3903,#3165,#3166);
#2809=AXIS2_PLACEMENT_3D('',#3904,#3167,#3168);
#2810=AXIS2_PLACEMENT_3D('',#3909,#3170,#3171);
#2811=AXIS2_PLACEMENT_3D('',#3912,#3173,#3174);
#2812=AXIS2_PLACEMENT_3D('',#3916,#3176,#3177);
#2813=AXIS2_PLACEMENT_3D('',#3920,#3179,#3180);
#2814=AXIS2_PLACEMENT_3D('',#3921,#3181,#3182);
#2815=AXIS2_PLACEMENT_3D('',#3922,#3183,#3184);
#2816=AXIS2_PLACEMENT_3D('',#3927,#3186,#3187);
#2817=AXIS2_PLACEMENT_3D('',#3930,#3189,#3190);
#2818=AXIS2_PLACEMENT_3D('',#3934,#3192,#3193);
#2819=AXIS2_PLACEMENT_3D('',#3938,#3195,#3196);
#2820=AXIS2_PLACEMENT_3D('',#3939,#3197,#3198);
#2821=AXIS2_PLACEMENT_3D('',#3943,#3200,#3201);
#2822=AXIS2_PLACEMENT_3D('',#3947,#3203,#3204);
#2823=AXIS2_PLACEMENT_3D('',#3948,#3205,#3206);
#2824=AXIS2_PLACEMENT_3D('',#3949,#3207,#3208);
#2825=AXIS2_PLACEMENT_3D('',#3954,#3210,#3211);
#2826=AXIS2_PLACEMENT_3D('',#3957,#3213,#3214);
#2827=AXIS2_PLACEMENT_3D('',#3961,#3216,#3217);
#2828=AXIS2_PLACEMENT_3D('',#3965,#3219,#3220);
#2829=AXIS2_PLACEMENT_3D('',#3966,#3221,#3222);
#2830=AXIS2_PLACEMENT_3D('',#3970,#3224,#3225);
#2831=AXIS2_PLACEMENT_3D('',#3974,#3227,#3228);
#2832=AXIS2_PLACEMENT_3D('',#3975,#3229,#3230);
#2833=AXIS2_PLACEMENT_3D('',#3979,#3232,#3233);
#2834=AXIS2_PLACEMENT_3D('',#3983,#3235,#3236);
#2835=AXIS2_PLACEMENT_3D('',#3984,#3237,#3238);
#2836=AXIS2_PLACEMENT_3D('',#3985,#3239,#3240);
#2837=AXIS2_PLACEMENT_3D('',#3990,#3242,#3243);
#2838=AXIS2_PLACEMENT_3D('',#3993,#3245,#3246);
#2839=AXIS2_PLACEMENT_3D('',#3994,#3247,#3248);
#2840=AXIS2_PLACEMENT_3D('',#4028,#3249,#3250);
#2841=AXIS2_PLACEMENT_3D('',#4030,#3251,#3252);
#2842=AXIS2_PLACEMENT_3D('',#4032,#3253,#3254);
#2843=AXIS2_PLACEMENT_3D('',#4065,#3255,#3256);
#2844=AXIS2_PLACEMENT_3D('',#4067,#3257,#3258);
#2845=AXIS2_PLACEMENT_3D('',#4069,#3259,#3260);
#2846=AXIS2_PLACEMENT_3D('',#4102,#3261,#3262);
#2847=AXIS2_PLACEMENT_3D('',#4104,#3263,#3264);
#2848=AXIS2_PLACEMENT_3D('',#4106,#3265,#3266);
#2849=AXIS2_PLACEMENT_3D('',#4139,#3267,#3268);
#2850=AXIS2_PLACEMENT_3D('',#4141,#3269,#3270);
#2851=AXIS2_PLACEMENT_3D('',#4143,#3271,#3272);
#2852=AXIS2_PLACEMENT_3D('',#4176,#3273,#3274);
#2853=AXIS2_PLACEMENT_3D('',#4178,#3275,#3276);
#2854=AXIS2_PLACEMENT_3D('',#4180,#3277,#3278);
#2855=AXIS2_PLACEMENT_3D('',#4213,#3279,#3280);
#2856=AXIS2_PLACEMENT_3D('',#4215,#3281,#3282);
#2857=AXIS2_PLACEMENT_3D('',#4217,#3283,#3284);
#2858=AXIS2_PLACEMENT_3D('',#4250,#3285,#3286);
#2859=AXIS2_PLACEMENT_3D('',#4252,#3287,#3288);
#2860=AXIS2_PLACEMENT_3D('',#4254,#3289,#3290);
#2861=AXIS2_PLACEMENT_3D('',#4287,#3291,#3292);
#2862=AXIS2_PLACEMENT_3D('',#4289,#3293,#3294);
#2863=AXIS2_PLACEMENT_3D('',#4291,#3295,#3296);
#2864=AXIS2_PLACEMENT_3D('',#4324,#3297,#3298);
#2865=AXIS2_PLACEMENT_3D('',#4326,#3299,#3300);
#2866=AXIS2_PLACEMENT_3D('',#4328,#3301,#3302);
#2867=AXIS2_PLACEMENT_3D('',#4361,#3303,#3304);
#2868=AXIS2_PLACEMENT_3D('',#4363,#3305,#3306);
#2869=AXIS2_PLACEMENT_3D('',#4365,#3307,#3308);
#2870=AXIS2_PLACEMENT_3D('',#4383,#3309,#3310);
#2871=AXIS2_PLACEMENT_3D('',#4401,#3311,#3312);
#2872=AXIS2_PLACEMENT_3D('',#4403,#3313,#3314);
#2873=AXIS2_PLACEMENT_3D('',#4405,#3315,#3316);
#2874=AXIS2_PLACEMENT_3D('',#4438,#3317,#3318);
#2875=AXIS2_PLACEMENT_3D('',#4440,#3319,#3320);
#2876=AXIS2_PLACEMENT_3D('',#4442,#3321,#3322);
#2877=AXIS2_PLACEMENT_3D('',#4475,#3323,#3324);
#2878=AXIS2_PLACEMENT_3D('',#4477,#3325,#3326);
#2879=AXIS2_PLACEMENT_3D('',#4479,#3327,#3328);
#2880=AXIS2_PLACEMENT_3D('',#4512,#3329,#3330);
#2881=AXIS2_PLACEMENT_3D('',#4514,#3331,#3332);
#2882=AXIS2_PLACEMENT_3D('',#4516,#3333,#3334);
#2883=AXIS2_PLACEMENT_3D('',#4549,#3335,#3336);
#2884=AXIS2_PLACEMENT_3D('',#4551,#3337,#3338);
#2885=AXIS2_PLACEMENT_3D('',#4553,#3339,#3340);
#2886=AXIS2_PLACEMENT_3D('',#4586,#3341,#3342);
#2887=AXIS2_PLACEMENT_3D('',#4588,#3343,#3344);
#2888=AXIS2_PLACEMENT_3D('',#4590,#3345,#3346);
#2889=AXIS2_PLACEMENT_3D('',#4623,#3347,#3348);
#2890=AXIS2_PLACEMENT_3D('',#4625,#3349,#3350);
#2891=AXIS2_PLACEMENT_3D('',#4627,#3351,#3352);
#2892=AXIS2_PLACEMENT_3D('',#4660,#3353,#3354);
#2893=AXIS2_PLACEMENT_3D('',#4662,#3355,#3356);
#2894=AXIS2_PLACEMENT_3D('',#4664,#3357,#3358);
#2895=AXIS2_PLACEMENT_3D('',#4697,#3359,#3360);
#2896=AXIS2_PLACEMENT_3D('',#4699,#3361,#3362);
#2897=AXIS2_PLACEMENT_3D('',#4701,#3363,#3364);
#2898=AXIS2_PLACEMENT_3D('',#4734,#3365,#3366);
#2899=AXIS2_PLACEMENT_3D('',#4736,#3367,#3368);
#2900=AXIS2_PLACEMENT_3D('',#4738,#3369,#3370);
#2901=AXIS2_PLACEMENT_3D('',#4771,#3371,#3372);
#2902=AXIS2_PLACEMENT_3D('',#4773,#3373,#3374);
#2903=AXIS2_PLACEMENT_3D('',#4775,#3375,#3376);
#2904=AXIS2_PLACEMENT_3D('',#4808,#3377,#3378);
#2905=AXIS2_PLACEMENT_3D('',#4810,#3379,#3380);
#2906=AXIS2_PLACEMENT_3D('',#4812,#3381,#3382);
#2907=AXIS2_PLACEMENT_3D('',#4845,#3383,#3384);
#2908=AXIS2_PLACEMENT_3D('',#4847,#3385,#3386);
#2909=AXIS2_PLACEMENT_3D('',#4849,#3387,#3388);
#2910=AXIS2_PLACEMENT_3D('',#4882,#3389,#3390);
#2911=AXIS2_PLACEMENT_3D('',#4884,#3391,#3392);
#2912=AXIS2_PLACEMENT_3D('',#4885,#3393,#3394);
#2913=AXIS2_PLACEMENT_3D('',#4888,#3396,#3397);
#2914=AXIS2_PLACEMENT_3D('',#4891,#3399,#3400);
#2915=AXIS2_PLACEMENT_3D('',#4892,#3401,#3402);
#2916=AXIS2_PLACEMENT_3D('',#4926,#3403,#3404);
#2917=AXIS2_PLACEMENT_3D('',#4928,#3405,#3406);
#2918=AXIS2_PLACEMENT_3D('',#4930,#3407,#3408);
#2919=AXIS2_PLACEMENT_3D('',#4963,#3409,#3410);
#2920=AXIS2_PLACEMENT_3D('',#4965,#3411,#3412);
#2921=AXIS2_PLACEMENT_3D('',#4967,#3413,#3414);
#2922=AXIS2_PLACEMENT_3D('',#5000,#3415,#3416);
#2923=AXIS2_PLACEMENT_3D('',#5002,#3417,#3418);
#2924=AXIS2_PLACEMENT_3D('',#5004,#3419,#3420);
#2925=AXIS2_PLACEMENT_3D('',#5037,#3421,#3422);
#2926=AXIS2_PLACEMENT_3D('',#5039,#3423,#3424);
#2927=AXIS2_PLACEMENT_3D('',#5041,#3425,#3426);
#2928=AXIS2_PLACEMENT_3D('',#5074,#3427,#3428);
#2929=AXIS2_PLACEMENT_3D('',#5076,#3429,#3430);
#2930=AXIS2_PLACEMENT_3D('',#5078,#3431,#3432);
#2931=AXIS2_PLACEMENT_3D('',#5111,#3433,#3434);
#2932=AXIS2_PLACEMENT_3D('',#5113,#3435,#3436);
#2933=AXIS2_PLACEMENT_3D('',#5115,#3437,#3438);
#2934=AXIS2_PLACEMENT_3D('',#5148,#3439,#3440);
#2935=AXIS2_PLACEMENT_3D('',#5150,#3441,#3442);
#2936=AXIS2_PLACEMENT_3D('',#5152,#3443,#3444);
#2937=AXIS2_PLACEMENT_3D('',#5185,#3445,#3446);
#2938=AXIS2_PLACEMENT_3D('',#5187,#3447,#3448);
#2939=AXIS2_PLACEMENT_3D('',#5189,#3449,#3450);
#2940=AXIS2_PLACEMENT_3D('',#5222,#3451,#3452);
#2941=AXIS2_PLACEMENT_3D('',#5224,#3453,#3454);
#2942=AXIS2_PLACEMENT_3D('',#5226,#3455,#3456);
#2943=AXIS2_PLACEMENT_3D('',#5259,#3457,#3458);
#2944=AXIS2_PLACEMENT_3D('',#5261,#3459,#3460);
#2945=AXIS2_PLACEMENT_3D('',#5263,#3461,#3462);
#2946=AXIS2_PLACEMENT_3D('',#5296,#3463,#3464);
#2947=AXIS2_PLACEMENT_3D('',#5298,#3465,#3466);
#2948=AXIS2_PLACEMENT_3D('',#5300,#3467,#3468);
#2949=AXIS2_PLACEMENT_3D('',#5333,#3469,#3470);
#2950=AXIS2_PLACEMENT_3D('',#5335,#3471,#3472);
#2951=AXIS2_PLACEMENT_3D('',#5337,#3473,#3474);
#2952=AXIS2_PLACEMENT_3D('',#5370,#3475,#3476);
#2953=AXIS2_PLACEMENT_3D('',#5372,#3477,#3478);
#2954=AXIS2_PLACEMENT_3D('',#5374,#3479,#3480);
#2955=AXIS2_PLACEMENT_3D('',#5407,#3481,#3482);
#2956=AXIS2_PLACEMENT_3D('',#5409,#3483,#3484);
#2957=AXIS2_PLACEMENT_3D('',#5411,#3485,#3486);
#2958=AXIS2_PLACEMENT_3D('',#5444,#3487,#3488);
#2959=AXIS2_PLACEMENT_3D('',#5446,#3489,#3490);
#2960=AXIS2_PLACEMENT_3D('',#5448,#3491,#3492);
#2961=AXIS2_PLACEMENT_3D('',#5481,#3493,#3494);
#2962=AXIS2_PLACEMENT_3D('',#5483,#3495,#3496);
#2963=AXIS2_PLACEMENT_3D('',#5485,#3497,#3498);
#2964=AXIS2_PLACEMENT_3D('',#5518,#3499,#3500);
#2965=AXIS2_PLACEMENT_3D('',#5520,#3501,#3502);
#2966=AXIS2_PLACEMENT_3D('',#5522,#3503,#3504);
#2967=AXIS2_PLACEMENT_3D('',#5555,#3505,#3506);
#2968=AXIS2_PLACEMENT_3D('',#5557,#3507,#3508);
#2969=AXIS2_PLACEMENT_3D('',#5559,#3509,#3510);
#2970=AXIS2_PLACEMENT_3D('',#5592,#3511,#3512);
#2971=AXIS2_PLACEMENT_3D('',#5594,#3513,#3514);
#2972=AXIS2_PLACEMENT_3D('',#5596,#3515,#3516);
#2973=AXIS2_PLACEMENT_3D('',#5629,#3517,#3518);
#2974=AXIS2_PLACEMENT_3D('',#5631,#3519,#3520);
#2975=AXIS2_PLACEMENT_3D('',#5633,#3521,#3522);
#2976=AXIS2_PLACEMENT_3D('',#5666,#3523,#3524);
#2977=AXIS2_PLACEMENT_3D('',#5668,#3525,#3526);
#2978=AXIS2_PLACEMENT_3D('',#5670,#3527,#3528);
#2979=AXIS2_PLACEMENT_3D('',#5703,#3529,#3530);
#2980=AXIS2_PLACEMENT_3D('',#5705,#3531,#3532);
#2981=AXIS2_PLACEMENT_3D('',#5707,#3533,#3534);
#2982=AXIS2_PLACEMENT_3D('',#5740,#3535,#3536);
#2983=AXIS2_PLACEMENT_3D('',#5742,#3537,#3538);
#2984=AXIS2_PLACEMENT_3D('',#5744,#3539,#3540);
#2985=AXIS2_PLACEMENT_3D('',#5777,#3541,#3542);
#2986=AXIS2_PLACEMENT_3D('',#5779,#3543,#3544);
#2987=AXIS2_PLACEMENT_3D('',#5801,#3546,#3547);
#2988=AXIS2_PLACEMENT_3D('',#5825,#3551,#3552);
#2989=AXIS2_PLACEMENT_3D('',#5826,#3553,#3554);
#2990=AXIS2_PLACEMENT_3D('',#5848,#3556,#3557);
#2991=AXIS2_PLACEMENT_3D('',#5872,#3561,#3562);
#2992=AXIS2_PLACEMENT_3D('',#5873,#3563,#3564);
#2993=AXIS2_PLACEMENT_3D('',#5895,#3566,#3567);
#2994=AXIS2_PLACEMENT_3D('',#5919,#3571,#3572);
#2995=AXIS2_PLACEMENT_3D('',#5920,#3573,#3574);
#2996=AXIS2_PLACEMENT_3D('',#5942,#3576,#3577);
#2997=AXIS2_PLACEMENT_3D('',#5966,#3581,#3582);
#2998=AXIS2_PLACEMENT_3D('',#5967,#3583,#3584);
#2999=AXIS2_PLACEMENT_3D('',#5989,#3586,#3587);
#3000=AXIS2_PLACEMENT_3D('',#6013,#3591,#3592);
#3001=AXIS2_PLACEMENT_3D('',#6014,#3593,#3594);
#3002=AXIS2_PLACEMENT_3D('',#6036,#3596,#3597);
#3003=AXIS2_PLACEMENT_3D('',#6060,#3601,#3602);
#3004=AXIS2_PLACEMENT_3D('',#6061,#3603,#3604);
#3005=AXIS2_PLACEMENT_3D('',#6083,#3606,#3607);
#3006=AXIS2_PLACEMENT_3D('',#6107,#3611,#3612);
#3007=AXIS2_PLACEMENT_3D('',#6108,#3613,#3614);
#3008=AXIS2_PLACEMENT_3D('',#6130,#3616,#3617);
#3009=AXIS2_PLACEMENT_3D('',#6154,#3621,#3622);
#3010=AXIS2_PLACEMENT_3D('',#6155,#3623,#3624);
#3011=AXIS2_PLACEMENT_3D('',#6177,#3626,#3627);
#3012=AXIS2_PLACEMENT_3D('',#6201,#3631,#3632);
#3013=AXIS2_PLACEMENT_3D('',#6202,#3633,#3634);
#3014=AXIS2_PLACEMENT_3D('',#6224,#3636,#3637);
#3015=AXIS2_PLACEMENT_3D('',#6248,#3641,#3642);
#3016=AXIS2_PLACEMENT_3D('',#6249,#3643,#3644);
#3017=AXIS2_PLACEMENT_3D('',#6271,#3646,#3647);
#3018=AXIS2_PLACEMENT_3D('',#6295,#3651,#3652);
#3019=AXIS2_PLACEMENT_3D('',#6296,#3653,#3654);
#3020=AXIS2_PLACEMENT_3D('',#6318,#3656,#3657);
#3021=AXIS2_PLACEMENT_3D('',#6342,#3661,#3662);
#3022=AXIS2_PLACEMENT_3D('',#6343,#3663,#3664);
#3023=AXIS2_PLACEMENT_3D('',#6365,#3666,#3667);
#3024=AXIS2_PLACEMENT_3D('',#6389,#3671,#3672);
#3025=AXIS2_PLACEMENT_3D('',#6390,#3673,#3674);
#3026=AXIS2_PLACEMENT_3D('',#6412,#3676,#3677);
#3027=AXIS2_PLACEMENT_3D('',#6436,#3681,#3682);
#3028=AXIS2_PLACEMENT_3D('',#6437,#3683,#3684);
#3029=AXIS2_PLACEMENT_3D('',#6459,#3686,#3687);
#3030=AXIS2_PLACEMENT_3D('',#6483,#3691,#3692);
#3031=AXIS2_PLACEMENT_3D('',#6484,#3693,#3694);
#3032=AXIS2_PLACEMENT_3D('',#6506,#3696,#3697);
#3033=AXIS2_PLACEMENT_3D('',#6530,#3701,#3702);
#3034=AXIS2_PLACEMENT_3D('',#6531,#3703,#3704);
#3035=AXIS2_PLACEMENT_3D('',#6553,#3706,#3707);
#3036=AXIS2_PLACEMENT_3D('',#6577,#3711,#3712);
#3037=AXIS2_PLACEMENT_3D('',#6578,#3713,#3714);
#3038=AXIS2_PLACEMENT_3D('',#6600,#3716,#3717);
#3039=AXIS2_PLACEMENT_3D('',#6624,#3721,#3722);
#3040=AXIS2_PLACEMENT_3D('',#6625,#3723,#3724);
#3041=AXIS2_PLACEMENT_3D('',#6647,#3726,#3727);
#3042=AXIS2_PLACEMENT_3D('',#6671,#3731,#3732);
#3043=AXIS2_PLACEMENT_3D('',#6672,#3733,#3734);
#3044=AXIS2_PLACEMENT_3D('',#6694,#3736,#3737);
#3045=AXIS2_PLACEMENT_3D('',#6718,#3741,#3742);
#3046=AXIS2_PLACEMENT_3D('',#6719,#3743,#3744);
#3047=AXIS2_PLACEMENT_3D('',#6741,#3746,#3747);
#3048=AXIS2_PLACEMENT_3D('',#6765,#3751,#3752);
#3049=AXIS2_PLACEMENT_3D('',#6766,#3753,#3754);
#3050=AXIS2_PLACEMENT_3D('',#6788,#3756,#3757);
#3051=AXIS2_PLACEMENT_3D('',#6812,#3761,#3762);
#3052=AXIS2_PLACEMENT_3D('',#6813,#3763,#3764);
#3053=AXIS2_PLACEMENT_3D('',#6835,#3766,#3767);
#3054=AXIS2_PLACEMENT_3D('',#6859,#3771,#3772);
#3055=AXIS2_PLACEMENT_3D('',#6860,#3773,#3774);
#3056=AXIS2_PLACEMENT_3D('',#6882,#3776,#3777);
#3057=AXIS2_PLACEMENT_3D('',#6906,#3781,#3782);
#3058=AXIS2_PLACEMENT_3D('',#6907,#3783,#3784);
#3059=DIRECTION('',(0.,0.,1.));
#3060=DIRECTION('',(1.,0.,0.));
#3061=DIRECTION('',(0.,1.,0.));
#3062=DIRECTION('',(0.,0.,1.));
#3063=DIRECTION('',(0.,1.,0.));
#3064=DIRECTION('',(0.,-1.,0.));
#3065=DIRECTION('',(0.,0.,-1.));
#3066=DIRECTION('',(0.,1.,0.));
#3067=DIRECTION('',(0.,-1.,0.));
#3068=DIRECTION('',(0.,0.,-1.));
#3069=DIRECTION('',(0.,1.,0.));
#3070=DIRECTION('',(0.,0.,1.));
#3071=DIRECTION('',(0.,-1.,0.));
#3072=DIRECTION('',(0.,0.,-1.));
#3073=DIRECTION('',(0.,1.,0.));
#3074=DIRECTION('',(0.,-1.,0.));
#3075=DIRECTION('',(0.,0.,-1.));
#3076=DIRECTION('',(0.,1.,0.));
#3077=DIRECTION('',(0.,1.,0.));
#3078=DIRECTION('',(0.,0.,1.));
#3079=DIRECTION('',(0.,1.,0.));
#3080=DIRECTION('',(0.,-1.,0.));
#3081=DIRECTION('',(0.,0.,-1.));
#3082=DIRECTION('',(0.,1.,0.));
#3083=DIRECTION('',(0.,-1.,0.));
#3084=DIRECTION('',(0.,0.,-1.));
#3085=DIRECTION('',(0.,1.,0.));
#3086=DIRECTION('',(0.,0.,1.));
#3087=DIRECTION('',(0.,-1.,0.));
#3088=DIRECTION('',(0.,0.,-1.));
#3089=DIRECTION('',(0.,1.,0.));
#3090=DIRECTION('',(0.,-1.,0.));
#3091=DIRECTION('',(0.,0.,-1.));
#3092=DIRECTION('',(0.,1.,0.));
#3093=DIRECTION('',(0.,1.,0.));
#3094=DIRECTION('',(0.,0.,1.));
#3095=DIRECTION('',(0.,1.,0.));
#3096=DIRECTION('',(0.,-1.,0.));
#3097=DIRECTION('',(0.,0.,-1.));
#3098=DIRECTION('',(0.,1.,0.));
#3099=DIRECTION('',(0.,-1.,0.));
#3100=DIRECTION('',(0.,0.,-1.));
#3101=DIRECTION('',(0.,1.,0.));
#3102=DIRECTION('',(0.,0.,1.));
#3103=DIRECTION('',(0.,1.,0.));
#3104=DIRECTION('',(0.,-1.,0.));
#3105=DIRECTION('',(0.,0.,-1.));
#3106=DIRECTION('',(0.,1.,0.));
#3107=DIRECTION('',(0.,-1.,0.));
#3108=DIRECTION('',(0.,0.,-1.));
#3109=DIRECTION('',(0.,1.,0.));
#3110=DIRECTION('',(0.,0.,1.));
#3111=DIRECTION('',(0.,1.,0.));
#3112=DIRECTION('',(0.,-1.,0.));
#3113=DIRECTION('',(0.,0.,-1.));
#3114=DIRECTION('',(0.,1.,0.));
#3115=DIRECTION('',(0.,-1.,0.));
#3116=DIRECTION('',(0.,0.,-1.));
#3117=DIRECTION('',(0.,1.,0.));
#3118=DIRECTION('',(0.,0.,1.));
#3119=DIRECTION('',(0.,-1.,0.));
#3120=DIRECTION('',(0.,0.,-1.));
#3121=DIRECTION('',(0.,1.,0.));
#3122=DIRECTION('',(0.,-1.,0.));
#3123=DIRECTION('',(0.,0.,-1.));
#3124=DIRECTION('',(0.,1.,0.));
#3125=DIRECTION('',(0.,1.,0.));
#3126=DIRECTION('',(0.,0.,1.));
#3127=DIRECTION('',(0.,1.,0.));
#3128=DIRECTION('',(0.,-1.,0.));
#3129=DIRECTION('',(0.,0.,-1.));
#3130=DIRECTION('',(0.,1.,0.));
#3131=DIRECTION('',(0.,-1.,0.));
#3132=DIRECTION('',(0.,0.,-1.));
#3133=DIRECTION('',(0.,1.,0.));
#3134=DIRECTION('',(0.,0.,1.));
#3135=DIRECTION('',(0.,1.,0.));
#3136=DIRECTION('',(0.,-1.,0.));
#3137=DIRECTION('',(0.,0.,-1.));
#3138=DIRECTION('',(0.,1.,0.));
#3139=DIRECTION('',(0.,-1.,0.));
#3140=DIRECTION('',(0.,0.,-1.));
#3141=DIRECTION('',(0.,1.,0.));
#3142=DIRECTION('',(0.,0.,1.));
#3143=DIRECTION('',(0.,1.,0.));
#3144=DIRECTION('',(0.,-1.,0.));
#3145=DIRECTION('',(0.,0.,-1.));
#3146=DIRECTION('',(0.,1.,0.));
#3147=DIRECTION('',(0.,-1.,0.));
#3148=DIRECTION('',(0.,0.,-1.));
#3149=DIRECTION('',(0.,1.,0.));
#3150=DIRECTION('',(0.,0.,1.));
#3151=DIRECTION('',(0.,1.,0.));
#3152=DIRECTION('',(0.,-1.,0.));
#3153=DIRECTION('',(0.,0.,-1.));
#3154=DIRECTION('',(0.,1.,0.));
#3155=DIRECTION('',(0.,-1.,0.));
#3156=DIRECTION('',(0.,0.,-1.));
#3157=DIRECTION('',(0.,1.,0.));
#3158=DIRECTION('',(0.,0.,1.));
#3159=DIRECTION('',(0.,1.,0.));
#3160=DIRECTION('',(0.,-1.,0.));
#3161=DIRECTION('',(0.,0.,-1.));
#3162=DIRECTION('',(0.,1.,0.));
#3163=DIRECTION('',(0.,-1.,0.));
#3164=DIRECTION('',(0.,0.,-1.));
#3165=DIRECTION('',(0.,1.,0.));
#3166=DIRECTION('',(0.,0.,1.));
#3167=DIRECTION('',(0.,-1.,0.));
#3168=DIRECTION('',(0.,0.,-1.));
#3169=DIRECTION('',(0.,1.,0.));
#3170=DIRECTION('',(0.,-1.,0.));
#3171=DIRECTION('',(0.,0.,-1.));
#3172=DIRECTION('',(0.,1.,0.));
#3173=DIRECTION('',(0.,1.,0.));
#3174=DIRECTION('',(0.,0.,1.));
#3175=DIRECTION('',(0.,1.,0.));
#3176=DIRECTION('',(0.,-1.,0.));
#3177=DIRECTION('',(0.,0.,-1.));
#3178=DIRECTION('',(0.,1.,0.));
#3179=DIRECTION('',(0.,-1.,0.));
#3180=DIRECTION('',(0.,0.,-1.));
#3181=DIRECTION('',(0.,1.,0.));
#3182=DIRECTION('',(0.,0.,1.));
#3183=DIRECTION('',(0.,-1.,0.));
#3184=DIRECTION('',(0.,0.,-1.));
#3185=DIRECTION('',(0.,1.,0.));
#3186=DIRECTION('',(0.,-1.,0.));
#3187=DIRECTION('',(0.,0.,-1.));
#3188=DIRECTION('',(0.,1.,0.));
#3189=DIRECTION('',(0.,1.,0.));
#3190=DIRECTION('',(0.,0.,1.));
#3191=DIRECTION('',(0.,1.,0.));
#3192=DIRECTION('',(0.,-1.,0.));
#3193=DIRECTION('',(0.,0.,-1.));
#3194=DIRECTION('',(0.,1.,0.));
#3195=DIRECTION('',(0.,-1.,0.));
#3196=DIRECTION('',(0.,0.,-1.));
#3197=DIRECTION('',(0.,1.,0.));
#3198=DIRECTION('',(0.,0.,1.));
#3199=DIRECTION('',(0.,1.,0.));
#3200=DIRECTION('',(0.,-1.,0.));
#3201=DIRECTION('',(0.,0.,-1.));
#3202=DIRECTION('',(0.,1.,0.));
#3203=DIRECTION('',(0.,-1.,0.));
#3204=DIRECTION('',(0.,0.,-1.));
#3205=DIRECTION('',(0.,1.,0.));
#3206=DIRECTION('',(0.,0.,1.));
#3207=DIRECTION('',(0.,-1.,0.));
#3208=DIRECTION('',(0.,0.,-1.));
#3209=DIRECTION('',(0.,1.,0.));
#3210=DIRECTION('',(0.,-1.,0.));
#3211=DIRECTION('',(0.,0.,-1.));
#3212=DIRECTION('',(0.,1.,0.));
#3213=DIRECTION('',(0.,1.,0.));
#3214=DIRECTION('',(0.,0.,1.));
#3215=DIRECTION('',(0.,1.,0.));
#3216=DIRECTION('',(0.,-1.,0.));
#3217=DIRECTION('',(0.,0.,-1.));
#3218=DIRECTION('',(0.,1.,0.));
#3219=DIRECTION('',(0.,-1.,0.));
#3220=DIRECTION('',(0.,0.,-1.));
#3221=DIRECTION('',(0.,1.,0.));
#3222=DIRECTION('',(0.,0.,1.));
#3223=DIRECTION('',(0.,1.,0.));
#3224=DIRECTION('',(0.,-1.,0.));
#3225=DIRECTION('',(0.,0.,-1.));
#3226=DIRECTION('',(0.,1.,0.));
#3227=DIRECTION('',(0.,-1.,0.));
#3228=DIRECTION('',(0.,0.,-1.));
#3229=DIRECTION('',(0.,1.,0.));
#3230=DIRECTION('',(0.,0.,1.));
#3231=DIRECTION('',(0.,1.,0.));
#3232=DIRECTION('',(0.,-1.,0.));
#3233=DIRECTION('',(0.,0.,-1.));
#3234=DIRECTION('',(0.,1.,0.));
#3235=DIRECTION('',(0.,-1.,0.));
#3236=DIRECTION('',(0.,0.,-1.));
#3237=DIRECTION('',(0.,1.,0.));
#3238=DIRECTION('',(0.,0.,1.));
#3239=DIRECTION('',(0.,-1.,0.));
#3240=DIRECTION('',(0.,0.,-1.));
#3241=DIRECTION('',(0.,1.,0.));
#3242=DIRECTION('',(0.,-1.,0.));
#3243=DIRECTION('',(0.,0.,-1.));
#3244=DIRECTION('',(0.,1.,0.));
#3245=DIRECTION('',(0.,-1.,0.));
#3246=DIRECTION('',(1.,0.,0.));
#3247=DIRECTION('',(0.,-1.,0.));
#3248=DIRECTION('',(-0.258819045102521,0.,0.965925826289068));
#3249=DIRECTION('',(0.,-1.,0.));
#3250=DIRECTION('',(-0.5,0.,0.866025403784439));
#3251=DIRECTION('',(0.,-1.,0.));
#3252=DIRECTION('',(-0.5,0.,0.866025403784439));
#3253=DIRECTION('',(0.,-1.,0.));
#3254=DIRECTION('',(-0.5,0.,0.866025403784439));
#3255=DIRECTION('',(0.,-1.,0.));
#3256=DIRECTION('',(-0.707106781186548,0.,0.707106781186548));
#3257=DIRECTION('',(0.,-1.,0.));
#3258=DIRECTION('',(-0.707106781186548,0.,0.707106781186548));
#3259=DIRECTION('',(0.,-1.,0.));
#3260=DIRECTION('',(-0.707106781186548,0.,0.707106781186548));
#3261=DIRECTION('',(0.,-1.,0.));
#3262=DIRECTION('',(-0.866025403784438,0.,0.5));
#3263=DIRECTION('',(0.,-1.,0.));
#3264=DIRECTION('',(-0.866025403784438,0.,0.5));
#3265=DIRECTION('',(0.,-1.,0.));
#3266=DIRECTION('',(-0.866025403784438,0.,0.5));
#3267=DIRECTION('',(0.,-1.,0.));
#3268=DIRECTION('',(-0.965925826289068,0.,0.258819045102521));
#3269=DIRECTION('',(0.,-1.,0.));
#3270=DIRECTION('',(-0.965925826289068,0.,0.258819045102521));
#3271=DIRECTION('',(0.,-1.,0.));
#3272=DIRECTION('',(-0.965925826289068,0.,0.258819045102521));
#3273=DIRECTION('',(0.,-1.,0.));
#3274=DIRECTION('',(-1.,0.,1.83697019872103E-16));
#3275=DIRECTION('',(0.,-1.,0.));
#3276=DIRECTION('',(-1.,0.,1.83697019872103E-16));
#3277=DIRECTION('',(0.,-1.,0.));
#3278=DIRECTION('',(-1.,0.,1.83697019872103E-16));
#3279=DIRECTION('',(0.,-1.,0.));
#3280=DIRECTION('',(-0.965925826289068,0.,-0.258819045102521));
#3281=DIRECTION('',(0.,-1.,0.));
#3282=DIRECTION('',(-0.965925826289068,0.,-0.258819045102521));
#3283=DIRECTION('',(0.,-1.,0.));
#3284=DIRECTION('',(-0.965925826289068,0.,-0.258819045102521));
#3285=DIRECTION('',(0.,-1.,0.));
#3286=DIRECTION('',(-0.866025403784439,0.,-0.5));
#3287=DIRECTION('',(0.,-1.,0.));
#3288=DIRECTION('',(-0.866025403784439,0.,-0.5));
#3289=DIRECTION('',(0.,-1.,0.));
#3290=DIRECTION('',(-0.866025403784439,0.,-0.5));
#3291=DIRECTION('',(0.,-1.,0.));
#3292=DIRECTION('',(-0.707106781186548,0.,-0.707106781186547));
#3293=DIRECTION('',(0.,-1.,0.));
#3294=DIRECTION('',(-0.707106781186548,0.,-0.707106781186547));
#3295=DIRECTION('',(0.,-1.,0.));
#3296=DIRECTION('',(-0.707106781186548,0.,-0.707106781186547));
#3297=DIRECTION('',(0.,-1.,0.));
#3298=DIRECTION('',(-0.5,0.,-0.866025403784438));
#3299=DIRECTION('',(0.,-1.,0.));
#3300=DIRECTION('',(-0.5,0.,-0.866025403784438));
#3301=DIRECTION('',(0.,-1.,0.));
#3302=DIRECTION('',(-0.5,0.,-0.866025403784438));
#3303=DIRECTION('',(0.,-1.,0.));
#3304=DIRECTION('',(-0.258819045102521,0.,-0.965925826289068));
#3305=DIRECTION('',(0.,-1.,0.));
#3306=DIRECTION('',(-0.258819045102521,0.,-0.965925826289068));
#3307=DIRECTION('',(0.,-1.,0.));
#3308=DIRECTION('',(-0.258819045102521,0.,-0.965925826289068));
#3309=DIRECTION('',(0.,-1.,0.));
#3310=DIRECTION('',(0.,0.,-1.));
#3311=DIRECTION('',(0.,-1.,0.));
#3312=DIRECTION('',(0.,0.,-1.));
#3313=DIRECTION('',(0.,-1.,0.));
#3314=DIRECTION('',(0.,0.,-1.));
#3315=DIRECTION('',(0.,-1.,0.));
#3316=DIRECTION('',(0.,0.,-1.));
#3317=DIRECTION('',(0.,-1.,0.));
#3318=DIRECTION('',(0.258819045102521,0.,-0.965925826289068));
#3319=DIRECTION('',(0.,-1.,0.));
#3320=DIRECTION('',(0.258819045102521,0.,-0.965925826289068));
#3321=DIRECTION('',(0.,-1.,0.));
#3322=DIRECTION('',(0.258819045102521,0.,-0.965925826289068));
#3323=DIRECTION('',(0.,-1.,0.));
#3324=DIRECTION('',(0.5,0.,-0.866025403784439));
#3325=DIRECTION('',(0.,-1.,0.));
#3326=DIRECTION('',(0.5,0.,-0.866025403784439));
#3327=DIRECTION('',(0.,-1.,0.));
#3328=DIRECTION('',(0.5,0.,-0.866025403784439));
#3329=DIRECTION('',(0.,-1.,0.));
#3330=DIRECTION('',(0.707106781186548,0.,-0.707106781186548));
#3331=DIRECTION('',(0.,-1.,0.));
#3332=DIRECTION('',(0.707106781186548,0.,-0.707106781186548));
#3333=DIRECTION('',(0.,-1.,0.));
#3334=DIRECTION('',(0.707106781186548,0.,-0.707106781186548));
#3335=DIRECTION('',(0.,-1.,0.));
#3336=DIRECTION('',(0.866025403784439,0.,-0.5));
#3337=DIRECTION('',(0.,-1.,0.));
#3338=DIRECTION('',(0.866025403784439,0.,-0.5));
#3339=DIRECTION('',(0.,-1.,0.));
#3340=DIRECTION('',(0.866025403784439,0.,-0.5));
#3341=DIRECTION('',(0.,-1.,0.));
#3342=DIRECTION('',(0.965925826289068,0.,-0.258819045102521));
#3343=DIRECTION('',(0.,-1.,0.));
#3344=DIRECTION('',(0.965925826289068,0.,-0.258819045102521));
#3345=DIRECTION('',(0.,-1.,0.));
#3346=DIRECTION('',(0.965925826289068,0.,-0.258819045102521));
#3347=DIRECTION('',(0.,-1.,0.));
#3348=DIRECTION('',(1.,0.,-6.12323399573677E-17));
#3349=DIRECTION('',(0.,-1.,0.));
#3350=DIRECTION('',(1.,0.,-6.12323399573677E-17));
#3351=DIRECTION('',(0.,-1.,0.));
#3352=DIRECTION('',(1.,0.,-6.12323399573677E-17));
#3353=DIRECTION('',(0.,-1.,0.));
#3354=DIRECTION('',(0.965925826289068,0.,0.258819045102521));
#3355=DIRECTION('',(0.,-1.,0.));
#3356=DIRECTION('',(0.965925826289068,0.,0.258819045102521));
#3357=DIRECTION('',(0.,-1.,0.));
#3358=DIRECTION('',(0.965925826289068,0.,0.258819045102521));
#3359=DIRECTION('',(0.,-1.,0.));
#3360=DIRECTION('',(0.866025403784439,0.,0.5));
#3361=DIRECTION('',(0.,-1.,0.));
#3362=DIRECTION('',(0.866025403784439,0.,0.5));
#3363=DIRECTION('',(0.,-1.,0.));
#3364=DIRECTION('',(0.866025403784439,0.,0.5));
#3365=DIRECTION('',(0.,-1.,0.));
#3366=DIRECTION('',(0.707106781186548,0.,0.707106781186548));
#3367=DIRECTION('',(0.,-1.,0.));
#3368=DIRECTION('',(0.707106781186548,0.,0.707106781186548));
#3369=DIRECTION('',(0.,-1.,0.));
#3370=DIRECTION('',(0.707106781186548,0.,0.707106781186548));
#3371=DIRECTION('',(0.,-1.,0.));
#3372=DIRECTION('',(0.5,0.,0.866025403784439));
#3373=DIRECTION('',(0.,-1.,0.));
#3374=DIRECTION('',(0.5,0.,0.866025403784439));
#3375=DIRECTION('',(0.,-1.,0.));
#3376=DIRECTION('',(0.5,0.,0.866025403784439));
#3377=DIRECTION('',(0.,-1.,0.));
#3378=DIRECTION('',(0.258819045102521,0.,0.965925826289068));
#3379=DIRECTION('',(0.,-1.,0.));
#3380=DIRECTION('',(0.258819045102521,0.,0.965925826289068));
#3381=DIRECTION('',(0.,-1.,0.));
#3382=DIRECTION('',(0.258819045102521,0.,0.965925826289068));
#3383=DIRECTION('',(0.,-1.,0.));
#3384=DIRECTION('',(1.22464679914735E-16,0.,1.));
#3385=DIRECTION('',(0.,-1.,0.));
#3386=DIRECTION('',(1.22464679914735E-16,0.,1.));
#3387=DIRECTION('',(0.,-1.,0.));
#3388=DIRECTION('',(1.22464679914735E-16,0.,1.));
#3389=DIRECTION('',(0.,-1.,0.));
#3390=DIRECTION('',(-0.258819045102521,0.,0.965925826289068));
#3391=DIRECTION('',(0.,-1.,0.));
#3392=DIRECTION('',(-0.258819045102521,0.,0.965925826289068));
#3393=DIRECTION('',(0.,1.,0.));
#3394=DIRECTION('',(0.,0.,1.));
#3395=DIRECTION('',(0.,1.,0.));
#3396=DIRECTION('',(0.,-1.,0.));
#3397=DIRECTION('',(0.,0.,-1.));
#3398=DIRECTION('',(0.,1.,0.));
#3399=DIRECTION('',(0.,-1.,0.));
#3400=DIRECTION('',(1.,0.,0.));
#3401=DIRECTION('',(0.,-1.,0.));
#3402=DIRECTION('',(-0.258819045102521,0.,0.965925826289068));
#3403=DIRECTION('',(0.,-1.,0.));
#3404=DIRECTION('',(1.22464679914735E-16,0.,1.));
#3405=DIRECTION('',(0.,-1.,0.));
#3406=DIRECTION('',(1.22464679914735E-16,0.,1.));
#3407=DIRECTION('',(0.,-1.,0.));
#3408=DIRECTION('',(1.22464679914735E-16,0.,1.));
#3409=DIRECTION('',(0.,-1.,0.));
#3410=DIRECTION('',(0.258819045102521,0.,0.965925826289068));
#3411=DIRECTION('',(0.,-1.,0.));
#3412=DIRECTION('',(0.258819045102521,0.,0.965925826289068));
#3413=DIRECTION('',(0.,-1.,0.));
#3414=DIRECTION('',(0.258819045102521,0.,0.965925826289068));
#3415=DIRECTION('',(0.,-1.,0.));
#3416=DIRECTION('',(0.5,0.,0.866025403784439));
#3417=DIRECTION('',(0.,-1.,0.));
#3418=DIRECTION('',(0.5,0.,0.866025403784439));
#3419=DIRECTION('',(0.,-1.,0.));
#3420=DIRECTION('',(0.5,0.,0.866025403784439));
#3421=DIRECTION('',(0.,-1.,0.));
#3422=DIRECTION('',(0.707106781186548,0.,0.707106781186548));
#3423=DIRECTION('',(0.,-1.,0.));
#3424=DIRECTION('',(0.707106781186548,0.,0.707106781186548));
#3425=DIRECTION('',(0.,-1.,0.));
#3426=DIRECTION('',(0.707106781186548,0.,0.707106781186548));
#3427=DIRECTION('',(0.,-1.,0.));
#3428=DIRECTION('',(0.866025403784439,0.,0.5));
#3429=DIRECTION('',(0.,-1.,0.));
#3430=DIRECTION('',(0.866025403784439,0.,0.5));
#3431=DIRECTION('',(0.,-1.,0.));
#3432=DIRECTION('',(0.866025403784439,0.,0.5));
#3433=DIRECTION('',(0.,-1.,0.));
#3434=DIRECTION('',(0.965925826289068,0.,0.258819045102521));
#3435=DIRECTION('',(0.,-1.,0.));
#3436=DIRECTION('',(0.965925826289068,0.,0.258819045102521));
#3437=DIRECTION('',(0.,-1.,0.));
#3438=DIRECTION('',(0.965925826289068,0.,0.258819045102521));
#3439=DIRECTION('',(0.,-1.,0.));
#3440=DIRECTION('',(1.,0.,-6.12323399573677E-17));
#3441=DIRECTION('',(0.,-1.,0.));
#3442=DIRECTION('',(1.,0.,-6.12323399573677E-17));
#3443=DIRECTION('',(0.,-1.,0.));
#3444=DIRECTION('',(1.,0.,-6.12323399573677E-17));
#3445=DIRECTION('',(0.,-1.,0.));
#3446=DIRECTION('',(0.965925826289068,0.,-0.258819045102521));
#3447=DIRECTION('',(0.,-1.,0.));
#3448=DIRECTION('',(0.965925826289068,0.,-0.258819045102521));
#3449=DIRECTION('',(0.,-1.,0.));
#3450=DIRECTION('',(0.965925826289068,0.,-0.258819045102521));
#3451=DIRECTION('',(0.,-1.,0.));
#3452=DIRECTION('',(0.866025403784439,0.,-0.5));
#3453=DIRECTION('',(0.,-1.,0.));
#3454=DIRECTION('',(0.866025403784439,0.,-0.5));
#3455=DIRECTION('',(0.,-1.,0.));
#3456=DIRECTION('',(0.866025403784439,0.,-0.5));
#3457=DIRECTION('',(0.,-1.,0.));
#3458=DIRECTION('',(0.707106781186548,0.,-0.707106781186548));
#3459=DIRECTION('',(0.,-1.,0.));
#3460=DIRECTION('',(0.707106781186548,0.,-0.707106781186548));
#3461=DIRECTION('',(0.,-1.,0.));
#3462=DIRECTION('',(0.707106781186548,0.,-0.707106781186548));
#3463=DIRECTION('',(0.,-1.,0.));
#3464=DIRECTION('',(0.5,0.,-0.866025403784439));
#3465=DIRECTION('',(0.,-1.,0.));
#3466=DIRECTION('',(0.5,0.,-0.866025403784439));
#3467=DIRECTION('',(0.,-1.,0.));
#3468=DIRECTION('',(0.5,0.,-0.866025403784439));
#3469=DIRECTION('',(0.,-1.,0.));
#3470=DIRECTION('',(0.258819045102521,0.,-0.965925826289068));
#3471=DIRECTION('',(0.,-1.,0.));
#3472=DIRECTION('',(0.258819045102521,0.,-0.965925826289068));
#3473=DIRECTION('',(0.,-1.,0.));
#3474=DIRECTION('',(0.258819045102521,0.,-0.965925826289068));
#3475=DIRECTION('',(0.,-1.,0.));
#3476=DIRECTION('',(0.,0.,-1.));
#3477=DIRECTION('',(0.,-1.,0.));
#3478=DIRECTION('',(0.,0.,-1.));
#3479=DIRECTION('',(0.,-1.,0.));
#3480=DIRECTION('',(0.,0.,-1.));
#3481=DIRECTION('',(0.,-1.,0.));
#3482=DIRECTION('',(-0.258819045102521,0.,-0.965925826289068));
#3483=DIRECTION('',(0.,-1.,0.));
#3484=DIRECTION('',(-0.258819045102521,0.,-0.965925826289068));
#3485=DIRECTION('',(0.,-1.,0.));
#3486=DIRECTION('',(-0.258819045102521,0.,-0.965925826289068));
#3487=DIRECTION('',(0.,-1.,0.));
#3488=DIRECTION('',(-0.5,0.,-0.866025403784438));
#3489=DIRECTION('',(0.,-1.,0.));
#3490=DIRECTION('',(-0.5,0.,-0.866025403784438));
#3491=DIRECTION('',(0.,-1.,0.));
#3492=DIRECTION('',(-0.5,0.,-0.866025403784438));
#3493=DIRECTION('',(0.,-1.,0.));
#3494=DIRECTION('',(-0.707106781186548,0.,-0.707106781186547));
#3495=DIRECTION('',(0.,-1.,0.));
#3496=DIRECTION('',(-0.707106781186548,0.,-0.707106781186547));
#3497=DIRECTION('',(0.,-1.,0.));
#3498=DIRECTION('',(-0.707106781186548,0.,-0.707106781186547));
#3499=DIRECTION('',(0.,-1.,0.));
#3500=DIRECTION('',(-0.866025403784439,0.,-0.5));
#3501=DIRECTION('',(0.,-1.,0.));
#3502=DIRECTION('',(-0.866025403784439,0.,-0.5));
#3503=DIRECTION('',(0.,-1.,0.));
#3504=DIRECTION('',(-0.866025403784439,0.,-0.5));
#3505=DIRECTION('',(0.,-1.,0.));
#3506=DIRECTION('',(-0.965925826289068,0.,-0.258819045102521));
#3507=DIRECTION('',(0.,-1.,0.));
#3508=DIRECTION('',(-0.965925826289068,0.,-0.258819045102521));
#3509=DIRECTION('',(0.,-1.,0.));
#3510=DIRECTION('',(-0.965925826289068,0.,-0.258819045102521));
#3511=DIRECTION('',(0.,-1.,0.));
#3512=DIRECTION('',(-1.,0.,1.83697019872103E-16));
#3513=DIRECTION('',(0.,-1.,0.));
#3514=DIRECTION('',(-1.,0.,1.83697019872103E-16));
#3515=DIRECTION('',(0.,-1.,0.));
#3516=DIRECTION('',(-1.,0.,1.83697019872103E-16));
#3517=DIRECTION('',(0.,-1.,0.));
#3518=DIRECTION('',(-0.965925826289068,0.,0.258819045102521));
#3519=DIRECTION('',(0.,-1.,0.));
#3520=DIRECTION('',(-0.965925826289068,0.,0.258819045102521));
#3521=DIRECTION('',(0.,-1.,0.));
#3522=DIRECTION('',(-0.965925826289068,0.,0.258819045102521));
#3523=DIRECTION('',(0.,-1.,0.));
#3524=DIRECTION('',(-0.866025403784438,0.,0.5));
#3525=DIRECTION('',(0.,-1.,0.));
#3526=DIRECTION('',(-0.866025403784438,0.,0.5));
#3527=DIRECTION('',(0.,-1.,0.));
#3528=DIRECTION('',(-0.866025403784438,0.,0.5));
#3529=DIRECTION('',(0.,-1.,0.));
#3530=DIRECTION('',(-0.707106781186548,0.,0.707106781186548));
#3531=DIRECTION('',(0.,-1.,0.));
#3532=DIRECTION('',(-0.707106781186548,0.,0.707106781186548));
#3533=DIRECTION('',(0.,-1.,0.));
#3534=DIRECTION('',(-0.707106781186548,0.,0.707106781186548));
#3535=DIRECTION('',(0.,-1.,0.));
#3536=DIRECTION('',(-0.5,0.,0.866025403784439));
#3537=DIRECTION('',(0.,-1.,0.));
#3538=DIRECTION('',(-0.5,0.,0.866025403784439));
#3539=DIRECTION('',(0.,-1.,0.));
#3540=DIRECTION('',(-0.5,0.,0.866025403784439));
#3541=DIRECTION('',(0.,-1.,0.));
#3542=DIRECTION('',(-0.258819045102521,0.,0.965925826289068));
#3543=DIRECTION('',(0.,-1.,0.));
#3544=DIRECTION('',(-0.258819045102521,0.,0.965925826289068));
#3545=DIRECTION('',(0.,1.,0.));
#3546=DIRECTION('',(0.,1.,0.));
#3547=DIRECTION('',(0.,0.,1.));
#3548=DIRECTION('',(0.,1.,0.));
#3549=DIRECTION('',(0.,1.,0.));
#3550=DIRECTION('',(0.,1.,0.));
#3551=DIRECTION('',(0.,1.,0.));
#3552=DIRECTION('',(0.,0.,1.));
#3553=DIRECTION('',(0.,1.,0.));
#3554=DIRECTION('',(0.,0.,1.));
#3555=DIRECTION('',(0.,1.,0.));
#3556=DIRECTION('',(0.,1.,0.));
#3557=DIRECTION('',(0.965925826289068,0.,-0.258819045102521));
#3558=DIRECTION('',(0.,1.,0.));
#3559=DIRECTION('',(0.,1.,0.));
#3560=DIRECTION('',(0.,1.,0.));
#3561=DIRECTION('',(0.,1.,0.));
#3562=DIRECTION('',(0.965925826289068,0.,-0.258819045102521));
#3563=DIRECTION('',(0.,1.,0.));
#3564=DIRECTION('',(0.965925826289068,0.,-0.258819045102521));
#3565=DIRECTION('',(0.,1.,0.));
#3566=DIRECTION('',(0.,1.,0.));
#3567=DIRECTION('',(1.,0.,-1.83697019872103E-16));
#3568=DIRECTION('',(0.,1.,0.));
#3569=DIRECTION('',(0.,1.,0.));
#3570=DIRECTION('',(0.,1.,0.));
#3571=DIRECTION('',(0.,1.,0.));
#3572=DIRECTION('',(1.,0.,-1.83697019872103E-16));
#3573=DIRECTION('',(0.,1.,0.));
#3574=DIRECTION('',(1.,0.,-1.83697019872103E-16));
#3575=DIRECTION('',(0.,1.,0.));
#3576=DIRECTION('',(0.,1.,0.));
#3577=DIRECTION('',(0.965925826289068,0.,0.258819045102521));
#3578=DIRECTION('',(0.,1.,0.));
#3579=DIRECTION('',(0.,1.,0.));
#3580=DIRECTION('',(0.,1.,0.));
#3581=DIRECTION('',(0.,1.,0.));
#3582=DIRECTION('',(0.965925826289068,0.,0.258819045102521));
#3583=DIRECTION('',(0.,1.,0.));
#3584=DIRECTION('',(0.965925826289068,0.,0.258819045102521));
#3585=DIRECTION('',(0.,1.,0.));
#3586=DIRECTION('',(0.,1.,0.));
#3587=DIRECTION('',(0.866025403784439,0.,0.5));
#3588=DIRECTION('',(0.,1.,0.));
#3589=DIRECTION('',(0.,1.,0.));
#3590=DIRECTION('',(0.,1.,0.));
#3591=DIRECTION('',(0.,1.,0.));
#3592=DIRECTION('',(0.866025403784439,0.,0.5));
#3593=DIRECTION('',(0.,1.,0.));
#3594=DIRECTION('',(0.866025403784439,0.,0.5));
#3595=DIRECTION('',(0.,1.,0.));
#3596=DIRECTION('',(0.,1.,0.));
#3597=DIRECTION('',(0.5,0.,0.866025403784438));
#3598=DIRECTION('',(0.,1.,0.));
#3599=DIRECTION('',(0.,1.,0.));
#3600=DIRECTION('',(0.,1.,0.));
#3601=DIRECTION('',(0.,1.,0.));
#3602=DIRECTION('',(0.5,0.,0.866025403784438));
#3603=DIRECTION('',(0.,1.,0.));
#3604=DIRECTION('',(0.5,0.,0.866025403784438));
#3605=DIRECTION('',(0.,1.,0.));
#3606=DIRECTION('',(0.,1.,0.));
#3607=DIRECTION('',(0.707106781186548,0.,0.707106781186547));
#3608=DIRECTION('',(0.,1.,0.));
#3609=DIRECTION('',(0.,1.,0.));
#3610=DIRECTION('',(0.,1.,0.));
#3611=DIRECTION('',(0.,1.,0.));
#3612=DIRECTION('',(0.707106781186548,0.,0.707106781186547));
#3613=DIRECTION('',(0.,1.,0.));
#3614=DIRECTION('',(0.707106781186548,0.,0.707106781186547));
#3615=DIRECTION('',(0.,1.,0.));
#3616=DIRECTION('',(0.,1.,0.));
#3617=DIRECTION('',(0.258819045102521,0.,0.965925826289068));
#3618=DIRECTION('',(0.,1.,0.));
#3619=DIRECTION('',(0.,1.,0.));
#3620=DIRECTION('',(0.,1.,0.));
#3621=DIRECTION('',(0.,1.,0.));
#3622=DIRECTION('',(0.258819045102521,0.,0.965925826289068));
#3623=DIRECTION('',(0.,1.,0.));
#3624=DIRECTION('',(0.258819045102521,0.,0.965925826289068));
#3625=DIRECTION('',(0.,1.,0.));
#3626=DIRECTION('',(0.,1.,0.));
#3627=DIRECTION('',(-0.707106781186548,0.,0.707106781186548));
#3628=DIRECTION('',(0.,1.,0.));
#3629=DIRECTION('',(0.,1.,0.));
#3630=DIRECTION('',(0.,1.,0.));
#3631=DIRECTION('',(0.,1.,0.));
#3632=DIRECTION('',(-0.707106781186548,0.,0.707106781186548));
#3633=DIRECTION('',(0.,1.,0.));
#3634=DIRECTION('',(-0.707106781186548,0.,0.707106781186548));
#3635=DIRECTION('',(0.,1.,0.));
#3636=DIRECTION('',(0.,1.,0.));
#3637=DIRECTION('',(-0.866025403784439,0.,0.5));
#3638=DIRECTION('',(0.,1.,0.));
#3639=DIRECTION('',(0.,1.,0.));
#3640=DIRECTION('',(0.,1.,0.));
#3641=DIRECTION('',(0.,1.,0.));
#3642=DIRECTION('',(-0.866025403784439,0.,0.5));
#3643=DIRECTION('',(0.,1.,0.));
#3644=DIRECTION('',(-0.866025403784439,0.,0.5));
#3645=DIRECTION('',(0.,1.,0.));
#3646=DIRECTION('',(0.,1.,0.));
#3647=DIRECTION('',(-0.5,0.,0.866025403784439));
#3648=DIRECTION('',(0.,1.,0.));
#3649=DIRECTION('',(0.,1.,0.));
#3650=DIRECTION('',(0.,1.,0.));
#3651=DIRECTION('',(0.,1.,0.));
#3652=DIRECTION('',(-0.5,0.,0.866025403784439));
#3653=DIRECTION('',(0.,1.,0.));
#3654=DIRECTION('',(-0.5,0.,0.866025403784439));
#3655=DIRECTION('',(0.,1.,0.));
#3656=DIRECTION('',(0.,1.,0.));
#3657=DIRECTION('',(-0.258819045102521,0.,0.965925826289068));
#3658=DIRECTION('',(0.,1.,0.));
#3659=DIRECTION('',(0.,1.,0.));
#3660=DIRECTION('',(0.,1.,0.));
#3661=DIRECTION('',(0.,1.,0.));
#3662=DIRECTION('',(-0.258819045102521,0.,0.965925826289068));
#3663=DIRECTION('',(0.,1.,0.));
#3664=DIRECTION('',(-0.258819045102521,0.,0.965925826289068));
#3665=DIRECTION('',(0.,1.,0.));
#3666=DIRECTION('',(0.,1.,0.));
#3667=DIRECTION('',(-0.965925826289068,0.,0.258819045102521));
#3668=DIRECTION('',(0.,1.,0.));
#3669=DIRECTION('',(0.,1.,0.));
#3670=DIRECTION('',(0.,1.,0.));
#3671=DIRECTION('',(0.,1.,0.));
#3672=DIRECTION('',(-0.965925826289068,0.,0.258819045102521));
#3673=DIRECTION('',(0.,1.,0.));
#3674=DIRECTION('',(-0.965925826289068,0.,0.258819045102521));
#3675=DIRECTION('',(0.,1.,0.));
#3676=DIRECTION('',(0.,1.,0.));
#3677=DIRECTION('',(-1.,0.,6.12323399573677E-17));
#3678=DIRECTION('',(0.,1.,0.));
#3679=DIRECTION('',(0.,1.,0.));
#3680=DIRECTION('',(0.,1.,0.));
#3681=DIRECTION('',(0.,1.,0.));
#3682=DIRECTION('',(-1.,0.,6.12323399573677E-17));
#3683=DIRECTION('',(0.,1.,0.));
#3684=DIRECTION('',(-1.,0.,6.12323399573677E-17));
#3685=DIRECTION('',(0.,1.,0.));
#3686=DIRECTION('',(0.,1.,0.));
#3687=DIRECTION('',(-0.965925826289068,0.,-0.258819045102521));
#3688=DIRECTION('',(0.,1.,0.));
#3689=DIRECTION('',(0.,1.,0.));
#3690=DIRECTION('',(0.,1.,0.));
#3691=DIRECTION('',(0.,1.,0.));
#3692=DIRECTION('',(-0.965925826289068,0.,-0.258819045102521));
#3693=DIRECTION('',(0.,1.,0.));
#3694=DIRECTION('',(-0.965925826289068,0.,-0.258819045102521));
#3695=DIRECTION('',(0.,1.,0.));
#3696=DIRECTION('',(0.,1.,0.));
#3697=DIRECTION('',(-0.866025403784439,0.,-0.5));
#3698=DIRECTION('',(0.,1.,0.));
#3699=DIRECTION('',(0.,1.,0.));
#3700=DIRECTION('',(0.,1.,0.));
#3701=DIRECTION('',(0.,1.,0.));
#3702=DIRECTION('',(-0.866025403784439,0.,-0.5));
#3703=DIRECTION('',(0.,1.,0.));
#3704=DIRECTION('',(-0.866025403784439,0.,-0.5));
#3705=DIRECTION('',(0.,1.,0.));
#3706=DIRECTION('',(0.,1.,0.));
#3707=DIRECTION('',(-0.5,0.,-0.866025403784439));
#3708=DIRECTION('',(0.,1.,0.));
#3709=DIRECTION('',(0.,1.,0.));
#3710=DIRECTION('',(0.,1.,0.));
#3711=DIRECTION('',(0.,1.,0.));
#3712=DIRECTION('',(-0.5,0.,-0.866025403784439));
#3713=DIRECTION('',(0.,1.,0.));
#3714=DIRECTION('',(-0.5,0.,-0.866025403784439));
#3715=DIRECTION('',(0.,1.,0.));
#3716=DIRECTION('',(0.,1.,0.));
#3717=DIRECTION('',(-0.707106781186548,0.,-0.707106781186548));
#3718=DIRECTION('',(0.,1.,0.));
#3719=DIRECTION('',(0.,1.,0.));
#3720=DIRECTION('',(0.,1.,0.));
#3721=DIRECTION('',(0.,1.,0.));
#3722=DIRECTION('',(-0.707106781186548,0.,-0.707106781186548));
#3723=DIRECTION('',(0.,1.,0.));
#3724=DIRECTION('',(-0.707106781186548,0.,-0.707106781186548));
#3725=DIRECTION('',(0.,1.,0.));
#3726=DIRECTION('',(0.,1.,0.));
#3727=DIRECTION('',(-0.258819045102521,0.,-0.965925826289068));
#3728=DIRECTION('',(0.,1.,0.));
#3729=DIRECTION('',(0.,1.,0.));
#3730=DIRECTION('',(0.,1.,0.));
#3731=DIRECTION('',(0.,1.,0.));
#3732=DIRECTION('',(-0.258819045102521,0.,-0.965925826289068));
#3733=DIRECTION('',(0.,1.,0.));
#3734=DIRECTION('',(-0.258819045102521,0.,-0.965925826289068));
#3735=DIRECTION('',(0.,1.,0.));
#3736=DIRECTION('',(0.,1.,0.));
#3737=DIRECTION('',(-1.22464679914735E-16,0.,-1.));
#3738=DIRECTION('',(0.,1.,0.));
#3739=DIRECTION('',(0.,1.,0.));
#3740=DIRECTION('',(0.,1.,0.));
#3741=DIRECTION('',(0.,1.,0.));
#3742=DIRECTION('',(-1.22464679914735E-16,0.,-1.));
#3743=DIRECTION('',(0.,1.,0.));
#3744=DIRECTION('',(-1.22464679914735E-16,0.,-1.));
#3745=DIRECTION('',(0.,1.,0.));
#3746=DIRECTION('',(0.,1.,0.));
#3747=DIRECTION('',(0.707106781186548,0.,-0.707106781186548));
#3748=DIRECTION('',(0.,1.,0.));
#3749=DIRECTION('',(0.,1.,0.));
#3750=DIRECTION('',(0.,1.,0.));
#3751=DIRECTION('',(0.,1.,0.));
#3752=DIRECTION('',(0.707106781186548,0.,-0.707106781186548));
#3753=DIRECTION('',(0.,1.,0.));
#3754=DIRECTION('',(0.707106781186548,0.,-0.707106781186548));
#3755=DIRECTION('',(0.,1.,0.));
#3756=DIRECTION('',(0.,1.,0.));
#3757=DIRECTION('',(0.866025403784438,0.,-0.5));
#3758=DIRECTION('',(0.,1.,0.));
#3759=DIRECTION('',(0.,1.,0.));
#3760=DIRECTION('',(0.,1.,0.));
#3761=DIRECTION('',(0.,1.,0.));
#3762=DIRECTION('',(0.866025403784438,0.,-0.5));
#3763=DIRECTION('',(0.,1.,0.));
#3764=DIRECTION('',(0.866025403784438,0.,-0.5));
#3765=DIRECTION('',(0.,1.,0.));
#3766=DIRECTION('',(0.,1.,0.));
#3767=DIRECTION('',(0.5,0.,-0.866025403784439));
#3768=DIRECTION('',(0.,1.,0.));
#3769=DIRECTION('',(0.,1.,0.));
#3770=DIRECTION('',(0.,1.,0.));
#3771=DIRECTION('',(0.,1.,0.));
#3772=DIRECTION('',(0.5,0.,-0.866025403784439));
#3773=DIRECTION('',(0.,1.,0.));
#3774=DIRECTION('',(0.5,0.,-0.866025403784439));
#3775=DIRECTION('',(0.,1.,0.));
#3776=DIRECTION('',(0.,1.,0.));
#3777=DIRECTION('',(0.258819045102521,0.,-0.965925826289068));
#3778=DIRECTION('',(0.,1.,0.));
#3779=DIRECTION('',(0.,1.,0.));
#3780=DIRECTION('',(0.,1.,0.));
#3781=DIRECTION('',(0.,1.,0.));
#3782=DIRECTION('',(0.258819045102521,0.,-0.965925826289068));
#3783=DIRECTION('',(0.,1.,0.));
#3784=DIRECTION('',(0.258819045102521,0.,-0.965925826289068));
#3785=CARTESIAN_POINT('',(0.,0.,0.));
#3786=CARTESIAN_POINT('',(0.,-0.00635,8.4245494391345E-19));
#3787=CARTESIAN_POINT('',(-0.0135861851418878,-0.00635,-0.00216963347168543));
#3788=CARTESIAN_POINT('',(-0.0135861851418878,-0.00635,-0.00216963347168543));
#3789=CARTESIAN_POINT('',(-0.0135861851418878,0.,-0.00216963347168543));
#3790=CARTESIAN_POINT('',(0.,-0.00635,8.4245494391345E-19));
#3791=CARTESIAN_POINT('',(-0.0136847895726583,-0.00635,-0.00142065846112729));
#3792=CARTESIAN_POINT('',(-0.0136847895726583,-0.00635,-0.00142065846112729));
#3793=CARTESIAN_POINT('',(-0.0136847895726583,0.,-0.00142065846112729));
#3794=CARTESIAN_POINT('',(0.,0.,8.4245494391345E-19));
#3795=CARTESIAN_POINT('',(0.,-0.00635,8.4245494391345E-19));
#3796=CARTESIAN_POINT('',(0.,-0.00635,8.4245494391345E-19));
#3797=CARTESIAN_POINT('',(-0.0128507982092363,-0.00635,-0.00491413486756331));
#3798=CARTESIAN_POINT('',(-0.0125617046459302,-0.00635,-0.00561206846889163));
#3799=CARTESIAN_POINT('',(-0.0128507982092363,-0.00635,-0.00491413486756331));
#3800=CARTESIAN_POINT('',(-0.0128507982092363,0.,-0.00491413486756331));
#3801=CARTESIAN_POINT('',(0.,0.,8.4245494391345E-19));
#3802=CARTESIAN_POINT('',(-0.0125617046459302,0.,-0.00561206846889163));
#3803=CARTESIAN_POINT('',(-0.0125617046459302,-0.00635,-0.00561206846889163));
#3804=CARTESIAN_POINT('',(0.,-0.00635,8.4245494391345E-19));
#3805=CARTESIAN_POINT('',(-0.00807272110376672,-0.00635,-0.0111410461848029));
#3806=CARTESIAN_POINT('',(-0.00807272110376672,-0.00635,-0.0111410461848029));
#3807=CARTESIAN_POINT('',(-0.00807272110376672,0.,-0.0111410461848029));
#3808=CARTESIAN_POINT('',(0.,-0.00635,8.4245494391345E-19));
#3809=CARTESIAN_POINT('',(-0.00867205027432452,-0.00635,-0.0106811647375508));
#3810=CARTESIAN_POINT('',(-0.00867205027432452,-0.00635,-0.0106811647375508));
#3811=CARTESIAN_POINT('',(-0.00867205027432452,0.,-0.0106811647375508));
#3812=CARTESIAN_POINT('',(0.,0.,8.4245494391345E-19));
#3813=CARTESIAN_POINT('',(0.,-0.00635,8.4245494391345E-19));
#3814=CARTESIAN_POINT('',(0.,-0.00635,8.4245494391345E-19));
#3815=CARTESIAN_POINT('',(-0.0111410461848029,-0.00635,-0.00807272110376672));
#3816=CARTESIAN_POINT('',(-0.0106811647375508,-0.00635,-0.00867205027432452));
#3817=CARTESIAN_POINT('',(-0.0111410461848029,-0.00635,-0.00807272110376672));
#3818=CARTESIAN_POINT('',(-0.0111410461848029,0.,-0.00807272110376672));
#3819=CARTESIAN_POINT('',(0.,0.,8.4245494391345E-19));
#3820=CARTESIAN_POINT('',(-0.0106811647375508,0.,-0.00867205027432452));
#3821=CARTESIAN_POINT('',(-0.0106811647375508,-0.00635,-0.00867205027432452));
#3822=CARTESIAN_POINT('',(0.,-0.00635,8.4245494391345E-19));
#3823=CARTESIAN_POINT('',(-0.0136847895726583,-0.00635,0.0014206584611273));
#3824=CARTESIAN_POINT('',(-0.0136847895726583,-0.00635,0.0014206584611273));
#3825=CARTESIAN_POINT('',(-0.0136847895726583,0.,0.0014206584611273));
#3826=CARTESIAN_POINT('',(0.,-0.00635,8.4245494391345E-19));
#3827=CARTESIAN_POINT('',(-0.0135861851418878,-0.00635,0.00216963347168544));
#3828=CARTESIAN_POINT('',(-0.0135861851418878,-0.00635,0.00216963347168544));
#3829=CARTESIAN_POINT('',(-0.0135861851418878,0.,0.00216963347168544));
#3830=CARTESIAN_POINT('',(0.,0.,8.4245494391345E-19));
#3831=CARTESIAN_POINT('',(0.,-0.00635,8.4245494391345E-19));
#3832=CARTESIAN_POINT('',(-0.0128507982092363,-0.00635,0.00491413486756331));
#3833=CARTESIAN_POINT('',(-0.0128507982092363,-0.00635,0.00491413486756331));
#3834=CARTESIAN_POINT('',(-0.0128507982092363,0.,0.00491413486756331));
#3835=CARTESIAN_POINT('',(0.,-0.00635,8.4245494391345E-19));
#3836=CARTESIAN_POINT('',(-0.0125617046459302,-0.00635,0.00561206846889163));
#3837=CARTESIAN_POINT('',(-0.0125617046459302,-0.00635,0.00561206846889163));
#3838=CARTESIAN_POINT('',(-0.0125617046459302,0.,0.00561206846889163));
#3839=CARTESIAN_POINT('',(0.,0.,8.4245494391345E-19));
#3840=CARTESIAN_POINT('',(0.,-0.00635,8.4245494391345E-19));
#3841=CARTESIAN_POINT('',(-0.00867205027432452,-0.00635,0.0106811647375508));
#3842=CARTESIAN_POINT('',(-0.00867205027432452,-0.00635,0.0106811647375508));
#3843=CARTESIAN_POINT('',(-0.00867205027432452,0.,0.0106811647375508));
#3844=CARTESIAN_POINT('',(0.,-0.00635,8.4245494391345E-19));
#3845=CARTESIAN_POINT('',(-0.00807272110376672,-0.00635,0.0111410461848029));
#3846=CARTESIAN_POINT('',(-0.00807272110376672,-0.00635,0.0111410461848029));
#3847=CARTESIAN_POINT('',(-0.00807272110376672,0.,0.0111410461848029));
#3848=CARTESIAN_POINT('',(0.,0.,8.4245494391345E-19));
#3849=CARTESIAN_POINT('',(0.,-0.00635,8.4245494391345E-19));
#3850=CARTESIAN_POINT('',(0.,-0.00635,8.4245494391345E-19));
#3851=CARTESIAN_POINT('',(-0.0106811647375508,-0.00635,0.00867205027432452));
#3852=CARTESIAN_POINT('',(-0.0111410461848029,-0.00635,0.00807272110376672));
#3853=CARTESIAN_POINT('',(-0.0106811647375508,-0.00635,0.00867205027432452));
#3854=CARTESIAN_POINT('',(-0.0106811647375508,0.,0.00867205027432452));
#3855=CARTESIAN_POINT('',(0.,0.,8.4245494391345E-19));
#3856=CARTESIAN_POINT('',(-0.0111410461848029,0.,0.00807272110376672));
#3857=CARTESIAN_POINT('',(-0.0111410461848029,-0.00635,0.00807272110376672));
#3858=CARTESIAN_POINT('',(0.,-0.00635,8.4245494391345E-19));
#3859=CARTESIAN_POINT('',(-0.00561206846889163,-0.00635,0.0125617046459302));
#3860=CARTESIAN_POINT('',(-0.00561206846889163,-0.00635,0.0125617046459302));
#3861=CARTESIAN_POINT('',(-0.00561206846889163,0.,0.0125617046459302));
#3862=CARTESIAN_POINT('',(0.,-0.00635,8.4245494391345E-19));
#3863=CARTESIAN_POINT('',(-0.00491413486756331,-0.00635,0.0128507982092363));
#3864=CARTESIAN_POINT('',(-0.00491413486756331,-0.00635,0.0128507982092363));
#3865=CARTESIAN_POINT('',(-0.00491413486756331,0.,0.0128507982092363));
#3866=CARTESIAN_POINT('',(0.,0.,8.4245494391345E-19));
#3867=CARTESIAN_POINT('',(0.,-0.00635,8.4245494391345E-19));
#3868=CARTESIAN_POINT('',(-0.00216963347168543,-0.00635,0.0135861851418878));
#3869=CARTESIAN_POINT('',(-0.00216963347168543,-0.00635,0.0135861851418878));
#3870=CARTESIAN_POINT('',(-0.00216963347168543,0.,0.0135861851418878));
#3871=CARTESIAN_POINT('',(0.,-0.00635,8.4245494391345E-19));
#3872=CARTESIAN_POINT('',(-0.00142065846112729,-0.00635,0.0136847895726583));
#3873=CARTESIAN_POINT('',(-0.00142065846112729,-0.00635,0.0136847895726583));
#3874=CARTESIAN_POINT('',(-0.00142065846112729,0.,0.0136847895726583));
#3875=CARTESIAN_POINT('',(0.,0.,8.4245494391345E-19));
#3876=CARTESIAN_POINT('',(0.,-0.00635,8.4245494391345E-19));
#3877=CARTESIAN_POINT('',(0.0014206584611273,-0.00635,0.0136847895726583));
#3878=CARTESIAN_POINT('',(0.0014206584611273,-0.00635,0.0136847895726583));
#3879=CARTESIAN_POINT('',(0.0014206584611273,0.,0.0136847895726583));
#3880=CARTESIAN_POINT('',(0.,-0.00635,8.4245494391345E-19));
#3881=CARTESIAN_POINT('',(0.00216963347168543,-0.00635,0.0135861851418878));
#3882=CARTESIAN_POINT('',(0.00216963347168543,-0.00635,0.0135861851418878));
#3883=CARTESIAN_POINT('',(0.00216963347168543,0.,0.0135861851418878));
#3884=CARTESIAN_POINT('',(0.,0.,8.4245494391345E-19));
#3885=CARTESIAN_POINT('',(0.,-0.00635,8.4245494391345E-19));
#3886=CARTESIAN_POINT('',(0.00491413486756331,-0.00635,0.0128507982092363));
#3887=CARTESIAN_POINT('',(0.00491413486756331,-0.00635,0.0128507982092363));
#3888=CARTESIAN_POINT('',(0.00491413486756331,0.,0.0128507982092363));
#3889=CARTESIAN_POINT('',(0.,-0.00635,8.4245494391345E-19));
#3890=CARTESIAN_POINT('',(0.00561206846889163,-0.00635,0.0125617046459302));
#3891=CARTESIAN_POINT('',(0.00561206846889163,-0.00635,0.0125617046459302));
#3892=CARTESIAN_POINT('',(0.00561206846889163,0.,0.0125617046459302));
#3893=CARTESIAN_POINT('',(0.,0.,8.4245494391345E-19));
#3894=CARTESIAN_POINT('',(0.,-0.00635,8.4245494391345E-19));
#3895=CARTESIAN_POINT('',(0.0135861851418878,-0.00635,0.00216963347168542));
#3896=CARTESIAN_POINT('',(0.0135861851418878,-0.00635,0.00216963347168542));
#3897=CARTESIAN_POINT('',(0.0135861851418878,0.,0.00216963347168542));
#3898=CARTESIAN_POINT('',(0.,-0.00635,8.4245494391345E-19));
#3899=CARTESIAN_POINT('',(0.0136847895726583,-0.00635,0.00142065846112729));
#3900=CARTESIAN_POINT('',(0.0136847895726583,-0.00635,0.00142065846112729));
#3901=CARTESIAN_POINT('',(0.0136847895726583,0.,0.00142065846112729));
#3902=CARTESIAN_POINT('',(0.,0.,8.4245494391345E-19));
#3903=CARTESIAN_POINT('',(0.,-0.00635,8.4245494391345E-19));
#3904=CARTESIAN_POINT('',(0.,-0.00635,8.4245494391345E-19));
#3905=CARTESIAN_POINT('',(0.0128507982092363,-0.00635,0.0049141348675633));
#3906=CARTESIAN_POINT('',(0.0125617046459302,-0.00635,0.00561206846889163));
#3907=CARTESIAN_POINT('',(0.0128507982092363,-0.00635,0.0049141348675633));
#3908=CARTESIAN_POINT('',(0.0128507982092363,0.,0.0049141348675633));
#3909=CARTESIAN_POINT('',(0.,0.,8.4245494391345E-19));
#3910=CARTESIAN_POINT('',(0.0125617046459302,0.,0.00561206846889163));
#3911=CARTESIAN_POINT('',(0.0125617046459302,-0.00635,0.00561206846889163));
#3912=CARTESIAN_POINT('',(0.,-0.00635,8.4245494391345E-19));
#3913=CARTESIAN_POINT('',(0.00807272110376672,-0.00635,0.0111410461848029));
#3914=CARTESIAN_POINT('',(0.00807272110376672,-0.00635,0.0111410461848029));
#3915=CARTESIAN_POINT('',(0.00807272110376672,0.,0.0111410461848029));
#3916=CARTESIAN_POINT('',(0.,-0.00635,8.4245494391345E-19));
#3917=CARTESIAN_POINT('',(0.00867205027432452,-0.00635,0.0106811647375508));
#3918=CARTESIAN_POINT('',(0.00867205027432452,-0.00635,0.0106811647375508));
#3919=CARTESIAN_POINT('',(0.00867205027432452,0.,0.0106811647375508));
#3920=CARTESIAN_POINT('',(0.,0.,8.4245494391345E-19));
#3921=CARTESIAN_POINT('',(0.,-0.00635,8.4245494391345E-19));
#3922=CARTESIAN_POINT('',(0.,-0.00635,8.4245494391345E-19));
#3923=CARTESIAN_POINT('',(0.0111410461848029,-0.00635,0.00807272110376672));
#3924=CARTESIAN_POINT('',(0.0106811647375508,-0.00635,0.00867205027432452));
#3925=CARTESIAN_POINT('',(0.0111410461848029,-0.00635,0.00807272110376672));
#3926=CARTESIAN_POINT('',(0.0111410461848029,0.,0.00807272110376672));
#3927=CARTESIAN_POINT('',(0.,0.,8.4245494391345E-19));
#3928=CARTESIAN_POINT('',(0.0106811647375508,0.,0.00867205027432452));
#3929=CARTESIAN_POINT('',(0.0106811647375508,-0.00635,0.00867205027432452));
#3930=CARTESIAN_POINT('',(0.,-0.00635,8.4245494391345E-19));
#3931=CARTESIAN_POINT('',(0.0128507982092363,-0.00635,-0.00491413486756331));
#3932=CARTESIAN_POINT('',(0.0128507982092363,-0.00635,-0.00491413486756331));
#3933=CARTESIAN_POINT('',(0.0128507982092363,0.,-0.00491413486756331));
#3934=CARTESIAN_POINT('',(0.,-0.00635,8.4245494391345E-19));
#3935=CARTESIAN_POINT('',(0.0125617046459302,-0.00635,-0.00561206846889164));
#3936=CARTESIAN_POINT('',(0.0125617046459302,-0.00635,-0.00561206846889164));
#3937=CARTESIAN_POINT('',(0.0125617046459302,0.,-0.00561206846889164));
#3938=CARTESIAN_POINT('',(0.,0.,8.4245494391345E-19));
#3939=CARTESIAN_POINT('',(0.,-0.00635,8.4245494391345E-19));
#3940=CARTESIAN_POINT('',(0.00867205027432452,-0.00635,-0.0106811647375508));
#3941=CARTESIAN_POINT('',(0.00867205027432452,-0.00635,-0.0106811647375508));
#3942=CARTESIAN_POINT('',(0.00867205027432452,0.,-0.0106811647375508));
#3943=CARTESIAN_POINT('',(0.,-0.00635,8.4245494391345E-19));
#3944=CARTESIAN_POINT('',(0.00807272110376672,-0.00635,-0.0111410461848029));
#3945=CARTESIAN_POINT('',(0.00807272110376672,-0.00635,-0.0111410461848029));
#3946=CARTESIAN_POINT('',(0.00807272110376672,0.,-0.0111410461848029));
#3947=CARTESIAN_POINT('',(0.,0.,8.4245494391345E-19));
#3948=CARTESIAN_POINT('',(0.,-0.00635,8.4245494391345E-19));
#3949=CARTESIAN_POINT('',(0.,-0.00635,8.4245494391345E-19));
#3950=CARTESIAN_POINT('',(0.0106811647375508,-0.00635,-0.00867205027432452));
#3951=CARTESIAN_POINT('',(0.0111410461848029,-0.00635,-0.00807272110376672));
#3952=CARTESIAN_POINT('',(0.0106811647375508,-0.00635,-0.00867205027432452));
#3953=CARTESIAN_POINT('',(0.0106811647375508,0.,-0.00867205027432452));
#3954=CARTESIAN_POINT('',(0.,0.,8.4245494391345E-19));
#3955=CARTESIAN_POINT('',(0.0111410461848029,0.,-0.00807272110376672));
#3956=CARTESIAN_POINT('',(0.0111410461848029,-0.00635,-0.00807272110376672));
#3957=CARTESIAN_POINT('',(0.,-0.00635,8.4245494391345E-19));
#3958=CARTESIAN_POINT('',(0.00561206846889163,-0.00635,-0.0125617046459302));
#3959=CARTESIAN_POINT('',(0.00561206846889163,-0.00635,-0.0125617046459302));
#3960=CARTESIAN_POINT('',(0.00561206846889163,0.,-0.0125617046459302));
#3961=CARTESIAN_POINT('',(0.,-0.00635,8.4245494391345E-19));
#3962=CARTESIAN_POINT('',(0.0049141348675633,-0.00635,-0.0128507982092363));
#3963=CARTESIAN_POINT('',(0.0049141348675633,-0.00635,-0.0128507982092363));
#3964=CARTESIAN_POINT('',(0.0049141348675633,0.,-0.0128507982092363));
#3965=CARTESIAN_POINT('',(0.,0.,8.4245494391345E-19));
#3966=CARTESIAN_POINT('',(0.,-0.00635,8.4245494391345E-19));
#3967=CARTESIAN_POINT('',(0.00216963347168542,-0.00635,-0.0135861851418878));
#3968=CARTESIAN_POINT('',(0.00216963347168542,-0.00635,-0.0135861851418878));
#3969=CARTESIAN_POINT('',(0.00216963347168542,0.,-0.0135861851418878));
#3970=CARTESIAN_POINT('',(0.,-0.00635,8.4245494391345E-19));
#3971=CARTESIAN_POINT('',(0.00142065846112729,-0.00635,-0.0136847895726583));
#3972=CARTESIAN_POINT('',(0.00142065846112729,-0.00635,-0.0136847895726583));
#3973=CARTESIAN_POINT('',(0.00142065846112729,0.,-0.0136847895726583));
#3974=CARTESIAN_POINT('',(0.,0.,8.4245494391345E-19));
#3975=CARTESIAN_POINT('',(0.,-0.00635,8.4245494391345E-19));
#3976=CARTESIAN_POINT('',(-0.0014206584611273,-0.00635,-0.0136847895726583));
#3977=CARTESIAN_POINT('',(-0.0014206584611273,-0.00635,-0.0136847895726583));
#3978=CARTESIAN_POINT('',(-0.0014206584611273,0.,-0.0136847895726583));
#3979=CARTESIAN_POINT('',(0.,-0.00635,8.4245494391345E-19));
#3980=CARTESIAN_POINT('',(-0.00216963347168543,-0.00635,-0.0135861851418878));
#3981=CARTESIAN_POINT('',(-0.00216963347168543,-0.00635,-0.0135861851418878));
#3982=CARTESIAN_POINT('',(-0.00216963347168543,0.,-0.0135861851418878));
#3983=CARTESIAN_POINT('',(0.,0.,8.4245494391345E-19));
#3984=CARTESIAN_POINT('',(0.,-0.00635,8.4245494391345E-19));
#3985=CARTESIAN_POINT('',(0.,-0.00635,8.4245494391345E-19));
#3986=CARTESIAN_POINT('',(-0.00561206846889164,-0.00635,-0.0125617046459302));
#3987=CARTESIAN_POINT('',(-0.0049141348675633,-0.00635,-0.0128507982092363));
#3988=CARTESIAN_POINT('',(-0.00561206846889164,-0.00635,-0.0125617046459302));
#3989=CARTESIAN_POINT('',(-0.00561206846889164,0.,-0.0125617046459302));
#3990=CARTESIAN_POINT('',(0.,0.,8.4245494391345E-19));
#3991=CARTESIAN_POINT('',(-0.0049141348675633,0.,-0.0128507982092363));
#3992=CARTESIAN_POINT('',(-0.0049141348675633,-0.00635,-0.0128507982092363));
#3993=CARTESIAN_POINT('',(0.,-0.00635,0.));
#3994=CARTESIAN_POINT('',(-0.0113291318773791,-0.00635,-0.00323240381916294));
#3995=CARTESIAN_POINT('',(-0.0112045778752929,-0.00635,-0.00361689119862152));
#3996=CARTESIAN_POINT('',(-0.0109404829507088,-0.00635,-0.00312151533375383));
#3997=CARTESIAN_POINT('',(-0.0108266103853599,-0.00635,-0.00349607390328484));
#3998=CARTESIAN_POINT('',(-0.0110619604716158,-0.00635,-0.0035709148831093));
#3999=CARTESIAN_POINT('',(-0.0113631422144911,-0.00635,-0.00366669023250733));
#4000=CARTESIAN_POINT('',(-0.011409241170403,-0.00635,-0.0036880635270872));
#4001=CARTESIAN_POINT('',(-0.0114842025219597,-0.00635,-0.00372216548946459));
#4002=CARTESIAN_POINT('',(-0.0115738567940446,-0.00635,-0.00377017729032748));
#4003=CARTESIAN_POINT('',(-0.0116900585658797,-0.00635,-0.003839198959869));
#4004=CARTESIAN_POINT('',(-0.011826421627059,-0.00635,-0.00393006653019621));
#4005=CARTESIAN_POINT('',(-0.0119824025049191,-0.00635,-0.00404552266432905));
#4006=CARTESIAN_POINT('',(-0.0121553799644553,-0.00635,-0.00418754954761882));
#4007=CARTESIAN_POINT('',(-0.0123431876477919,-0.00635,-0.00435803387912065));
#4008=CARTESIAN_POINT('',(-0.0125432105073841,-0.00635,-0.00455919107246963));
#4009=CARTESIAN_POINT('',(-0.0127141853241205,-0.00635,-0.0047477450858672));
#4010=CARTESIAN_POINT('',(-0.0128170856914379,-0.00635,-0.0048725761073446));
#4011=CARTESIAN_POINT('',(-0.0128507982092363,-0.00635,-0.00491413486756331));
#4012=CARTESIAN_POINT('',(-0.0101276671852947,-0.00635,-0.00518347205621063));
#4013=CARTESIAN_POINT('',(-0.0103470053915837,-0.00635,-0.00529696913381056));
#4014=CARTESIAN_POINT('',(-0.0106276964433702,-0.00635,-0.00544221338753739));
#4015=CARTESIAN_POINT('',(-0.0106754065292348,-0.00635,-0.00545969707033458));
#4016=CARTESIAN_POINT('',(-0.0107525259380963,-0.00635,-0.00548858902149839));
#4017=CARTESIAN_POINT('',(-0.010849870551817,-0.00635,-0.00551803469528482));
#4018=CARTESIAN_POINT('',(-0.0109808433032491,-0.00635,-0.00555139606555374));
#4019=CARTESIAN_POINT('',(-0.0111415196236807,-0.00635,-0.00558356623564867));
#4020=CARTESIAN_POINT('',(-0.0113334545755259,-0.00635,-0.00561222155674403));
#4021=CARTESIAN_POINT('',(-0.0115561962824414,-0.00635,-0.0056341069190895));
#4022=CARTESIAN_POINT('',(-0.0118095469957786,-0.00635,-0.00564635637864475));
#4023=CARTESIAN_POINT('',(-0.0120932241316901,-0.00635,-0.00564555428355324));
#4024=CARTESIAN_POINT('',(-0.0123474494055099,-0.00635,-0.00563312391438629));
#4025=CARTESIAN_POINT('',(-0.0125084798148158,-0.00635,-0.00561761660011392));
#4026=CARTESIAN_POINT('',(-0.0125617046459302,-0.00635,-0.00561206846889163));
#4027=CARTESIAN_POINT('',(-0.0104803612893118,-0.00635,-0.00536530470259325));
#4028=CARTESIAN_POINT('',(-0.0102965606355151,-0.00635,-0.00572525131538816));
#4029=CARTESIAN_POINT('',(-0.00994333434397716,-0.00635,-0.00552884502382691));
#4030=CARTESIAN_POINT('',(8.5259063983765E-16,-0.00635,4.92180838977209E-16));
#4031=CARTESIAN_POINT('',(-0.00975978741620986,-0.00635,-0.00584675762829304));
#4032=CARTESIAN_POINT('',(-0.0101064933999338,-0.00635,-0.00605445742426871));
#4033=CARTESIAN_POINT('',(-0.00988667081614558,-0.00635,-0.0063936067660863));
#4034=CARTESIAN_POINT('',(-0.00955285207313251,-0.00635,-0.00617908103543393));
#4035=CARTESIAN_POINT('',(-0.00976081252873382,-0.00635,-0.00631228495530072));
#4036=CARTESIAN_POINT('',(-0.0100269432681082,-0.00635,-0.00648274840989944));
#4037=CARTESIAN_POINT('',(-0.0100659396244946,-0.00635,-0.00651532471487634));
#4038=CARTESIAN_POINT('',(-0.0101295204925981,-0.00635,-0.00656766610649331));
#4039=CARTESIAN_POINT('',(-0.0102036935009891,-0.00635,-0.00663724617800379));
#4040=CARTESIAN_POINT('',(-0.0102980716708631,-0.00635,-0.00673399122281313));
#4041=CARTESIAN_POINT('',(-0.0104062700156252,-0.00635,-0.00685705591304601));
#4042=CARTESIAN_POINT('',(-0.0105270537275699,-0.00635,-0.00700894879667041));
#4043=CARTESIAN_POINT('',(-0.0106573778607899,-0.00635,-0.00719090609216876));
#4044=CARTESIAN_POINT('',(-0.010794661560616,-0.00635,-0.00740418951620809));
#4045=CARTESIAN_POINT('',(-0.0109358054938462,-0.00635,-0.00765026216992604));
#4046=CARTESIAN_POINT('',(-0.0110521531152791,-0.00635,-0.00787664289992149));
#4047=CARTESIAN_POINT('',(-0.0111192385918277,-0.00635,-0.00802385298229836));
#4048=CARTESIAN_POINT('',(-0.0111410461848029,-0.00635,-0.00807272110376672));
#4049=CARTESIAN_POINT('',(-0.00844099400643242,-0.00635,-0.00762808267895565));
#4050=CARTESIAN_POINT('',(-0.00862348323933252,-0.00635,-0.00779448134252396));
#4051=CARTESIAN_POINT('',(-0.00885701799640519,-0.00635,-0.00800742470831102));
#4052=CARTESIAN_POINT('',(-0.00889857729042985,-0.00635,-0.0080366609279287));
#4053=CARTESIAN_POINT('',(-0.00896559113194592,-0.00635,-0.00808452838149011));
#4054=CARTESIAN_POINT('',(-0.00905199770721706,-0.00635,-0.00813816535824197));
#4055=CARTESIAN_POINT('',(-0.00916987311236921,-0.00635,-0.00820428820984523));
#4056=CARTESIAN_POINT('',(-0.00931674826724241,-0.00635,-0.00827694829980073));
#4057=CARTESIAN_POINT('',(-0.00949472665135421,-0.00635,-0.0083543036354657));
#4058=CARTESIAN_POINT('',(-0.00970421427007158,-0.00635,-0.00843309306806125));
#4059=CARTESIAN_POINT('',(-0.00994576187376766,-0.00635,-0.00851049712710574));
#4060=CARTESIAN_POINT('',(-0.010219980543158,-0.00635,-0.00858314340817575));
#4061=CARTESIAN_POINT('',(-0.010468760517114,-0.00635,-0.00863693493617805));
#4062=CARTESIAN_POINT('',(-0.0106283175365525,-0.00635,-0.00866363375759499));
#4063=CARTESIAN_POINT('',(-0.0106811647375508,-0.00635,-0.00867205027432452));
#4064=CARTESIAN_POINT('',(-0.00873460859837719,-0.00635,-0.0078950034793741));
#4065=CARTESIAN_POINT('',(-0.00846390976137467,-0.00635,-0.00819511409905309));
#4066=CARTESIAN_POINT('',(-0.0081735530526879,-0.00635,-0.00791397849810747));
#4067=CARTESIAN_POINT('',(6.96153543509669E-16,-0.00635,6.96076878838835E-16));
#4068=CARTESIAN_POINT('',(-0.00791397849810748,-0.00635,-0.0081735530526879));
#4069=CARTESIAN_POINT('',(-0.00819511409905295,-0.00635,-0.00846390976137452));
#4070=CARTESIAN_POINT('',(-0.00789500347937397,-0.00635,-0.00873460859837704));
#4071=CARTESIAN_POINT('',(-0.00762808267895565,-0.00635,-0.00844099400643242));
#4072=CARTESIAN_POINT('',(-0.00779448134252397,-0.00635,-0.00862348323933251));
#4073=CARTESIAN_POINT('',(-0.00800742470831102,-0.00635,-0.00885701799640518));
#4074=CARTESIAN_POINT('',(-0.00803666092792871,-0.00635,-0.00889857729042985));
#4075=CARTESIAN_POINT('',(-0.00808452838149011,-0.00635,-0.00896559113194592));
#4076=CARTESIAN_POINT('',(-0.00813816535824197,-0.00635,-0.00905199770721706));
#4077=CARTESIAN_POINT('',(-0.00820428820984524,-0.00635,-0.00916987311236921));
#4078=CARTESIAN_POINT('',(-0.00827694829980073,-0.00635,-0.00931674826724241));
#4079=CARTESIAN_POINT('',(-0.00835430363546571,-0.00635,-0.00949472665135421));
#4080=CARTESIAN_POINT('',(-0.00843309306806126,-0.00635,-0.00970421427007158));
#4081=CARTESIAN_POINT('',(-0.00851049712710574,-0.00635,-0.00994576187376766));
#4082=CARTESIAN_POINT('',(-0.00858314340817575,-0.00635,-0.010219980543158));
#4083=CARTESIAN_POINT('',(-0.00863693493617805,-0.00635,-0.010468760517114));
#4084=CARTESIAN_POINT('',(-0.008663633757595,-0.00635,-0.0106283175365525));
#4085=CARTESIAN_POINT('',(-0.00867205027432452,-0.00635,-0.0106811647375508));
#4086=CARTESIAN_POINT('',(-0.00617908103543393,-0.00635,-0.0095528520731325));
#4087=CARTESIAN_POINT('',(-0.00631228495530073,-0.00635,-0.00976081252873382));
#4088=CARTESIAN_POINT('',(-0.00648274840989944,-0.00635,-0.0100269432681082));
#4089=CARTESIAN_POINT('',(-0.00651532471487635,-0.00635,-0.0100659396244946));
#4090=CARTESIAN_POINT('',(-0.00656766610649331,-0.00635,-0.0101295204925981));
#4091=CARTESIAN_POINT('',(-0.00663724617800379,-0.00635,-0.0102036935009891));
#4092=CARTESIAN_POINT('',(-0.00673399122281313,-0.00635,-0.0102980716708631));
#4093=CARTESIAN_POINT('',(-0.00685705591304602,-0.00635,-0.0104062700156252));
#4094=CARTESIAN_POINT('',(-0.00700894879667041,-0.00635,-0.0105270537275699));
#4095=CARTESIAN_POINT('',(-0.00719090609216876,-0.00635,-0.0106573778607899));
#4096=CARTESIAN_POINT('',(-0.00740418951620809,-0.00635,-0.010794661560616));
#4097=CARTESIAN_POINT('',(-0.00765026216992604,-0.00635,-0.0109358054938462));
#4098=CARTESIAN_POINT('',(-0.0078766428999215,-0.00635,-0.0110521531152791));
#4099=CARTESIAN_POINT('',(-0.00802385298229836,-0.00635,-0.0111192385918277));
#4100=CARTESIAN_POINT('',(-0.00807272110376672,-0.00635,-0.0111410461848029));
#4101=CARTESIAN_POINT('',(-0.00639360676608641,-0.00635,-0.00988667081614574));
#4102=CARTESIAN_POINT('',(-0.00605445742426882,-0.00635,-0.0101064933999339));
#4103=CARTESIAN_POINT('',(-0.00584675762829305,-0.00635,-0.00975978741620986));
#4104=CARTESIAN_POINT('',(4.9227473363963E-16,-0.00635,8.52536429729026E-16));
#4105=CARTESIAN_POINT('',(-0.00552884502382691,-0.00635,-0.00994333434397716));
#4106=CARTESIAN_POINT('',(-0.00572525131538806,-0.00635,-0.0102965606355149));
#4107=CARTESIAN_POINT('',(-0.00536530470259316,-0.00635,-0.0104803612893116));
#4108=CARTESIAN_POINT('',(-0.00518347205621063,-0.00635,-0.0101276671852947));
#4109=CARTESIAN_POINT('',(-0.00529696913381056,-0.00635,-0.0103470053915836));
#4110=CARTESIAN_POINT('',(-0.0054422133875374,-0.00635,-0.0106276964433702));
#4111=CARTESIAN_POINT('',(-0.00545969707033458,-0.00635,-0.0106754065292348));
#4112=CARTESIAN_POINT('',(-0.00548858902149839,-0.00635,-0.0107525259380963));
#4113=CARTESIAN_POINT('',(-0.00551803469528482,-0.00635,-0.010849870551817));
#4114=CARTESIAN_POINT('',(-0.00555139606555374,-0.00635,-0.0109808433032491));
#4115=CARTESIAN_POINT('',(-0.00558356623564868,-0.00635,-0.0111415196236807));
#4116=CARTESIAN_POINT('',(-0.00561222155674403,-0.00635,-0.0113334545755259));
#4117=CARTESIAN_POINT('',(-0.00563410691908951,-0.00635,-0.0115561962824413));
#4118=CARTESIAN_POINT('',(-0.00564635637864476,-0.00635,-0.0118095469957786));
#4119=CARTESIAN_POINT('',(-0.00564555428355325,-0.00635,-0.0120932241316901));
#4120=CARTESIAN_POINT('',(-0.0056331239143863,-0.00635,-0.0123474494055099));
#4121=CARTESIAN_POINT('',(-0.00561761660011393,-0.00635,-0.0125084798148158));
#4122=CARTESIAN_POINT('',(-0.00561206846889163,-0.00635,-0.0125617046459302));
#4123=CARTESIAN_POINT('',(-0.00349607390328484,-0.00635,-0.0108266103853599));
#4124=CARTESIAN_POINT('',(-0.0035709148831093,-0.00635,-0.0110619604716158));
#4125=CARTESIAN_POINT('',(-0.00366669023250733,-0.00635,-0.0113631422144911));
#4126=CARTESIAN_POINT('',(-0.00368806352708719,-0.00635,-0.011409241170403));
#4127=CARTESIAN_POINT('',(-0.00372216548946459,-0.00635,-0.0114842025219597));
#4128=CARTESIAN_POINT('',(-0.00377017729032748,-0.00635,-0.0115738567940446));
#4129=CARTESIAN_POINT('',(-0.00383919895986899,-0.00635,-0.0116900585658797));
#4130=CARTESIAN_POINT('',(-0.00393006653019621,-0.00635,-0.011826421627059));
#4131=CARTESIAN_POINT('',(-0.00404552266432905,-0.00635,-0.0119824025049191));
#4132=CARTESIAN_POINT('',(-0.00418754954761882,-0.00635,-0.0121553799644553));
#4133=CARTESIAN_POINT('',(-0.00435803387912064,-0.00635,-0.0123431876477919));
#4134=CARTESIAN_POINT('',(-0.00455919107246963,-0.00635,-0.0125432105073841));
#4135=CARTESIAN_POINT('',(-0.00474774508586719,-0.00635,-0.0127141853241205));
#4136=CARTESIAN_POINT('',(-0.0048725761073446,-0.00635,-0.0128170856914379));
#4137=CARTESIAN_POINT('',(-0.0049141348675633,-0.00635,-0.0128507982092363));
#4138=CARTESIAN_POINT('',(-0.00361689119862159,-0.00635,-0.0112045778752931));
#4139=CARTESIAN_POINT('',(-0.003232403819163,-0.00635,-0.0113291318773793));
#4140=CARTESIAN_POINT('',(-0.00312151533375383,-0.00635,-0.0109404829507088));
#4141=CARTESIAN_POINT('',(2.54848214194511E-16,-0.00635,9.50897031816248E-16));
#4142=CARTESIAN_POINT('',(-0.00276692989802093,-0.00635,-0.0110354938318613));
#4143=CARTESIAN_POINT('',(-0.00286522211600462,-0.00635,-0.0114275179182159));
#4144=CARTESIAN_POINT('',(-0.00246996927691587,-0.00635,-0.0115118946779955));
#4145=CARTESIAN_POINT('',(-0.00238561637892744,-0.00635,-0.0111241565822405));
#4146=CARTESIAN_POINT('',(-0.00243847723228334,-0.00635,-0.0113653962256333));
#4147=CARTESIAN_POINT('',(-0.00250612421808594,-0.00635,-0.0116741149408183));
#4148=CARTESIAN_POINT('',(-0.00251066387997315,-0.00635,-0.0117247244550159));
#4149=CARTESIAN_POINT('',(-0.00251861139001377,-0.00635,-0.0118066938709547));
#4150=CARTESIAN_POINT('',(-0.0025218590868275,-0.00635,-0.0119083426485694));
#4151=CARTESIAN_POINT('',(-0.00252018545351052,-0.00635,-0.0120434871697142));
#4152=CARTESIAN_POINT('',(-0.00250967335981664,-0.00635,-0.0122070148299969));
#4153=CARTESIAN_POINT('',(-0.00248767585356488,-0.00635,-0.0123998262997947));
#4154=CARTESIAN_POINT('',(-0.00245116569438371,-0.00635,-0.0126206426156801));
#4155=CARTESIAN_POINT('',(-0.00239742577402422,-0.00635,-0.0128685310062264));
#4156=CARTESIAN_POINT('',(-0.00232322996422615,-0.00635,-0.0131423344806454));
#4157=CARTESIAN_POINT('',(-0.00224542480700653,-0.00635,-0.0133846800220452));
#4158=CARTESIAN_POINT('',(-0.00218876815488545,-0.00635,-0.0135362098649396));
#4159=CARTESIAN_POINT('',(-0.00216963347168542,-0.00635,-0.0135861851418878));
#4160=CARTESIAN_POINT('',(-0.000574815112162183,-0.00635,-0.0113625530916446));
#4161=CARTESIAN_POINT('',(-0.000586192862849837,-0.00635,-0.0116092540891113));
#4162=CARTESIAN_POINT('',(-0.000600753175261964,-0.00635,-0.0119249617974368));
#4163=CARTESIAN_POINT('',(-0.000609466904740203,-0.00635,-0.0119750217852109));
#4164=CARTESIAN_POINT('',(-0.000623005445498175,-0.00635,-0.0120562551279917));
#4165=CARTESIAN_POINT('',(-0.00064617705082792,-0.00635,-0.0121552808732886));
#4166=CARTESIAN_POINT('',(-0.000682771632386059,-0.00635,-0.0122853872883669));
#4167=CARTESIAN_POINT('',(-0.000735249608055567,-0.00635,-0.0124406221486947));
#4168=CARTESIAN_POINT('',(-0.00080640084795598,-0.00635,-0.0126211703534144));
#4169=CARTESIAN_POINT('',(-0.000898818421651496,-0.00635,-0.0128250130112583));
#4170=CARTESIAN_POINT('',(-0.00101488543516264,-0.00635,-0.0130505458948528));
#4171=CARTESIAN_POINT('',(-0.0011574186378439,-0.00635,-0.0132958164534793));
#4172=CARTESIAN_POINT('',(-0.00129529629023078,-0.00635,-0.0135097668143078));
#4173=CARTESIAN_POINT('',(-0.00138924122298806,-0.00635,-0.0136414695824123));
#4174=CARTESIAN_POINT('',(-0.0014206584611273,-0.00635,-0.0136847895726583));
#4175=CARTESIAN_POINT('',(-0.000593690473166025,-0.00635,-0.0117589114686796));
#4176=CARTESIAN_POINT('',(-0.000190067235581117,-0.00635,-0.011779708739657));
#4177=CARTESIAN_POINT('',(-0.000183546927767301,-0.00635,-0.0113756026521199));
#4178=CARTESIAN_POINT('',(5.42101086244561E-20,-0.00635,9.84455572616838E-16));
#4179=CARTESIAN_POINT('',(0.000183546927767297,-0.00635,-0.0113756026521199));
#4180=CARTESIAN_POINT('',(0.000190067235581109,-0.00635,-0.0117797087396568));
#4181=CARTESIAN_POINT('',(0.000593690473166011,-0.00635,-0.0117589114686794));
#4182=CARTESIAN_POINT('',(0.000574815112162179,-0.00635,-0.0113625530916446));
#4183=CARTESIAN_POINT('',(0.000586192862849833,-0.00635,-0.0116092540891113));
#4184=CARTESIAN_POINT('',(0.00060075317526196,-0.00635,-0.0119249617974368));
#4185=CARTESIAN_POINT('',(0.000609466904740199,-0.00635,-0.0119750217852109));
#4186=CARTESIAN_POINT('',(0.000623005445498171,-0.00635,-0.0120562551279917));
#4187=CARTESIAN_POINT('',(0.000646177050827916,-0.00635,-0.0121552808732886));
#4188=CARTESIAN_POINT('',(0.000682771632386054,-0.00635,-0.0122853872883669));
#4189=CARTESIAN_POINT('',(0.000735249608055562,-0.00635,-0.0124406221486947));
#4190=CARTESIAN_POINT('',(0.000806400847955976,-0.00635,-0.0126211703534144));
#4191=CARTESIAN_POINT('',(0.000898818421651491,-0.00635,-0.0128250130112583));
#4192=CARTESIAN_POINT('',(0.00101488543516263,-0.00635,-0.0130505458948528));
#4193=CARTESIAN_POINT('',(0.0011574186378439,-0.00635,-0.0132958164534793));
#4194=CARTESIAN_POINT('',(0.00129529629023078,-0.00635,-0.0135097668143078));
#4195=CARTESIAN_POINT('',(0.00138924122298805,-0.00635,-0.0136414695824123));
#4196=CARTESIAN_POINT('',(0.00142065846112729,-0.00635,-0.0136847895726583));
#4197=CARTESIAN_POINT('',(0.00238561637892744,-0.00635,-0.0111241565822405));
#4198=CARTESIAN_POINT('',(0.00243847723228333,-0.00635,-0.0113653962256333));
#4199=CARTESIAN_POINT('',(0.00250612421808594,-0.00635,-0.0116741149408183));
#4200=CARTESIAN_POINT('',(0.00251066387997315,-0.00635,-0.0117247244550159));
#4201=CARTESIAN_POINT('',(0.00251861139001376,-0.00635,-0.0118066938709547));
#4202=CARTESIAN_POINT('',(0.0025218590868275,-0.00635,-0.0119083426485694));
#4203=CARTESIAN_POINT('',(0.00252018545351051,-0.00635,-0.0120434871697142));
#4204=CARTESIAN_POINT('',(0.00250967335981663,-0.00635,-0.0122070148299969));
#4205=CARTESIAN_POINT('',(0.00248767585356487,-0.00635,-0.0123998262997948));
#4206=CARTESIAN_POINT('',(0.0024511656943837,-0.00635,-0.0126206426156801));
#4207=CARTESIAN_POINT('',(0.00239742577402422,-0.00635,-0.0128685310062264));
#4208=CARTESIAN_POINT('',(0.00232322996422615,-0.00635,-0.0131423344806454));
#4209=CARTESIAN_POINT('',(0.00224542480700653,-0.00635,-0.0133846800220452));
#4210=CARTESIAN_POINT('',(0.00218876815488544,-0.00635,-0.0135362098649396));
#4211=CARTESIAN_POINT('',(0.00216963347168542,-0.00635,-0.0135861851418878));
#4212=CARTESIAN_POINT('',(0.0024699692769159,-0.00635,-0.0115118946779957));
#4213=CARTESIAN_POINT('',(0.00286522211600466,-0.00635,-0.0114275179182161));
#4214=CARTESIAN_POINT('',(0.00276692989802093,-0.00635,-0.0110354938318613));
#4215=CARTESIAN_POINT('',(-2.54743488306579E-16,-0.00635,9.50925093033346E-16));
#4216=CARTESIAN_POINT('',(0.00312151533375383,-0.00635,-0.0109404829507088));
#4217=CARTESIAN_POINT('',(0.00323240381916294,-0.00635,-0.0113291318773791));
#4218=CARTESIAN_POINT('',(0.00361689119862152,-0.00635,-0.0112045778752929));
#4219=CARTESIAN_POINT('',(0.00349607390328483,-0.00635,-0.0108266103853599));
#4220=CARTESIAN_POINT('',(0.00357091488310929,-0.00635,-0.0110619604716158));
#4221=CARTESIAN_POINT('',(0.00366669023250733,-0.00635,-0.0113631422144911));
#4222=CARTESIAN_POINT('',(0.00368806352708719,-0.00635,-0.011409241170403));
#4223=CARTESIAN_POINT('',(0.00372216548946459,-0.00635,-0.0114842025219597));
#4224=CARTESIAN_POINT('',(0.00377017729032748,-0.00635,-0.0115738567940446));
#4225=CARTESIAN_POINT('',(0.00383919895986899,-0.00635,-0.0116900585658797));
#4226=CARTESIAN_POINT('',(0.0039300665301962,-0.00635,-0.011826421627059));
#4227=CARTESIAN_POINT('',(0.00404552266432905,-0.00635,-0.0119824025049191));
#4228=CARTESIAN_POINT('',(0.00418754954761882,-0.00635,-0.0121553799644553));
#4229=CARTESIAN_POINT('',(0.00435803387912063,-0.00635,-0.0123431876477919));
#4230=CARTESIAN_POINT('',(0.00455919107246962,-0.00635,-0.0125432105073841));
#4231=CARTESIAN_POINT('',(0.00474774508586719,-0.00635,-0.0127141853241205));
#4232=CARTESIAN_POINT('',(0.0048725761073446,-0.00635,-0.0128170856914379));
#4233=CARTESIAN_POINT('',(0.0049141348675633,-0.00635,-0.0128507982092363));
#4234=CARTESIAN_POINT('',(0.00518347205621063,-0.00635,-0.0101276671852947));
#4235=CARTESIAN_POINT('',(0.00529696913381056,-0.00635,-0.0103470053915837));
#4236=CARTESIAN_POINT('',(0.00544221338753739,-0.00635,-0.0106276964433702));
#4237=CARTESIAN_POINT('',(0.00545969707033458,-0.00635,-0.0106754065292348));
#4238=CARTESIAN_POINT('',(0.00548858902149839,-0.00635,-0.0107525259380963));
#4239=CARTESIAN_POINT('',(0.00551803469528482,-0.00635,-0.010849870551817));
#4240=CARTESIAN_POINT('',(0.00555139606555374,-0.00635,-0.0109808433032491));
#4241=CARTESIAN_POINT('',(0.00558356623564867,-0.00635,-0.0111415196236807));
#4242=CARTESIAN_POINT('',(0.00561222155674403,-0.00635,-0.0113334545755259));
#4243=CARTESIAN_POINT('',(0.0056341069190895,-0.00635,-0.0115561962824414));
#4244=CARTESIAN_POINT('',(0.00564635637864475,-0.00635,-0.0118095469957786));
#4245=CARTESIAN_POINT('',(0.00564555428355324,-0.00635,-0.0120932241316901));
#4246=CARTESIAN_POINT('',(0.00563312391438629,-0.00635,-0.0123474494055099));
#4247=CARTESIAN_POINT('',(0.00561761660011392,-0.00635,-0.0125084798148158));
#4248=CARTESIAN_POINT('',(0.00561206846889163,-0.00635,-0.0125617046459302));
#4249=CARTESIAN_POINT('',(0.00536530470259325,-0.00635,-0.0104803612893118));
#4250=CARTESIAN_POINT('',(0.00572525131538816,-0.00635,-0.0102965606355151));
#4251=CARTESIAN_POINT('',(0.00552884502382691,-0.00635,-0.00994333434397716));
#4252=CARTESIAN_POINT('',(-4.92180838977209E-16,-0.00635,8.5259063983765E-16));
#4253=CARTESIAN_POINT('',(0.00584675762829304,-0.00635,-0.00975978741620986));
#4254=CARTESIAN_POINT('',(0.00605445742426871,-0.00635,-0.0101064933999338));
#4255=CARTESIAN_POINT('',(0.0063936067660863,-0.00635,-0.00988667081614558));
#4256=CARTESIAN_POINT('',(0.00617908103543393,-0.00635,-0.00955285207313251));
#4257=CARTESIAN_POINT('',(0.00631228495530072,-0.00635,-0.00976081252873382));
#4258=CARTESIAN_POINT('',(0.00648274840989944,-0.00635,-0.0100269432681082));
#4259=CARTESIAN_POINT('',(0.00651532471487634,-0.00635,-0.0100659396244946));
#4260=CARTESIAN_POINT('',(0.00656766610649331,-0.00635,-0.0101295204925981));
#4261=CARTESIAN_POINT('',(0.00663724617800379,-0.00635,-0.0102036935009891));
#4262=CARTESIAN_POINT('',(0.00673399122281313,-0.00635,-0.0102980716708631));
#4263=CARTESIAN_POINT('',(0.00685705591304601,-0.00635,-0.0104062700156252));
#4264=CARTESIAN_POINT('',(0.00700894879667041,-0.00635,-0.0105270537275699));
#4265=CARTESIAN_POINT('',(0.00719090609216876,-0.00635,-0.0106573778607899));
#4266=CARTESIAN_POINT('',(0.00740418951620809,-0.00635,-0.010794661560616));
#4267=CARTESIAN_POINT('',(0.00765026216992604,-0.00635,-0.0109358054938462));
#4268=CARTESIAN_POINT('',(0.00787664289992149,-0.00635,-0.0110521531152791));
#4269=CARTESIAN_POINT('',(0.00802385298229836,-0.00635,-0.0111192385918277));
#4270=CARTESIAN_POINT('',(0.00807272110376672,-0.00635,-0.0111410461848029));
#4271=CARTESIAN_POINT('',(0.00762808267895565,-0.00635,-0.00844099400643242));
#4272=CARTESIAN_POINT('',(0.00779448134252396,-0.00635,-0.00862348323933252));
#4273=CARTESIAN_POINT('',(0.00800742470831102,-0.00635,-0.00885701799640519));
#4274=CARTESIAN_POINT('',(0.0080366609279287,-0.00635,-0.00889857729042985));
#4275=CARTESIAN_POINT('',(0.0080845283814901,-0.00635,-0.00896559113194592));
#4276=CARTESIAN_POINT('',(0.00813816535824197,-0.00635,-0.00905199770721706));
#4277=CARTESIAN_POINT('',(0.00820428820984523,-0.00635,-0.00916987311236921));
#4278=CARTESIAN_POINT('',(0.00827694829980072,-0.00635,-0.00931674826724241));
#4279=CARTESIAN_POINT('',(0.0083543036354657,-0.00635,-0.00949472665135421));
#4280=CARTESIAN_POINT('',(0.00843309306806125,-0.00635,-0.00970421427007158));
#4281=CARTESIAN_POINT('',(0.00851049712710574,-0.00635,-0.00994576187376766));
#4282=CARTESIAN_POINT('',(0.00858314340817575,-0.00635,-0.010219980543158));
#4283=CARTESIAN_POINT('',(0.00863693493617805,-0.00635,-0.010468760517114));
#4284=CARTESIAN_POINT('',(0.00866363375759499,-0.00635,-0.0106283175365525));
#4285=CARTESIAN_POINT('',(0.00867205027432452,-0.00635,-0.0106811647375508));
#4286=CARTESIAN_POINT('',(0.0078950034793741,-0.00635,-0.00873460859837719));
#4287=CARTESIAN_POINT('',(0.00819511409905309,-0.00635,-0.00846390976137467));
#4288=CARTESIAN_POINT('',(0.00791397849810747,-0.00635,-0.0081735530526879));
#4289=CARTESIAN_POINT('',(-6.96076878838835E-16,-0.00635,6.96153543509669E-16));
#4290=CARTESIAN_POINT('',(0.0081735530526879,-0.00635,-0.00791397849810748));
#4291=CARTESIAN_POINT('',(0.00846390976137452,-0.00635,-0.00819511409905295));
#4292=CARTESIAN_POINT('',(0.00873460859837704,-0.00635,-0.00789500347937397));
#4293=CARTESIAN_POINT('',(0.00844099400643242,-0.00635,-0.00762808267895565));
#4294=CARTESIAN_POINT('',(0.00862348323933251,-0.00635,-0.00779448134252397));
#4295=CARTESIAN_POINT('',(0.00885701799640518,-0.00635,-0.00800742470831102));
#4296=CARTESIAN_POINT('',(0.00889857729042985,-0.00635,-0.00803666092792871));
#4297=CARTESIAN_POINT('',(0.00896559113194591,-0.00635,-0.00808452838149011));
#4298=CARTESIAN_POINT('',(0.00905199770721706,-0.00635,-0.00813816535824197));
#4299=CARTESIAN_POINT('',(0.00916987311236921,-0.00635,-0.00820428820984524));
#4300=CARTESIAN_POINT('',(0.00931674826724241,-0.00635,-0.00827694829980073));
#4301=CARTESIAN_POINT('',(0.00949472665135421,-0.00635,-0.00835430363546571));
#4302=CARTESIAN_POINT('',(0.00970421427007157,-0.00635,-0.00843309306806126));
#4303=CARTESIAN_POINT('',(0.00994576187376766,-0.00635,-0.00851049712710574));
#4304=CARTESIAN_POINT('',(0.010219980543158,-0.00635,-0.00858314340817575));
#4305=CARTESIAN_POINT('',(0.010468760517114,-0.00635,-0.00863693493617805));
#4306=CARTESIAN_POINT('',(0.0106283175365525,-0.00635,-0.008663633757595));
#4307=CARTESIAN_POINT('',(0.0106811647375508,-0.00635,-0.00867205027432452));
#4308=CARTESIAN_POINT('',(0.0095528520731325,-0.00635,-0.00617908103543393));
#4309=CARTESIAN_POINT('',(0.00976081252873382,-0.00635,-0.00631228495530073));
#4310=CARTESIAN_POINT('',(0.0100269432681082,-0.00635,-0.00648274840989944));
#4311=CARTESIAN_POINT('',(0.0100659396244946,-0.00635,-0.00651532471487635));
#4312=CARTESIAN_POINT('',(0.0101295204925981,-0.00635,-0.00656766610649331));
#4313=CARTESIAN_POINT('',(0.0102036935009891,-0.00635,-0.00663724617800379));
#4314=CARTESIAN_POINT('',(0.0102980716708631,-0.00635,-0.00673399122281313));
#4315=CARTESIAN_POINT('',(0.0104062700156252,-0.00635,-0.00685705591304602));
#4316=CARTESIAN_POINT('',(0.0105270537275699,-0.00635,-0.00700894879667041));
#4317=CARTESIAN_POINT('',(0.0106573778607899,-0.00635,-0.00719090609216876));
#4318=CARTESIAN_POINT('',(0.010794661560616,-0.00635,-0.00740418951620809));
#4319=CARTESIAN_POINT('',(0.0109358054938462,-0.00635,-0.00765026216992604));
#4320=CARTESIAN_POINT('',(0.0110521531152791,-0.00635,-0.0078766428999215));
#4321=CARTESIAN_POINT('',(0.0111192385918277,-0.00635,-0.00802385298229836));
#4322=CARTESIAN_POINT('',(0.0111410461848029,-0.00635,-0.00807272110376672));
#4323=CARTESIAN_POINT('',(0.00988667081614574,-0.00635,-0.00639360676608641));
#4324=CARTESIAN_POINT('',(0.0101064933999339,-0.00635,-0.00605445742426882));
#4325=CARTESIAN_POINT('',(0.00975978741620986,-0.00635,-0.00584675762829305));
#4326=CARTESIAN_POINT('',(-8.52536429729026E-16,-0.00635,4.9227473363963E-16));
#4327=CARTESIAN_POINT('',(0.00994333434397716,-0.00635,-0.00552884502382691));
#4328=CARTESIAN_POINT('',(0.0102965606355149,-0.00635,-0.00572525131538806));
#4329=CARTESIAN_POINT('',(0.0104803612893116,-0.00635,-0.00536530470259316));
#4330=CARTESIAN_POINT('',(0.0101276671852947,-0.00635,-0.00518347205621063));
#4331=CARTESIAN_POINT('',(0.0103470053915836,-0.00635,-0.00529696913381056));
#4332=CARTESIAN_POINT('',(0.0106276964433702,-0.00635,-0.0054422133875374));
#4333=CARTESIAN_POINT('',(0.0106754065292348,-0.00635,-0.00545969707033458));
#4334=CARTESIAN_POINT('',(0.0107525259380963,-0.00635,-0.00548858902149839));
#4335=CARTESIAN_POINT('',(0.010849870551817,-0.00635,-0.00551803469528482));
#4336=CARTESIAN_POINT('',(0.0109808433032491,-0.00635,-0.00555139606555374));
#4337=CARTESIAN_POINT('',(0.0111415196236807,-0.00635,-0.00558356623564868));
#4338=CARTESIAN_POINT('',(0.0113334545755259,-0.00635,-0.00561222155674403));
#4339=CARTESIAN_POINT('',(0.0115561962824413,-0.00635,-0.00563410691908951));
#4340=CARTESIAN_POINT('',(0.0118095469957786,-0.00635,-0.00564635637864476));
#4341=CARTESIAN_POINT('',(0.0120932241316901,-0.00635,-0.00564555428355325));
#4342=CARTESIAN_POINT('',(0.0123474494055099,-0.00635,-0.0056331239143863));
#4343=CARTESIAN_POINT('',(0.0125084798148158,-0.00635,-0.00561761660011393));
#4344=CARTESIAN_POINT('',(0.0125617046459302,-0.00635,-0.00561206846889163));
#4345=CARTESIAN_POINT('',(0.0108266103853599,-0.00635,-0.00349607390328484));
#4346=CARTESIAN_POINT('',(0.0110619604716158,-0.00635,-0.0035709148831093));
#4347=CARTESIAN_POINT('',(0.0113631422144911,-0.00635,-0.00366669023250733));
#4348=CARTESIAN_POINT('',(0.011409241170403,-0.00635,-0.00368806352708719));
#4349=CARTESIAN_POINT('',(0.0114842025219597,-0.00635,-0.00372216548946459));
#4350=CARTESIAN_POINT('',(0.0115738567940446,-0.00635,-0.00377017729032748));
#4351=CARTESIAN_POINT('',(0.0116900585658797,-0.00635,-0.00383919895986899));
#4352=CARTESIAN_POINT('',(0.011826421627059,-0.00635,-0.00393006653019621));
#4353=CARTESIAN_POINT('',(0.0119824025049191,-0.00635,-0.00404552266432905));
#4354=CARTESIAN_POINT('',(0.0121553799644553,-0.00635,-0.00418754954761882));
#4355=CARTESIAN_POINT('',(0.0123431876477919,-0.00635,-0.00435803387912064));
#4356=CARTESIAN_POINT('',(0.0125432105073841,-0.00635,-0.00455919107246963));
#4357=CARTESIAN_POINT('',(0.0127141853241205,-0.00635,-0.0047477450858672));
#4358=CARTESIAN_POINT('',(0.0128170856914379,-0.00635,-0.0048725761073446));
#4359=CARTESIAN_POINT('',(0.0128507982092363,-0.00635,-0.00491413486756331));
#4360=CARTESIAN_POINT('',(0.0112045778752931,-0.00635,-0.00361689119862159));
#4361=CARTESIAN_POINT('',(0.0113291318773793,-0.00635,-0.003232403819163));
#4362=CARTESIAN_POINT('',(0.0109404829507088,-0.00635,-0.00312151533375383));
#4363=CARTESIAN_POINT('',(-9.50897031816248E-16,-0.00635,2.54848214194511E-16));
#4364=CARTESIAN_POINT('',(0.0110354938318613,-0.00635,-0.00276692989802094));
#4365=CARTESIAN_POINT('',(0.0114275179182159,-0.00635,-0.00286522211600462));
#4366=CARTESIAN_POINT('',(0.0115118946779955,-0.00635,-0.00246996927691587));
#4367=CARTESIAN_POINT('',(0.0111241565822405,-0.00635,-0.00238561637892744));
#4368=CARTESIAN_POINT('',(0.0113653962256333,-0.00635,-0.00243847723228334));
#4369=CARTESIAN_POINT('',(0.0116741149408183,-0.00635,-0.00250612421808594));
#4370=CARTESIAN_POINT('',(0.0117247244550159,-0.00635,-0.00251066387997316));
#4371=CARTESIAN_POINT('',(0.0118066938709547,-0.00635,-0.00251861139001377));
#4372=CARTESIAN_POINT('',(0.0119083426485694,-0.00635,-0.0025218590868275));
#4373=CARTESIAN_POINT('',(0.0120434871697142,-0.00635,-0.00252018545351052));
#4374=CARTESIAN_POINT('',(0.0122070148299969,-0.00635,-0.00250967335981664));
#4375=CARTESIAN_POINT('',(0.0123998262997947,-0.00635,-0.00248767585356488));
#4376=CARTESIAN_POINT('',(0.0126206426156801,-0.00635,-0.00245116569438371));
#4377=CARTESIAN_POINT('',(0.0128685310062264,-0.00635,-0.00239742577402422));
#4378=CARTESIAN_POINT('',(0.0131423344806454,-0.00635,-0.00232322996422615));
#4379=CARTESIAN_POINT('',(0.0133846800220452,-0.00635,-0.00224542480700653));
#4380=CARTESIAN_POINT('',(0.0135362098649396,-0.00635,-0.00218876815488545));
#4381=CARTESIAN_POINT('',(0.0135861851418878,-0.00635,-0.00216963347168542));
#4382=CARTESIAN_POINT('',(0.0135861851418878,-0.00635,-0.00216963347168543));
#4383=CARTESIAN_POINT('',(0.,-0.00635,8.4245494391345E-19));
#4384=CARTESIAN_POINT('',(0.0136847895726583,-0.00635,-0.0014206584611273));
#4385=CARTESIAN_POINT('',(0.0113625530916446,-0.00635,-0.000574815112162181));
#4386=CARTESIAN_POINT('',(0.0116092540891113,-0.00635,-0.000586192862849835));
#4387=CARTESIAN_POINT('',(0.0119249617974368,-0.00635,-0.000600753175261962));
#4388=CARTESIAN_POINT('',(0.0119750217852109,-0.00635,-0.000609466904740201));
#4389=CARTESIAN_POINT('',(0.0120562551279917,-0.00635,-0.000623005445498173));
#4390=CARTESIAN_POINT('',(0.0121552808732886,-0.00635,-0.000646177050827918));
#4391=CARTESIAN_POINT('',(0.0122853872883669,-0.00635,-0.000682771632386057));
#4392=CARTESIAN_POINT('',(0.0124406221486947,-0.00635,-0.000735249608055565));
#4393=CARTESIAN_POINT('',(0.0126211703534144,-0.00635,-0.000806400847955978));
#4394=CARTESIAN_POINT('',(0.0128250130112583,-0.00635,-0.000898818421651494));
#4395=CARTESIAN_POINT('',(0.0130505458948528,-0.00635,-0.00101488543516263));
#4396=CARTESIAN_POINT('',(0.0132958164534793,-0.00635,-0.0011574186378439));
#4397=CARTESIAN_POINT('',(0.0135097668143078,-0.00635,-0.00129529629023078));
#4398=CARTESIAN_POINT('',(0.0136414695824123,-0.00635,-0.00138924122298806));
#4399=CARTESIAN_POINT('',(0.0136847895726583,-0.00635,-0.0014206584611273));
#4400=CARTESIAN_POINT('',(0.0117589114686796,-0.00635,-0.000593690473166023));
#4401=CARTESIAN_POINT('',(0.011779708739657,-0.00635,-0.000190067235581114));
#4402=CARTESIAN_POINT('',(0.0113756026521199,-0.00635,-0.000183546927767299));
#4403=CARTESIAN_POINT('',(-9.84455572616838E-16,-0.00635,5.42101086242752E-20));
#4404=CARTESIAN_POINT('',(0.0113756026521199,-0.00635,0.000183546927767299));
#4405=CARTESIAN_POINT('',(0.0117797087396568,-0.00635,0.000190067235581111));
#4406=CARTESIAN_POINT('',(0.0117589114686794,-0.00635,0.000593690473166013));
#4407=CARTESIAN_POINT('',(0.0113625530916446,-0.00635,0.000574815112162181));
#4408=CARTESIAN_POINT('',(0.0116092540891113,-0.00635,0.000586192862849835));
#4409=CARTESIAN_POINT('',(0.0119249617974368,-0.00635,0.000600753175261962));
#4410=CARTESIAN_POINT('',(0.0119750217852109,-0.00635,0.000609466904740201));
#4411=CARTESIAN_POINT('',(0.0120562551279917,-0.00635,0.000623005445498173));
#4412=CARTESIAN_POINT('',(0.0121552808732886,-0.00635,0.000646177050827918));
#4413=CARTESIAN_POINT('',(0.0122853872883669,-0.00635,0.000682771632386057));
#4414=CARTESIAN_POINT('',(0.0124406221486947,-0.00635,0.000735249608055565));
#4415=CARTESIAN_POINT('',(0.0126211703534144,-0.00635,0.000806400847955978));
#4416=CARTESIAN_POINT('',(0.0128250130112583,-0.00635,0.000898818421651494));
#4417=CARTESIAN_POINT('',(0.0130505458948528,-0.00635,0.00101488543516263));
#4418=CARTESIAN_POINT('',(0.0132958164534793,-0.00635,0.0011574186378439));
#4419=CARTESIAN_POINT('',(0.0135097668143078,-0.00635,0.00129529629023078));
#4420=CARTESIAN_POINT('',(0.0136414695824123,-0.00635,0.00138924122298806));
#4421=CARTESIAN_POINT('',(0.0136847895726583,-0.00635,0.0014206584611273));
#4422=CARTESIAN_POINT('',(0.0111241565822405,-0.00635,0.00238561637892744));
#4423=CARTESIAN_POINT('',(0.0113653962256333,-0.00635,0.00243847723228334));
#4424=CARTESIAN_POINT('',(0.0116741149408183,-0.00635,0.00250612421808595));
#4425=CARTESIAN_POINT('',(0.0117247244550159,-0.00635,0.00251066387997316));
#4426=CARTESIAN_POINT('',(0.0118066938709547,-0.00635,0.00251861139001377));
#4427=CARTESIAN_POINT('',(0.0119083426485694,-0.00635,0.0025218590868275));
#4428=CARTESIAN_POINT('',(0.0120434871697142,-0.00635,0.00252018545351052));
#4429=CARTESIAN_POINT('',(0.0122070148299969,-0.00635,0.00250967335981664));
#4430=CARTESIAN_POINT('',(0.0123998262997947,-0.00635,0.00248767585356488));
#4431=CARTESIAN_POINT('',(0.0126206426156801,-0.00635,0.00245116569438371));
#4432=CARTESIAN_POINT('',(0.0128685310062264,-0.00635,0.00239742577402422));
#4433=CARTESIAN_POINT('',(0.0131423344806454,-0.00635,0.00232322996422616));
#4434=CARTESIAN_POINT('',(0.0133846800220452,-0.00635,0.00224542480700653));
#4435=CARTESIAN_POINT('',(0.0135362098649396,-0.00635,0.00218876815488545));
#4436=CARTESIAN_POINT('',(0.0135861851418878,-0.00635,0.00216963347168542));
#4437=CARTESIAN_POINT('',(0.0115118946779957,-0.00635,0.00246996927691591));
#4438=CARTESIAN_POINT('',(0.0114275179182161,-0.00635,0.00286522211600467));
#4439=CARTESIAN_POINT('',(0.0110354938318613,-0.00635,0.00276692989802094));
#4440=CARTESIAN_POINT('',(-9.50925093033346E-16,-0.00635,-2.54743488306579E-16));
#4441=CARTESIAN_POINT('',(0.0109404829507088,-0.00635,0.00312151533375383));
#4442=CARTESIAN_POINT('',(0.0113291318773791,-0.00635,0.00323240381916294));
#4443=CARTESIAN_POINT('',(0.0112045778752929,-0.00635,0.00361689119862152));
#4444=CARTESIAN_POINT('',(0.0108266103853599,-0.00635,0.00349607390328484));
#4445=CARTESIAN_POINT('',(0.0110619604716158,-0.00635,0.0035709148831093));
#4446=CARTESIAN_POINT('',(0.0113631422144911,-0.00635,0.00366669023250733));
#4447=CARTESIAN_POINT('',(0.011409241170403,-0.00635,0.00368806352708719));
#4448=CARTESIAN_POINT('',(0.0114842025219597,-0.00635,0.00372216548946459));
#4449=CARTESIAN_POINT('',(0.0115738567940446,-0.00635,0.00377017729032748));
#4450=CARTESIAN_POINT('',(0.0116900585658797,-0.00635,0.00383919895986899));
#4451=CARTESIAN_POINT('',(0.011826421627059,-0.00635,0.00393006653019621));
#4452=CARTESIAN_POINT('',(0.0119824025049191,-0.00635,0.00404552266432905));
#4453=CARTESIAN_POINT('',(0.0121553799644553,-0.00635,0.00418754954761882));
#4454=CARTESIAN_POINT('',(0.0123431876477919,-0.00635,0.00435803387912065));
#4455=CARTESIAN_POINT('',(0.0125432105073841,-0.00635,0.00455919107246963));
#4456=CARTESIAN_POINT('',(0.0127141853241205,-0.00635,0.0047477450858672));
#4457=CARTESIAN_POINT('',(0.0128170856914379,-0.00635,0.0048725761073446));
#4458=CARTESIAN_POINT('',(0.0128507982092363,-0.00635,0.00491413486756331));
#4459=CARTESIAN_POINT('',(0.0101276671852947,-0.00635,0.00518347205621063));
#4460=CARTESIAN_POINT('',(0.0103470053915837,-0.00635,0.00529696913381055));
#4461=CARTESIAN_POINT('',(0.0106276964433702,-0.00635,0.00544221338753739));
#4462=CARTESIAN_POINT('',(0.0106754065292348,-0.00635,0.00545969707033457));
#4463=CARTESIAN_POINT('',(0.0107525259380963,-0.00635,0.00548858902149839));
#4464=CARTESIAN_POINT('',(0.010849870551817,-0.00635,0.00551803469528482));
#4465=CARTESIAN_POINT('',(0.0109808433032491,-0.00635,0.00555139606555374));
#4466=CARTESIAN_POINT('',(0.0111415196236807,-0.00635,0.00558356623564867));
#4467=CARTESIAN_POINT('',(0.0113334545755259,-0.00635,0.00561222155674402));
#4468=CARTESIAN_POINT('',(0.0115561962824414,-0.00635,0.0056341069190895));
#4469=CARTESIAN_POINT('',(0.0118095469957786,-0.00635,0.00564635637864475));
#4470=CARTESIAN_POINT('',(0.0120932241316901,-0.00635,0.00564555428355324));
#4471=CARTESIAN_POINT('',(0.0123474494055099,-0.00635,0.00563312391438629));
#4472=CARTESIAN_POINT('',(0.0125084798148158,-0.00635,0.00561761660011392));
#4473=CARTESIAN_POINT('',(0.0125617046459302,-0.00635,0.00561206846889163));
#4474=CARTESIAN_POINT('',(0.0104803612893118,-0.00635,0.00536530470259325));
#4475=CARTESIAN_POINT('',(0.0102965606355151,-0.00635,0.00572525131538816));
#4476=CARTESIAN_POINT('',(0.00994333434397716,-0.00635,0.0055288450238269));
#4477=CARTESIAN_POINT('',(-8.5259063983765E-16,-0.00635,-4.92180838977208E-16));
#4478=CARTESIAN_POINT('',(0.00975978741620986,-0.00635,0.00584675762829304));
#4479=CARTESIAN_POINT('',(0.0101064933999338,-0.00635,0.0060544574242687));
#4480=CARTESIAN_POINT('',(0.00988667081614558,-0.00635,0.0063936067660863));
#4481=CARTESIAN_POINT('',(0.00955285207313251,-0.00635,0.00617908103543393));
#4482=CARTESIAN_POINT('',(0.00976081252873382,-0.00635,0.00631228495530072));
#4483=CARTESIAN_POINT('',(0.0100269432681083,-0.00635,0.00648274840989944));
#4484=CARTESIAN_POINT('',(0.0100659396244946,-0.00635,0.00651532471487634));
#4485=CARTESIAN_POINT('',(0.0101295204925981,-0.00635,0.0065676661064933));
#4486=CARTESIAN_POINT('',(0.0102036935009891,-0.00635,0.00663724617800379));
#4487=CARTESIAN_POINT('',(0.0102980716708631,-0.00635,0.00673399122281313));
#4488=CARTESIAN_POINT('',(0.0104062700156252,-0.00635,0.00685705591304601));
#4489=CARTESIAN_POINT('',(0.0105270537275699,-0.00635,0.0070089487966704));
#4490=CARTESIAN_POINT('',(0.0106573778607899,-0.00635,0.00719090609216875));
#4491=CARTESIAN_POINT('',(0.010794661560616,-0.00635,0.00740418951620808));
#4492=CARTESIAN_POINT('',(0.0109358054938462,-0.00635,0.00765026216992604));
#4493=CARTESIAN_POINT('',(0.0110521531152791,-0.00635,0.00787664289992149));
#4494=CARTESIAN_POINT('',(0.0111192385918277,-0.00635,0.00802385298229836));
#4495=CARTESIAN_POINT('',(0.0111410461848029,-0.00635,0.00807272110376672));
#4496=CARTESIAN_POINT('',(0.00844099400643242,-0.00635,0.00762808267895565));
#4497=CARTESIAN_POINT('',(0.00862348323933251,-0.00635,0.00779448134252396));
#4498=CARTESIAN_POINT('',(0.00885701799640519,-0.00635,0.00800742470831102));
#4499=CARTESIAN_POINT('',(0.00889857729042985,-0.00635,0.0080366609279287));
#4500=CARTESIAN_POINT('',(0.00896559113194592,-0.00635,0.00808452838149011));
#4501=CARTESIAN_POINT('',(0.00905199770721706,-0.00635,0.00813816535824197));
#4502=CARTESIAN_POINT('',(0.00916987311236921,-0.00635,0.00820428820984523));
#4503=CARTESIAN_POINT('',(0.00931674826724241,-0.00635,0.00827694829980073));
#4504=CARTESIAN_POINT('',(0.00949472665135421,-0.00635,0.0083543036354657));
#4505=CARTESIAN_POINT('',(0.00970421427007158,-0.00635,0.00843309306806125));
#4506=CARTESIAN_POINT('',(0.00994576187376766,-0.00635,0.00851049712710574));
#4507=CARTESIAN_POINT('',(0.010219980543158,-0.00635,0.00858314340817575));
#4508=CARTESIAN_POINT('',(0.010468760517114,-0.00635,0.00863693493617805));
#4509=CARTESIAN_POINT('',(0.0106283175365525,-0.00635,0.00866363375759499));
#4510=CARTESIAN_POINT('',(0.0106811647375508,-0.00635,0.00867205027432452));
#4511=CARTESIAN_POINT('',(0.00873460859837719,-0.00635,0.0078950034793741));
#4512=CARTESIAN_POINT('',(0.00846390976137467,-0.00635,0.00819511409905309));
#4513=CARTESIAN_POINT('',(0.0081735530526879,-0.00635,0.00791397849810747));
#4514=CARTESIAN_POINT('',(-6.96153543509669E-16,-0.00635,-6.96076878838835E-16));
#4515=CARTESIAN_POINT('',(0.00791397849810748,-0.00635,0.0081735530526879));
#4516=CARTESIAN_POINT('',(0.00819511409905295,-0.00635,0.00846390976137452));
#4517=CARTESIAN_POINT('',(0.00789500347937397,-0.00635,0.00873460859837704));
#4518=CARTESIAN_POINT('',(0.00762808267895565,-0.00635,0.00844099400643242));
#4519=CARTESIAN_POINT('',(0.00779448134252397,-0.00635,0.00862348323933251));
#4520=CARTESIAN_POINT('',(0.00800742470831102,-0.00635,0.00885701799640518));
#4521=CARTESIAN_POINT('',(0.0080366609279287,-0.00635,0.00889857729042985));
#4522=CARTESIAN_POINT('',(0.00808452838149011,-0.00635,0.00896559113194591));
#4523=CARTESIAN_POINT('',(0.00813816535824197,-0.00635,0.00905199770721706));
#4524=CARTESIAN_POINT('',(0.00820428820984523,-0.00635,0.00916987311236921));
#4525=CARTESIAN_POINT('',(0.00827694829980073,-0.00635,0.00931674826724241));
#4526=CARTESIAN_POINT('',(0.0083543036354657,-0.00635,0.00949472665135421));
#4527=CARTESIAN_POINT('',(0.00843309306806126,-0.00635,0.00970421427007158));
#4528=CARTESIAN_POINT('',(0.00851049712710574,-0.00635,0.00994576187376766));
#4529=CARTESIAN_POINT('',(0.00858314340817575,-0.00635,0.010219980543158));
#4530=CARTESIAN_POINT('',(0.00863693493617805,-0.00635,0.010468760517114));
#4531=CARTESIAN_POINT('',(0.008663633757595,-0.00635,0.0106283175365525));
#4532=CARTESIAN_POINT('',(0.00867205027432452,-0.00635,0.0106811647375508));
#4533=CARTESIAN_POINT('',(0.00617908103543393,-0.00635,0.00955285207313251));
#4534=CARTESIAN_POINT('',(0.00631228495530072,-0.00635,0.00976081252873382));
#4535=CARTESIAN_POINT('',(0.00648274840989944,-0.00635,0.0100269432681082));
#4536=CARTESIAN_POINT('',(0.00651532471487634,-0.00635,0.0100659396244946));
#4537=CARTESIAN_POINT('',(0.00656766610649331,-0.00635,0.0101295204925981));
#4538=CARTESIAN_POINT('',(0.00663724617800379,-0.00635,0.0102036935009891));
#4539=CARTESIAN_POINT('',(0.00673399122281313,-0.00635,0.0102980716708631));
#4540=CARTESIAN_POINT('',(0.00685705591304601,-0.00635,0.0104062700156252));
#4541=CARTESIAN_POINT('',(0.00700894879667041,-0.00635,0.0105270537275699));
#4542=CARTESIAN_POINT('',(0.00719090609216876,-0.00635,0.0106573778607899));
#4543=CARTESIAN_POINT('',(0.00740418951620809,-0.00635,0.010794661560616));
#4544=CARTESIAN_POINT('',(0.00765026216992604,-0.00635,0.0109358054938462));
#4545=CARTESIAN_POINT('',(0.00787664289992149,-0.00635,0.0110521531152791));
#4546=CARTESIAN_POINT('',(0.00802385298229836,-0.00635,0.0111192385918277));
#4547=CARTESIAN_POINT('',(0.00807272110376672,-0.00635,0.0111410461848029));
#4548=CARTESIAN_POINT('',(0.00639360676608641,-0.00635,0.00988667081614575));
#4549=CARTESIAN_POINT('',(0.00605445742426881,-0.00635,0.0101064933999339));
#4550=CARTESIAN_POINT('',(0.00584675762829304,-0.00635,0.00975978741620986));
#4551=CARTESIAN_POINT('',(-4.9227473363963E-16,-0.00635,-8.52536429729026E-16));
#4552=CARTESIAN_POINT('',(0.00552884502382691,-0.00635,0.00994333434397716));
#4553=CARTESIAN_POINT('',(0.00572525131538806,-0.00635,0.0102965606355149));
#4554=CARTESIAN_POINT('',(0.00536530470259316,-0.00635,0.0104803612893116));
#4555=CARTESIAN_POINT('',(0.00518347205621063,-0.00635,0.0101276671852947));
#4556=CARTESIAN_POINT('',(0.00529696913381056,-0.00635,0.0103470053915837));
#4557=CARTESIAN_POINT('',(0.00544221338753739,-0.00635,0.0106276964433702));
#4558=CARTESIAN_POINT('',(0.00545969707033458,-0.00635,0.0106754065292348));
#4559=CARTESIAN_POINT('',(0.00548858902149839,-0.00635,0.0107525259380963));
#4560=CARTESIAN_POINT('',(0.00551803469528482,-0.00635,0.010849870551817));
#4561=CARTESIAN_POINT('',(0.00555139606555374,-0.00635,0.0109808433032491));
#4562=CARTESIAN_POINT('',(0.00558356623564867,-0.00635,0.0111415196236807));
#4563=CARTESIAN_POINT('',(0.00561222155674403,-0.00635,0.0113334545755259));
#4564=CARTESIAN_POINT('',(0.0056341069190895,-0.00635,0.0115561962824414));
#4565=CARTESIAN_POINT('',(0.00564635637864475,-0.00635,0.0118095469957786));
#4566=CARTESIAN_POINT('',(0.00564555428355324,-0.00635,0.0120932241316901));
#4567=CARTESIAN_POINT('',(0.00563312391438629,-0.00635,0.0123474494055099));
#4568=CARTESIAN_POINT('',(0.00561761660011392,-0.00635,0.0125084798148158));
#4569=CARTESIAN_POINT('',(0.00561206846889163,-0.00635,0.0125617046459302));
#4570=CARTESIAN_POINT('',(0.00349607390328484,-0.00635,0.0108266103853599));
#4571=CARTESIAN_POINT('',(0.0035709148831093,-0.00635,0.0110619604716158));
#4572=CARTESIAN_POINT('',(0.00366669023250733,-0.00635,0.0113631422144911));
#4573=CARTESIAN_POINT('',(0.00368806352708719,-0.00635,0.011409241170403));
#4574=CARTESIAN_POINT('',(0.00372216548946459,-0.00635,0.0114842025219597));
#4575=CARTESIAN_POINT('',(0.00377017729032748,-0.00635,0.0115738567940446));
#4576=CARTESIAN_POINT('',(0.00383919895986899,-0.00635,0.0116900585658797));
#4577=CARTESIAN_POINT('',(0.00393006653019621,-0.00635,0.011826421627059));
#4578=CARTESIAN_POINT('',(0.00404552266432905,-0.00635,0.0119824025049191));
#4579=CARTESIAN_POINT('',(0.00418754954761882,-0.00635,0.0121553799644553));
#4580=CARTESIAN_POINT('',(0.00435803387912065,-0.00635,0.0123431876477919));
#4581=CARTESIAN_POINT('',(0.00455919107246963,-0.00635,0.0125432105073841));
#4582=CARTESIAN_POINT('',(0.0047477450858672,-0.00635,0.0127141853241205));
#4583=CARTESIAN_POINT('',(0.0048725761073446,-0.00635,0.0128170856914379));
#4584=CARTESIAN_POINT('',(0.00491413486756331,-0.00635,0.0128507982092363));
#4585=CARTESIAN_POINT('',(0.00361689119862159,-0.00635,0.0112045778752931));
#4586=CARTESIAN_POINT('',(0.003232403819163,-0.00635,0.0113291318773793));
#4587=CARTESIAN_POINT('',(0.00312151533375383,-0.00635,0.0109404829507088));
#4588=CARTESIAN_POINT('',(-2.54848214194511E-16,-0.00635,-9.50897031816248E-16));
#4589=CARTESIAN_POINT('',(0.00276692989802094,-0.00635,0.0110354938318613));
#4590=CARTESIAN_POINT('',(0.00286522211600462,-0.00635,0.0114275179182159));
#4591=CARTESIAN_POINT('',(0.00246996927691587,-0.00635,0.0115118946779955));
#4592=CARTESIAN_POINT('',(0.00238561637892744,-0.00635,0.0111241565822405));
#4593=CARTESIAN_POINT('',(0.00243847723228334,-0.00635,0.0113653962256333));
#4594=CARTESIAN_POINT('',(0.00250612421808595,-0.00635,0.0116741149408183));
#4595=CARTESIAN_POINT('',(0.00251066387997316,-0.00635,0.0117247244550159));
#4596=CARTESIAN_POINT('',(0.00251861139001377,-0.00635,0.0118066938709547));
#4597=CARTESIAN_POINT('',(0.0025218590868275,-0.00635,0.0119083426485694));
#4598=CARTESIAN_POINT('',(0.00252018545351052,-0.00635,0.0120434871697142));
#4599=CARTESIAN_POINT('',(0.00250967335981664,-0.00635,0.0122070148299969));
#4600=CARTESIAN_POINT('',(0.00248767585356488,-0.00635,0.0123998262997947));
#4601=CARTESIAN_POINT('',(0.00245116569438371,-0.00635,0.0126206426156801));
#4602=CARTESIAN_POINT('',(0.00239742577402422,-0.00635,0.0128685310062264));
#4603=CARTESIAN_POINT('',(0.00232322996422616,-0.00635,0.0131423344806454));
#4604=CARTESIAN_POINT('',(0.00224542480700653,-0.00635,0.0133846800220452));
#4605=CARTESIAN_POINT('',(0.00218876815488545,-0.00635,0.0135362098649396));
#4606=CARTESIAN_POINT('',(0.00216963347168542,-0.00635,0.0135861851418878));
#4607=CARTESIAN_POINT('',(0.000574815112162182,-0.00635,0.0113625530916446));
#4608=CARTESIAN_POINT('',(0.000586192862849836,-0.00635,0.0116092540891113));
#4609=CARTESIAN_POINT('',(0.000600753175261963,-0.00635,0.0119249617974368));
#4610=CARTESIAN_POINT('',(0.000609466904740202,-0.00635,0.0119750217852109));
#4611=CARTESIAN_POINT('',(0.000623005445498174,-0.00635,0.0120562551279917));
#4612=CARTESIAN_POINT('',(0.000646177050827919,-0.00635,0.0121552808732886));
#4613=CARTESIAN_POINT('',(0.000682771632386057,-0.00635,0.0122853872883669));
#4614=CARTESIAN_POINT('',(0.000735249608055565,-0.00635,0.0124406221486947));
#4615=CARTESIAN_POINT('',(0.000806400847955979,-0.00635,0.0126211703534144));
#4616=CARTESIAN_POINT('',(0.000898818421651494,-0.00635,0.0128250130112583));
#4617=CARTESIAN_POINT('',(0.00101488543516264,-0.00635,0.0130505458948528));
#4618=CARTESIAN_POINT('',(0.0011574186378439,-0.00635,0.0132958164534793));
#4619=CARTESIAN_POINT('',(0.00129529629023078,-0.00635,0.0135097668143078));
#4620=CARTESIAN_POINT('',(0.00138924122298806,-0.00635,0.0136414695824123));
#4621=CARTESIAN_POINT('',(0.0014206584611273,-0.00635,0.0136847895726583));
#4622=CARTESIAN_POINT('',(0.000593690473166024,-0.00635,0.0117589114686796));
#4623=CARTESIAN_POINT('',(0.000190067235581115,-0.00635,0.011779708739657));
#4624=CARTESIAN_POINT('',(0.0001835469277673,-0.00635,0.0113756026521199));
#4625=CARTESIAN_POINT('',(-5.42101086243355E-20,-0.00635,-9.84455572616838E-16));
#4626=CARTESIAN_POINT('',(-0.000183546927767298,-0.00635,0.0113756026521199));
#4627=CARTESIAN_POINT('',(-0.00019006723558111,-0.00635,0.0117797087396568));
#4628=CARTESIAN_POINT('',(-0.000593690473166012,-0.00635,0.0117589114686794));
#4629=CARTESIAN_POINT('',(-0.00057481511216218,-0.00635,0.0113625530916446));
#4630=CARTESIAN_POINT('',(-0.000586192862849834,-0.00635,0.0116092540891113));
#4631=CARTESIAN_POINT('',(-0.000600753175261961,-0.00635,0.0119249617974368));
#4632=CARTESIAN_POINT('',(-0.0006094669047402,-0.00635,0.0119750217852109));
#4633=CARTESIAN_POINT('',(-0.000623005445498173,-0.00635,0.0120562551279917));
#4634=CARTESIAN_POINT('',(-0.000646177050827917,-0.00635,0.0121552808732886));
#4635=CARTESIAN_POINT('',(-0.000682771632386056,-0.00635,0.0122853872883669));
#4636=CARTESIAN_POINT('',(-0.000735249608055564,-0.00635,0.0124406221486947));
#4637=CARTESIAN_POINT('',(-0.000806400847955977,-0.00635,0.0126211703534144));
#4638=CARTESIAN_POINT('',(-0.000898818421651493,-0.00635,0.0128250130112583));
#4639=CARTESIAN_POINT('',(-0.00101488543516263,-0.00635,0.0130505458948528));
#4640=CARTESIAN_POINT('',(-0.0011574186378439,-0.00635,0.0132958164534793));
#4641=CARTESIAN_POINT('',(-0.00129529629023078,-0.00635,0.0135097668143078));
#4642=CARTESIAN_POINT('',(-0.00138924122298806,-0.00635,0.0136414695824123));
#4643=CARTESIAN_POINT('',(-0.00142065846112729,-0.00635,0.0136847895726583));
#4644=CARTESIAN_POINT('',(-0.00238561637892744,-0.00635,0.0111241565822405));
#4645=CARTESIAN_POINT('',(-0.00243847723228334,-0.00635,0.0113653962256333));
#4646=CARTESIAN_POINT('',(-0.00250612421808595,-0.00635,0.0116741149408183));
#4647=CARTESIAN_POINT('',(-0.00251066387997316,-0.00635,0.0117247244550159));
#4648=CARTESIAN_POINT('',(-0.00251861139001377,-0.00635,0.0118066938709547));
#4649=CARTESIAN_POINT('',(-0.00252185908682751,-0.00635,0.0119083426485694));
#4650=CARTESIAN_POINT('',(-0.00252018545351053,-0.00635,0.0120434871697142));
#4651=CARTESIAN_POINT('',(-0.00250967335981664,-0.00635,0.0122070148299969));
#4652=CARTESIAN_POINT('',(-0.00248767585356488,-0.00635,0.0123998262997947));
#4653=CARTESIAN_POINT('',(-0.00245116569438371,-0.00635,0.0126206426156801));
#4654=CARTESIAN_POINT('',(-0.00239742577402422,-0.00635,0.0128685310062264));
#4655=CARTESIAN_POINT('',(-0.00232322996422616,-0.00635,0.0131423344806454));
#4656=CARTESIAN_POINT('',(-0.00224542480700654,-0.00635,0.0133846800220452));
#4657=CARTESIAN_POINT('',(-0.00218876815488545,-0.00635,0.0135362098649396));
#4658=CARTESIAN_POINT('',(-0.00216963347168543,-0.00635,0.0135861851418878));
#4659=CARTESIAN_POINT('',(-0.00246996927691591,-0.00635,0.0115118946779957));
#4660=CARTESIAN_POINT('',(-0.00286522211600467,-0.00635,0.0114275179182161));
#4661=CARTESIAN_POINT('',(-0.00276692989802094,-0.00635,0.0110354938318613));
#4662=CARTESIAN_POINT('',(2.54743488306579E-16,-0.00635,-9.50925093033346E-16));
#4663=CARTESIAN_POINT('',(-0.00312151533375383,-0.00635,0.0109404829507088));
#4664=CARTESIAN_POINT('',(-0.00323240381916294,-0.00635,0.0113291318773791));
#4665=CARTESIAN_POINT('',(-0.00361689119862152,-0.00635,0.0112045778752929));
#4666=CARTESIAN_POINT('',(-0.00349607390328484,-0.00635,0.0108266103853599));
#4667=CARTESIAN_POINT('',(-0.0035709148831093,-0.00635,0.0110619604716158));
#4668=CARTESIAN_POINT('',(-0.00366669023250734,-0.00635,0.0113631422144911));
#4669=CARTESIAN_POINT('',(-0.0036880635270872,-0.00635,0.011409241170403));
#4670=CARTESIAN_POINT('',(-0.00372216548946459,-0.00635,0.0114842025219597));
#4671=CARTESIAN_POINT('',(-0.00377017729032749,-0.00635,0.0115738567940446));
#4672=CARTESIAN_POINT('',(-0.003839198959869,-0.00635,0.0116900585658797));
#4673=CARTESIAN_POINT('',(-0.00393006653019621,-0.00635,0.011826421627059));
#4674=CARTESIAN_POINT('',(-0.00404552266432905,-0.00635,0.0119824025049191));
#4675=CARTESIAN_POINT('',(-0.00418754954761882,-0.00635,0.0121553799644553));
#4676=CARTESIAN_POINT('',(-0.00435803387912065,-0.00635,0.0123431876477919));
#4677=CARTESIAN_POINT('',(-0.00455919107246963,-0.00635,0.0125432105073841));
#4678=CARTESIAN_POINT('',(-0.0047477450858672,-0.00635,0.0127141853241205));
#4679=CARTESIAN_POINT('',(-0.00487257610734461,-0.00635,0.0128170856914379));
#4680=CARTESIAN_POINT('',(-0.00491413486756331,-0.00635,0.0128507982092363));
#4681=CARTESIAN_POINT('',(-0.00518347205621062,-0.00635,0.0101276671852947));
#4682=CARTESIAN_POINT('',(-0.00529696913381055,-0.00635,0.0103470053915837));
#4683=CARTESIAN_POINT('',(-0.00544221338753739,-0.00635,0.0106276964433702));
#4684=CARTESIAN_POINT('',(-0.00545969707033457,-0.00635,0.0106754065292348));
#4685=CARTESIAN_POINT('',(-0.00548858902149838,-0.00635,0.0107525259380963));
#4686=CARTESIAN_POINT('',(-0.00551803469528482,-0.00635,0.010849870551817));
#4687=CARTESIAN_POINT('',(-0.00555139606555374,-0.00635,0.0109808433032491));
#4688=CARTESIAN_POINT('',(-0.00558356623564867,-0.00635,0.0111415196236807));
#4689=CARTESIAN_POINT('',(-0.00561222155674402,-0.00635,0.0113334545755259));
#4690=CARTESIAN_POINT('',(-0.0056341069190895,-0.00635,0.0115561962824414));
#4691=CARTESIAN_POINT('',(-0.00564635637864475,-0.00635,0.0118095469957786));
#4692=CARTESIAN_POINT('',(-0.00564555428355324,-0.00635,0.0120932241316901));
#4693=CARTESIAN_POINT('',(-0.00563312391438629,-0.00635,0.0123474494055099));
#4694=CARTESIAN_POINT('',(-0.00561761660011392,-0.00635,0.0125084798148158));
#4695=CARTESIAN_POINT('',(-0.00561206846889163,-0.00635,0.0125617046459302));
#4696=CARTESIAN_POINT('',(-0.00536530470259324,-0.00635,0.0104803612893118));
#4697=CARTESIAN_POINT('',(-0.00572525131538816,-0.00635,0.0102965606355151));
#4698=CARTESIAN_POINT('',(-0.0055288450238269,-0.00635,0.00994333434397716));
#4699=CARTESIAN_POINT('',(4.92180838977208E-16,-0.00635,-8.5259063983765E-16));
#4700=CARTESIAN_POINT('',(-0.00584675762829304,-0.00635,0.00975978741620986));
#4701=CARTESIAN_POINT('',(-0.0060544574242687,-0.00635,0.0101064933999338));
#4702=CARTESIAN_POINT('',(-0.00639360676608629,-0.00635,0.00988667081614558));
#4703=CARTESIAN_POINT('',(-0.00617908103543392,-0.00635,0.00955285207313251));
#4704=CARTESIAN_POINT('',(-0.00631228495530072,-0.00635,0.00976081252873382));
#4705=CARTESIAN_POINT('',(-0.00648274840989944,-0.00635,0.0100269432681083));
#4706=CARTESIAN_POINT('',(-0.00651532471487634,-0.00635,0.0100659396244946));
#4707=CARTESIAN_POINT('',(-0.0065676661064933,-0.00635,0.0101295204925981));
#4708=CARTESIAN_POINT('',(-0.00663724617800379,-0.00635,0.0102036935009891));
#4709=CARTESIAN_POINT('',(-0.00673399122281313,-0.00635,0.0102980716708631));
#4710=CARTESIAN_POINT('',(-0.00685705591304601,-0.00635,0.0104062700156252));
#4711=CARTESIAN_POINT('',(-0.0070089487966704,-0.00635,0.0105270537275699));
#4712=CARTESIAN_POINT('',(-0.00719090609216875,-0.00635,0.0106573778607899));
#4713=CARTESIAN_POINT('',(-0.00740418951620808,-0.00635,0.010794661560616));
#4714=CARTESIAN_POINT('',(-0.00765026216992603,-0.00635,0.0109358054938462));
#4715=CARTESIAN_POINT('',(-0.00787664289992149,-0.00635,0.0110521531152791));
#4716=CARTESIAN_POINT('',(-0.00802385298229836,-0.00635,0.0111192385918277));
#4717=CARTESIAN_POINT('',(-0.00807272110376672,-0.00635,0.0111410461848029));
#4718=CARTESIAN_POINT('',(-0.00762808267895565,-0.00635,0.00844099400643242));
#4719=CARTESIAN_POINT('',(-0.00779448134252396,-0.00635,0.00862348323933251));
#4720=CARTESIAN_POINT('',(-0.00800742470831102,-0.00635,0.00885701799640519));
#4721=CARTESIAN_POINT('',(-0.0080366609279287,-0.00635,0.00889857729042985));
#4722=CARTESIAN_POINT('',(-0.00808452838149011,-0.00635,0.00896559113194592));
#4723=CARTESIAN_POINT('',(-0.00813816535824197,-0.00635,0.00905199770721706));
#4724=CARTESIAN_POINT('',(-0.00820428820984523,-0.00635,0.00916987311236921));
#4725=CARTESIAN_POINT('',(-0.00827694829980073,-0.00635,0.00931674826724241));
#4726=CARTESIAN_POINT('',(-0.0083543036354657,-0.00635,0.00949472665135421));
#4727=CARTESIAN_POINT('',(-0.00843309306806125,-0.00635,0.00970421427007158));
#4728=CARTESIAN_POINT('',(-0.00851049712710574,-0.00635,0.00994576187376766));
#4729=CARTESIAN_POINT('',(-0.00858314340817575,-0.00635,0.010219980543158));
#4730=CARTESIAN_POINT('',(-0.00863693493617805,-0.00635,0.010468760517114));
#4731=CARTESIAN_POINT('',(-0.00866363375759499,-0.00635,0.0106283175365525));
#4732=CARTESIAN_POINT('',(-0.00867205027432452,-0.00635,0.0106811647375508));
#4733=CARTESIAN_POINT('',(-0.0078950034793741,-0.00635,0.00873460859837719));
#4734=CARTESIAN_POINT('',(-0.00819511409905309,-0.00635,0.00846390976137467));
#4735=CARTESIAN_POINT('',(-0.00791397849810747,-0.00635,0.0081735530526879));
#4736=CARTESIAN_POINT('',(6.96076878838835E-16,-0.00635,-6.96153543509669E-16));
#4737=CARTESIAN_POINT('',(-0.0081735530526879,-0.00635,0.00791397849810748));
#4738=CARTESIAN_POINT('',(-0.00846390976137452,-0.00635,0.00819511409905295));
#4739=CARTESIAN_POINT('',(-0.00873460859837704,-0.00635,0.00789500347937397));
#4740=CARTESIAN_POINT('',(-0.00844099400643242,-0.00635,0.00762808267895565));
#4741=CARTESIAN_POINT('',(-0.00862348323933251,-0.00635,0.00779448134252397));
#4742=CARTESIAN_POINT('',(-0.00885701799640518,-0.00635,0.00800742470831102));
#4743=CARTESIAN_POINT('',(-0.00889857729042985,-0.00635,0.0080366609279287));
#4744=CARTESIAN_POINT('',(-0.00896559113194591,-0.00635,0.00808452838149011));
#4745=CARTESIAN_POINT('',(-0.00905199770721706,-0.00635,0.00813816535824197));
#4746=CARTESIAN_POINT('',(-0.00916987311236921,-0.00635,0.00820428820984523));
#4747=CARTESIAN_POINT('',(-0.00931674826724241,-0.00635,0.00827694829980073));
#4748=CARTESIAN_POINT('',(-0.00949472665135421,-0.00635,0.0083543036354657));
#4749=CARTESIAN_POINT('',(-0.00970421427007158,-0.00635,0.00843309306806126));
#4750=CARTESIAN_POINT('',(-0.00994576187376766,-0.00635,0.00851049712710574));
#4751=CARTESIAN_POINT('',(-0.010219980543158,-0.00635,0.00858314340817575));
#4752=CARTESIAN_POINT('',(-0.010468760517114,-0.00635,0.00863693493617805));
#4753=CARTESIAN_POINT('',(-0.0106283175365525,-0.00635,0.008663633757595));
#4754=CARTESIAN_POINT('',(-0.0106811647375508,-0.00635,0.00867205027432452));
#4755=CARTESIAN_POINT('',(-0.00955285207313251,-0.00635,0.00617908103543393));
#4756=CARTESIAN_POINT('',(-0.00976081252873382,-0.00635,0.00631228495530072));
#4757=CARTESIAN_POINT('',(-0.0100269432681083,-0.00635,0.00648274840989944));
#4758=CARTESIAN_POINT('',(-0.0100659396244946,-0.00635,0.00651532471487634));
#4759=CARTESIAN_POINT('',(-0.0101295204925981,-0.00635,0.0065676661064933));
#4760=CARTESIAN_POINT('',(-0.0102036935009891,-0.00635,0.00663724617800379));
#4761=CARTESIAN_POINT('',(-0.0102980716708631,-0.00635,0.00673399122281313));
#4762=CARTESIAN_POINT('',(-0.0104062700156252,-0.00635,0.00685705591304601));
#4763=CARTESIAN_POINT('',(-0.0105270537275699,-0.00635,0.0070089487966704));
#4764=CARTESIAN_POINT('',(-0.0106573778607899,-0.00635,0.00719090609216875));
#4765=CARTESIAN_POINT('',(-0.010794661560616,-0.00635,0.00740418951620808));
#4766=CARTESIAN_POINT('',(-0.0109358054938462,-0.00635,0.00765026216992604));
#4767=CARTESIAN_POINT('',(-0.0110521531152791,-0.00635,0.00787664289992149));
#4768=CARTESIAN_POINT('',(-0.0111192385918277,-0.00635,0.00802385298229836));
#4769=CARTESIAN_POINT('',(-0.0111410461848029,-0.00635,0.00807272110376672));
#4770=CARTESIAN_POINT('',(-0.00988667081614575,-0.00635,0.0063936067660864));
#4771=CARTESIAN_POINT('',(-0.0101064933999339,-0.00635,0.00605445742426881));
#4772=CARTESIAN_POINT('',(-0.00975978741620986,-0.00635,0.00584675762829304));
#4773=CARTESIAN_POINT('',(8.52536429729026E-16,-0.00635,-4.92274733639629E-16));
#4774=CARTESIAN_POINT('',(-0.00994333434397716,-0.00635,0.0055288450238269));
#4775=CARTESIAN_POINT('',(-0.0102965606355149,-0.00635,0.00572525131538806));
#4776=CARTESIAN_POINT('',(-0.0104803612893116,-0.00635,0.00536530470259315));
#4777=CARTESIAN_POINT('',(-0.0101276671852947,-0.00635,0.00518347205621063));
#4778=CARTESIAN_POINT('',(-0.0103470053915837,-0.00635,0.00529696913381055));
#4779=CARTESIAN_POINT('',(-0.0106276964433702,-0.00635,0.00544221338753739));
#4780=CARTESIAN_POINT('',(-0.0106754065292348,-0.00635,0.00545969707033457));
#4781=CARTESIAN_POINT('',(-0.0107525259380963,-0.00635,0.00548858902149839));
#4782=CARTESIAN_POINT('',(-0.010849870551817,-0.00635,0.00551803469528482));
#4783=CARTESIAN_POINT('',(-0.0109808433032491,-0.00635,0.00555139606555374));
#4784=CARTESIAN_POINT('',(-0.0111415196236807,-0.00635,0.00558356623564867));
#4785=CARTESIAN_POINT('',(-0.0113334545755259,-0.00635,0.00561222155674402));
#4786=CARTESIAN_POINT('',(-0.0115561962824414,-0.00635,0.0056341069190895));
#4787=CARTESIAN_POINT('',(-0.0118095469957786,-0.00635,0.00564635637864475));
#4788=CARTESIAN_POINT('',(-0.0120932241316901,-0.00635,0.00564555428355324));
#4789=CARTESIAN_POINT('',(-0.0123474494055099,-0.00635,0.00563312391438629));
#4790=CARTESIAN_POINT('',(-0.0125084798148158,-0.00635,0.00561761660011392));
#4791=CARTESIAN_POINT('',(-0.0125617046459302,-0.00635,0.00561206846889163));
#4792=CARTESIAN_POINT('',(-0.0108266103853599,-0.00635,0.00349607390328484));
#4793=CARTESIAN_POINT('',(-0.0110619604716158,-0.00635,0.0035709148831093));
#4794=CARTESIAN_POINT('',(-0.0113631422144911,-0.00635,0.00366669023250734));
#4795=CARTESIAN_POINT('',(-0.011409241170403,-0.00635,0.0036880635270872));
#4796=CARTESIAN_POINT('',(-0.0114842025219597,-0.00635,0.0037221654894646));
#4797=CARTESIAN_POINT('',(-0.0115738567940446,-0.00635,0.00377017729032749));
#4798=CARTESIAN_POINT('',(-0.0116900585658797,-0.00635,0.003839198959869));
#4799=CARTESIAN_POINT('',(-0.011826421627059,-0.00635,0.00393006653019621));
#4800=CARTESIAN_POINT('',(-0.0119824025049191,-0.00635,0.00404552266432906));
#4801=CARTESIAN_POINT('',(-0.0121553799644553,-0.00635,0.00418754954761882));
#4802=CARTESIAN_POINT('',(-0.0123431876477919,-0.00635,0.00435803387912065));
#4803=CARTESIAN_POINT('',(-0.0125432105073841,-0.00635,0.00455919107246963));
#4804=CARTESIAN_POINT('',(-0.0127141853241205,-0.00635,0.0047477450858672));
#4805=CARTESIAN_POINT('',(-0.0128170856914379,-0.00635,0.00487257610734461));
#4806=CARTESIAN_POINT('',(-0.0128507982092363,-0.00635,0.00491413486756331));
#4807=CARTESIAN_POINT('',(-0.0112045778752931,-0.00635,0.00361689119862159));
#4808=CARTESIAN_POINT('',(-0.0113291318773793,-0.00635,0.003232403819163));
#4809=CARTESIAN_POINT('',(-0.0109404829507088,-0.00635,0.00312151533375384));
#4810=CARTESIAN_POINT('',(9.50897031816248E-16,-0.00635,-2.54848214194511E-16));
#4811=CARTESIAN_POINT('',(-0.0110354938318613,-0.00635,0.00276692989802094));
#4812=CARTESIAN_POINT('',(-0.0114275179182159,-0.00635,0.00286522211600462));
#4813=CARTESIAN_POINT('',(-0.0115118946779955,-0.00635,0.00246996927691587));
#4814=CARTESIAN_POINT('',(-0.0111241565822405,-0.00635,0.00238561637892745));
#4815=CARTESIAN_POINT('',(-0.0113653962256333,-0.00635,0.00243847723228334));
#4816=CARTESIAN_POINT('',(-0.0116741149408183,-0.00635,0.00250612421808595));
#4817=CARTESIAN_POINT('',(-0.0117247244550159,-0.00635,0.00251066387997316));
#4818=CARTESIAN_POINT('',(-0.0118066938709547,-0.00635,0.00251861139001377));
#4819=CARTESIAN_POINT('',(-0.0119083426485694,-0.00635,0.00252185908682751));
#4820=CARTESIAN_POINT('',(-0.0120434871697142,-0.00635,0.00252018545351053));
#4821=CARTESIAN_POINT('',(-0.0122070148299969,-0.00635,0.00250967335981664));
#4822=CARTESIAN_POINT('',(-0.0123998262997947,-0.00635,0.00248767585356488));
#4823=CARTESIAN_POINT('',(-0.0126206426156801,-0.00635,0.00245116569438371));
#4824=CARTESIAN_POINT('',(-0.0128685310062264,-0.00635,0.00239742577402423));
#4825=CARTESIAN_POINT('',(-0.0131423344806454,-0.00635,0.00232322996422616));
#4826=CARTESIAN_POINT('',(-0.0133846800220452,-0.00635,0.00224542480700654));
#4827=CARTESIAN_POINT('',(-0.0135362098649396,-0.00635,0.00218876815488546));
#4828=CARTESIAN_POINT('',(-0.0135861851418878,-0.00635,0.00216963347168543));
#4829=CARTESIAN_POINT('',(-0.0113625530916446,-0.00635,0.000574815112162182));
#4830=CARTESIAN_POINT('',(-0.0116092540891113,-0.00635,0.000586192862849836));
#4831=CARTESIAN_POINT('',(-0.0119249617974368,-0.00635,0.000600753175261963));
#4832=CARTESIAN_POINT('',(-0.0119750217852109,-0.00635,0.000609466904740203));
#4833=CARTESIAN_POINT('',(-0.0120562551279917,-0.00635,0.000623005445498175));
#4834=CARTESIAN_POINT('',(-0.0121552808732886,-0.00635,0.00064617705082792));
#4835=CARTESIAN_POINT('',(-0.0122853872883669,-0.00635,0.000682771632386058));
#4836=CARTESIAN_POINT('',(-0.0124406221486947,-0.00635,0.000735249608055566));
#4837=CARTESIAN_POINT('',(-0.0126211703534144,-0.00635,0.000806400847955979));
#4838=CARTESIAN_POINT('',(-0.0128250130112583,-0.00635,0.000898818421651495));
#4839=CARTESIAN_POINT('',(-0.0130505458948528,-0.00635,0.00101488543516264));
#4840=CARTESIAN_POINT('',(-0.0132958164534793,-0.00635,0.0011574186378439));
#4841=CARTESIAN_POINT('',(-0.0135097668143078,-0.00635,0.00129529629023078));
#4842=CARTESIAN_POINT('',(-0.0136414695824123,-0.00635,0.00138924122298806));
#4843=CARTESIAN_POINT('',(-0.0136847895726583,-0.00635,0.0014206584611273));
#4844=CARTESIAN_POINT('',(-0.0117589114686796,-0.00635,0.000593690473166024));
#4845=CARTESIAN_POINT('',(-0.011779708739657,-0.00635,0.000190067235581116));
#4846=CARTESIAN_POINT('',(-0.0113756026521199,-0.00635,0.0001835469277673));
#4847=CARTESIAN_POINT('',(9.84455572616838E-16,-0.00635,-5.42101086243958E-20));
#4848=CARTESIAN_POINT('',(-0.0113756026521199,-0.00635,-0.000183546927767298));
#4849=CARTESIAN_POINT('',(-0.0117797087396568,-0.00635,-0.000190067235581109));
#4850=CARTESIAN_POINT('',(-0.0117589114686794,-0.00635,-0.000593690473166011));
#4851=CARTESIAN_POINT('',(-0.0113625530916446,-0.00635,-0.000574815112162179));
#4852=CARTESIAN_POINT('',(-0.0116092540891113,-0.00635,-0.000586192862849834));
#4853=CARTESIAN_POINT('',(-0.0119249617974368,-0.00635,-0.00060075317526196));
#4854=CARTESIAN_POINT('',(-0.0119750217852109,-0.00635,-0.0006094669047402));
#4855=CARTESIAN_POINT('',(-0.0120562551279917,-0.00635,-0.000623005445498172));
#4856=CARTESIAN_POINT('',(-0.0121552808732886,-0.00635,-0.000646177050827917));
#4857=CARTESIAN_POINT('',(-0.0122853872883669,-0.00635,-0.000682771632386055));
#4858=CARTESIAN_POINT('',(-0.0124406221486947,-0.00635,-0.000735249608055563));
#4859=CARTESIAN_POINT('',(-0.0126211703534144,-0.00635,-0.000806400847955976));
#4860=CARTESIAN_POINT('',(-0.0128250130112583,-0.00635,-0.000898818421651492));
#4861=CARTESIAN_POINT('',(-0.0130505458948528,-0.00635,-0.00101488543516263));
#4862=CARTESIAN_POINT('',(-0.0132958164534793,-0.00635,-0.0011574186378439));
#4863=CARTESIAN_POINT('',(-0.0135097668143078,-0.00635,-0.00129529629023078));
#4864=CARTESIAN_POINT('',(-0.0136414695824123,-0.00635,-0.00138924122298805));
#4865=CARTESIAN_POINT('',(-0.0136847895726583,-0.00635,-0.00142065846112729));
#4866=CARTESIAN_POINT('',(-0.0111241565822405,-0.00635,-0.00238561637892744));
#4867=CARTESIAN_POINT('',(-0.0113653962256333,-0.00635,-0.00243847723228334));
#4868=CARTESIAN_POINT('',(-0.0116741149408183,-0.00635,-0.00250612421808595));
#4869=CARTESIAN_POINT('',(-0.0117247244550159,-0.00635,-0.00251066387997316));
#4870=CARTESIAN_POINT('',(-0.0118066938709547,-0.00635,-0.00251861139001377));
#4871=CARTESIAN_POINT('',(-0.0119083426485694,-0.00635,-0.0025218590868275));
#4872=CARTESIAN_POINT('',(-0.0120434871697142,-0.00635,-0.00252018545351052));
#4873=CARTESIAN_POINT('',(-0.0122070148299969,-0.00635,-0.00250967335981664));
#4874=CARTESIAN_POINT('',(-0.0123998262997947,-0.00635,-0.00248767585356488));
#4875=CARTESIAN_POINT('',(-0.0126206426156801,-0.00635,-0.00245116569438371));
#4876=CARTESIAN_POINT('',(-0.0128685310062264,-0.00635,-0.00239742577402422));
#4877=CARTESIAN_POINT('',(-0.0131423344806454,-0.00635,-0.00232322996422616));
#4878=CARTESIAN_POINT('',(-0.0133846800220452,-0.00635,-0.00224542480700653));
#4879=CARTESIAN_POINT('',(-0.0135362098649396,-0.00635,-0.00218876815488545));
#4880=CARTESIAN_POINT('',(-0.0135861851418878,-0.00635,-0.00216963347168543));
#4881=CARTESIAN_POINT('',(-0.0115118946779957,-0.00635,-0.00246996927691591));
#4882=CARTESIAN_POINT('',(-0.0114275179182161,-0.00635,-0.00286522211600467));
#4883=CARTESIAN_POINT('',(-0.0110354938318613,-0.00635,-0.00276692989802094));
#4884=CARTESIAN_POINT('',(9.50925093033346E-16,-0.00635,2.54743488306579E-16));
#4885=CARTESIAN_POINT('',(0.,-0.00635,8.4245494391345E-19));
#4886=CARTESIAN_POINT('',(0.0135861851418878,-0.00635,-0.00216963347168543));
#4887=CARTESIAN_POINT('',(0.0135861851418878,0.,-0.00216963347168543));
#4888=CARTESIAN_POINT('',(0.,0.,8.4245494391345E-19));
#4889=CARTESIAN_POINT('',(0.0136847895726583,0.,-0.0014206584611273));
#4890=CARTESIAN_POINT('',(0.0136847895726583,-0.00635,-0.0014206584611273));
#4891=CARTESIAN_POINT('',(0.,0.,0.));
#4892=CARTESIAN_POINT('',(-0.0114275179182161,0.,-0.00286522211600467));
#4893=CARTESIAN_POINT('',(-0.0115118946779957,0.,-0.00246996927691591));
#4894=CARTESIAN_POINT('',(-0.0110354938318613,0.,-0.00276692989802094));
#4895=CARTESIAN_POINT('',(-0.0111241565822405,0.,-0.00238561637892744));
#4896=CARTESIAN_POINT('',(-0.0113653962256333,0.,-0.00243847723228334));
#4897=CARTESIAN_POINT('',(-0.0116741149408183,0.,-0.00250612421808595));
#4898=CARTESIAN_POINT('',(-0.0117247244550159,0.,-0.00251066387997316));
#4899=CARTESIAN_POINT('',(-0.0118066938709547,0.,-0.00251861139001377));
#4900=CARTESIAN_POINT('',(-0.0119083426485694,0.,-0.0025218590868275));
#4901=CARTESIAN_POINT('',(-0.0120434871697142,0.,-0.00252018545351052));
#4902=CARTESIAN_POINT('',(-0.0122070148299969,0.,-0.00250967335981664));
#4903=CARTESIAN_POINT('',(-0.0123998262997947,0.,-0.00248767585356488));
#4904=CARTESIAN_POINT('',(-0.0126206426156801,0.,-0.00245116569438371));
#4905=CARTESIAN_POINT('',(-0.0128685310062264,0.,-0.00239742577402422));
#4906=CARTESIAN_POINT('',(-0.0131423344806454,0.,-0.00232322996422616));
#4907=CARTESIAN_POINT('',(-0.0133846800220452,0.,-0.00224542480700653));
#4908=CARTESIAN_POINT('',(-0.0135362098649396,0.,-0.00218876815488545));
#4909=CARTESIAN_POINT('',(-0.0135861851418878,0.,-0.00216963347168543));
#4910=CARTESIAN_POINT('',(-0.0113625530916446,0.,-0.000574815112162179));
#4911=CARTESIAN_POINT('',(-0.0116092540891113,0.,-0.000586192862849834));
#4912=CARTESIAN_POINT('',(-0.0119249617974368,0.,-0.00060075317526196));
#4913=CARTESIAN_POINT('',(-0.0119750217852109,0.,-0.0006094669047402));
#4914=CARTESIAN_POINT('',(-0.0120562551279917,0.,-0.000623005445498172));
#4915=CARTESIAN_POINT('',(-0.0121552808732886,0.,-0.000646177050827917));
#4916=CARTESIAN_POINT('',(-0.0122853872883669,0.,-0.000682771632386055));
#4917=CARTESIAN_POINT('',(-0.0124406221486947,0.,-0.000735249608055563));
#4918=CARTESIAN_POINT('',(-0.0126211703534144,0.,-0.000806400847955976));
#4919=CARTESIAN_POINT('',(-0.0128250130112583,0.,-0.000898818421651492));
#4920=CARTESIAN_POINT('',(-0.0130505458948528,0.,-0.00101488543516263));
#4921=CARTESIAN_POINT('',(-0.0132958164534793,0.,-0.0011574186378439));
#4922=CARTESIAN_POINT('',(-0.0135097668143078,0.,-0.00129529629023078));
#4923=CARTESIAN_POINT('',(-0.0136414695824123,0.,-0.00138924122298805));
#4924=CARTESIAN_POINT('',(-0.0136847895726583,0.,-0.00142065846112729));
#4925=CARTESIAN_POINT('',(-0.0117589114686794,0.,-0.000593690473166011));
#4926=CARTESIAN_POINT('',(-0.0117797087396568,0.,-0.000190067235581109));
#4927=CARTESIAN_POINT('',(-0.0113756026521199,0.,-0.000183546927767298));
#4928=CARTESIAN_POINT('',(9.84455572616838E-16,0.,-5.42101086243958E-20));
#4929=CARTESIAN_POINT('',(-0.0113756026521199,0.,0.0001835469277673));
#4930=CARTESIAN_POINT('',(-0.011779708739657,0.,0.000190067235581116));
#4931=CARTESIAN_POINT('',(-0.0117589114686796,0.,0.000593690473166024));
#4932=CARTESIAN_POINT('',(-0.0113625530916446,0.,0.000574815112162182));
#4933=CARTESIAN_POINT('',(-0.0116092540891113,0.,0.000586192862849836));
#4934=CARTESIAN_POINT('',(-0.0119249617974368,0.,0.000600753175261963));
#4935=CARTESIAN_POINT('',(-0.0119750217852109,0.,0.000609466904740203));
#4936=CARTESIAN_POINT('',(-0.0120562551279917,0.,0.000623005445498175));
#4937=CARTESIAN_POINT('',(-0.0121552808732886,0.,0.00064617705082792));
#4938=CARTESIAN_POINT('',(-0.0122853872883669,0.,0.000682771632386058));
#4939=CARTESIAN_POINT('',(-0.0124406221486947,0.,0.000735249608055566));
#4940=CARTESIAN_POINT('',(-0.0126211703534144,0.,0.000806400847955979));
#4941=CARTESIAN_POINT('',(-0.0128250130112583,0.,0.000898818421651495));
#4942=CARTESIAN_POINT('',(-0.0130505458948528,0.,0.00101488543516264));
#4943=CARTESIAN_POINT('',(-0.0132958164534793,0.,0.0011574186378439));
#4944=CARTESIAN_POINT('',(-0.0135097668143078,0.,0.00129529629023078));
#4945=CARTESIAN_POINT('',(-0.0136414695824123,0.,0.00138924122298806));
#4946=CARTESIAN_POINT('',(-0.0136847895726583,0.,0.0014206584611273));
#4947=CARTESIAN_POINT('',(-0.0111241565822405,0.,0.00238561637892745));
#4948=CARTESIAN_POINT('',(-0.0113653962256333,0.,0.00243847723228334));
#4949=CARTESIAN_POINT('',(-0.0116741149408183,0.,0.00250612421808595));
#4950=CARTESIAN_POINT('',(-0.0117247244550159,0.,0.00251066387997316));
#4951=CARTESIAN_POINT('',(-0.0118066938709547,0.,0.00251861139001377));
#4952=CARTESIAN_POINT('',(-0.0119083426485694,0.,0.00252185908682751));
#4953=CARTESIAN_POINT('',(-0.0120434871697142,0.,0.00252018545351053));
#4954=CARTESIAN_POINT('',(-0.0122070148299969,0.,0.00250967335981664));
#4955=CARTESIAN_POINT('',(-0.0123998262997947,0.,0.00248767585356488));
#4956=CARTESIAN_POINT('',(-0.0126206426156801,0.,0.00245116569438371));
#4957=CARTESIAN_POINT('',(-0.0128685310062264,0.,0.00239742577402423));
#4958=CARTESIAN_POINT('',(-0.0131423344806454,0.,0.00232322996422616));
#4959=CARTESIAN_POINT('',(-0.0133846800220452,0.,0.00224542480700654));
#4960=CARTESIAN_POINT('',(-0.0135362098649396,0.,0.00218876815488546));
#4961=CARTESIAN_POINT('',(-0.0135861851418878,0.,0.00216963347168543));
#4962=CARTESIAN_POINT('',(-0.0115118946779955,0.,0.00246996927691587));
#4963=CARTESIAN_POINT('',(-0.0114275179182159,0.,0.00286522211600462));
#4964=CARTESIAN_POINT('',(-0.0110354938318613,0.,0.00276692989802094));
#4965=CARTESIAN_POINT('',(9.50897031816248E-16,0.,-2.54848214194511E-16));
#4966=CARTESIAN_POINT('',(-0.0109404829507088,0.,0.00312151533375384));
#4967=CARTESIAN_POINT('',(-0.0113291318773793,0.,0.003232403819163));
#4968=CARTESIAN_POINT('',(-0.0112045778752931,0.,0.00361689119862159));
#4969=CARTESIAN_POINT('',(-0.0108266103853599,0.,0.00349607390328484));
#4970=CARTESIAN_POINT('',(-0.0110619604716158,0.,0.0035709148831093));
#4971=CARTESIAN_POINT('',(-0.0113631422144911,0.,0.00366669023250734));
#4972=CARTESIAN_POINT('',(-0.011409241170403,0.,0.0036880635270872));
#4973=CARTESIAN_POINT('',(-0.0114842025219597,0.,0.0037221654894646));
#4974=CARTESIAN_POINT('',(-0.0115738567940446,0.,0.00377017729032749));
#4975=CARTESIAN_POINT('',(-0.0116900585658797,0.,0.003839198959869));
#4976=CARTESIAN_POINT('',(-0.011826421627059,0.,0.00393006653019621));
#4977=CARTESIAN_POINT('',(-0.0119824025049191,0.,0.00404552266432906));
#4978=CARTESIAN_POINT('',(-0.0121553799644553,0.,0.00418754954761882));
#4979=CARTESIAN_POINT('',(-0.0123431876477919,0.,0.00435803387912065));
#4980=CARTESIAN_POINT('',(-0.0125432105073841,0.,0.00455919107246963));
#4981=CARTESIAN_POINT('',(-0.0127141853241205,0.,0.0047477450858672));
#4982=CARTESIAN_POINT('',(-0.0128170856914379,0.,0.00487257610734461));
#4983=CARTESIAN_POINT('',(-0.0128507982092363,0.,0.00491413486756331));
#4984=CARTESIAN_POINT('',(-0.0101276671852947,0.,0.00518347205621063));
#4985=CARTESIAN_POINT('',(-0.0103470053915837,0.,0.00529696913381055));
#4986=CARTESIAN_POINT('',(-0.0106276964433702,0.,0.00544221338753739));
#4987=CARTESIAN_POINT('',(-0.0106754065292348,0.,0.00545969707033457));
#4988=CARTESIAN_POINT('',(-0.0107525259380963,0.,0.00548858902149839));
#4989=CARTESIAN_POINT('',(-0.010849870551817,0.,0.00551803469528482));
#4990=CARTESIAN_POINT('',(-0.0109808433032491,0.,0.00555139606555374));
#4991=CARTESIAN_POINT('',(-0.0111415196236807,0.,0.00558356623564867));
#4992=CARTESIAN_POINT('',(-0.0113334545755259,0.,0.00561222155674402));
#4993=CARTESIAN_POINT('',(-0.0115561962824414,0.,0.0056341069190895));
#4994=CARTESIAN_POINT('',(-0.0118095469957786,0.,0.00564635637864475));
#4995=CARTESIAN_POINT('',(-0.0120932241316901,0.,0.00564555428355324));
#4996=CARTESIAN_POINT('',(-0.0123474494055099,0.,0.00563312391438629));
#4997=CARTESIAN_POINT('',(-0.0125084798148158,0.,0.00561761660011392));
#4998=CARTESIAN_POINT('',(-0.0125617046459302,0.,0.00561206846889163));
#4999=CARTESIAN_POINT('',(-0.0104803612893116,0.,0.00536530470259315));
#5000=CARTESIAN_POINT('',(-0.0102965606355149,0.,0.00572525131538806));
#5001=CARTESIAN_POINT('',(-0.00994333434397716,0.,0.0055288450238269));
#5002=CARTESIAN_POINT('',(8.52536429729026E-16,0.,-4.92274733639629E-16));
#5003=CARTESIAN_POINT('',(-0.00975978741620986,0.,0.00584675762829304));
#5004=CARTESIAN_POINT('',(-0.0101064933999339,0.,0.00605445742426881));
#5005=CARTESIAN_POINT('',(-0.00988667081614575,0.,0.00639360676608641));
#5006=CARTESIAN_POINT('',(-0.00955285207313251,0.,0.00617908103543393));
#5007=CARTESIAN_POINT('',(-0.00976081252873382,0.,0.00631228495530072));
#5008=CARTESIAN_POINT('',(-0.0100269432681083,0.,0.00648274840989944));
#5009=CARTESIAN_POINT('',(-0.0100659396244946,0.,0.00651532471487634));
#5010=CARTESIAN_POINT('',(-0.0101295204925981,0.,0.0065676661064933));
#5011=CARTESIAN_POINT('',(-0.0102036935009891,0.,0.00663724617800379));
#5012=CARTESIAN_POINT('',(-0.0102980716708631,0.,0.00673399122281313));
#5013=CARTESIAN_POINT('',(-0.0104062700156252,0.,0.00685705591304601));
#5014=CARTESIAN_POINT('',(-0.0105270537275699,0.,0.0070089487966704));
#5015=CARTESIAN_POINT('',(-0.0106573778607899,0.,0.00719090609216875));
#5016=CARTESIAN_POINT('',(-0.010794661560616,0.,0.00740418951620808));
#5017=CARTESIAN_POINT('',(-0.0109358054938462,0.,0.00765026216992604));
#5018=CARTESIAN_POINT('',(-0.0110521531152791,0.,0.00787664289992149));
#5019=CARTESIAN_POINT('',(-0.0111192385918277,0.,0.00802385298229836));
#5020=CARTESIAN_POINT('',(-0.0111410461848029,0.,0.00807272110376672));
#5021=CARTESIAN_POINT('',(-0.00844099400643242,0.,0.00762808267895565));
#5022=CARTESIAN_POINT('',(-0.00862348323933251,0.,0.00779448134252397));
#5023=CARTESIAN_POINT('',(-0.00885701799640518,0.,0.00800742470831102));
#5024=CARTESIAN_POINT('',(-0.00889857729042985,0.,0.0080366609279287));
#5025=CARTESIAN_POINT('',(-0.00896559113194591,0.,0.00808452838149011));
#5026=CARTESIAN_POINT('',(-0.00905199770721706,0.,0.00813816535824197));
#5027=CARTESIAN_POINT('',(-0.00916987311236921,0.,0.00820428820984523));
#5028=CARTESIAN_POINT('',(-0.00931674826724241,0.,0.00827694829980073));
#5029=CARTESIAN_POINT('',(-0.00949472665135421,0.,0.0083543036354657));
#5030=CARTESIAN_POINT('',(-0.00970421427007158,0.,0.00843309306806126));
#5031=CARTESIAN_POINT('',(-0.00994576187376766,0.,0.00851049712710574));
#5032=CARTESIAN_POINT('',(-0.010219980543158,0.,0.00858314340817575));
#5033=CARTESIAN_POINT('',(-0.010468760517114,0.,0.00863693493617805));
#5034=CARTESIAN_POINT('',(-0.0106283175365525,0.,0.008663633757595));
#5035=CARTESIAN_POINT('',(-0.0106811647375508,0.,0.00867205027432452));
#5036=CARTESIAN_POINT('',(-0.00873460859837704,0.,0.00789500347937397));
#5037=CARTESIAN_POINT('',(-0.00846390976137452,0.,0.00819511409905295));
#5038=CARTESIAN_POINT('',(-0.0081735530526879,0.,0.00791397849810748));
#5039=CARTESIAN_POINT('',(6.96076878838835E-16,0.,-6.96153543509669E-16));
#5040=CARTESIAN_POINT('',(-0.00791397849810747,0.,0.0081735530526879));
#5041=CARTESIAN_POINT('',(-0.00819511409905309,0.,0.00846390976137467));
#5042=CARTESIAN_POINT('',(-0.0078950034793741,0.,0.00873460859837719));
#5043=CARTESIAN_POINT('',(-0.00762808267895565,0.,0.00844099400643242));
#5044=CARTESIAN_POINT('',(-0.00779448134252396,0.,0.00862348323933251));
#5045=CARTESIAN_POINT('',(-0.00800742470831102,0.,0.00885701799640519));
#5046=CARTESIAN_POINT('',(-0.0080366609279287,0.,0.00889857729042985));
#5047=CARTESIAN_POINT('',(-0.00808452838149011,0.,0.00896559113194592));
#5048=CARTESIAN_POINT('',(-0.00813816535824197,0.,0.00905199770721706));
#5049=CARTESIAN_POINT('',(-0.00820428820984523,0.,0.00916987311236921));
#5050=CARTESIAN_POINT('',(-0.00827694829980073,0.,0.00931674826724241));
#5051=CARTESIAN_POINT('',(-0.0083543036354657,0.,0.00949472665135421));
#5052=CARTESIAN_POINT('',(-0.00843309306806125,0.,0.00970421427007158));
#5053=CARTESIAN_POINT('',(-0.00851049712710574,0.,0.00994576187376766));
#5054=CARTESIAN_POINT('',(-0.00858314340817575,0.,0.010219980543158));
#5055=CARTESIAN_POINT('',(-0.00863693493617805,0.,0.010468760517114));
#5056=CARTESIAN_POINT('',(-0.00866363375759499,0.,0.0106283175365525));
#5057=CARTESIAN_POINT('',(-0.00867205027432452,0.,0.0106811647375508));
#5058=CARTESIAN_POINT('',(-0.00617908103543392,0.,0.00955285207313251));
#5059=CARTESIAN_POINT('',(-0.00631228495530072,0.,0.00976081252873382));
#5060=CARTESIAN_POINT('',(-0.00648274840989944,0.,0.0100269432681083));
#5061=CARTESIAN_POINT('',(-0.00651532471487634,0.,0.0100659396244946));
#5062=CARTESIAN_POINT('',(-0.0065676661064933,0.,0.0101295204925981));
#5063=CARTESIAN_POINT('',(-0.00663724617800379,0.,0.0102036935009891));
#5064=CARTESIAN_POINT('',(-0.00673399122281313,0.,0.0102980716708631));
#5065=CARTESIAN_POINT('',(-0.00685705591304601,0.,0.0104062700156252));
#5066=CARTESIAN_POINT('',(-0.0070089487966704,0.,0.0105270537275699));
#5067=CARTESIAN_POINT('',(-0.00719090609216875,0.,0.0106573778607899));
#5068=CARTESIAN_POINT('',(-0.00740418951620808,0.,0.010794661560616));
#5069=CARTESIAN_POINT('',(-0.00765026216992603,0.,0.0109358054938462));
#5070=CARTESIAN_POINT('',(-0.00787664289992149,0.,0.0110521531152791));
#5071=CARTESIAN_POINT('',(-0.00802385298229836,0.,0.0111192385918277));
#5072=CARTESIAN_POINT('',(-0.00807272110376672,0.,0.0111410461848029));
#5073=CARTESIAN_POINT('',(-0.00639360676608629,0.,0.00988667081614558));
#5074=CARTESIAN_POINT('',(-0.0060544574242687,0.,0.0101064933999338));
#5075=CARTESIAN_POINT('',(-0.00584675762829304,0.,0.00975978741620986));
#5076=CARTESIAN_POINT('',(4.92180838977208E-16,0.,-8.5259063983765E-16));
#5077=CARTESIAN_POINT('',(-0.0055288450238269,0.,0.00994333434397716));
#5078=CARTESIAN_POINT('',(-0.00572525131538816,0.,0.0102965606355151));
#5079=CARTESIAN_POINT('',(-0.00536530470259324,0.,0.0104803612893118));
#5080=CARTESIAN_POINT('',(-0.00518347205621062,0.,0.0101276671852947));
#5081=CARTESIAN_POINT('',(-0.00529696913381055,0.,0.0103470053915837));
#5082=CARTESIAN_POINT('',(-0.00544221338753739,0.,0.0106276964433702));
#5083=CARTESIAN_POINT('',(-0.00545969707033457,0.,0.0106754065292348));
#5084=CARTESIAN_POINT('',(-0.00548858902149838,0.,0.0107525259380963));
#5085=CARTESIAN_POINT('',(-0.00551803469528482,0.,0.010849870551817));
#5086=CARTESIAN_POINT('',(-0.00555139606555374,0.,0.0109808433032491));
#5087=CARTESIAN_POINT('',(-0.00558356623564867,0.,0.0111415196236807));
#5088=CARTESIAN_POINT('',(-0.00561222155674402,0.,0.0113334545755259));
#5089=CARTESIAN_POINT('',(-0.0056341069190895,0.,0.0115561962824414));
#5090=CARTESIAN_POINT('',(-0.00564635637864475,0.,0.0118095469957786));
#5091=CARTESIAN_POINT('',(-0.00564555428355324,0.,0.0120932241316901));
#5092=CARTESIAN_POINT('',(-0.00563312391438629,0.,0.0123474494055099));
#5093=CARTESIAN_POINT('',(-0.00561761660011392,0.,0.0125084798148158));
#5094=CARTESIAN_POINT('',(-0.00561206846889163,0.,0.0125617046459302));
#5095=CARTESIAN_POINT('',(-0.00349607390328484,0.,0.0108266103853599));
#5096=CARTESIAN_POINT('',(-0.0035709148831093,0.,0.0110619604716158));
#5097=CARTESIAN_POINT('',(-0.00366669023250734,0.,0.0113631422144911));
#5098=CARTESIAN_POINT('',(-0.0036880635270872,0.,0.011409241170403));
#5099=CARTESIAN_POINT('',(-0.00372216548946459,0.,0.0114842025219597));
#5100=CARTESIAN_POINT('',(-0.00377017729032749,0.,0.0115738567940446));
#5101=CARTESIAN_POINT('',(-0.003839198959869,0.,0.0116900585658797));
#5102=CARTESIAN_POINT('',(-0.00393006653019621,0.,0.011826421627059));
#5103=CARTESIAN_POINT('',(-0.00404552266432905,0.,0.0119824025049191));
#5104=CARTESIAN_POINT('',(-0.00418754954761882,0.,0.0121553799644553));
#5105=CARTESIAN_POINT('',(-0.00435803387912065,0.,0.0123431876477919));
#5106=CARTESIAN_POINT('',(-0.00455919107246963,0.,0.0125432105073841));
#5107=CARTESIAN_POINT('',(-0.0047477450858672,0.,0.0127141853241205));
#5108=CARTESIAN_POINT('',(-0.00487257610734461,0.,0.0128170856914379));
#5109=CARTESIAN_POINT('',(-0.00491413486756331,0.,0.0128507982092363));
#5110=CARTESIAN_POINT('',(-0.00361689119862152,0.,0.0112045778752929));
#5111=CARTESIAN_POINT('',(-0.00323240381916294,0.,0.0113291318773791));
#5112=CARTESIAN_POINT('',(-0.00312151533375383,0.,0.0109404829507088));
#5113=CARTESIAN_POINT('',(2.54743488306579E-16,0.,-9.50925093033346E-16));
#5114=CARTESIAN_POINT('',(-0.00276692989802094,0.,0.0110354938318613));
#5115=CARTESIAN_POINT('',(-0.00286522211600467,0.,0.0114275179182161));
#5116=CARTESIAN_POINT('',(-0.00246996927691591,0.,0.0115118946779957));
#5117=CARTESIAN_POINT('',(-0.00238561637892744,0.,0.0111241565822405));
#5118=CARTESIAN_POINT('',(-0.00243847723228334,0.,0.0113653962256333));
#5119=CARTESIAN_POINT('',(-0.00250612421808595,0.,0.0116741149408183));
#5120=CARTESIAN_POINT('',(-0.00251066387997316,0.,0.0117247244550159));
#5121=CARTESIAN_POINT('',(-0.00251861139001377,0.,0.0118066938709547));
#5122=CARTESIAN_POINT('',(-0.00252185908682751,0.,0.0119083426485694));
#5123=CARTESIAN_POINT('',(-0.00252018545351053,0.,0.0120434871697142));
#5124=CARTESIAN_POINT('',(-0.00250967335981664,0.,0.0122070148299969));
#5125=CARTESIAN_POINT('',(-0.00248767585356488,0.,0.0123998262997947));
#5126=CARTESIAN_POINT('',(-0.00245116569438371,0.,0.0126206426156801));
#5127=CARTESIAN_POINT('',(-0.00239742577402422,0.,0.0128685310062264));
#5128=CARTESIAN_POINT('',(-0.00232322996422616,0.,0.0131423344806454));
#5129=CARTESIAN_POINT('',(-0.00224542480700654,0.,0.0133846800220452));
#5130=CARTESIAN_POINT('',(-0.00218876815488545,0.,0.0135362098649396));
#5131=CARTESIAN_POINT('',(-0.00216963347168543,0.,0.0135861851418878));
#5132=CARTESIAN_POINT('',(-0.00057481511216218,0.,0.0113625530916446));
#5133=CARTESIAN_POINT('',(-0.000586192862849834,0.,0.0116092540891113));
#5134=CARTESIAN_POINT('',(-0.000600753175261961,0.,0.0119249617974368));
#5135=CARTESIAN_POINT('',(-0.0006094669047402,0.,0.0119750217852109));
#5136=CARTESIAN_POINT('',(-0.000623005445498173,0.,0.0120562551279917));
#5137=CARTESIAN_POINT('',(-0.000646177050827917,0.,0.0121552808732886));
#5138=CARTESIAN_POINT('',(-0.000682771632386056,0.,0.0122853872883669));
#5139=CARTESIAN_POINT('',(-0.000735249608055564,0.,0.0124406221486947));
#5140=CARTESIAN_POINT('',(-0.000806400847955977,0.,0.0126211703534144));
#5141=CARTESIAN_POINT('',(-0.000898818421651493,0.,0.0128250130112583));
#5142=CARTESIAN_POINT('',(-0.00101488543516263,0.,0.0130505458948528));
#5143=CARTESIAN_POINT('',(-0.0011574186378439,0.,0.0132958164534793));
#5144=CARTESIAN_POINT('',(-0.00129529629023078,0.,0.0135097668143078));
#5145=CARTESIAN_POINT('',(-0.00138924122298806,0.,0.0136414695824123));
#5146=CARTESIAN_POINT('',(-0.00142065846112729,0.,0.0136847895726583));
#5147=CARTESIAN_POINT('',(-0.000593690473166012,0.,0.0117589114686794));
#5148=CARTESIAN_POINT('',(-0.00019006723558111,0.,0.0117797087396568));
#5149=CARTESIAN_POINT('',(-0.000183546927767298,0.,0.0113756026521199));
#5150=CARTESIAN_POINT('',(-5.42101086243355E-20,0.,-9.84455572616838E-16));
#5151=CARTESIAN_POINT('',(0.0001835469277673,0.,0.0113756026521199));
#5152=CARTESIAN_POINT('',(0.000190067235581115,0.,0.011779708739657));
#5153=CARTESIAN_POINT('',(0.000593690473166024,0.,0.0117589114686796));
#5154=CARTESIAN_POINT('',(0.000574815112162182,0.,0.0113625530916446));
#5155=CARTESIAN_POINT('',(0.000586192862849836,0.,0.0116092540891113));
#5156=CARTESIAN_POINT('',(0.000600753175261963,0.,0.0119249617974368));
#5157=CARTESIAN_POINT('',(0.000609466904740202,0.,0.0119750217852109));
#5158=CARTESIAN_POINT('',(0.000623005445498174,0.,0.0120562551279917));
#5159=CARTESIAN_POINT('',(0.000646177050827919,0.,0.0121552808732886));
#5160=CARTESIAN_POINT('',(0.000682771632386057,0.,0.0122853872883669));
#5161=CARTESIAN_POINT('',(0.000735249608055565,0.,0.0124406221486947));
#5162=CARTESIAN_POINT('',(0.000806400847955979,0.,0.0126211703534144));
#5163=CARTESIAN_POINT('',(0.000898818421651494,0.,0.0128250130112583));
#5164=CARTESIAN_POINT('',(0.00101488543516264,0.,0.0130505458948528));
#5165=CARTESIAN_POINT('',(0.0011574186378439,0.,0.0132958164534793));
#5166=CARTESIAN_POINT('',(0.00129529629023078,0.,0.0135097668143078));
#5167=CARTESIAN_POINT('',(0.00138924122298806,0.,0.0136414695824123));
#5168=CARTESIAN_POINT('',(0.0014206584611273,0.,0.0136847895726583));
#5169=CARTESIAN_POINT('',(0.00238561637892744,0.,0.0111241565822405));
#5170=CARTESIAN_POINT('',(0.00243847723228334,0.,0.0113653962256333));
#5171=CARTESIAN_POINT('',(0.00250612421808595,0.,0.0116741149408183));
#5172=CARTESIAN_POINT('',(0.00251066387997316,0.,0.0117247244550159));
#5173=CARTESIAN_POINT('',(0.00251861139001377,0.,0.0118066938709547));
#5174=CARTESIAN_POINT('',(0.0025218590868275,0.,0.0119083426485694));
#5175=CARTESIAN_POINT('',(0.00252018545351052,0.,0.0120434871697142));
#5176=CARTESIAN_POINT('',(0.00250967335981664,0.,0.0122070148299969));
#5177=CARTESIAN_POINT('',(0.00248767585356488,0.,0.0123998262997947));
#5178=CARTESIAN_POINT('',(0.00245116569438371,0.,0.0126206426156801));
#5179=CARTESIAN_POINT('',(0.00239742577402422,0.,0.0128685310062264));
#5180=CARTESIAN_POINT('',(0.00232322996422616,0.,0.0131423344806454));
#5181=CARTESIAN_POINT('',(0.00224542480700653,0.,0.0133846800220452));
#5182=CARTESIAN_POINT('',(0.00218876815488545,0.,0.0135362098649396));
#5183=CARTESIAN_POINT('',(0.00216963347168542,0.,0.0135861851418878));
#5184=CARTESIAN_POINT('',(0.00246996927691587,0.,0.0115118946779955));
#5185=CARTESIAN_POINT('',(0.00286522211600462,0.,0.0114275179182159));
#5186=CARTESIAN_POINT('',(0.00276692989802094,0.,0.0110354938318613));
#5187=CARTESIAN_POINT('',(-2.54848214194511E-16,0.,-9.50897031816248E-16));
#5188=CARTESIAN_POINT('',(0.00312151533375383,0.,0.0109404829507088));
#5189=CARTESIAN_POINT('',(0.003232403819163,0.,0.0113291318773793));
#5190=CARTESIAN_POINT('',(0.00361689119862159,0.,0.0112045778752931));
#5191=CARTESIAN_POINT('',(0.00349607390328484,0.,0.0108266103853599));
#5192=CARTESIAN_POINT('',(0.0035709148831093,0.,0.0110619604716158));
#5193=CARTESIAN_POINT('',(0.00366669023250733,0.,0.0113631422144911));
#5194=CARTESIAN_POINT('',(0.00368806352708719,0.,0.011409241170403));
#5195=CARTESIAN_POINT('',(0.00372216548946459,0.,0.0114842025219597));
#5196=CARTESIAN_POINT('',(0.00377017729032748,0.,0.0115738567940446));
#5197=CARTESIAN_POINT('',(0.00383919895986899,0.,0.0116900585658797));
#5198=CARTESIAN_POINT('',(0.00393006653019621,0.,0.011826421627059));
#5199=CARTESIAN_POINT('',(0.00404552266432905,0.,0.0119824025049191));
#5200=CARTESIAN_POINT('',(0.00418754954761882,0.,0.0121553799644553));
#5201=CARTESIAN_POINT('',(0.00435803387912065,0.,0.0123431876477919));
#5202=CARTESIAN_POINT('',(0.00455919107246963,0.,0.0125432105073841));
#5203=CARTESIAN_POINT('',(0.0047477450858672,0.,0.0127141853241205));
#5204=CARTESIAN_POINT('',(0.0048725761073446,0.,0.0128170856914379));
#5205=CARTESIAN_POINT('',(0.00491413486756331,0.,0.0128507982092363));
#5206=CARTESIAN_POINT('',(0.00518347205621063,0.,0.0101276671852947));
#5207=CARTESIAN_POINT('',(0.00529696913381056,0.,0.0103470053915837));
#5208=CARTESIAN_POINT('',(0.00544221338753739,0.,0.0106276964433702));
#5209=CARTESIAN_POINT('',(0.00545969707033458,0.,0.0106754065292348));
#5210=CARTESIAN_POINT('',(0.00548858902149839,0.,0.0107525259380963));
#5211=CARTESIAN_POINT('',(0.00551803469528482,0.,0.010849870551817));
#5212=CARTESIAN_POINT('',(0.00555139606555374,0.,0.0109808433032491));
#5213=CARTESIAN_POINT('',(0.00558356623564867,0.,0.0111415196236807));
#5214=CARTESIAN_POINT('',(0.00561222155674403,0.,0.0113334545755259));
#5215=CARTESIAN_POINT('',(0.0056341069190895,0.,0.0115561962824414));
#5216=CARTESIAN_POINT('',(0.00564635637864475,0.,0.0118095469957786));
#5217=CARTESIAN_POINT('',(0.00564555428355324,0.,0.0120932241316901));
#5218=CARTESIAN_POINT('',(0.00563312391438629,0.,0.0123474494055099));
#5219=CARTESIAN_POINT('',(0.00561761660011392,0.,0.0125084798148158));
#5220=CARTESIAN_POINT('',(0.00561206846889163,0.,0.0125617046459302));
#5221=CARTESIAN_POINT('',(0.00536530470259316,0.,0.0104803612893116));
#5222=CARTESIAN_POINT('',(0.00572525131538806,0.,0.0102965606355149));
#5223=CARTESIAN_POINT('',(0.00552884502382691,0.,0.00994333434397716));
#5224=CARTESIAN_POINT('',(-4.9227473363963E-16,0.,-8.52536429729026E-16));
#5225=CARTESIAN_POINT('',(0.00584675762829304,0.,0.00975978741620986));
#5226=CARTESIAN_POINT('',(0.00605445742426881,0.,0.0101064933999339));
#5227=CARTESIAN_POINT('',(0.00639360676608641,0.,0.00988667081614575));
#5228=CARTESIAN_POINT('',(0.00617908103543393,0.,0.00955285207313251));
#5229=CARTESIAN_POINT('',(0.00631228495530072,0.,0.00976081252873382));
#5230=CARTESIAN_POINT('',(0.00648274840989944,0.,0.0100269432681082));
#5231=CARTESIAN_POINT('',(0.00651532471487634,0.,0.0100659396244946));
#5232=CARTESIAN_POINT('',(0.00656766610649331,0.,0.0101295204925981));
#5233=CARTESIAN_POINT('',(0.00663724617800379,0.,0.0102036935009891));
#5234=CARTESIAN_POINT('',(0.00673399122281313,0.,0.0102980716708631));
#5235=CARTESIAN_POINT('',(0.00685705591304601,0.,0.0104062700156252));
#5236=CARTESIAN_POINT('',(0.00700894879667041,0.,0.0105270537275699));
#5237=CARTESIAN_POINT('',(0.00719090609216876,0.,0.0106573778607899));
#5238=CARTESIAN_POINT('',(0.00740418951620809,0.,0.010794661560616));
#5239=CARTESIAN_POINT('',(0.00765026216992604,0.,0.0109358054938462));
#5240=CARTESIAN_POINT('',(0.00787664289992149,0.,0.0110521531152791));
#5241=CARTESIAN_POINT('',(0.00802385298229836,0.,0.0111192385918277));
#5242=CARTESIAN_POINT('',(0.00807272110376672,0.,0.0111410461848029));
#5243=CARTESIAN_POINT('',(0.00762808267895565,0.,0.00844099400643242));
#5244=CARTESIAN_POINT('',(0.00779448134252397,0.,0.00862348323933251));
#5245=CARTESIAN_POINT('',(0.00800742470831102,0.,0.00885701799640518));
#5246=CARTESIAN_POINT('',(0.0080366609279287,0.,0.00889857729042985));
#5247=CARTESIAN_POINT('',(0.00808452838149011,0.,0.00896559113194591));
#5248=CARTESIAN_POINT('',(0.00813816535824197,0.,0.00905199770721706));
#5249=CARTESIAN_POINT('',(0.00820428820984523,0.,0.00916987311236921));
#5250=CARTESIAN_POINT('',(0.00827694829980073,0.,0.00931674826724241));
#5251=CARTESIAN_POINT('',(0.0083543036354657,0.,0.00949472665135421));
#5252=CARTESIAN_POINT('',(0.00843309306806126,0.,0.00970421427007158));
#5253=CARTESIAN_POINT('',(0.00851049712710574,0.,0.00994576187376766));
#5254=CARTESIAN_POINT('',(0.00858314340817575,0.,0.010219980543158));
#5255=CARTESIAN_POINT('',(0.00863693493617805,0.,0.010468760517114));
#5256=CARTESIAN_POINT('',(0.008663633757595,0.,0.0106283175365525));
#5257=CARTESIAN_POINT('',(0.00867205027432452,0.,0.0106811647375508));
#5258=CARTESIAN_POINT('',(0.00789500347937397,0.,0.00873460859837704));
#5259=CARTESIAN_POINT('',(0.00819511409905295,0.,0.00846390976137452));
#5260=CARTESIAN_POINT('',(0.00791397849810748,0.,0.0081735530526879));
#5261=CARTESIAN_POINT('',(-6.96153543509669E-16,0.,-6.96076878838835E-16));
#5262=CARTESIAN_POINT('',(0.0081735530526879,0.,0.00791397849810747));
#5263=CARTESIAN_POINT('',(0.00846390976137467,0.,0.00819511409905309));
#5264=CARTESIAN_POINT('',(0.00873460859837719,0.,0.0078950034793741));
#5265=CARTESIAN_POINT('',(0.00844099400643242,0.,0.00762808267895565));
#5266=CARTESIAN_POINT('',(0.00862348323933251,0.,0.00779448134252396));
#5267=CARTESIAN_POINT('',(0.00885701799640519,0.,0.00800742470831102));
#5268=CARTESIAN_POINT('',(0.00889857729042985,0.,0.0080366609279287));
#5269=CARTESIAN_POINT('',(0.00896559113194592,0.,0.00808452838149011));
#5270=CARTESIAN_POINT('',(0.00905199770721706,0.,0.00813816535824197));
#5271=CARTESIAN_POINT('',(0.00916987311236921,0.,0.00820428820984523));
#5272=CARTESIAN_POINT('',(0.00931674826724241,0.,0.00827694829980073));
#5273=CARTESIAN_POINT('',(0.00949472665135421,0.,0.0083543036354657));
#5274=CARTESIAN_POINT('',(0.00970421427007158,0.,0.00843309306806125));
#5275=CARTESIAN_POINT('',(0.00994576187376766,0.,0.00851049712710574));
#5276=CARTESIAN_POINT('',(0.010219980543158,0.,0.00858314340817575));
#5277=CARTESIAN_POINT('',(0.010468760517114,0.,0.00863693493617805));
#5278=CARTESIAN_POINT('',(0.0106283175365525,0.,0.00866363375759499));
#5279=CARTESIAN_POINT('',(0.0106811647375508,0.,0.00867205027432452));
#5280=CARTESIAN_POINT('',(0.00955285207313251,0.,0.00617908103543393));
#5281=CARTESIAN_POINT('',(0.00976081252873382,0.,0.00631228495530072));
#5282=CARTESIAN_POINT('',(0.0100269432681083,0.,0.00648274840989944));
#5283=CARTESIAN_POINT('',(0.0100659396244946,0.,0.00651532471487634));
#5284=CARTESIAN_POINT('',(0.0101295204925981,0.,0.0065676661064933));
#5285=CARTESIAN_POINT('',(0.0102036935009891,0.,0.00663724617800379));
#5286=CARTESIAN_POINT('',(0.0102980716708631,0.,0.00673399122281313));
#5287=CARTESIAN_POINT('',(0.0104062700156252,0.,0.00685705591304601));
#5288=CARTESIAN_POINT('',(0.0105270537275699,0.,0.0070089487966704));
#5289=CARTESIAN_POINT('',(0.0106573778607899,0.,0.00719090609216875));
#5290=CARTESIAN_POINT('',(0.010794661560616,0.,0.00740418951620808));
#5291=CARTESIAN_POINT('',(0.0109358054938462,0.,0.00765026216992604));
#5292=CARTESIAN_POINT('',(0.0110521531152791,0.,0.00787664289992149));
#5293=CARTESIAN_POINT('',(0.0111192385918277,0.,0.00802385298229836));
#5294=CARTESIAN_POINT('',(0.0111410461848029,0.,0.00807272110376672));
#5295=CARTESIAN_POINT('',(0.00988667081614558,0.,0.0063936067660863));
#5296=CARTESIAN_POINT('',(0.0101064933999338,0.,0.0060544574242687));
#5297=CARTESIAN_POINT('',(0.00975978741620986,0.,0.00584675762829304));
#5298=CARTESIAN_POINT('',(-8.5259063983765E-16,0.,-4.92180838977208E-16));
#5299=CARTESIAN_POINT('',(0.00994333434397716,0.,0.0055288450238269));
#5300=CARTESIAN_POINT('',(0.0102965606355151,0.,0.00572525131538816));
#5301=CARTESIAN_POINT('',(0.0104803612893118,0.,0.00536530470259325));
#5302=CARTESIAN_POINT('',(0.0101276671852947,0.,0.00518347205621063));
#5303=CARTESIAN_POINT('',(0.0103470053915837,0.,0.00529696913381055));
#5304=CARTESIAN_POINT('',(0.0106276964433702,0.,0.00544221338753739));
#5305=CARTESIAN_POINT('',(0.0106754065292348,0.,0.00545969707033457));
#5306=CARTESIAN_POINT('',(0.0107525259380963,0.,0.00548858902149839));
#5307=CARTESIAN_POINT('',(0.010849870551817,0.,0.00551803469528482));
#5308=CARTESIAN_POINT('',(0.0109808433032491,0.,0.00555139606555374));
#5309=CARTESIAN_POINT('',(0.0111415196236807,0.,0.00558356623564867));
#5310=CARTESIAN_POINT('',(0.0113334545755259,0.,0.00561222155674402));
#5311=CARTESIAN_POINT('',(0.0115561962824414,0.,0.0056341069190895));
#5312=CARTESIAN_POINT('',(0.0118095469957786,0.,0.00564635637864475));
#5313=CARTESIAN_POINT('',(0.0120932241316901,0.,0.00564555428355324));
#5314=CARTESIAN_POINT('',(0.0123474494055099,0.,0.00563312391438629));
#5315=CARTESIAN_POINT('',(0.0125084798148158,0.,0.00561761660011392));
#5316=CARTESIAN_POINT('',(0.0125617046459302,0.,0.00561206846889163));
#5317=CARTESIAN_POINT('',(0.0108266103853599,0.,0.00349607390328484));
#5318=CARTESIAN_POINT('',(0.0110619604716158,0.,0.0035709148831093));
#5319=CARTESIAN_POINT('',(0.0113631422144911,0.,0.00366669023250733));
#5320=CARTESIAN_POINT('',(0.011409241170403,0.,0.00368806352708719));
#5321=CARTESIAN_POINT('',(0.0114842025219597,0.,0.00372216548946459));
#5322=CARTESIAN_POINT('',(0.0115738567940446,0.,0.00377017729032748));
#5323=CARTESIAN_POINT('',(0.0116900585658797,0.,0.00383919895986899));
#5324=CARTESIAN_POINT('',(0.011826421627059,0.,0.00393006653019621));
#5325=CARTESIAN_POINT('',(0.0119824025049191,0.,0.00404552266432905));
#5326=CARTESIAN_POINT('',(0.0121553799644553,0.,0.00418754954761882));
#5327=CARTESIAN_POINT('',(0.0123431876477919,0.,0.00435803387912065));
#5328=CARTESIAN_POINT('',(0.0125432105073841,0.,0.00455919107246963));
#5329=CARTESIAN_POINT('',(0.0127141853241205,0.,0.0047477450858672));
#5330=CARTESIAN_POINT('',(0.0128170856914379,0.,0.0048725761073446));
#5331=CARTESIAN_POINT('',(0.0128507982092363,0.,0.00491413486756331));
#5332=CARTESIAN_POINT('',(0.0112045778752929,0.,0.00361689119862152));
#5333=CARTESIAN_POINT('',(0.0113291318773791,0.,0.00323240381916294));
#5334=CARTESIAN_POINT('',(0.0109404829507088,0.,0.00312151533375383));
#5335=CARTESIAN_POINT('',(-9.50925093033346E-16,0.,-2.54743488306579E-16));
#5336=CARTESIAN_POINT('',(0.0110354938318613,0.,0.00276692989802094));
#5337=CARTESIAN_POINT('',(0.0114275179182161,0.,0.00286522211600467));
#5338=CARTESIAN_POINT('',(0.0115118946779957,0.,0.00246996927691591));
#5339=CARTESIAN_POINT('',(0.0111241565822405,0.,0.00238561637892744));
#5340=CARTESIAN_POINT('',(0.0113653962256333,0.,0.00243847723228334));
#5341=CARTESIAN_POINT('',(0.0116741149408183,0.,0.00250612421808595));
#5342=CARTESIAN_POINT('',(0.0117247244550159,0.,0.00251066387997316));
#5343=CARTESIAN_POINT('',(0.0118066938709547,0.,0.00251861139001377));
#5344=CARTESIAN_POINT('',(0.0119083426485694,0.,0.0025218590868275));
#5345=CARTESIAN_POINT('',(0.0120434871697142,0.,0.00252018545351052));
#5346=CARTESIAN_POINT('',(0.0122070148299969,0.,0.00250967335981664));
#5347=CARTESIAN_POINT('',(0.0123998262997947,0.,0.00248767585356488));
#5348=CARTESIAN_POINT('',(0.0126206426156801,0.,0.00245116569438371));
#5349=CARTESIAN_POINT('',(0.0128685310062264,0.,0.00239742577402422));
#5350=CARTESIAN_POINT('',(0.0131423344806454,0.,0.00232322996422616));
#5351=CARTESIAN_POINT('',(0.0133846800220452,0.,0.00224542480700653));
#5352=CARTESIAN_POINT('',(0.0135362098649396,0.,0.00218876815488545));
#5353=CARTESIAN_POINT('',(0.0135861851418878,0.,0.00216963347168542));
#5354=CARTESIAN_POINT('',(0.0113625530916446,0.,0.000574815112162181));
#5355=CARTESIAN_POINT('',(0.0116092540891113,0.,0.000586192862849835));
#5356=CARTESIAN_POINT('',(0.0119249617974368,0.,0.000600753175261962));
#5357=CARTESIAN_POINT('',(0.0119750217852109,0.,0.000609466904740201));
#5358=CARTESIAN_POINT('',(0.0120562551279917,0.,0.000623005445498173));
#5359=CARTESIAN_POINT('',(0.0121552808732886,0.,0.000646177050827918));
#5360=CARTESIAN_POINT('',(0.0122853872883669,0.,0.000682771632386057));
#5361=CARTESIAN_POINT('',(0.0124406221486947,0.,0.000735249608055565));
#5362=CARTESIAN_POINT('',(0.0126211703534144,0.,0.000806400847955978));
#5363=CARTESIAN_POINT('',(0.0128250130112583,0.,0.000898818421651494));
#5364=CARTESIAN_POINT('',(0.0130505458948528,0.,0.00101488543516263));
#5365=CARTESIAN_POINT('',(0.0132958164534793,0.,0.0011574186378439));
#5366=CARTESIAN_POINT('',(0.0135097668143078,0.,0.00129529629023078));
#5367=CARTESIAN_POINT('',(0.0136414695824123,0.,0.00138924122298806));
#5368=CARTESIAN_POINT('',(0.0136847895726583,0.,0.0014206584611273));
#5369=CARTESIAN_POINT('',(0.0117589114686794,0.,0.000593690473166013));
#5370=CARTESIAN_POINT('',(0.0117797087396568,0.,0.000190067235581111));
#5371=CARTESIAN_POINT('',(0.0113756026521199,0.,0.000183546927767299));
#5372=CARTESIAN_POINT('',(-9.84455572616838E-16,0.,5.42101086242752E-20));
#5373=CARTESIAN_POINT('',(0.0113756026521199,0.,-0.000183546927767299));
#5374=CARTESIAN_POINT('',(0.011779708739657,0.,-0.000190067235581114));
#5375=CARTESIAN_POINT('',(0.0117589114686796,0.,-0.000593690473166023));
#5376=CARTESIAN_POINT('',(0.0113625530916446,0.,-0.000574815112162181));
#5377=CARTESIAN_POINT('',(0.0116092540891113,0.,-0.000586192862849835));
#5378=CARTESIAN_POINT('',(0.0119249617974368,0.,-0.000600753175261962));
#5379=CARTESIAN_POINT('',(0.0119750217852109,0.,-0.000609466904740201));
#5380=CARTESIAN_POINT('',(0.0120562551279917,0.,-0.000623005445498173));
#5381=CARTESIAN_POINT('',(0.0121552808732886,0.,-0.000646177050827918));
#5382=CARTESIAN_POINT('',(0.0122853872883669,0.,-0.000682771632386057));
#5383=CARTESIAN_POINT('',(0.0124406221486947,0.,-0.000735249608055565));
#5384=CARTESIAN_POINT('',(0.0126211703534144,0.,-0.000806400847955978));
#5385=CARTESIAN_POINT('',(0.0128250130112583,0.,-0.000898818421651494));
#5386=CARTESIAN_POINT('',(0.0130505458948528,0.,-0.00101488543516263));
#5387=CARTESIAN_POINT('',(0.0132958164534793,0.,-0.0011574186378439));
#5388=CARTESIAN_POINT('',(0.0135097668143078,0.,-0.00129529629023078));
#5389=CARTESIAN_POINT('',(0.0136414695824123,0.,-0.00138924122298806));
#5390=CARTESIAN_POINT('',(0.0136847895726583,0.,-0.0014206584611273));
#5391=CARTESIAN_POINT('',(0.0111241565822405,0.,-0.00238561637892744));
#5392=CARTESIAN_POINT('',(0.0113653962256333,0.,-0.00243847723228334));
#5393=CARTESIAN_POINT('',(0.0116741149408183,0.,-0.00250612421808594));
#5394=CARTESIAN_POINT('',(0.0117247244550159,0.,-0.00251066387997316));
#5395=CARTESIAN_POINT('',(0.0118066938709547,0.,-0.00251861139001377));
#5396=CARTESIAN_POINT('',(0.0119083426485694,0.,-0.0025218590868275));
#5397=CARTESIAN_POINT('',(0.0120434871697142,0.,-0.00252018545351052));
#5398=CARTESIAN_POINT('',(0.0122070148299969,0.,-0.00250967335981664));
#5399=CARTESIAN_POINT('',(0.0123998262997947,0.,-0.00248767585356488));
#5400=CARTESIAN_POINT('',(0.0126206426156801,0.,-0.00245116569438371));
#5401=CARTESIAN_POINT('',(0.0128685310062264,0.,-0.00239742577402422));
#5402=CARTESIAN_POINT('',(0.0131423344806454,0.,-0.00232322996422615));
#5403=CARTESIAN_POINT('',(0.0133846800220452,0.,-0.00224542480700653));
#5404=CARTESIAN_POINT('',(0.0135362098649396,0.,-0.00218876815488545));
#5405=CARTESIAN_POINT('',(0.0135861851418878,0.,-0.00216963347168542));
#5406=CARTESIAN_POINT('',(0.0115118946779955,0.,-0.00246996927691587));
#5407=CARTESIAN_POINT('',(0.0114275179182159,0.,-0.00286522211600462));
#5408=CARTESIAN_POINT('',(0.0110354938318613,0.,-0.00276692989802094));
#5409=CARTESIAN_POINT('',(-9.50897031816248E-16,0.,2.54848214194511E-16));
#5410=CARTESIAN_POINT('',(0.0109404829507088,0.,-0.00312151533375383));
#5411=CARTESIAN_POINT('',(0.0113291318773793,0.,-0.003232403819163));
#5412=CARTESIAN_POINT('',(0.0112045778752931,0.,-0.00361689119862159));
#5413=CARTESIAN_POINT('',(0.0108266103853599,0.,-0.00349607390328484));
#5414=CARTESIAN_POINT('',(0.0110619604716158,0.,-0.0035709148831093));
#5415=CARTESIAN_POINT('',(0.0113631422144911,0.,-0.00366669023250733));
#5416=CARTESIAN_POINT('',(0.011409241170403,0.,-0.00368806352708719));
#5417=CARTESIAN_POINT('',(0.0114842025219597,0.,-0.00372216548946459));
#5418=CARTESIAN_POINT('',(0.0115738567940446,0.,-0.00377017729032748));
#5419=CARTESIAN_POINT('',(0.0116900585658797,0.,-0.00383919895986899));
#5420=CARTESIAN_POINT('',(0.011826421627059,0.,-0.00393006653019621));
#5421=CARTESIAN_POINT('',(0.0119824025049191,0.,-0.00404552266432905));
#5422=CARTESIAN_POINT('',(0.0121553799644553,0.,-0.00418754954761882));
#5423=CARTESIAN_POINT('',(0.0123431876477919,0.,-0.00435803387912064));
#5424=CARTESIAN_POINT('',(0.0125432105073841,0.,-0.00455919107246963));
#5425=CARTESIAN_POINT('',(0.0127141853241205,0.,-0.0047477450858672));
#5426=CARTESIAN_POINT('',(0.0128170856914379,0.,-0.0048725761073446));
#5427=CARTESIAN_POINT('',(0.0128507982092363,0.,-0.00491413486756331));
#5428=CARTESIAN_POINT('',(0.0101276671852947,0.,-0.00518347205621063));
#5429=CARTESIAN_POINT('',(0.0103470053915836,0.,-0.00529696913381056));
#5430=CARTESIAN_POINT('',(0.0106276964433702,0.,-0.0054422133875374));
#5431=CARTESIAN_POINT('',(0.0106754065292348,0.,-0.00545969707033458));
#5432=CARTESIAN_POINT('',(0.0107525259380963,0.,-0.00548858902149839));
#5433=CARTESIAN_POINT('',(0.010849870551817,0.,-0.00551803469528482));
#5434=CARTESIAN_POINT('',(0.0109808433032491,0.,-0.00555139606555374));
#5435=CARTESIAN_POINT('',(0.0111415196236807,0.,-0.00558356623564868));
#5436=CARTESIAN_POINT('',(0.0113334545755259,0.,-0.00561222155674403));
#5437=CARTESIAN_POINT('',(0.0115561962824413,0.,-0.00563410691908951));
#5438=CARTESIAN_POINT('',(0.0118095469957786,0.,-0.00564635637864476));
#5439=CARTESIAN_POINT('',(0.0120932241316901,0.,-0.00564555428355325));
#5440=CARTESIAN_POINT('',(0.0123474494055099,0.,-0.0056331239143863));
#5441=CARTESIAN_POINT('',(0.0125084798148158,0.,-0.00561761660011393));
#5442=CARTESIAN_POINT('',(0.0125617046459302,0.,-0.00561206846889163));
#5443=CARTESIAN_POINT('',(0.0104803612893116,0.,-0.00536530470259316));
#5444=CARTESIAN_POINT('',(0.0102965606355149,0.,-0.00572525131538806));
#5445=CARTESIAN_POINT('',(0.00994333434397716,0.,-0.00552884502382691));
#5446=CARTESIAN_POINT('',(-8.52536429729026E-16,0.,4.9227473363963E-16));
#5447=CARTESIAN_POINT('',(0.00975978741620986,0.,-0.00584675762829305));
#5448=CARTESIAN_POINT('',(0.0101064933999339,0.,-0.00605445742426882));
#5449=CARTESIAN_POINT('',(0.00988667081614574,0.,-0.00639360676608641));
#5450=CARTESIAN_POINT('',(0.0095528520731325,0.,-0.00617908103543393));
#5451=CARTESIAN_POINT('',(0.00976081252873382,0.,-0.00631228495530073));
#5452=CARTESIAN_POINT('',(0.0100269432681082,0.,-0.00648274840989944));
#5453=CARTESIAN_POINT('',(0.0100659396244946,0.,-0.00651532471487635));
#5454=CARTESIAN_POINT('',(0.0101295204925981,0.,-0.00656766610649331));
#5455=CARTESIAN_POINT('',(0.0102036935009891,0.,-0.00663724617800379));
#5456=CARTESIAN_POINT('',(0.0102980716708631,0.,-0.00673399122281313));
#5457=CARTESIAN_POINT('',(0.0104062700156252,0.,-0.00685705591304602));
#5458=CARTESIAN_POINT('',(0.0105270537275699,0.,-0.00700894879667041));
#5459=CARTESIAN_POINT('',(0.0106573778607899,0.,-0.00719090609216876));
#5460=CARTESIAN_POINT('',(0.010794661560616,0.,-0.00740418951620809));
#5461=CARTESIAN_POINT('',(0.0109358054938462,0.,-0.00765026216992604));
#5462=CARTESIAN_POINT('',(0.0110521531152791,0.,-0.0078766428999215));
#5463=CARTESIAN_POINT('',(0.0111192385918277,0.,-0.00802385298229836));
#5464=CARTESIAN_POINT('',(0.0111410461848029,0.,-0.00807272110376672));
#5465=CARTESIAN_POINT('',(0.00844099400643242,0.,-0.00762808267895565));
#5466=CARTESIAN_POINT('',(0.00862348323933251,0.,-0.00779448134252397));
#5467=CARTESIAN_POINT('',(0.00885701799640518,0.,-0.00800742470831102));
#5468=CARTESIAN_POINT('',(0.00889857729042985,0.,-0.00803666092792871));
#5469=CARTESIAN_POINT('',(0.00896559113194591,0.,-0.00808452838149011));
#5470=CARTESIAN_POINT('',(0.00905199770721706,0.,-0.00813816535824197));
#5471=CARTESIAN_POINT('',(0.00916987311236921,0.,-0.00820428820984524));
#5472=CARTESIAN_POINT('',(0.00931674826724241,0.,-0.00827694829980073));
#5473=CARTESIAN_POINT('',(0.00949472665135421,0.,-0.00835430363546571));
#5474=CARTESIAN_POINT('',(0.00970421427007157,0.,-0.00843309306806126));
#5475=CARTESIAN_POINT('',(0.00994576187376766,0.,-0.00851049712710574));
#5476=CARTESIAN_POINT('',(0.010219980543158,0.,-0.00858314340817575));
#5477=CARTESIAN_POINT('',(0.010468760517114,0.,-0.00863693493617805));
#5478=CARTESIAN_POINT('',(0.0106283175365525,0.,-0.008663633757595));
#5479=CARTESIAN_POINT('',(0.0106811647375508,0.,-0.00867205027432452));
#5480=CARTESIAN_POINT('',(0.00873460859837704,0.,-0.00789500347937397));
#5481=CARTESIAN_POINT('',(0.00846390976137452,0.,-0.00819511409905295));
#5482=CARTESIAN_POINT('',(0.0081735530526879,0.,-0.00791397849810748));
#5483=CARTESIAN_POINT('',(-6.96076878838835E-16,0.,6.96153543509669E-16));
#5484=CARTESIAN_POINT('',(0.00791397849810747,0.,-0.0081735530526879));
#5485=CARTESIAN_POINT('',(0.00819511409905309,0.,-0.00846390976137467));
#5486=CARTESIAN_POINT('',(0.0078950034793741,0.,-0.00873460859837719));
#5487=CARTESIAN_POINT('',(0.00762808267895565,0.,-0.00844099400643242));
#5488=CARTESIAN_POINT('',(0.00779448134252396,0.,-0.00862348323933252));
#5489=CARTESIAN_POINT('',(0.00800742470831102,0.,-0.00885701799640519));
#5490=CARTESIAN_POINT('',(0.0080366609279287,0.,-0.00889857729042985));
#5491=CARTESIAN_POINT('',(0.0080845283814901,0.,-0.00896559113194592));
#5492=CARTESIAN_POINT('',(0.00813816535824197,0.,-0.00905199770721706));
#5493=CARTESIAN_POINT('',(0.00820428820984523,0.,-0.00916987311236921));
#5494=CARTESIAN_POINT('',(0.00827694829980072,0.,-0.00931674826724241));
#5495=CARTESIAN_POINT('',(0.0083543036354657,0.,-0.00949472665135421));
#5496=CARTESIAN_POINT('',(0.00843309306806125,0.,-0.00970421427007158));
#5497=CARTESIAN_POINT('',(0.00851049712710574,0.,-0.00994576187376766));
#5498=CARTESIAN_POINT('',(0.00858314340817575,0.,-0.010219980543158));
#5499=CARTESIAN_POINT('',(0.00863693493617805,0.,-0.010468760517114));
#5500=CARTESIAN_POINT('',(0.00866363375759499,0.,-0.0106283175365525));
#5501=CARTESIAN_POINT('',(0.00867205027432452,0.,-0.0106811647375508));
#5502=CARTESIAN_POINT('',(0.00617908103543393,0.,-0.00955285207313251));
#5503=CARTESIAN_POINT('',(0.00631228495530072,0.,-0.00976081252873382));
#5504=CARTESIAN_POINT('',(0.00648274840989944,0.,-0.0100269432681082));
#5505=CARTESIAN_POINT('',(0.00651532471487634,0.,-0.0100659396244946));
#5506=CARTESIAN_POINT('',(0.00656766610649331,0.,-0.0101295204925981));
#5507=CARTESIAN_POINT('',(0.00663724617800379,0.,-0.0102036935009891));
#5508=CARTESIAN_POINT('',(0.00673399122281313,0.,-0.0102980716708631));
#5509=CARTESIAN_POINT('',(0.00685705591304601,0.,-0.0104062700156252));
#5510=CARTESIAN_POINT('',(0.00700894879667041,0.,-0.0105270537275699));
#5511=CARTESIAN_POINT('',(0.00719090609216876,0.,-0.0106573778607899));
#5512=CARTESIAN_POINT('',(0.00740418951620809,0.,-0.010794661560616));
#5513=CARTESIAN_POINT('',(0.00765026216992604,0.,-0.0109358054938462));
#5514=CARTESIAN_POINT('',(0.00787664289992149,0.,-0.0110521531152791));
#5515=CARTESIAN_POINT('',(0.00802385298229836,0.,-0.0111192385918277));
#5516=CARTESIAN_POINT('',(0.00807272110376672,0.,-0.0111410461848029));
#5517=CARTESIAN_POINT('',(0.0063936067660863,0.,-0.00988667081614558));
#5518=CARTESIAN_POINT('',(0.00605445742426871,0.,-0.0101064933999338));
#5519=CARTESIAN_POINT('',(0.00584675762829304,0.,-0.00975978741620986));
#5520=CARTESIAN_POINT('',(-4.92180838977209E-16,0.,8.5259063983765E-16));
#5521=CARTESIAN_POINT('',(0.00552884502382691,0.,-0.00994333434397716));
#5522=CARTESIAN_POINT('',(0.00572525131538816,0.,-0.0102965606355151));
#5523=CARTESIAN_POINT('',(0.00536530470259325,0.,-0.0104803612893118));
#5524=CARTESIAN_POINT('',(0.00518347205621063,0.,-0.0101276671852947));
#5525=CARTESIAN_POINT('',(0.00529696913381056,0.,-0.0103470053915837));
#5526=CARTESIAN_POINT('',(0.00544221338753739,0.,-0.0106276964433702));
#5527=CARTESIAN_POINT('',(0.00545969707033458,0.,-0.0106754065292348));
#5528=CARTESIAN_POINT('',(0.00548858902149839,0.,-0.0107525259380963));
#5529=CARTESIAN_POINT('',(0.00551803469528482,0.,-0.010849870551817));
#5530=CARTESIAN_POINT('',(0.00555139606555374,0.,-0.0109808433032491));
#5531=CARTESIAN_POINT('',(0.00558356623564867,0.,-0.0111415196236807));
#5532=CARTESIAN_POINT('',(0.00561222155674403,0.,-0.0113334545755259));
#5533=CARTESIAN_POINT('',(0.0056341069190895,0.,-0.0115561962824414));
#5534=CARTESIAN_POINT('',(0.00564635637864475,0.,-0.0118095469957786));
#5535=CARTESIAN_POINT('',(0.00564555428355324,0.,-0.0120932241316901));
#5536=CARTESIAN_POINT('',(0.00563312391438629,0.,-0.0123474494055099));
#5537=CARTESIAN_POINT('',(0.00561761660011392,0.,-0.0125084798148158));
#5538=CARTESIAN_POINT('',(0.00561206846889163,0.,-0.0125617046459302));
#5539=CARTESIAN_POINT('',(0.00349607390328483,0.,-0.0108266103853599));
#5540=CARTESIAN_POINT('',(0.00357091488310929,0.,-0.0110619604716158));
#5541=CARTESIAN_POINT('',(0.00366669023250733,0.,-0.0113631422144911));
#5542=CARTESIAN_POINT('',(0.00368806352708719,0.,-0.011409241170403));
#5543=CARTESIAN_POINT('',(0.00372216548946459,0.,-0.0114842025219597));
#5544=CARTESIAN_POINT('',(0.00377017729032748,0.,-0.0115738567940446));
#5545=CARTESIAN_POINT('',(0.00383919895986899,0.,-0.0116900585658797));
#5546=CARTESIAN_POINT('',(0.0039300665301962,0.,-0.011826421627059));
#5547=CARTESIAN_POINT('',(0.00404552266432905,0.,-0.0119824025049191));
#5548=CARTESIAN_POINT('',(0.00418754954761882,0.,-0.0121553799644553));
#5549=CARTESIAN_POINT('',(0.00435803387912063,0.,-0.0123431876477919));
#5550=CARTESIAN_POINT('',(0.00455919107246962,0.,-0.0125432105073841));
#5551=CARTESIAN_POINT('',(0.00474774508586719,0.,-0.0127141853241205));
#5552=CARTESIAN_POINT('',(0.0048725761073446,0.,-0.0128170856914379));
#5553=CARTESIAN_POINT('',(0.0049141348675633,0.,-0.0128507982092363));
#5554=CARTESIAN_POINT('',(0.00361689119862152,0.,-0.0112045778752929));
#5555=CARTESIAN_POINT('',(0.00323240381916294,0.,-0.0113291318773791));
#5556=CARTESIAN_POINT('',(0.00312151533375383,0.,-0.0109404829507088));
#5557=CARTESIAN_POINT('',(-2.54743488306579E-16,0.,9.50925093033346E-16));
#5558=CARTESIAN_POINT('',(0.00276692989802093,0.,-0.0110354938318613));
#5559=CARTESIAN_POINT('',(0.00286522211600466,0.,-0.0114275179182161));
#5560=CARTESIAN_POINT('',(0.0024699692769159,0.,-0.0115118946779957));
#5561=CARTESIAN_POINT('',(0.00238561637892744,0.,-0.0111241565822405));
#5562=CARTESIAN_POINT('',(0.00243847723228333,0.,-0.0113653962256333));
#5563=CARTESIAN_POINT('',(0.00250612421808594,0.,-0.0116741149408183));
#5564=CARTESIAN_POINT('',(0.00251066387997315,0.,-0.0117247244550159));
#5565=CARTESIAN_POINT('',(0.00251861139001376,0.,-0.0118066938709547));
#5566=CARTESIAN_POINT('',(0.0025218590868275,0.,-0.0119083426485694));
#5567=CARTESIAN_POINT('',(0.00252018545351051,0.,-0.0120434871697142));
#5568=CARTESIAN_POINT('',(0.00250967335981663,0.,-0.0122070148299969));
#5569=CARTESIAN_POINT('',(0.00248767585356487,0.,-0.0123998262997948));
#5570=CARTESIAN_POINT('',(0.0024511656943837,0.,-0.0126206426156801));
#5571=CARTESIAN_POINT('',(0.00239742577402422,0.,-0.0128685310062264));
#5572=CARTESIAN_POINT('',(0.00232322996422615,0.,-0.0131423344806454));
#5573=CARTESIAN_POINT('',(0.00224542480700653,0.,-0.0133846800220452));
#5574=CARTESIAN_POINT('',(0.00218876815488544,0.,-0.0135362098649396));
#5575=CARTESIAN_POINT('',(0.00216963347168542,0.,-0.0135861851418878));
#5576=CARTESIAN_POINT('',(0.000574815112162179,0.,-0.0113625530916446));
#5577=CARTESIAN_POINT('',(0.000586192862849833,0.,-0.0116092540891113));
#5578=CARTESIAN_POINT('',(0.00060075317526196,0.,-0.0119249617974368));
#5579=CARTESIAN_POINT('',(0.000609466904740199,0.,-0.0119750217852109));
#5580=CARTESIAN_POINT('',(0.000623005445498171,0.,-0.0120562551279917));
#5581=CARTESIAN_POINT('',(0.000646177050827916,0.,-0.0121552808732886));
#5582=CARTESIAN_POINT('',(0.000682771632386054,0.,-0.0122853872883669));
#5583=CARTESIAN_POINT('',(0.000735249608055562,0.,-0.0124406221486947));
#5584=CARTESIAN_POINT('',(0.000806400847955976,0.,-0.0126211703534144));
#5585=CARTESIAN_POINT('',(0.000898818421651491,0.,-0.0128250130112583));
#5586=CARTESIAN_POINT('',(0.00101488543516263,0.,-0.0130505458948528));
#5587=CARTESIAN_POINT('',(0.0011574186378439,0.,-0.0132958164534793));
#5588=CARTESIAN_POINT('',(0.00129529629023078,0.,-0.0135097668143078));
#5589=CARTESIAN_POINT('',(0.00138924122298805,0.,-0.0136414695824123));
#5590=CARTESIAN_POINT('',(0.00142065846112729,0.,-0.0136847895726583));
#5591=CARTESIAN_POINT('',(0.000593690473166011,0.,-0.0117589114686794));
#5592=CARTESIAN_POINT('',(0.000190067235581109,0.,-0.0117797087396568));
#5593=CARTESIAN_POINT('',(0.000183546927767297,0.,-0.0113756026521199));
#5594=CARTESIAN_POINT('',(5.42101086244561E-20,0.,9.84455572616838E-16));
#5595=CARTESIAN_POINT('',(-0.000183546927767301,0.,-0.0113756026521199));
#5596=CARTESIAN_POINT('',(-0.000190067235581117,0.,-0.011779708739657));
#5597=CARTESIAN_POINT('',(-0.000593690473166025,0.,-0.0117589114686796));
#5598=CARTESIAN_POINT('',(-0.000574815112162183,0.,-0.0113625530916446));
#5599=CARTESIAN_POINT('',(-0.000586192862849837,0.,-0.0116092540891113));
#5600=CARTESIAN_POINT('',(-0.000600753175261964,0.,-0.0119249617974368));
#5601=CARTESIAN_POINT('',(-0.000609466904740203,0.,-0.0119750217852109));
#5602=CARTESIAN_POINT('',(-0.000623005445498175,0.,-0.0120562551279917));
#5603=CARTESIAN_POINT('',(-0.00064617705082792,0.,-0.0121552808732886));
#5604=CARTESIAN_POINT('',(-0.000682771632386059,0.,-0.0122853872883669));
#5605=CARTESIAN_POINT('',(-0.000735249608055567,0.,-0.0124406221486947));
#5606=CARTESIAN_POINT('',(-0.00080640084795598,0.,-0.0126211703534144));
#5607=CARTESIAN_POINT('',(-0.000898818421651496,0.,-0.0128250130112583));
#5608=CARTESIAN_POINT('',(-0.00101488543516264,0.,-0.0130505458948528));
#5609=CARTESIAN_POINT('',(-0.0011574186378439,0.,-0.0132958164534793));
#5610=CARTESIAN_POINT('',(-0.00129529629023078,0.,-0.0135097668143078));
#5611=CARTESIAN_POINT('',(-0.00138924122298806,0.,-0.0136414695824123));
#5612=CARTESIAN_POINT('',(-0.0014206584611273,0.,-0.0136847895726583));
#5613=CARTESIAN_POINT('',(-0.00238561637892744,0.,-0.0111241565822405));
#5614=CARTESIAN_POINT('',(-0.00243847723228334,0.,-0.0113653962256333));
#5615=CARTESIAN_POINT('',(-0.00250612421808594,0.,-0.0116741149408183));
#5616=CARTESIAN_POINT('',(-0.00251066387997315,0.,-0.0117247244550159));
#5617=CARTESIAN_POINT('',(-0.00251861139001377,0.,-0.0118066938709547));
#5618=CARTESIAN_POINT('',(-0.0025218590868275,0.,-0.0119083426485694));
#5619=CARTESIAN_POINT('',(-0.00252018545351052,0.,-0.0120434871697142));
#5620=CARTESIAN_POINT('',(-0.00250967335981664,0.,-0.0122070148299969));
#5621=CARTESIAN_POINT('',(-0.00248767585356488,0.,-0.0123998262997947));
#5622=CARTESIAN_POINT('',(-0.00245116569438371,0.,-0.0126206426156801));
#5623=CARTESIAN_POINT('',(-0.00239742577402422,0.,-0.0128685310062264));
#5624=CARTESIAN_POINT('',(-0.00232322996422615,0.,-0.0131423344806454));
#5625=CARTESIAN_POINT('',(-0.00224542480700653,0.,-0.0133846800220452));
#5626=CARTESIAN_POINT('',(-0.00218876815488545,0.,-0.0135362098649396));
#5627=CARTESIAN_POINT('',(-0.00216963347168542,0.,-0.0135861851418878));
#5628=CARTESIAN_POINT('',(-0.00246996927691587,0.,-0.0115118946779955));
#5629=CARTESIAN_POINT('',(-0.00286522211600462,0.,-0.0114275179182159));
#5630=CARTESIAN_POINT('',(-0.00276692989802093,0.,-0.0110354938318613));
#5631=CARTESIAN_POINT('',(2.54848214194511E-16,0.,9.50897031816248E-16));
#5632=CARTESIAN_POINT('',(-0.00312151533375383,0.,-0.0109404829507088));
#5633=CARTESIAN_POINT('',(-0.003232403819163,0.,-0.0113291318773793));
#5634=CARTESIAN_POINT('',(-0.00361689119862159,0.,-0.0112045778752931));
#5635=CARTESIAN_POINT('',(-0.00349607390328484,0.,-0.0108266103853599));
#5636=CARTESIAN_POINT('',(-0.0035709148831093,0.,-0.0110619604716158));
#5637=CARTESIAN_POINT('',(-0.00366669023250733,0.,-0.0113631422144911));
#5638=CARTESIAN_POINT('',(-0.00368806352708719,0.,-0.011409241170403));
#5639=CARTESIAN_POINT('',(-0.00372216548946459,0.,-0.0114842025219597));
#5640=CARTESIAN_POINT('',(-0.00377017729032748,0.,-0.0115738567940446));
#5641=CARTESIAN_POINT('',(-0.00383919895986899,0.,-0.0116900585658797));
#5642=CARTESIAN_POINT('',(-0.00393006653019621,0.,-0.011826421627059));
#5643=CARTESIAN_POINT('',(-0.00404552266432905,0.,-0.0119824025049191));
#5644=CARTESIAN_POINT('',(-0.00418754954761882,0.,-0.0121553799644553));
#5645=CARTESIAN_POINT('',(-0.00435803387912064,0.,-0.0123431876477919));
#5646=CARTESIAN_POINT('',(-0.00455919107246963,0.,-0.0125432105073841));
#5647=CARTESIAN_POINT('',(-0.00474774508586719,0.,-0.0127141853241205));
#5648=CARTESIAN_POINT('',(-0.0048725761073446,0.,-0.0128170856914379));
#5649=CARTESIAN_POINT('',(-0.0049141348675633,0.,-0.0128507982092363));
#5650=CARTESIAN_POINT('',(-0.00518347205621063,0.,-0.0101276671852947));
#5651=CARTESIAN_POINT('',(-0.00529696913381056,0.,-0.0103470053915836));
#5652=CARTESIAN_POINT('',(-0.0054422133875374,0.,-0.0106276964433702));
#5653=CARTESIAN_POINT('',(-0.00545969707033458,0.,-0.0106754065292348));
#5654=CARTESIAN_POINT('',(-0.00548858902149839,0.,-0.0107525259380963));
#5655=CARTESIAN_POINT('',(-0.00551803469528482,0.,-0.010849870551817));
#5656=CARTESIAN_POINT('',(-0.00555139606555374,0.,-0.0109808433032491));
#5657=CARTESIAN_POINT('',(-0.00558356623564868,0.,-0.0111415196236807));
#5658=CARTESIAN_POINT('',(-0.00561222155674403,0.,-0.0113334545755259));
#5659=CARTESIAN_POINT('',(-0.00563410691908951,0.,-0.0115561962824413));
#5660=CARTESIAN_POINT('',(-0.00564635637864476,0.,-0.0118095469957786));
#5661=CARTESIAN_POINT('',(-0.00564555428355325,0.,-0.0120932241316901));
#5662=CARTESIAN_POINT('',(-0.0056331239143863,0.,-0.0123474494055099));
#5663=CARTESIAN_POINT('',(-0.00561761660011393,0.,-0.0125084798148158));
#5664=CARTESIAN_POINT('',(-0.00561206846889163,0.,-0.0125617046459302));
#5665=CARTESIAN_POINT('',(-0.00536530470259316,0.,-0.0104803612893116));
#5666=CARTESIAN_POINT('',(-0.00572525131538806,0.,-0.0102965606355149));
#5667=CARTESIAN_POINT('',(-0.00552884502382691,0.,-0.00994333434397716));
#5668=CARTESIAN_POINT('',(4.9227473363963E-16,0.,8.52536429729026E-16));
#5669=CARTESIAN_POINT('',(-0.00584675762829305,0.,-0.00975978741620986));
#5670=CARTESIAN_POINT('',(-0.00605445742426882,0.,-0.0101064933999339));
#5671=CARTESIAN_POINT('',(-0.00639360676608641,0.,-0.00988667081614574));
#5672=CARTESIAN_POINT('',(-0.00617908103543393,0.,-0.0095528520731325));
#5673=CARTESIAN_POINT('',(-0.00631228495530073,0.,-0.00976081252873382));
#5674=CARTESIAN_POINT('',(-0.00648274840989944,0.,-0.0100269432681082));
#5675=CARTESIAN_POINT('',(-0.00651532471487635,0.,-0.0100659396244946));
#5676=CARTESIAN_POINT('',(-0.00656766610649331,0.,-0.0101295204925981));
#5677=CARTESIAN_POINT('',(-0.00663724617800379,0.,-0.0102036935009891));
#5678=CARTESIAN_POINT('',(-0.00673399122281313,0.,-0.0102980716708631));
#5679=CARTESIAN_POINT('',(-0.00685705591304602,0.,-0.0104062700156252));
#5680=CARTESIAN_POINT('',(-0.00700894879667041,0.,-0.0105270537275699));
#5681=CARTESIAN_POINT('',(-0.00719090609216876,0.,-0.0106573778607899));
#5682=CARTESIAN_POINT('',(-0.00740418951620809,0.,-0.010794661560616));
#5683=CARTESIAN_POINT('',(-0.00765026216992604,0.,-0.0109358054938462));
#5684=CARTESIAN_POINT('',(-0.0078766428999215,0.,-0.0110521531152791));
#5685=CARTESIAN_POINT('',(-0.00802385298229836,0.,-0.0111192385918277));
#5686=CARTESIAN_POINT('',(-0.00807272110376672,0.,-0.0111410461848029));
#5687=CARTESIAN_POINT('',(-0.00762808267895565,0.,-0.00844099400643242));
#5688=CARTESIAN_POINT('',(-0.00779448134252397,0.,-0.00862348323933251));
#5689=CARTESIAN_POINT('',(-0.00800742470831102,0.,-0.00885701799640518));
#5690=CARTESIAN_POINT('',(-0.00803666092792871,0.,-0.00889857729042985));
#5691=CARTESIAN_POINT('',(-0.00808452838149011,0.,-0.00896559113194592));
#5692=CARTESIAN_POINT('',(-0.00813816535824197,0.,-0.00905199770721706));
#5693=CARTESIAN_POINT('',(-0.00820428820984524,0.,-0.00916987311236921));
#5694=CARTESIAN_POINT('',(-0.00827694829980073,0.,-0.00931674826724241));
#5695=CARTESIAN_POINT('',(-0.00835430363546571,0.,-0.00949472665135421));
#5696=CARTESIAN_POINT('',(-0.00843309306806126,0.,-0.00970421427007158));
#5697=CARTESIAN_POINT('',(-0.00851049712710574,0.,-0.00994576187376766));
#5698=CARTESIAN_POINT('',(-0.00858314340817575,0.,-0.010219980543158));
#5699=CARTESIAN_POINT('',(-0.00863693493617805,0.,-0.010468760517114));
#5700=CARTESIAN_POINT('',(-0.008663633757595,0.,-0.0106283175365525));
#5701=CARTESIAN_POINT('',(-0.00867205027432452,0.,-0.0106811647375508));
#5702=CARTESIAN_POINT('',(-0.00789500347937397,0.,-0.00873460859837704));
#5703=CARTESIAN_POINT('',(-0.00819511409905295,0.,-0.00846390976137452));
#5704=CARTESIAN_POINT('',(-0.00791397849810748,0.,-0.0081735530526879));
#5705=CARTESIAN_POINT('',(6.96153543509669E-16,0.,6.96076878838835E-16));
#5706=CARTESIAN_POINT('',(-0.0081735530526879,0.,-0.00791397849810747));
#5707=CARTESIAN_POINT('',(-0.00846390976137467,0.,-0.00819511409905309));
#5708=CARTESIAN_POINT('',(-0.00873460859837719,0.,-0.0078950034793741));
#5709=CARTESIAN_POINT('',(-0.00844099400643242,0.,-0.00762808267895565));
#5710=CARTESIAN_POINT('',(-0.00862348323933252,0.,-0.00779448134252396));
#5711=CARTESIAN_POINT('',(-0.00885701799640519,0.,-0.00800742470831102));
#5712=CARTESIAN_POINT('',(-0.00889857729042985,0.,-0.0080366609279287));
#5713=CARTESIAN_POINT('',(-0.00896559113194592,0.,-0.00808452838149011));
#5714=CARTESIAN_POINT('',(-0.00905199770721706,0.,-0.00813816535824197));
#5715=CARTESIAN_POINT('',(-0.00916987311236921,0.,-0.00820428820984523));
#5716=CARTESIAN_POINT('',(-0.00931674826724241,0.,-0.00827694829980073));
#5717=CARTESIAN_POINT('',(-0.00949472665135421,0.,-0.0083543036354657));
#5718=CARTESIAN_POINT('',(-0.00970421427007158,0.,-0.00843309306806125));
#5719=CARTESIAN_POINT('',(-0.00994576187376766,0.,-0.00851049712710574));
#5720=CARTESIAN_POINT('',(-0.010219980543158,0.,-0.00858314340817575));
#5721=CARTESIAN_POINT('',(-0.010468760517114,0.,-0.00863693493617805));
#5722=CARTESIAN_POINT('',(-0.0106283175365525,0.,-0.00866363375759499));
#5723=CARTESIAN_POINT('',(-0.0106811647375508,0.,-0.00867205027432452));
#5724=CARTESIAN_POINT('',(-0.00955285207313251,0.,-0.00617908103543393));
#5725=CARTESIAN_POINT('',(-0.00976081252873382,0.,-0.00631228495530072));
#5726=CARTESIAN_POINT('',(-0.0100269432681082,0.,-0.00648274840989944));
#5727=CARTESIAN_POINT('',(-0.0100659396244946,0.,-0.00651532471487634));
#5728=CARTESIAN_POINT('',(-0.0101295204925981,0.,-0.00656766610649331));
#5729=CARTESIAN_POINT('',(-0.0102036935009891,0.,-0.00663724617800379));
#5730=CARTESIAN_POINT('',(-0.0102980716708631,0.,-0.00673399122281313));
#5731=CARTESIAN_POINT('',(-0.0104062700156252,0.,-0.00685705591304601));
#5732=CARTESIAN_POINT('',(-0.0105270537275699,0.,-0.00700894879667041));
#5733=CARTESIAN_POINT('',(-0.0106573778607899,0.,-0.00719090609216876));
#5734=CARTESIAN_POINT('',(-0.010794661560616,0.,-0.00740418951620809));
#5735=CARTESIAN_POINT('',(-0.0109358054938462,0.,-0.00765026216992604));
#5736=CARTESIAN_POINT('',(-0.0110521531152791,0.,-0.00787664289992149));
#5737=CARTESIAN_POINT('',(-0.0111192385918277,0.,-0.00802385298229836));
#5738=CARTESIAN_POINT('',(-0.0111410461848029,0.,-0.00807272110376672));
#5739=CARTESIAN_POINT('',(-0.00988667081614558,0.,-0.0063936067660863));
#5740=CARTESIAN_POINT('',(-0.0101064933999338,0.,-0.00605445742426871));
#5741=CARTESIAN_POINT('',(-0.00975978741620986,0.,-0.00584675762829304));
#5742=CARTESIAN_POINT('',(8.5259063983765E-16,0.,4.92180838977209E-16));
#5743=CARTESIAN_POINT('',(-0.00994333434397716,0.,-0.00552884502382691));
#5744=CARTESIAN_POINT('',(-0.0102965606355151,0.,-0.00572525131538816));
#5745=CARTESIAN_POINT('',(-0.0104803612893118,0.,-0.00536530470259325));
#5746=CARTESIAN_POINT('',(-0.0101276671852947,0.,-0.00518347205621063));
#5747=CARTESIAN_POINT('',(-0.0103470053915837,0.,-0.00529696913381056));
#5748=CARTESIAN_POINT('',(-0.0106276964433702,0.,-0.00544221338753739));
#5749=CARTESIAN_POINT('',(-0.0106754065292348,0.,-0.00545969707033458));
#5750=CARTESIAN_POINT('',(-0.0107525259380963,0.,-0.00548858902149839));
#5751=CARTESIAN_POINT('',(-0.010849870551817,0.,-0.00551803469528482));
#5752=CARTESIAN_POINT('',(-0.0109808433032491,0.,-0.00555139606555374));
#5753=CARTESIAN_POINT('',(-0.0111415196236807,0.,-0.00558356623564867));
#5754=CARTESIAN_POINT('',(-0.0113334545755259,0.,-0.00561222155674403));
#5755=CARTESIAN_POINT('',(-0.0115561962824414,0.,-0.0056341069190895));
#5756=CARTESIAN_POINT('',(-0.0118095469957786,0.,-0.00564635637864475));
#5757=CARTESIAN_POINT('',(-0.0120932241316901,0.,-0.00564555428355324));
#5758=CARTESIAN_POINT('',(-0.0123474494055099,0.,-0.00563312391438629));
#5759=CARTESIAN_POINT('',(-0.0125084798148158,0.,-0.00561761660011392));
#5760=CARTESIAN_POINT('',(-0.0125617046459302,0.,-0.00561206846889163));
#5761=CARTESIAN_POINT('',(-0.0108266103853599,0.,-0.00349607390328484));
#5762=CARTESIAN_POINT('',(-0.0110619604716158,0.,-0.0035709148831093));
#5763=CARTESIAN_POINT('',(-0.0113631422144911,0.,-0.00366669023250733));
#5764=CARTESIAN_POINT('',(-0.011409241170403,0.,-0.0036880635270872));
#5765=CARTESIAN_POINT('',(-0.0114842025219597,0.,-0.00372216548946459));
#5766=CARTESIAN_POINT('',(-0.0115738567940446,0.,-0.00377017729032748));
#5767=CARTESIAN_POINT('',(-0.0116900585658797,0.,-0.003839198959869));
#5768=CARTESIAN_POINT('',(-0.011826421627059,0.,-0.00393006653019621));
#5769=CARTESIAN_POINT('',(-0.0119824025049191,0.,-0.00404552266432905));
#5770=CARTESIAN_POINT('',(-0.0121553799644553,0.,-0.00418754954761882));
#5771=CARTESIAN_POINT('',(-0.0123431876477919,0.,-0.00435803387912065));
#5772=CARTESIAN_POINT('',(-0.0125432105073841,0.,-0.00455919107246963));
#5773=CARTESIAN_POINT('',(-0.0127141853241205,0.,-0.0047477450858672));
#5774=CARTESIAN_POINT('',(-0.0128170856914379,0.,-0.0048725761073446));
#5775=CARTESIAN_POINT('',(-0.0128507982092363,0.,-0.00491413486756331));
#5776=CARTESIAN_POINT('',(-0.0112045778752929,0.,-0.00361689119862152));
#5777=CARTESIAN_POINT('',(-0.0113291318773791,0.,-0.00323240381916294));
#5778=CARTESIAN_POINT('',(-0.0109404829507088,0.,-0.00312151533375383));
#5779=CARTESIAN_POINT('',(9.50925093033346E-16,0.,2.54743488306579E-16));
#5780=CARTESIAN_POINT('',(0.0117589114687898,-0.00635,0.000593690473171697));
#5781=CARTESIAN_POINT('',(0.0117589114687898,8.67361737988404E-19,0.000593690473171697));
#5782=CARTESIAN_POINT('',(0.0118323314122705,-0.00635,0.000597473541929046));
#5783=CARTESIAN_POINT('',(0.0118323314122705,8.67361737988404E-19,0.000597473541929046));
#5784=CARTESIAN_POINT('',(0.0119490534130612,-0.00635,0.000604149858840251));
#5785=CARTESIAN_POINT('',(0.0119490534130612,1.73472347597681E-18,0.000604149858840251));
#5786=CARTESIAN_POINT('',(0.0119935081057684,-0.00635,0.000612555474184984));
#5787=CARTESIAN_POINT('',(0.0119935081057684,1.73472347597681E-18,0.000612555474184984));
#5788=CARTESIAN_POINT('',(0.0121683695412941,-0.00635,0.000646331845573864));
#5789=CARTESIAN_POINT('',(0.0121683695412941,8.67361737988404E-19,0.000646331845573864));
#5790=CARTESIAN_POINT('',(0.0123768053549736,-0.00635,0.000711493870859438));
#5791=CARTESIAN_POINT('',(0.0123768053549736,8.67361737988404E-19,0.000711493870859438));
#5792=CARTESIAN_POINT('',(0.0126970095896275,-0.00635,0.000833888250784612));
#5793=CARTESIAN_POINT('',(0.0126970095896275,1.73472347597681E-18,0.000833888250784612));
#5794=CARTESIAN_POINT('',(0.0131317646021816,-0.00635,0.00104989453321677));
#5795=CARTESIAN_POINT('',(0.0131317646021816,-1.73472347597681E-18,0.00104989453321677));
#5796=CARTESIAN_POINT('',(0.0134996282429869,-0.00635,0.00128637270631933));
#5797=CARTESIAN_POINT('',(0.0134996282429869,0.,0.00128637270631933));
#5798=CARTESIAN_POINT('',(0.0136847895726583,-0.00635,0.0014206584611273));
#5799=CARTESIAN_POINT('',(0.0136847895726583,0.,0.0014206584611273));
#5800=CARTESIAN_POINT('',(0.0117589114686794,0.,0.000593690473166013));
#5801=CARTESIAN_POINT('',(-9.84455572616838E-16,-0.00635,5.42101086242752E-20));
#5802=CARTESIAN_POINT('',(0.0113756026521199,-0.00635,-0.000183546927767299));
#5803=CARTESIAN_POINT('',(0.0113756026521199,-0.00635,0.000183546927767299));
#5804=CARTESIAN_POINT('',(0.01175891146879,-0.00635,-0.000593690473171707));
#5805=CARTESIAN_POINT('',(0.01175891146879,2.60208521396521E-18,-0.000593690473171707));
#5806=CARTESIAN_POINT('',(0.0118323314122707,-0.00635,-0.000597473541929055));
#5807=CARTESIAN_POINT('',(0.0118323314122707,2.60208521396521E-18,-0.000597473541929055));
#5808=CARTESIAN_POINT('',(0.0119490534130613,-0.00635,-0.000604149858840257));
#5809=CARTESIAN_POINT('',(0.0119490534130613,2.60208521396521E-18,-0.000604149858840257));
#5810=CARTESIAN_POINT('',(0.0119935081057685,-0.00635,-0.000612555474184994));
#5811=CARTESIAN_POINT('',(0.0119935081057685,4.33680868994202E-18,-0.000612555474184994));
#5812=CARTESIAN_POINT('',(0.0121683695412942,-0.00635,-0.000646331845573883));
#5813=CARTESIAN_POINT('',(0.0121683695412942,8.67361737988404E-19,-0.000646331845573883));
#5814=CARTESIAN_POINT('',(0.0123768053549737,-0.00635,-0.000711493870859461));
#5815=CARTESIAN_POINT('',(0.0123768053549737,3.46944695195361E-18,-0.000711493870859461));
#5816=CARTESIAN_POINT('',(0.0126970095896276,-0.00635,-0.000833888250784636));
#5817=CARTESIAN_POINT('',(0.0126970095896276,1.73472347597681E-18,-0.000833888250784636));
#5818=CARTESIAN_POINT('',(0.0131317646021817,-0.00635,-0.00104989453321679));
#5819=CARTESIAN_POINT('',(0.0131317646021817,1.73472347597681E-18,-0.00104989453321679));
#5820=CARTESIAN_POINT('',(0.0134996282429869,-0.00635,-0.00128637270631934));
#5821=CARTESIAN_POINT('',(0.0134996282429869,2.60208521396521E-18,-0.00128637270631934));
#5822=CARTESIAN_POINT('',(0.0136847895726583,-0.00635,-0.0014206584611273));
#5823=CARTESIAN_POINT('',(0.0136847895726583,2.60208521396521E-18,-0.0014206584611273));
#5824=CARTESIAN_POINT('',(0.0117589114686796,-0.00635,-0.000593690473166023));
#5825=CARTESIAN_POINT('',(0.0117797087396568,-0.003175,0.000190067235581111));
#5826=CARTESIAN_POINT('',(0.011779708739657,-0.003175,-0.000190067235581114));
#5827=CARTESIAN_POINT('',(-0.00246996927693893,-0.00635,-0.0115118946781035));
#5828=CARTESIAN_POINT('',(-0.00246996927693893,-8.67361737988404E-19,-0.0115118946781035));
#5829=CARTESIAN_POINT('',(-0.00248531759278675,-0.00635,-0.0115837920279196));
#5830=CARTESIAN_POINT('',(-0.00248531759278675,-8.67361737988404E-19,-0.0115837920279196));
#5831=CARTESIAN_POINT('',(-0.00250907864264482,-0.00635,-0.0116982647809472));
#5832=CARTESIAN_POINT('',(-0.00250907864264482,-1.73472347597681E-18,-0.0116982647809472));
#5833=CARTESIAN_POINT('',(-0.0025124651628143,-0.00635,-0.0117433802500699));
#5834=CARTESIAN_POINT('',(-0.0025124651628143,8.67361737988404E-19,-0.0117433802500699));
#5835=CARTESIAN_POINT('',(-0.00252509716313946,-0.00635,-0.011921025394856));
#5836=CARTESIAN_POINT('',(-0.00252509716313946,-2.60208521396521E-18,-0.011921025394856));
#5837=CARTESIAN_POINT('',(-0.00251610263828452,-0.00635,-0.012139224103574));
#5838=CARTESIAN_POINT('',(-0.00251610263828452,0.,-0.012139224103574));
#5839=CARTESIAN_POINT('',(-0.00248075369997306,-0.00635,-0.0124801956400514));
#5840=CARTESIAN_POINT('',(-0.00248075369997306,8.67361737988404E-19,-0.0124801956400514));
#5841=CARTESIAN_POINT('',(-0.00238463053033395,-0.00635,-0.0129560432745414));
#5842=CARTESIAN_POINT('',(-0.00238463053033395,8.67361737988404E-19,-0.0129560432745414));
#5843=CARTESIAN_POINT('',(-0.00225142027182167,-0.00635,-0.0133725773206979));
#5844=CARTESIAN_POINT('',(-0.00225142027182167,0.,-0.0133725773206979));
#5845=CARTESIAN_POINT('',(-0.00216963347168542,-0.00635,-0.0135861851418878));
#5846=CARTESIAN_POINT('',(-0.00216963347168542,0.,-0.0135861851418878));
#5847=CARTESIAN_POINT('',(-0.00246996927691587,0.,-0.0115118946779955));
#5848=CARTESIAN_POINT('',(2.54848214194511E-16,-0.00635,9.50897031816248E-16));
#5849=CARTESIAN_POINT('',(-0.00312151533375383,-0.00635,-0.0109404829507088));
#5850=CARTESIAN_POINT('',(-0.00276692989802093,-0.00635,-0.0110354938318613));
#5851=CARTESIAN_POINT('',(-0.00361689119865563,-0.00635,-0.0112045778753982));
#5852=CARTESIAN_POINT('',(-0.00361689119865563,-8.67361737988404E-19,-0.0112045778753982));
#5853=CARTESIAN_POINT('',(-0.00363954784213414,-0.00635,-0.0112745169647276));
#5854=CARTESIAN_POINT('',(-0.00363954784213414,-8.67361737988404E-19,-0.0112745169647276));
#5855=CARTESIAN_POINT('',(-0.00367620654585024,-0.00635,-0.0113855338018196));
#5856=CARTESIAN_POINT('',(-0.00367620654585024,-4.33680868994202E-18,-0.0113855338018196));
#5857=CARTESIAN_POINT('',(-0.00369583146791437,-0.00635,-0.0114262982042682));
#5858=CARTESIAN_POINT('',(-0.00369583146791437,3.46944695195361E-18,-0.0114262982042682));
#5859=CARTESIAN_POINT('',(-0.00377371440712525,-0.00635,-0.0115864594126745));
#5860=CARTESIAN_POINT('',(-0.00377371440712525,-3.46944695195361E-18,-0.0115864594126745));
#5861=CARTESIAN_POINT('',(-0.00389060324850358,-0.00635,-0.0117709277750697));
#5862=CARTESIAN_POINT('',(-0.00389060324850358,8.67361737988404E-19,-0.0117709277750697));
#5863=CARTESIAN_POINT('',(-0.00409170209531685,-0.00635,-0.0120485433184709));
#5864=CARTESIAN_POINT('',(-0.00409170209531685,-8.67361737988404E-19,-0.0120485433184709));
#5865=CARTESIAN_POINT('',(-0.00441287101936154,-0.00635,-0.0124125778734504));
#5866=CARTESIAN_POINT('',(-0.00441287101936154,-1.73472347597681E-18,-0.0124125778734504));
#5867=CARTESIAN_POINT('',(-0.00473650151035611,-0.00635,-0.0127067018097068));
#5868=CARTESIAN_POINT('',(-0.00473650151035611,0.,-0.0127067018097068));
#5869=CARTESIAN_POINT('',(-0.0049141348675633,-0.00635,-0.0128507982092363));
#5870=CARTESIAN_POINT('',(-0.0049141348675633,0.,-0.0128507982092363));
#5871=CARTESIAN_POINT('',(-0.00361689119862159,-0.00635,-0.0112045778752931));
#5872=CARTESIAN_POINT('',(-0.00286522211600462,-0.003175,-0.0114275179182159));
#5873=CARTESIAN_POINT('',(-0.003232403819163,-0.003175,-0.0113291318773793));
#5874=CARTESIAN_POINT('',(0.000593690473171695,-0.00635,-0.0117589114687898));
#5875=CARTESIAN_POINT('',(0.000593690473171695,0.,-0.0117589114687898));
#5876=CARTESIAN_POINT('',(0.000597473541929043,-0.00635,-0.0118323314122705));
#5877=CARTESIAN_POINT('',(0.000597473541929043,0.,-0.0118323314122705));
#5878=CARTESIAN_POINT('',(0.00060414985884025,-0.00635,-0.0119490534130612));
#5879=CARTESIAN_POINT('',(0.00060414985884025,-1.73472347597681E-18,-0.0119490534130612));
#5880=CARTESIAN_POINT('',(0.000612555474184982,-0.00635,-0.0119935081057684));
#5881=CARTESIAN_POINT('',(0.000612555474184982,2.60208521396521E-18,-0.0119935081057684));
#5882=CARTESIAN_POINT('',(0.000646331845573863,-0.00635,-0.0121683695412941));
#5883=CARTESIAN_POINT('',(0.000646331845573863,0.,-0.0121683695412941));
#5884=CARTESIAN_POINT('',(0.000711493870859435,-0.00635,-0.0123768053549736));
#5885=CARTESIAN_POINT('',(0.000711493870859435,0.,-0.0123768053549736));
#5886=CARTESIAN_POINT('',(0.00083388825078461,-0.00635,-0.0126970095896275));
#5887=CARTESIAN_POINT('',(0.00083388825078461,8.67361737988404E-19,-0.0126970095896275));
#5888=CARTESIAN_POINT('',(0.00104989453321676,-0.00635,-0.0131317646021816));
#5889=CARTESIAN_POINT('',(0.00104989453321676,-2.60208521396521E-18,-0.0131317646021816));
#5890=CARTESIAN_POINT('',(0.00128637270631934,-0.00635,-0.0134996282429869));
#5891=CARTESIAN_POINT('',(0.00128637270631934,-8.67361737988404E-19,-0.0134996282429869));
#5892=CARTESIAN_POINT('',(0.00142065846112729,-0.00635,-0.0136847895726583));
#5893=CARTESIAN_POINT('',(0.00142065846112729,-8.67361737988404E-19,-0.0136847895726583));
#5894=CARTESIAN_POINT('',(0.00059369047316601,0.,-0.0117589114686794));
#5895=CARTESIAN_POINT('',(5.42101086244561E-20,-0.00635,9.84455572616838E-16));
#5896=CARTESIAN_POINT('',(-0.000183546927767301,-0.00635,-0.0113756026521199));
#5897=CARTESIAN_POINT('',(0.000183546927767297,-0.00635,-0.0113756026521199));
#5898=CARTESIAN_POINT('',(-0.000593690473171709,-0.00635,-0.01175891146879));
#5899=CARTESIAN_POINT('',(-0.000593690473171709,-1.73472347597681E-18,-0.01175891146879));
#5900=CARTESIAN_POINT('',(-0.000597473541929057,-0.00635,-0.0118323314122707));
#5901=CARTESIAN_POINT('',(-0.000597473541929057,-1.73472347597681E-18,-0.0118323314122707));
#5902=CARTESIAN_POINT('',(-0.000604149858840259,-0.00635,-0.0119490534130613));
#5903=CARTESIAN_POINT('',(-0.000604149858840259,-1.73472347597681E-18,-0.0119490534130613));
#5904=CARTESIAN_POINT('',(-0.000612555474184996,-0.00635,-0.0119935081057685));
#5905=CARTESIAN_POINT('',(-0.000612555474184996,0.,-0.0119935081057685));
#5906=CARTESIAN_POINT('',(-0.000646331845573885,-0.00635,-0.0121683695412942));
#5907=CARTESIAN_POINT('',(-0.000646331845573885,-3.46944695195361E-18,-0.0121683695412942));
#5908=CARTESIAN_POINT('',(-0.000711493870859463,-0.00635,-0.0123768053549737));
#5909=CARTESIAN_POINT('',(-0.000711493870859463,-8.67361737988404E-19,-0.0123768053549737));
#5910=CARTESIAN_POINT('',(-0.000833888250784638,-0.00635,-0.0126970095896276));
#5911=CARTESIAN_POINT('',(-0.000833888250784638,-2.60208521396521E-18,-0.0126970095896276));
#5912=CARTESIAN_POINT('',(-0.00104989453321679,-0.00635,-0.0131317646021817));
#5913=CARTESIAN_POINT('',(-0.00104989453321679,-2.60208521396521E-18,-0.0131317646021817));
#5914=CARTESIAN_POINT('',(-0.00128637270631935,-0.00635,-0.0134996282429869));
#5915=CARTESIAN_POINT('',(-0.00128637270631935,-1.73472347597681E-18,-0.0134996282429869));
#5916=CARTESIAN_POINT('',(-0.0014206584611273,-0.00635,-0.0136847895726583));
#5917=CARTESIAN_POINT('',(-0.0014206584611273,-1.73472347597681E-18,-0.0136847895726583));
#5918=CARTESIAN_POINT('',(-0.000593690473166025,-0.00635,-0.0117589114686796));
#5919=CARTESIAN_POINT('',(0.000190067235581109,-0.003175,-0.0117797087396568));
#5920=CARTESIAN_POINT('',(-0.000190067235581117,-0.003175,-0.011779708739657));
#5921=CARTESIAN_POINT('',(0.00361689119865556,-0.00635,-0.011204577875398));
#5922=CARTESIAN_POINT('',(0.00361689119865556,8.67361737988404E-19,-0.011204577875398));
#5923=CARTESIAN_POINT('',(0.00363954784213408,-0.00635,-0.0112745169647274));
#5924=CARTESIAN_POINT('',(0.00363954784213408,8.67361737988404E-19,-0.0112745169647274));
#5925=CARTESIAN_POINT('',(0.00367620654585021,-0.00635,-0.0113855338018195));
#5926=CARTESIAN_POINT('',(0.00367620654585021,1.73472347597681E-18,-0.0113855338018195));
#5927=CARTESIAN_POINT('',(0.00369583146791434,-0.00635,-0.0114262982042681));
#5928=CARTESIAN_POINT('',(0.00369583146791434,1.73472347597681E-18,-0.0114262982042681));
#5929=CARTESIAN_POINT('',(0.00377371440712521,-0.00635,-0.0115864594126745));
#5930=CARTESIAN_POINT('',(0.00377371440712521,8.67361737988404E-19,-0.0115864594126745));
#5931=CARTESIAN_POINT('',(0.00389060324850353,-0.00635,-0.0117709277750697));
#5932=CARTESIAN_POINT('',(0.00389060324850353,0.,-0.0117709277750697));
#5933=CARTESIAN_POINT('',(0.00409170209531681,-0.00635,-0.0120485433184709));
#5934=CARTESIAN_POINT('',(0.00409170209531681,2.60208521396521E-18,-0.0120485433184709));
#5935=CARTESIAN_POINT('',(0.0044128710193615,-0.00635,-0.0124125778734504));
#5936=CARTESIAN_POINT('',(0.0044128710193615,-8.67361737988404E-19,-0.0124125778734504));
#5937=CARTESIAN_POINT('',(0.0047365015103561,-0.00635,-0.0127067018097068));
#5938=CARTESIAN_POINT('',(0.0047365015103561,8.67361737988404E-19,-0.0127067018097068));
#5939=CARTESIAN_POINT('',(0.0049141348675633,-0.00635,-0.0128507982092363));
#5940=CARTESIAN_POINT('',(0.0049141348675633,8.67361737988404E-19,-0.0128507982092363));
#5941=CARTESIAN_POINT('',(0.00361689119862152,0.,-0.0112045778752929));
#5942=CARTESIAN_POINT('',(-2.54743488306579E-16,-0.00635,9.50925093033346E-16));
#5943=CARTESIAN_POINT('',(0.00276692989802093,-0.00635,-0.0110354938318613));
#5944=CARTESIAN_POINT('',(0.00312151533375383,-0.00635,-0.0109404829507088));
#5945=CARTESIAN_POINT('',(0.00246996927693897,-0.00635,-0.0115118946781037));
#5946=CARTESIAN_POINT('',(0.00246996927693897,2.60208521396521E-18,-0.0115118946781037));
#5947=CARTESIAN_POINT('',(0.00248531759278678,-0.00635,-0.0115837920279198));
#5948=CARTESIAN_POINT('',(0.00248531759278678,2.60208521396521E-18,-0.0115837920279198));
#5949=CARTESIAN_POINT('',(0.00250907864264484,-0.00635,-0.0116982647809473));
#5950=CARTESIAN_POINT('',(0.00250907864264484,8.67361737988404E-19,-0.0116982647809473));
#5951=CARTESIAN_POINT('',(0.0025124651628143,-0.00635,-0.01174338025007));
#5952=CARTESIAN_POINT('',(0.0025124651628143,4.33680868994202E-18,-0.01174338025007));
#5953=CARTESIAN_POINT('',(0.00252509716313946,-0.00635,-0.0119210253948561));
#5954=CARTESIAN_POINT('',(0.00252509716313946,3.46944695195361E-18,-0.0119210253948561));
#5955=CARTESIAN_POINT('',(0.00251610263828451,-0.00635,-0.012139224103574));
#5956=CARTESIAN_POINT('',(0.00251610263828451,1.73472347597681E-18,-0.012139224103574));
#5957=CARTESIAN_POINT('',(0.00248075369997305,-0.00635,-0.0124801956400515));
#5958=CARTESIAN_POINT('',(0.00248075369997305,5.20417042793042E-18,-0.0124801956400515));
#5959=CARTESIAN_POINT('',(0.00238463053033395,-0.00635,-0.0129560432745414));
#5960=CARTESIAN_POINT('',(0.00238463053033395,1.73472347597681E-18,-0.0129560432745414));
#5961=CARTESIAN_POINT('',(0.00225142027182165,-0.00635,-0.0133725773206979));
#5962=CARTESIAN_POINT('',(0.00225142027182165,2.60208521396521E-18,-0.0133725773206979));
#5963=CARTESIAN_POINT('',(0.00216963347168542,-0.00635,-0.0135861851418878));
#5964=CARTESIAN_POINT('',(0.00216963347168542,2.60208521396521E-18,-0.0135861851418878));
#5965=CARTESIAN_POINT('',(0.0024699692769159,-0.00635,-0.0115118946779957));
#5966=CARTESIAN_POINT('',(0.00323240381916294,-0.003175,-0.0113291318773791));
#5967=CARTESIAN_POINT('',(0.00286522211600466,-0.003175,-0.0114275179182161));
#5968=CARTESIAN_POINT('',(0.00639360676614639,-0.00635,-0.00988667081623829));
#5969=CARTESIAN_POINT('',(0.00639360676614639,5.20417042793042E-18,-0.00988667081623829));
#5970=CARTESIAN_POINT('',(0.00643359297153489,-0.00635,-0.00994836281805836));
#5971=CARTESIAN_POINT('',(0.00643359297153489,5.20417042793042E-18,-0.00994836281805836));
#5972=CARTESIAN_POINT('',(0.00649773583197905,-0.00635,-0.010046108877468));
#5973=CARTESIAN_POINT('',(0.00649773583197905,5.20417042793042E-18,-0.010046108877468));
#5974=CARTESIAN_POINT('',(0.00652724265475564,-0.00635,-0.0100804049629975));
#5975=CARTESIAN_POINT('',(0.00652724265475564,5.20417042793042E-18,-0.0100804049629975));
#5976=CARTESIAN_POINT('',(0.00664392456818891,-0.00635,-0.0102149512226106));
#5977=CARTESIAN_POINT('',(0.00664392456818891,1.73472347597681E-18,-0.0102149512226106));
#5978=CARTESIAN_POINT('',(0.00680457444428799,-0.00635,-0.0103628809196727));
#5979=CARTESIAN_POINT('',(0.00680457444428799,3.46944695195361E-18,-0.0103628809196727));
#5980=CARTESIAN_POINT('',(0.00707067320391061,-0.00635,-0.0105789887313197));
#5981=CARTESIAN_POINT('',(0.00707067320391061,6.07153216591882E-18,-0.0105789887313197));
#5982=CARTESIAN_POINT('',(0.00747511763815096,-0.00635,-0.0108474944753982));
#5983=CARTESIAN_POINT('',(0.00747511763815096,3.46944695195361E-18,-0.0108474944753982));
#5984=CARTESIAN_POINT('',(0.00786384556390092,-0.00635,-0.0110478346469129));
#5985=CARTESIAN_POINT('',(0.00786384556390092,5.20417042793042E-18,-0.0110478346469129));
#5986=CARTESIAN_POINT('',(0.00807272110376672,-0.00635,-0.0111410461848029));
#5987=CARTESIAN_POINT('',(0.00807272110376672,5.20417042793042E-18,-0.0111410461848029));
#5988=CARTESIAN_POINT('',(0.0063936067660863,0.,-0.00988667081614558));
#5989=CARTESIAN_POINT('',(-4.92180838977209E-16,-0.00635,8.5259063983765E-16));
#5990=CARTESIAN_POINT('',(0.00552884502382691,-0.00635,-0.00994333434397716));
#5991=CARTESIAN_POINT('',(0.00584675762829304,-0.00635,-0.00975978741620986));
#5992=CARTESIAN_POINT('',(0.00536530470264348,-0.00635,-0.0104803612894102));
#5993=CARTESIAN_POINT('',(0.00536530470264348,0.,-0.0104803612894102));
#5994=CARTESIAN_POINT('',(0.00539873844073572,-0.00635,-0.0105458363599876));
#5995=CARTESIAN_POINT('',(0.00539873844073572,0.,-0.0105458363599876));
#5996=CARTESIAN_POINT('',(0.0054513175810822,-0.00635,-0.0106502587363083));
#5997=CARTESIAN_POINT('',(0.0054513175810822,0.,-0.0106502587363083));
#5998=CARTESIAN_POINT('',(0.00546626545101282,-0.00635,-0.0106929604371826));
#5999=CARTESIAN_POINT('',(0.00546626545101282,-2.60208521396521E-18,-0.0106929604371826));
#6000=CARTESIAN_POINT('',(0.00552444497310522,-0.00635,-0.0108612830681845));
#6001=CARTESIAN_POINT('',(0.00552444497310522,1.73472347597681E-18,-0.0108612830681845));
#6002=CARTESIAN_POINT('',(0.00557223091068561,-0.00635,-0.0110743747905322));
#6003=CARTESIAN_POINT('',(0.00557223091068561,8.67361737988404E-19,-0.0110743747905322));
#6004=CARTESIAN_POINT('',(0.00562633638571692,-0.00635,-0.0114128769821044));
#6005=CARTESIAN_POINT('',(0.00562633638571692,2.60208521396521E-18,-0.0114128769821044));
#6006=CARTESIAN_POINT('',(0.0056566469640307,-0.00635,-0.011897389008615));
#6007=CARTESIAN_POINT('',(0.0056566469640307,-2.60208521396521E-18,-0.011897389008615));
#6008=CARTESIAN_POINT('',(0.00563578267908595,-0.00635,-0.0123342073532322));
#6009=CARTESIAN_POINT('',(0.00563578267908595,0.,-0.0123342073532322));
#6010=CARTESIAN_POINT('',(0.00561206846889163,-0.00635,-0.0125617046459302));
#6011=CARTESIAN_POINT('',(0.00561206846889163,0.,-0.0125617046459302));
#6012=CARTESIAN_POINT('',(0.00536530470259325,-0.00635,-0.0104803612893118));
#6013=CARTESIAN_POINT('',(0.00605445742426871,-0.003175,-0.0101064933999338));
#6014=CARTESIAN_POINT('',(0.00572525131538816,-0.003175,-0.0102965606355151));
#6015=CARTESIAN_POINT('',(0.01048036128941,-0.00635,-0.00536530470264341));
#6016=CARTESIAN_POINT('',(0.01048036128941,0.,-0.00536530470264341));
#6017=CARTESIAN_POINT('',(0.0105458363599874,-0.00635,-0.00539873844073566));
#6018=CARTESIAN_POINT('',(0.0105458363599874,0.,-0.00539873844073566));
#6019=CARTESIAN_POINT('',(0.0106502587363083,-0.00635,-0.00545131758108218));
#6020=CARTESIAN_POINT('',(0.0106502587363083,-1.73472347597681E-18,-0.00545131758108218));
#6021=CARTESIAN_POINT('',(0.0106929604371825,-0.00635,-0.0054662654510128));
#6022=CARTESIAN_POINT('',(0.0106929604371825,2.60208521396521E-18,-0.0054662654510128));
#6023=CARTESIAN_POINT('',(0.0108612830681844,-0.00635,-0.00552444497310521));
#6024=CARTESIAN_POINT('',(0.0108612830681844,-3.46944695195361E-18,-0.00552444497310521));
#6025=CARTESIAN_POINT('',(0.0110743747905321,-0.00635,-0.0055722309106856));
#6026=CARTESIAN_POINT('',(0.0110743747905321,8.67361737988404E-19,-0.0055722309106856));
#6027=CARTESIAN_POINT('',(0.0114128769821044,-0.00635,-0.00562633638571692));
#6028=CARTESIAN_POINT('',(0.0114128769821044,-8.67361737988404E-19,-0.00562633638571692));
#6029=CARTESIAN_POINT('',(0.0118973890086149,-0.00635,-0.0056566469640307));
#6030=CARTESIAN_POINT('',(0.0118973890086149,-2.60208521396521E-18,-0.0056566469640307));
#6031=CARTESIAN_POINT('',(0.0123342073532322,-0.00635,-0.00563578267908599));
#6032=CARTESIAN_POINT('',(0.0123342073532322,0.,-0.00563578267908599));
#6033=CARTESIAN_POINT('',(0.0125617046459302,-0.00635,-0.00561206846889163));
#6034=CARTESIAN_POINT('',(0.0125617046459302,0.,-0.00561206846889163));
#6035=CARTESIAN_POINT('',(0.0104803612893116,0.,-0.00536530470259316));
#6036=CARTESIAN_POINT('',(-8.52536429729026E-16,-0.00635,4.9227473363963E-16));
#6037=CARTESIAN_POINT('',(0.00975978741620986,-0.00635,-0.00584675762829305));
#6038=CARTESIAN_POINT('',(0.00994333434397716,-0.00635,-0.00552884502382691));
#6039=CARTESIAN_POINT('',(0.00988667081623845,-0.00635,-0.0063936067661465));
#6040=CARTESIAN_POINT('',(0.00988667081623845,-2.60208521396521E-18,-0.0063936067661465));
#6041=CARTESIAN_POINT('',(0.00994836281805849,-0.00635,-0.00643359297153498));
#6042=CARTESIAN_POINT('',(0.00994836281805849,-2.60208521396521E-18,-0.00643359297153498));
#6043=CARTESIAN_POINT('',(0.0100461088774681,-0.00635,-0.00649773583197909));
#6044=CARTESIAN_POINT('',(0.0100461088774681,-1.73472347597681E-18,-0.00649773583197909));
#6045=CARTESIAN_POINT('',(0.0100804049629976,-0.00635,-0.00652724265475567));
#6046=CARTESIAN_POINT('',(0.0100804049629976,-1.73472347597681E-18,-0.00652724265475567));
#6047=CARTESIAN_POINT('',(0.0102149512226106,-0.00635,-0.00664392456818895));
#6048=CARTESIAN_POINT('',(0.0102149512226106,-2.60208521396521E-18,-0.00664392456818895));
#6049=CARTESIAN_POINT('',(0.0103628809196727,-0.00635,-0.00680457444428805));
#6050=CARTESIAN_POINT('',(0.0103628809196727,-3.46944695195361E-18,-0.00680457444428805));
#6051=CARTESIAN_POINT('',(0.0105789887313198,-0.00635,-0.00707067320391065));
#6052=CARTESIAN_POINT('',(0.0105789887313198,-8.67361737988404E-19,-0.00707067320391065));
#6053=CARTESIAN_POINT('',(0.0108474944753982,-0.00635,-0.00747511763815099));
#6054=CARTESIAN_POINT('',(0.0108474944753982,-4.33680868994202E-18,-0.00747511763815099));
#6055=CARTESIAN_POINT('',(0.0110478346469129,-0.00635,-0.00786384556390094));
#6056=CARTESIAN_POINT('',(0.0110478346469129,-2.60208521396521E-18,-0.00786384556390094));
#6057=CARTESIAN_POINT('',(0.0111410461848029,-0.00635,-0.00807272110376672));
#6058=CARTESIAN_POINT('',(0.0111410461848029,-2.60208521396521E-18,-0.00807272110376672));
#6059=CARTESIAN_POINT('',(0.00988667081614574,-0.00635,-0.00639360676608641));
#6060=CARTESIAN_POINT('',(0.0102965606355149,-0.003175,-0.00572525131538806));
#6061=CARTESIAN_POINT('',(0.0101064933999339,-0.003175,-0.00605445742426882));
#6062=CARTESIAN_POINT('',(0.00873460859845908,-0.00635,-0.00789500347944797));
#6063=CARTESIAN_POINT('',(0.00873460859845908,0.,-0.00789500347944797));
#6064=CARTESIAN_POINT('',(0.00878919937194066,-0.00635,-0.00794424418578552));
#6065=CARTESIAN_POINT('',(0.00878919937194066,0.,-0.00794424418578552));
#6066=CARTESIAN_POINT('',(0.00887645515917468,-0.00635,-0.00802205823509701));
#6067=CARTESIAN_POINT('',(0.00887645515917468,8.67361737988404E-19,-0.00802205823509701));
#6068=CARTESIAN_POINT('',(0.00891383304145383,-0.00635,-0.00804754878215555));
#6069=CARTESIAN_POINT('',(0.00891383304145383,-1.73472347597681E-18,-0.00804754878215555));
#6070=CARTESIAN_POINT('',(0.009061362249535,-0.00635,-0.00814731098773081));
#6071=CARTESIAN_POINT('',(0.009061362249535,0.,-0.00814731098773081));
#6072=CARTESIAN_POINT('',(0.00925482513678518,-0.00635,-0.00824862085507043));
#6073=CARTESIAN_POINT('',(0.00925482513678518,0.,-0.00824862085507043));
#6074=CARTESIAN_POINT('',(0.00956778961849782,-0.00635,-0.00838849354473465));
#6075=CARTESIAN_POINT('',(0.00956778961849782,0.,-0.00838849354473465));
#6076=CARTESIAN_POINT('',(0.0100279473431163,-0.00635,-0.00854317225517984));
#6077=CARTESIAN_POINT('',(0.0100279473431163,0.,-0.00854317225517984));
#6078=CARTESIAN_POINT('',(0.0104552815378852,-0.00635,-0.00863607581034177));
#6079=CARTESIAN_POINT('',(0.0104552815378852,-8.67361737988404E-19,-0.00863607581034177));
#6080=CARTESIAN_POINT('',(0.0106811647375508,-0.00635,-0.00867205027432452));
#6081=CARTESIAN_POINT('',(0.0106811647375508,0.,-0.00867205027432452));
#6082=CARTESIAN_POINT('',(0.00873460859837704,0.,-0.00789500347937397));
#6083=CARTESIAN_POINT('',(-6.96076878838835E-16,-0.00635,6.96153543509669E-16));
#6084=CARTESIAN_POINT('',(0.00791397849810747,-0.00635,-0.0081735530526879));
#6085=CARTESIAN_POINT('',(0.0081735530526879,-0.00635,-0.00791397849810748));
#6086=CARTESIAN_POINT('',(0.00789500347944809,-0.00635,-0.00873460859845923));
#6087=CARTESIAN_POINT('',(0.00789500347944809,0.,-0.00873460859845923));
#6088=CARTESIAN_POINT('',(0.00794424418578563,-0.00635,-0.00878919937194079));
#6089=CARTESIAN_POINT('',(0.00794424418578563,0.,-0.00878919937194079));
#6090=CARTESIAN_POINT('',(0.00802205823509704,-0.00635,-0.00887645515917473));
#6091=CARTESIAN_POINT('',(0.00802205823509704,8.67361737988404E-19,-0.00887645515917473));
#6092=CARTESIAN_POINT('',(0.00804754878215556,-0.00635,-0.00891383304145387));
#6093=CARTESIAN_POINT('',(0.00804754878215556,-8.67361737988404E-19,-0.00891383304145387));
#6094=CARTESIAN_POINT('',(0.00814731098773084,-0.00635,-0.00906136224953507));
#6095=CARTESIAN_POINT('',(0.00814731098773084,-1.73472347597681E-18,-0.00906136224953507));
#6096=CARTESIAN_POINT('',(0.00824862085507045,-0.00635,-0.00925482513678524));
#6097=CARTESIAN_POINT('',(0.00824862085507045,0.,-0.00925482513678524));
#6098=CARTESIAN_POINT('',(0.00838849354473466,-0.00635,-0.00956778961849789));
#6099=CARTESIAN_POINT('',(0.00838849354473466,-1.73472347597681E-18,-0.00956778961849789));
#6100=CARTESIAN_POINT('',(0.00854317225517987,-0.00635,-0.0100279473431164));
#6101=CARTESIAN_POINT('',(0.00854317225517987,1.73472347597681E-18,-0.0100279473431164));
#6102=CARTESIAN_POINT('',(0.00863607581034173,-0.00635,-0.0104552815378852));
#6103=CARTESIAN_POINT('',(0.00863607581034173,0.,-0.0104552815378852));
#6104=CARTESIAN_POINT('',(0.00867205027432452,-0.00635,-0.0106811647375508));
#6105=CARTESIAN_POINT('',(0.00867205027432452,0.,-0.0106811647375508));
#6106=CARTESIAN_POINT('',(0.0078950034793741,-0.00635,-0.00873460859837719));
#6107=CARTESIAN_POINT('',(0.00846390976137452,-0.003175,-0.00819511409905295));
#6108=CARTESIAN_POINT('',(0.00819511409905309,-0.003175,-0.00846390976137467));
#6109=CARTESIAN_POINT('',(0.0115118946781035,-0.00635,-0.00246996927693893));
#6110=CARTESIAN_POINT('',(0.0115118946781035,-8.67361737988404E-19,-0.00246996927693893));
#6111=CARTESIAN_POINT('',(0.0115837920279196,-0.00635,-0.00248531759278675));
#6112=CARTESIAN_POINT('',(0.0115837920279196,-8.67361737988404E-19,-0.00248531759278675));
#6113=CARTESIAN_POINT('',(0.0116982647809472,-0.00635,-0.00250907864264483));
#6114=CARTESIAN_POINT('',(0.0116982647809472,-1.73472347597681E-18,-0.00250907864264483));
#6115=CARTESIAN_POINT('',(0.0117433802500699,-0.00635,-0.00251246516281431));
#6116=CARTESIAN_POINT('',(0.0117433802500699,8.67361737988404E-19,-0.00251246516281431));
#6117=CARTESIAN_POINT('',(0.011921025394856,-0.00635,-0.00252509716313946));
#6118=CARTESIAN_POINT('',(0.011921025394856,-2.60208521396521E-18,-0.00252509716313946));
#6119=CARTESIAN_POINT('',(0.012139224103574,-0.00635,-0.00251610263828452));
#6120=CARTESIAN_POINT('',(0.012139224103574,0.,-0.00251610263828452));
#6121=CARTESIAN_POINT('',(0.0124801956400514,-0.00635,-0.00248075369997307));
#6122=CARTESIAN_POINT('',(0.0124801956400514,8.67361737988404E-19,-0.00248075369997307));
#6123=CARTESIAN_POINT('',(0.0129560432745414,-0.00635,-0.00238463053033395));
#6124=CARTESIAN_POINT('',(0.0129560432745414,8.67361737988404E-19,-0.00238463053033395));
#6125=CARTESIAN_POINT('',(0.0133725773206979,-0.00635,-0.00225142027182169));
#6126=CARTESIAN_POINT('',(0.0133725773206979,0.,-0.00225142027182169));
#6127=CARTESIAN_POINT('',(0.0135861851418878,-0.00635,-0.00216963347168542));
#6128=CARTESIAN_POINT('',(0.0135861851418878,0.,-0.00216963347168542));
#6129=CARTESIAN_POINT('',(0.0115118946779955,0.,-0.00246996927691587));
#6130=CARTESIAN_POINT('',(-9.50897031816248E-16,-0.00635,2.54848214194511E-16));
#6131=CARTESIAN_POINT('',(0.0109404829507088,-0.00635,-0.00312151533375383));
#6132=CARTESIAN_POINT('',(0.0110354938318613,-0.00635,-0.00276692989802094));
#6133=CARTESIAN_POINT('',(0.0112045778753982,-0.00635,-0.00361689119865563));
#6134=CARTESIAN_POINT('',(0.0112045778753982,0.,-0.00361689119865563));
#6135=CARTESIAN_POINT('',(0.0112745169647276,-0.00635,-0.00363954784213414));
#6136=CARTESIAN_POINT('',(0.0112745169647276,0.,-0.00363954784213414));
#6137=CARTESIAN_POINT('',(0.0113855338018196,-0.00635,-0.00367620654585023));
#6138=CARTESIAN_POINT('',(0.0113855338018196,8.67361737988404E-19,-0.00367620654585023));
#6139=CARTESIAN_POINT('',(0.0114262982042682,-0.00635,-0.00369583146791437));
#6140=CARTESIAN_POINT('',(0.0114262982042682,0.,-0.00369583146791437));
#6141=CARTESIAN_POINT('',(0.0115864594126745,-0.00635,-0.00377371440712525));
#6142=CARTESIAN_POINT('',(0.0115864594126745,-8.67361737988404E-19,-0.00377371440712525));
#6143=CARTESIAN_POINT('',(0.0117709277750697,-0.00635,-0.00389060324850358));
#6144=CARTESIAN_POINT('',(0.0117709277750697,0.,-0.00389060324850358));
#6145=CARTESIAN_POINT('',(0.0120485433184709,-0.00635,-0.00409170209531685));
#6146=CARTESIAN_POINT('',(0.0120485433184709,1.73472347597681E-18,-0.00409170209531685));
#6147=CARTESIAN_POINT('',(0.0124125778734504,-0.00635,-0.00441287101936156));
#6148=CARTESIAN_POINT('',(0.0124125778734504,-4.33680868994202E-18,-0.00441287101936156));
#6149=CARTESIAN_POINT('',(0.0127067018097068,-0.00635,-0.00473650151035607));
#6150=CARTESIAN_POINT('',(0.0127067018097068,0.,-0.00473650151035607));
#6151=CARTESIAN_POINT('',(0.0128507982092363,-0.00635,-0.00491413486756331));
#6152=CARTESIAN_POINT('',(0.0128507982092363,0.,-0.00491413486756331));
#6153=CARTESIAN_POINT('',(0.0112045778752931,-0.00635,-0.00361689119862159));
#6154=CARTESIAN_POINT('',(0.0114275179182159,-0.003175,-0.00286522211600462));
#6155=CARTESIAN_POINT('',(0.0113291318773793,-0.003175,-0.003232403819163));
#6156=CARTESIAN_POINT('',(0.00789500347944797,-0.00635,0.00873460859845908));
#6157=CARTESIAN_POINT('',(0.00789500347944797,-5.20417042793042E-18,0.00873460859845908));
#6158=CARTESIAN_POINT('',(0.00794424418578552,-0.00635,0.00878919937194066));
#6159=CARTESIAN_POINT('',(0.00794424418578552,-6.07153216591882E-18,0.00878919937194066));
#6160=CARTESIAN_POINT('',(0.00802205823509701,-0.00635,0.00887645515917468));
#6161=CARTESIAN_POINT('',(0.00802205823509701,-5.20417042793042E-18,0.00887645515917468));
#6162=CARTESIAN_POINT('',(0.00804754878215554,-0.00635,0.00891383304145383));
#6163=CARTESIAN_POINT('',(0.00804754878215554,-4.33680868994202E-18,0.00891383304145383));
#6164=CARTESIAN_POINT('',(0.00814731098773081,-0.00635,0.009061362249535));
#6165=CARTESIAN_POINT('',(0.00814731098773081,-6.93889390390723E-18,0.009061362249535));
#6166=CARTESIAN_POINT('',(0.00824862085507043,-0.00635,0.00925482513678518));
#6167=CARTESIAN_POINT('',(0.00824862085507043,-7.80625564189563E-18,0.00925482513678518));
#6168=CARTESIAN_POINT('',(0.00838849354473465,-0.00635,0.00956778961849783));
#6169=CARTESIAN_POINT('',(0.00838849354473465,-4.33680868994202E-18,0.00956778961849783));
#6170=CARTESIAN_POINT('',(0.00854317225517985,-0.00635,0.0100279473431163));
#6171=CARTESIAN_POINT('',(0.00854317225517985,-5.20417042793042E-18,0.0100279473431163));
#6172=CARTESIAN_POINT('',(0.00863607581034177,-0.00635,0.0104552815378852));
#6173=CARTESIAN_POINT('',(0.00863607581034177,-6.07153216591882E-18,0.0104552815378852));
#6174=CARTESIAN_POINT('',(0.00867205027432452,-0.00635,0.0106811647375508));
#6175=CARTESIAN_POINT('',(0.00867205027432452,-5.20417042793042E-18,0.0106811647375508));
#6176=CARTESIAN_POINT('',(0.00789500347937397,0.,0.00873460859837704));
#6177=CARTESIAN_POINT('',(-6.96153543509669E-16,-0.00635,-6.96076878838835E-16));
#6178=CARTESIAN_POINT('',(0.0081735530526879,-0.00635,0.00791397849810747));
#6179=CARTESIAN_POINT('',(0.00791397849810748,-0.00635,0.0081735530526879));
#6180=CARTESIAN_POINT('',(0.00873460859845923,-0.00635,0.00789500347944809));
#6181=CARTESIAN_POINT('',(0.00873460859845923,-1.73472347597681E-18,0.00789500347944809));
#6182=CARTESIAN_POINT('',(0.00878919937194079,-0.00635,0.00794424418578563));
#6183=CARTESIAN_POINT('',(0.00878919937194079,-1.73472347597681E-18,0.00794424418578563));
#6184=CARTESIAN_POINT('',(0.00887645515917473,-0.00635,0.00802205823509705));
#6185=CARTESIAN_POINT('',(0.00887645515917473,-1.73472347597681E-18,0.00802205823509705));
#6186=CARTESIAN_POINT('',(0.00891383304145388,-0.00635,0.00804754878215556));
#6187=CARTESIAN_POINT('',(0.00891383304145388,-3.46944695195361E-18,0.00804754878215556));
#6188=CARTESIAN_POINT('',(0.00906136224953506,-0.00635,0.00814731098773085));
#6189=CARTESIAN_POINT('',(0.00906136224953506,-1.73472347597681E-18,0.00814731098773085));
#6190=CARTESIAN_POINT('',(0.00925482513678524,-0.00635,0.00824862085507046));
#6191=CARTESIAN_POINT('',(0.00925482513678524,-3.46944695195361E-18,0.00824862085507046));
#6192=CARTESIAN_POINT('',(0.00956778961849787,-0.00635,0.00838849354473466));
#6193=CARTESIAN_POINT('',(0.00956778961849787,-8.67361737988404E-19,0.00838849354473466));
#6194=CARTESIAN_POINT('',(0.0100279473431164,-0.00635,0.00854317225517988));
#6195=CARTESIAN_POINT('',(0.0100279473431164,-4.33680868994202E-18,0.00854317225517988));
#6196=CARTESIAN_POINT('',(0.0104552815378852,-0.00635,0.00863607581034174));
#6197=CARTESIAN_POINT('',(0.0104552815378852,-2.60208521396521E-18,0.00863607581034174));
#6198=CARTESIAN_POINT('',(0.0106811647375508,-0.00635,0.00867205027432452));
#6199=CARTESIAN_POINT('',(0.0106811647375508,-2.60208521396521E-18,0.00867205027432452));
#6200=CARTESIAN_POINT('',(0.00873460859837719,-0.00635,0.0078950034793741));
#6201=CARTESIAN_POINT('',(0.00819511409905295,-0.003175,0.00846390976137452));
#6202=CARTESIAN_POINT('',(0.00846390976137467,-0.003175,0.00819511409905309));
#6203=CARTESIAN_POINT('',(0.0053653047026434,-0.00635,0.01048036128941));
#6204=CARTESIAN_POINT('',(0.0053653047026434,-8.67361737988404E-19,0.01048036128941));
#6205=CARTESIAN_POINT('',(0.00539873844073565,-0.00635,0.0105458363599874));
#6206=CARTESIAN_POINT('',(0.00539873844073565,-1.73472347597681E-18,0.0105458363599874));
#6207=CARTESIAN_POINT('',(0.00545131758108217,-0.00635,0.0106502587363083));
#6208=CARTESIAN_POINT('',(0.00545131758108217,-8.67361737988404E-19,0.0106502587363083));
#6209=CARTESIAN_POINT('',(0.0054662654510128,-0.00635,0.0106929604371825));
#6210=CARTESIAN_POINT('',(0.0054662654510128,0.,0.0106929604371825));
#6211=CARTESIAN_POINT('',(0.00552444497310521,-0.00635,0.0108612830681844));
#6212=CARTESIAN_POINT('',(0.00552444497310521,-8.67361737988404E-19,0.0108612830681844));
#6213=CARTESIAN_POINT('',(0.0055722309106856,-0.00635,0.0110743747905321));
#6214=CARTESIAN_POINT('',(0.0055722309106856,-2.60208521396521E-18,0.0110743747905321));
#6215=CARTESIAN_POINT('',(0.00562633638571692,-0.00635,0.0114128769821044));
#6216=CARTESIAN_POINT('',(0.00562633638571692,-1.73472347597681E-18,0.0114128769821044));
#6217=CARTESIAN_POINT('',(0.0056566469640307,-0.00635,0.0118973890086149));
#6218=CARTESIAN_POINT('',(0.0056566469640307,0.,0.0118973890086149));
#6219=CARTESIAN_POINT('',(0.00563578267908595,-0.00635,0.0123342073532322));
#6220=CARTESIAN_POINT('',(0.00563578267908595,-8.67361737988404E-19,0.0123342073532322));
#6221=CARTESIAN_POINT('',(0.00561206846889163,-0.00635,0.0125617046459302));
#6222=CARTESIAN_POINT('',(0.00561206846889163,-8.67361737988404E-19,0.0125617046459302));
#6223=CARTESIAN_POINT('',(0.00536530470259316,0.,0.0104803612893116));
#6224=CARTESIAN_POINT('',(-4.9227473363963E-16,-0.00635,-8.52536429729026E-16));
#6225=CARTESIAN_POINT('',(0.00584675762829304,-0.00635,0.00975978741620986));
#6226=CARTESIAN_POINT('',(0.00552884502382691,-0.00635,0.00994333434397716));
#6227=CARTESIAN_POINT('',(0.0063936067661465,-0.00635,0.00988667081623846));
#6228=CARTESIAN_POINT('',(0.0063936067661465,0.,0.00988667081623846));
#6229=CARTESIAN_POINT('',(0.00643359297153498,-0.00635,0.0099483628180585));
#6230=CARTESIAN_POINT('',(0.00643359297153498,0.,0.0099483628180585));
#6231=CARTESIAN_POINT('',(0.00649773583197908,-0.00635,0.0100461088774681));
#6232=CARTESIAN_POINT('',(0.00649773583197908,-1.73472347597681E-18,0.0100461088774681));
#6233=CARTESIAN_POINT('',(0.00652724265475567,-0.00635,0.0100804049629976));
#6234=CARTESIAN_POINT('',(0.00652724265475567,8.67361737988404E-19,0.0100804049629976));
#6235=CARTESIAN_POINT('',(0.00664392456818896,-0.00635,0.0102149512226106));
#6236=CARTESIAN_POINT('',(0.00664392456818896,-1.73472347597681E-18,0.0102149512226106));
#6237=CARTESIAN_POINT('',(0.00680457444428805,-0.00635,0.0103628809196727));
#6238=CARTESIAN_POINT('',(0.00680457444428805,0.,0.0103628809196727));
#6239=CARTESIAN_POINT('',(0.00707067320391065,-0.00635,0.0105789887313198));
#6240=CARTESIAN_POINT('',(0.00707067320391065,-8.67361737988404E-19,0.0105789887313198));
#6241=CARTESIAN_POINT('',(0.00747511763815099,-0.00635,0.0108474944753982));
#6242=CARTESIAN_POINT('',(0.00747511763815099,8.67361737988404E-19,0.0108474944753982));
#6243=CARTESIAN_POINT('',(0.00786384556390093,-0.00635,0.0110478346469129));
#6244=CARTESIAN_POINT('',(0.00786384556390093,0.,0.0110478346469129));
#6245=CARTESIAN_POINT('',(0.00807272110376672,-0.00635,0.0111410461848029));
#6246=CARTESIAN_POINT('',(0.00807272110376672,0.,0.0111410461848029));
#6247=CARTESIAN_POINT('',(0.00639360676608641,-0.00635,0.00988667081614575));
#6248=CARTESIAN_POINT('',(0.00572525131538806,-0.003175,0.0102965606355149));
#6249=CARTESIAN_POINT('',(0.00605445742426881,-0.003175,0.0101064933999339));
#6250=CARTESIAN_POINT('',(0.00988667081623829,-0.00635,0.00639360676614638));
#6251=CARTESIAN_POINT('',(0.00988667081623829,-8.67361737988404E-19,0.00639360676614638));
#6252=CARTESIAN_POINT('',(0.00994836281805836,-0.00635,0.00643359297153489));
#6253=CARTESIAN_POINT('',(0.00994836281805836,-8.67361737988404E-19,0.00643359297153489));
#6254=CARTESIAN_POINT('',(0.010046108877468,-0.00635,0.00649773583197905));
#6255=CARTESIAN_POINT('',(0.010046108877468,2.60208521396521E-18,0.00649773583197905));
#6256=CARTESIAN_POINT('',(0.0100804049629975,-0.00635,0.00652724265475563));
#6257=CARTESIAN_POINT('',(0.0100804049629975,8.67361737988404E-19,0.00652724265475563));
#6258=CARTESIAN_POINT('',(0.0102149512226106,-0.00635,0.00664392456818891));
#6259=CARTESIAN_POINT('',(0.0102149512226106,-2.60208521396521E-18,0.00664392456818891));
#6260=CARTESIAN_POINT('',(0.0103628809196727,-0.00635,0.00680457444428799));
#6261=CARTESIAN_POINT('',(0.0103628809196727,3.46944695195361E-18,0.00680457444428799));
#6262=CARTESIAN_POINT('',(0.0105789887313197,-0.00635,0.00707067320391059));
#6263=CARTESIAN_POINT('',(0.0105789887313197,-4.33680868994202E-18,0.00707067320391059));
#6264=CARTESIAN_POINT('',(0.0108474944753982,-0.00635,0.00747511763815095));
#6265=CARTESIAN_POINT('',(0.0108474944753982,2.60208521396521E-18,0.00747511763815095));
#6266=CARTESIAN_POINT('',(0.0110478346469129,-0.00635,0.00786384556390092));
#6267=CARTESIAN_POINT('',(0.0110478346469129,-1.73472347597681E-18,0.00786384556390092));
#6268=CARTESIAN_POINT('',(0.0111410461848029,-0.00635,0.00807272110376672));
#6269=CARTESIAN_POINT('',(0.0111410461848029,-8.67361737988404E-19,0.00807272110376672));
#6270=CARTESIAN_POINT('',(0.00988667081614558,0.,0.0063936067660863));
#6271=CARTESIAN_POINT('',(-8.5259063983765E-16,-0.00635,-4.92180838977208E-16));
#6272=CARTESIAN_POINT('',(0.00994333434397716,-0.00635,0.0055288450238269));
#6273=CARTESIAN_POINT('',(0.00975978741620986,-0.00635,0.00584675762829304));
#6274=CARTESIAN_POINT('',(0.0104803612894102,-0.00635,0.00536530470264348));
#6275=CARTESIAN_POINT('',(0.0104803612894102,-8.67361737988404E-19,0.00536530470264348));
#6276=CARTESIAN_POINT('',(0.0105458363599876,-0.00635,0.00539873844073571));
#6277=CARTESIAN_POINT('',(0.0105458363599876,-8.67361737988404E-19,0.00539873844073571));
#6278=CARTESIAN_POINT('',(0.0106502587363083,-0.00635,0.00545131758108219));
#6279=CARTESIAN_POINT('',(0.0106502587363083,-2.60208521396521E-18,0.00545131758108219));
#6280=CARTESIAN_POINT('',(0.0106929604371826,-0.00635,0.00546626545101281));
#6281=CARTESIAN_POINT('',(0.0106929604371826,0.,0.00546626545101281));
#6282=CARTESIAN_POINT('',(0.0108612830681845,-0.00635,0.00552444497310523));
#6283=CARTESIAN_POINT('',(0.0108612830681845,-1.73472347597681E-18,0.00552444497310523));
#6284=CARTESIAN_POINT('',(0.0110743747905322,-0.00635,0.00557223091068561));
#6285=CARTESIAN_POINT('',(0.0110743747905322,-8.67361737988404E-19,0.00557223091068561));
#6286=CARTESIAN_POINT('',(0.0114128769821044,-0.00635,0.00562633638571691));
#6287=CARTESIAN_POINT('',(0.0114128769821044,-1.73472347597681E-18,0.00562633638571691));
#6288=CARTESIAN_POINT('',(0.011897389008615,-0.00635,0.0056566469640307));
#6289=CARTESIAN_POINT('',(0.011897389008615,0.,0.0056566469640307));
#6290=CARTESIAN_POINT('',(0.0123342073532322,-0.00635,0.00563578267908595));
#6291=CARTESIAN_POINT('',(0.0123342073532322,-8.67361737988404E-19,0.00563578267908595));
#6292=CARTESIAN_POINT('',(0.0125617046459302,-0.00635,0.00561206846889163));
#6293=CARTESIAN_POINT('',(0.0125617046459302,-8.67361737988404E-19,0.00561206846889163));
#6294=CARTESIAN_POINT('',(0.0104803612893118,-0.00635,0.00536530470259324));
#6295=CARTESIAN_POINT('',(0.0101064933999338,-0.003175,0.0060544574242687));
#6296=CARTESIAN_POINT('',(0.0102965606355151,-0.003175,0.00572525131538816));
#6297=CARTESIAN_POINT('',(0.011204577875398,-0.00635,0.00361689119865557));
#6298=CARTESIAN_POINT('',(0.011204577875398,-8.67361737988404E-19,0.00361689119865557));
#6299=CARTESIAN_POINT('',(0.0112745169647274,-0.00635,0.00363954784213409));
#6300=CARTESIAN_POINT('',(0.0112745169647274,-8.67361737988404E-19,0.00363954784213409));
#6301=CARTESIAN_POINT('',(0.0113855338018195,-0.00635,0.00367620654585021));
#6302=CARTESIAN_POINT('',(0.0113855338018195,0.,0.00367620654585021));
#6303=CARTESIAN_POINT('',(0.0114262982042681,-0.00635,0.00369583146791435));
#6304=CARTESIAN_POINT('',(0.0114262982042681,0.,0.00369583146791435));
#6305=CARTESIAN_POINT('',(0.0115864594126745,-0.00635,0.00377371440712521));
#6306=CARTESIAN_POINT('',(0.0115864594126745,-1.73472347597681E-18,0.00377371440712521));
#6307=CARTESIAN_POINT('',(0.0117709277750697,-0.00635,0.00389060324850354));
#6308=CARTESIAN_POINT('',(0.0117709277750697,-2.60208521396521E-18,0.00389060324850354));
#6309=CARTESIAN_POINT('',(0.0120485433184709,-0.00635,0.00409170209531681));
#6310=CARTESIAN_POINT('',(0.0120485433184709,0.,0.00409170209531681));
#6311=CARTESIAN_POINT('',(0.0124125778734504,-0.00635,0.00441287101936154));
#6312=CARTESIAN_POINT('',(0.0124125778734504,-3.46944695195361E-18,0.00441287101936154));
#6313=CARTESIAN_POINT('',(0.0127067018097068,-0.00635,0.00473650151035606));
#6314=CARTESIAN_POINT('',(0.0127067018097068,-1.73472347597681E-18,0.00473650151035606));
#6315=CARTESIAN_POINT('',(0.0128507982092363,-0.00635,0.00491413486756331));
#6316=CARTESIAN_POINT('',(0.0128507982092363,-1.73472347597681E-18,0.00491413486756331));
#6317=CARTESIAN_POINT('',(0.0112045778752929,0.,0.00361689119862152));
#6318=CARTESIAN_POINT('',(-9.50925093033346E-16,-0.00635,-2.54743488306579E-16));
#6319=CARTESIAN_POINT('',(0.0110354938318613,-0.00635,0.00276692989802094));
#6320=CARTESIAN_POINT('',(0.0109404829507088,-0.00635,0.00312151533375383));
#6321=CARTESIAN_POINT('',(0.0115118946781037,-0.00635,0.00246996927693898));
#6322=CARTESIAN_POINT('',(0.0115118946781037,0.,0.00246996927693898));
#6323=CARTESIAN_POINT('',(0.0115837920279198,-0.00635,0.00248531759278679));
#6324=CARTESIAN_POINT('',(0.0115837920279198,8.67361737988404E-19,0.00248531759278679));
#6325=CARTESIAN_POINT('',(0.0116982647809473,-0.00635,0.00250907864264484));
#6326=CARTESIAN_POINT('',(0.0116982647809473,-4.33680868994202E-18,0.00250907864264484));
#6327=CARTESIAN_POINT('',(0.0117433802500699,-0.00635,0.00251246516281431));
#6328=CARTESIAN_POINT('',(0.0117433802500699,5.20417042793042E-18,0.00251246516281431));
#6329=CARTESIAN_POINT('',(0.0119210253948561,-0.00635,0.00252509716313946));
#6330=CARTESIAN_POINT('',(0.0119210253948561,-1.73472347597681E-18,0.00252509716313946));
#6331=CARTESIAN_POINT('',(0.012139224103574,-0.00635,0.00251610263828451));
#6332=CARTESIAN_POINT('',(0.012139224103574,2.60208521396521E-18,0.00251610263828451));
#6333=CARTESIAN_POINT('',(0.0124801956400515,-0.00635,0.00248075369997306));
#6334=CARTESIAN_POINT('',(0.0124801956400515,8.67361737988404E-19,0.00248075369997306));
#6335=CARTESIAN_POINT('',(0.0129560432745414,-0.00635,0.00238463053033394));
#6336=CARTESIAN_POINT('',(0.0129560432745414,1.73472347597681E-18,0.00238463053033394));
#6337=CARTESIAN_POINT('',(0.0133725773206979,-0.00635,0.00225142027182168));
#6338=CARTESIAN_POINT('',(0.0133725773206979,8.67361737988404E-19,0.00225142027182168));
#6339=CARTESIAN_POINT('',(0.0135861851418878,-0.00635,0.00216963347168542));
#6340=CARTESIAN_POINT('',(0.0135861851418878,8.67361737988404E-19,0.00216963347168542));
#6341=CARTESIAN_POINT('',(0.0115118946779957,-0.00635,0.00246996927691591));
#6342=CARTESIAN_POINT('',(0.0113291318773791,-0.003175,0.00323240381916294));
#6343=CARTESIAN_POINT('',(0.0114275179182161,-0.003175,0.00286522211600467));
#6344=CARTESIAN_POINT('',(0.00246996927693894,-0.00635,0.0115118946781035));
#6345=CARTESIAN_POINT('',(0.00246996927693894,-8.67361737988404E-19,0.0115118946781035));
#6346=CARTESIAN_POINT('',(0.00248531759278675,-0.00635,0.0115837920279196));
#6347=CARTESIAN_POINT('',(0.00248531759278675,-8.67361737988404E-19,0.0115837920279196));
#6348=CARTESIAN_POINT('',(0.00250907864264483,-0.00635,0.0116982647809472));
#6349=CARTESIAN_POINT('',(0.00250907864264483,-2.60208521396521E-18,0.0116982647809472));
#6350=CARTESIAN_POINT('',(0.00251246516281431,-0.00635,0.0117433802500699));
#6351=CARTESIAN_POINT('',(0.00251246516281431,0.,0.0117433802500699));
#6352=CARTESIAN_POINT('',(0.00252509716313946,-0.00635,0.011921025394856));
#6353=CARTESIAN_POINT('',(0.00252509716313946,-8.67361737988404E-19,0.011921025394856));
#6354=CARTESIAN_POINT('',(0.00251610263828452,-0.00635,0.012139224103574));
#6355=CARTESIAN_POINT('',(0.00251610263828452,2.60208521396521E-18,0.012139224103574));
#6356=CARTESIAN_POINT('',(0.00248075369997307,-0.00635,0.0124801956400515));
#6357=CARTESIAN_POINT('',(0.00248075369997307,-4.33680868994202E-18,0.0124801956400515));
#6358=CARTESIAN_POINT('',(0.00238463053033395,-0.00635,0.0129560432745414));
#6359=CARTESIAN_POINT('',(0.00238463053033395,-2.60208521396521E-18,0.0129560432745414));
#6360=CARTESIAN_POINT('',(0.00225142027182168,-0.00635,0.0133725773206979));
#6361=CARTESIAN_POINT('',(0.00225142027182168,-8.67361737988404E-19,0.0133725773206979));
#6362=CARTESIAN_POINT('',(0.00216963347168542,-0.00635,0.0135861851418878));
#6363=CARTESIAN_POINT('',(0.00216963347168542,-8.67361737988404E-19,0.0135861851418878));
#6364=CARTESIAN_POINT('',(0.00246996927691587,0.,0.0115118946779955));
#6365=CARTESIAN_POINT('',(-2.54848214194511E-16,-0.00635,-9.50897031816248E-16));
#6366=CARTESIAN_POINT('',(0.00312151533375383,-0.00635,0.0109404829507088));
#6367=CARTESIAN_POINT('',(0.00276692989802094,-0.00635,0.0110354938318613));
#6368=CARTESIAN_POINT('',(0.00361689119865563,-0.00635,0.0112045778753982));
#6369=CARTESIAN_POINT('',(0.00361689119865563,0.,0.0112045778753982));
#6370=CARTESIAN_POINT('',(0.00363954784213414,-0.00635,0.0112745169647276));
#6371=CARTESIAN_POINT('',(0.00363954784213414,0.,0.0112745169647276));
#6372=CARTESIAN_POINT('',(0.00367620654585023,-0.00635,0.0113855338018196));
#6373=CARTESIAN_POINT('',(0.00367620654585023,8.67361737988404E-19,0.0113855338018196));
#6374=CARTESIAN_POINT('',(0.00369583146791437,-0.00635,0.0114262982042682));
#6375=CARTESIAN_POINT('',(0.00369583146791437,0.,0.0114262982042682));
#6376=CARTESIAN_POINT('',(0.00377371440712525,-0.00635,0.0115864594126745));
#6377=CARTESIAN_POINT('',(0.00377371440712525,-8.67361737988404E-19,0.0115864594126745));
#6378=CARTESIAN_POINT('',(0.00389060324850358,-0.00635,0.0117709277750697));
#6379=CARTESIAN_POINT('',(0.00389060324850358,0.,0.0117709277750697));
#6380=CARTESIAN_POINT('',(0.00409170209531685,-0.00635,0.0120485433184709));
#6381=CARTESIAN_POINT('',(0.00409170209531685,1.73472347597681E-18,0.0120485433184709));
#6382=CARTESIAN_POINT('',(0.00441287101936157,-0.00635,0.0124125778734504));
#6383=CARTESIAN_POINT('',(0.00441287101936157,-4.33680868994202E-18,0.0124125778734504));
#6384=CARTESIAN_POINT('',(0.00473650151035607,-0.00635,0.0127067018097068));
#6385=CARTESIAN_POINT('',(0.00473650151035607,0.,0.0127067018097068));
#6386=CARTESIAN_POINT('',(0.00491413486756331,-0.00635,0.0128507982092363));
#6387=CARTESIAN_POINT('',(0.00491413486756331,0.,0.0128507982092363));
#6388=CARTESIAN_POINT('',(0.00361689119862159,-0.00635,0.0112045778752931));
#6389=CARTESIAN_POINT('',(0.00286522211600462,-0.003175,0.0114275179182159));
#6390=CARTESIAN_POINT('',(0.003232403819163,-0.003175,0.0113291318773793));
#6391=CARTESIAN_POINT('',(-0.000593690473171696,-0.00635,0.0117589114687898));
#6392=CARTESIAN_POINT('',(-0.000593690473171696,-1.73472347597681E-18,0.0117589114687898));
#6393=CARTESIAN_POINT('',(-0.000597473541929045,-0.00635,0.0118323314122705));
#6394=CARTESIAN_POINT('',(-0.000597473541929045,-1.73472347597681E-18,0.0118323314122705));
#6395=CARTESIAN_POINT('',(-0.00060414985884025,-0.00635,0.0119490534130612));
#6396=CARTESIAN_POINT('',(-0.00060414985884025,-1.73472347597681E-18,0.0119490534130612));
#6397=CARTESIAN_POINT('',(-0.000612555474184984,-0.00635,0.0119935081057684));
#6398=CARTESIAN_POINT('',(-0.000612555474184984,-2.60208521396521E-18,0.0119935081057684));
#6399=CARTESIAN_POINT('',(-0.000646331845573864,-0.00635,0.0121683695412941));
#6400=CARTESIAN_POINT('',(-0.000646331845573864,-4.33680868994202E-18,0.0121683695412941));
#6401=CARTESIAN_POINT('',(-0.000711493870859437,-0.00635,0.0123768053549736));
#6402=CARTESIAN_POINT('',(-0.000711493870859437,-1.73472347597681E-18,0.0123768053549736));
#6403=CARTESIAN_POINT('',(-0.000833888250784611,-0.00635,0.0126970095896275));
#6404=CARTESIAN_POINT('',(-0.000833888250784611,-8.67361737988404E-19,0.0126970095896275));
#6405=CARTESIAN_POINT('',(-0.00104989453321676,-0.00635,0.0131317646021816));
#6406=CARTESIAN_POINT('',(-0.00104989453321676,-4.33680868994202E-18,0.0131317646021816));
#6407=CARTESIAN_POINT('',(-0.00128637270631934,-0.00635,0.0134996282429869));
#6408=CARTESIAN_POINT('',(-0.00128637270631934,-2.60208521396521E-18,0.0134996282429869));
#6409=CARTESIAN_POINT('',(-0.00142065846112729,-0.00635,0.0136847895726583));
#6410=CARTESIAN_POINT('',(-0.00142065846112729,-2.60208521396521E-18,0.0136847895726583));
#6411=CARTESIAN_POINT('',(-0.000593690473166012,0.,0.0117589114686794));
#6412=CARTESIAN_POINT('',(-5.42101086243355E-20,-0.00635,-9.84455572616838E-16));
#6413=CARTESIAN_POINT('',(0.0001835469277673,-0.00635,0.0113756026521199));
#6414=CARTESIAN_POINT('',(-0.000183546927767298,-0.00635,0.0113756026521199));
#6415=CARTESIAN_POINT('',(0.000593690473171708,-0.00635,0.01175891146879));
#6416=CARTESIAN_POINT('',(0.000593690473171708,0.,0.01175891146879));
#6417=CARTESIAN_POINT('',(0.000597473541929056,-0.00635,0.0118323314122707));
#6418=CARTESIAN_POINT('',(0.000597473541929056,0.,0.0118323314122707));
#6419=CARTESIAN_POINT('',(0.000604149858840258,-0.00635,0.0119490534130613));
#6420=CARTESIAN_POINT('',(0.000604149858840258,-1.73472347597681E-18,0.0119490534130613));
#6421=CARTESIAN_POINT('',(0.000612555474184996,-0.00635,0.0119935081057685));
#6422=CARTESIAN_POINT('',(0.000612555474184996,8.67361737988404E-19,0.0119935081057685));
#6423=CARTESIAN_POINT('',(0.000646331845573884,-0.00635,0.0121683695412942));
#6424=CARTESIAN_POINT('',(0.000646331845573884,-1.73472347597681E-18,0.0121683695412942));
#6425=CARTESIAN_POINT('',(0.00071149387085946,-0.00635,0.0123768053549737));
#6426=CARTESIAN_POINT('',(0.00071149387085946,0.,0.0123768053549737));
#6427=CARTESIAN_POINT('',(0.000833888250784638,-0.00635,0.0126970095896276));
#6428=CARTESIAN_POINT('',(0.000833888250784638,8.67361737988404E-19,0.0126970095896276));
#6429=CARTESIAN_POINT('',(0.00104989453321679,-0.00635,0.0131317646021817));
#6430=CARTESIAN_POINT('',(0.00104989453321679,-8.67361737988404E-19,0.0131317646021817));
#6431=CARTESIAN_POINT('',(0.00128637270631935,-0.00635,0.0134996282429869));
#6432=CARTESIAN_POINT('',(0.00128637270631935,0.,0.0134996282429869));
#6433=CARTESIAN_POINT('',(0.0014206584611273,-0.00635,0.0136847895726583));
#6434=CARTESIAN_POINT('',(0.0014206584611273,0.,0.0136847895726583));
#6435=CARTESIAN_POINT('',(0.000593690473166023,-0.00635,0.0117589114686796));
#6436=CARTESIAN_POINT('',(-0.00019006723558111,-0.003175,0.0117797087396568));
#6437=CARTESIAN_POINT('',(0.000190067235581115,-0.003175,0.011779708739657));
#6438=CARTESIAN_POINT('',(-0.00361689119865557,-0.00635,0.011204577875398));
#6439=CARTESIAN_POINT('',(-0.00361689119865557,-8.67361737988404E-19,0.011204577875398));
#6440=CARTESIAN_POINT('',(-0.00363954784213409,-0.00635,0.0112745169647274));
#6441=CARTESIAN_POINT('',(-0.00363954784213409,-8.67361737988404E-19,0.0112745169647274));
#6442=CARTESIAN_POINT('',(-0.00367620654585022,-0.00635,0.0113855338018195));
#6443=CARTESIAN_POINT('',(-0.00367620654585022,-1.73472347597681E-18,0.0113855338018195));
#6444=CARTESIAN_POINT('',(-0.00369583146791435,-0.00635,0.0114262982042681));
#6445=CARTESIAN_POINT('',(-0.00369583146791435,2.60208521396521E-18,0.0114262982042681));
#6446=CARTESIAN_POINT('',(-0.00377371440712522,-0.00635,0.0115864594126745));
#6447=CARTESIAN_POINT('',(-0.00377371440712522,-2.60208521396521E-18,0.0115864594126745));
#6448=CARTESIAN_POINT('',(-0.00389060324850354,-0.00635,0.0117709277750697));
#6449=CARTESIAN_POINT('',(-0.00389060324850354,1.73472347597681E-18,0.0117709277750697));
#6450=CARTESIAN_POINT('',(-0.00409170209531681,-0.00635,0.0120485433184709));
#6451=CARTESIAN_POINT('',(-0.00409170209531681,-2.60208521396521E-18,0.0120485433184709));
#6452=CARTESIAN_POINT('',(-0.00441287101936152,-0.00635,0.0124125778734504));
#6453=CARTESIAN_POINT('',(-0.00441287101936152,8.67361737988404E-19,0.0124125778734504));
#6454=CARTESIAN_POINT('',(-0.00473650151035611,-0.00635,0.0127067018097068));
#6455=CARTESIAN_POINT('',(-0.00473650151035611,0.,0.0127067018097068));
#6456=CARTESIAN_POINT('',(-0.00491413486756331,-0.00635,0.0128507982092363));
#6457=CARTESIAN_POINT('',(-0.00491413486756331,0.,0.0128507982092363));
#6458=CARTESIAN_POINT('',(-0.00361689119862152,0.,0.0112045778752929));
#6459=CARTESIAN_POINT('',(2.54743488306579E-16,-0.00635,-9.50925093033346E-16));
#6460=CARTESIAN_POINT('',(-0.00276692989802094,-0.00635,0.0110354938318613));
#6461=CARTESIAN_POINT('',(-0.00312151533375383,-0.00635,0.0109404829507088));
#6462=CARTESIAN_POINT('',(-0.00246996927693898,-0.00635,0.0115118946781037));
#6463=CARTESIAN_POINT('',(-0.00246996927693898,0.,0.0115118946781037));
#6464=CARTESIAN_POINT('',(-0.00248531759278679,-0.00635,0.0115837920279198));
#6465=CARTESIAN_POINT('',(-0.00248531759278679,0.,0.0115837920279198));
#6466=CARTESIAN_POINT('',(-0.00250907864264484,-0.00635,0.0116982647809473));
#6467=CARTESIAN_POINT('',(-0.00250907864264484,8.67361737988404E-19,0.0116982647809473));
#6468=CARTESIAN_POINT('',(-0.00251246516281431,-0.00635,0.01174338025007));
#6469=CARTESIAN_POINT('',(-0.00251246516281431,-8.67361737988404E-19,0.01174338025007));
#6470=CARTESIAN_POINT('',(-0.00252509716313947,-0.00635,0.0119210253948561));
#6471=CARTESIAN_POINT('',(-0.00252509716313947,8.67361737988404E-19,0.0119210253948561));
#6472=CARTESIAN_POINT('',(-0.00251610263828452,-0.00635,0.012139224103574));
#6473=CARTESIAN_POINT('',(-0.00251610263828452,-8.67361737988404E-19,0.012139224103574));
#6474=CARTESIAN_POINT('',(-0.00248075369997306,-0.00635,0.0124801956400515));
#6475=CARTESIAN_POINT('',(-0.00248075369997306,2.60208521396521E-18,0.0124801956400515));
#6476=CARTESIAN_POINT('',(-0.00238463053033395,-0.00635,0.0129560432745414));
#6477=CARTESIAN_POINT('',(-0.00238463053033395,-8.67361737988404E-19,0.0129560432745414));
#6478=CARTESIAN_POINT('',(-0.00225142027182166,-0.00635,0.0133725773206979));
#6479=CARTESIAN_POINT('',(-0.00225142027182166,0.,0.0133725773206979));
#6480=CARTESIAN_POINT('',(-0.00216963347168543,-0.00635,0.0135861851418878));
#6481=CARTESIAN_POINT('',(-0.00216963347168543,0.,0.0135861851418878));
#6482=CARTESIAN_POINT('',(-0.00246996927691591,-0.00635,0.0115118946779957));
#6483=CARTESIAN_POINT('',(-0.00323240381916294,-0.003175,0.0113291318773791));
#6484=CARTESIAN_POINT('',(-0.00286522211600467,-0.003175,0.0114275179182161));
#6485=CARTESIAN_POINT('',(-0.00639360676614638,-0.00635,0.00988667081623829));
#6486=CARTESIAN_POINT('',(-0.00639360676614638,-8.67361737988404E-19,0.00988667081623829));
#6487=CARTESIAN_POINT('',(-0.00643359297153488,-0.00635,0.00994836281805836));
#6488=CARTESIAN_POINT('',(-0.00643359297153488,-8.67361737988404E-19,0.00994836281805836));
#6489=CARTESIAN_POINT('',(-0.00649773583197905,-0.00635,0.010046108877468));
#6490=CARTESIAN_POINT('',(-0.00649773583197905,8.67361737988404E-19,0.010046108877468));
#6491=CARTESIAN_POINT('',(-0.00652724265475563,-0.00635,0.0100804049629975));
#6492=CARTESIAN_POINT('',(-0.00652724265475563,-8.67361737988404E-19,0.0100804049629975));
#6493=CARTESIAN_POINT('',(-0.0066439245681889,-0.00635,0.0102149512226105));
#6494=CARTESIAN_POINT('',(-0.0066439245681889,-8.67361737988404E-19,0.0102149512226105));
#6495=CARTESIAN_POINT('',(-0.00680457444428799,-0.00635,0.0103628809196727));
#6496=CARTESIAN_POINT('',(-0.00680457444428799,8.67361737988404E-19,0.0103628809196727));
#6497=CARTESIAN_POINT('',(-0.00707067320391059,-0.00635,0.0105789887313197));
#6498=CARTESIAN_POINT('',(-0.00707067320391059,-8.67361737988404E-19,0.0105789887313197));
#6499=CARTESIAN_POINT('',(-0.00747511763815094,-0.00635,0.0108474944753982));
#6500=CARTESIAN_POINT('',(-0.00747511763815094,8.67361737988404E-19,0.0108474944753982));
#6501=CARTESIAN_POINT('',(-0.00786384556390092,-0.00635,0.0110478346469129));
#6502=CARTESIAN_POINT('',(-0.00786384556390092,0.,0.0110478346469129));
#6503=CARTESIAN_POINT('',(-0.00807272110376672,-0.00635,0.0111410461848029));
#6504=CARTESIAN_POINT('',(-0.00807272110376672,0.,0.0111410461848029));
#6505=CARTESIAN_POINT('',(-0.00639360676608629,0.,0.00988667081614558));
#6506=CARTESIAN_POINT('',(4.92180838977208E-16,-0.00635,-8.5259063983765E-16));
#6507=CARTESIAN_POINT('',(-0.0055288450238269,-0.00635,0.00994333434397716));
#6508=CARTESIAN_POINT('',(-0.00584675762829304,-0.00635,0.00975978741620986));
#6509=CARTESIAN_POINT('',(-0.00536530470264348,-0.00635,0.0104803612894102));
#6510=CARTESIAN_POINT('',(-0.00536530470264348,0.,0.0104803612894102));
#6511=CARTESIAN_POINT('',(-0.00539873844073571,-0.00635,0.0105458363599876));
#6512=CARTESIAN_POINT('',(-0.00539873844073571,0.,0.0105458363599876));
#6513=CARTESIAN_POINT('',(-0.00545131758108219,-0.00635,0.0106502587363083));
#6514=CARTESIAN_POINT('',(-0.00545131758108219,0.,0.0106502587363083));
#6515=CARTESIAN_POINT('',(-0.00546626545101281,-0.00635,0.0106929604371826));
#6516=CARTESIAN_POINT('',(-0.00546626545101281,-2.60208521396521E-18,0.0106929604371826));
#6517=CARTESIAN_POINT('',(-0.00552444497310523,-0.00635,0.0108612830681845));
#6518=CARTESIAN_POINT('',(-0.00552444497310523,0.,0.0108612830681845));
#6519=CARTESIAN_POINT('',(-0.00557223091068561,-0.00635,0.0110743747905322));
#6520=CARTESIAN_POINT('',(-0.00557223091068561,0.,0.0110743747905322));
#6521=CARTESIAN_POINT('',(-0.00562633638571691,-0.00635,0.0114128769821044));
#6522=CARTESIAN_POINT('',(-0.00562633638571691,-8.67361737988404E-19,0.0114128769821044));
#6523=CARTESIAN_POINT('',(-0.0056566469640307,-0.00635,0.011897389008615));
#6524=CARTESIAN_POINT('',(-0.0056566469640307,0.,0.011897389008615));
#6525=CARTESIAN_POINT('',(-0.00563578267908595,-0.00635,0.0123342073532322));
#6526=CARTESIAN_POINT('',(-0.00563578267908595,0.,0.0123342073532322));
#6527=CARTESIAN_POINT('',(-0.00561206846889163,-0.00635,0.0125617046459302));
#6528=CARTESIAN_POINT('',(-0.00561206846889163,0.,0.0125617046459302));
#6529=CARTESIAN_POINT('',(-0.00536530470259324,-0.00635,0.0104803612893118));
#6530=CARTESIAN_POINT('',(-0.0060544574242687,-0.003175,0.0101064933999338));
#6531=CARTESIAN_POINT('',(-0.00572525131538816,-0.003175,0.0102965606355151));
#6532=CARTESIAN_POINT('',(-0.01048036128941,-0.00635,0.00536530470264339));
#6533=CARTESIAN_POINT('',(-0.01048036128941,8.67361737988404E-19,0.00536530470264339));
#6534=CARTESIAN_POINT('',(-0.0105458363599874,-0.00635,0.00539873844073564));
#6535=CARTESIAN_POINT('',(-0.0105458363599874,8.67361737988404E-19,0.00539873844073564));
#6536=CARTESIAN_POINT('',(-0.0106502587363083,-0.00635,0.00545131758108216));
#6537=CARTESIAN_POINT('',(-0.0106502587363083,8.67361737988404E-19,0.00545131758108216));
#6538=CARTESIAN_POINT('',(-0.0106929604371825,-0.00635,0.0054662654510128));
#6539=CARTESIAN_POINT('',(-0.0106929604371825,1.73472347597681E-18,0.0054662654510128));
#6540=CARTESIAN_POINT('',(-0.0108612830681844,-0.00635,0.00552444497310521));
#6541=CARTESIAN_POINT('',(-0.0108612830681844,2.60208521396521E-18,0.00552444497310521));
#6542=CARTESIAN_POINT('',(-0.0110743747905321,-0.00635,0.0055722309106856));
#6543=CARTESIAN_POINT('',(-0.0110743747905321,1.73472347597681E-18,0.0055722309106856));
#6544=CARTESIAN_POINT('',(-0.0114128769821044,-0.00635,0.0056263363857169));
#6545=CARTESIAN_POINT('',(-0.0114128769821044,-1.73472347597681E-18,0.0056263363857169));
#6546=CARTESIAN_POINT('',(-0.0118973890086149,-0.00635,0.00565664696403071));
#6547=CARTESIAN_POINT('',(-0.0118973890086149,2.60208521396521E-18,0.00565664696403071));
#6548=CARTESIAN_POINT('',(-0.0123342073532322,-0.00635,0.00563578267908595));
#6549=CARTESIAN_POINT('',(-0.0123342073532322,8.67361737988404E-19,0.00563578267908595));
#6550=CARTESIAN_POINT('',(-0.0125617046459302,-0.00635,0.00561206846889163));
#6551=CARTESIAN_POINT('',(-0.0125617046459302,8.67361737988404E-19,0.00561206846889163));
#6552=CARTESIAN_POINT('',(-0.0104803612893116,0.,0.00536530470259315));
#6553=CARTESIAN_POINT('',(8.52536429729026E-16,-0.00635,-4.92274733639629E-16));
#6554=CARTESIAN_POINT('',(-0.00975978741620986,-0.00635,0.00584675762829304));
#6555=CARTESIAN_POINT('',(-0.00994333434397716,-0.00635,0.0055288450238269));
#6556=CARTESIAN_POINT('',(-0.00988667081623846,-0.00635,0.00639360676614649));
#6557=CARTESIAN_POINT('',(-0.00988667081623846,1.73472347597681E-18,0.00639360676614649));
#6558=CARTESIAN_POINT('',(-0.00994836281805851,-0.00635,0.00643359297153498));
#6559=CARTESIAN_POINT('',(-0.00994836281805851,1.73472347597681E-18,0.00643359297153498));
#6560=CARTESIAN_POINT('',(-0.0100461088774681,-0.00635,0.00649773583197908));
#6561=CARTESIAN_POINT('',(-0.0100461088774681,2.60208521396521E-18,0.00649773583197908));
#6562=CARTESIAN_POINT('',(-0.0100804049629976,-0.00635,0.00652724265475567));
#6563=CARTESIAN_POINT('',(-0.0100804049629976,1.73472347597681E-18,0.00652724265475567));
#6564=CARTESIAN_POINT('',(-0.0102149512226106,-0.00635,0.00664392456818895));
#6565=CARTESIAN_POINT('',(-0.0102149512226106,0.,0.00664392456818895));
#6566=CARTESIAN_POINT('',(-0.0103628809196727,-0.00635,0.00680457444428805));
#6567=CARTESIAN_POINT('',(-0.0103628809196727,1.73472347597681E-18,0.00680457444428805));
#6568=CARTESIAN_POINT('',(-0.0105789887313198,-0.00635,0.00707067320391064));
#6569=CARTESIAN_POINT('',(-0.0105789887313198,2.60208521396521E-18,0.00707067320391064));
#6570=CARTESIAN_POINT('',(-0.0108474944753982,-0.00635,0.00747511763815098));
#6571=CARTESIAN_POINT('',(-0.0108474944753982,2.60208521396521E-18,0.00747511763815098));
#6572=CARTESIAN_POINT('',(-0.0110478346469129,-0.00635,0.00786384556390093));
#6573=CARTESIAN_POINT('',(-0.0110478346469129,1.73472347597681E-18,0.00786384556390093));
#6574=CARTESIAN_POINT('',(-0.0111410461848029,-0.00635,0.00807272110376672));
#6575=CARTESIAN_POINT('',(-0.0111410461848029,1.73472347597681E-18,0.00807272110376672));
#6576=CARTESIAN_POINT('',(-0.00988667081614575,-0.00635,0.0063936067660864));
#6577=CARTESIAN_POINT('',(-0.0102965606355149,-0.003175,0.00572525131538806));
#6578=CARTESIAN_POINT('',(-0.0101064933999339,-0.003175,0.00605445742426881));
#6579=CARTESIAN_POINT('',(-0.00873460859845908,-0.00635,0.00789500347944797));
#6580=CARTESIAN_POINT('',(-0.00873460859845908,-5.20417042793042E-18,0.00789500347944797));
#6581=CARTESIAN_POINT('',(-0.00878919937194066,-0.00635,0.00794424418578552));
#6582=CARTESIAN_POINT('',(-0.00878919937194066,-6.07153216591882E-18,0.00794424418578552));
#6583=CARTESIAN_POINT('',(-0.00887645515917468,-0.00635,0.00802205823509701));
#6584=CARTESIAN_POINT('',(-0.00887645515917468,-5.20417042793042E-18,0.00802205823509701));
#6585=CARTESIAN_POINT('',(-0.00891383304145383,-0.00635,0.00804754878215554));
#6586=CARTESIAN_POINT('',(-0.00891383304145383,-4.33680868994202E-18,0.00804754878215554));
#6587=CARTESIAN_POINT('',(-0.009061362249535,-0.00635,0.00814731098773081));
#6588=CARTESIAN_POINT('',(-0.009061362249535,-6.93889390390723E-18,0.00814731098773081));
#6589=CARTESIAN_POINT('',(-0.00925482513678518,-0.00635,0.00824862085507043));
#6590=CARTESIAN_POINT('',(-0.00925482513678518,-7.80625564189563E-18,0.00824862085507043));
#6591=CARTESIAN_POINT('',(-0.00956778961849783,-0.00635,0.00838849354473465));
#6592=CARTESIAN_POINT('',(-0.00956778961849783,-4.33680868994202E-18,0.00838849354473465));
#6593=CARTESIAN_POINT('',(-0.0100279473431163,-0.00635,0.00854317225517985));
#6594=CARTESIAN_POINT('',(-0.0100279473431163,-5.20417042793042E-18,0.00854317225517985));
#6595=CARTESIAN_POINT('',(-0.0104552815378852,-0.00635,0.00863607581034177));
#6596=CARTESIAN_POINT('',(-0.0104552815378852,-6.07153216591882E-18,0.00863607581034177));
#6597=CARTESIAN_POINT('',(-0.0106811647375508,-0.00635,0.00867205027432452));
#6598=CARTESIAN_POINT('',(-0.0106811647375508,-5.20417042793042E-18,0.00867205027432452));
#6599=CARTESIAN_POINT('',(-0.00873460859837704,0.,0.00789500347937397));
#6600=CARTESIAN_POINT('',(6.96076878838835E-16,-0.00635,-6.96153543509669E-16));
#6601=CARTESIAN_POINT('',(-0.00791397849810747,-0.00635,0.0081735530526879));
#6602=CARTESIAN_POINT('',(-0.0081735530526879,-0.00635,0.00791397849810748));
#6603=CARTESIAN_POINT('',(-0.00789500347944809,-0.00635,0.00873460859845923));
#6604=CARTESIAN_POINT('',(-0.00789500347944809,-1.73472347597681E-18,0.00873460859845923));
#6605=CARTESIAN_POINT('',(-0.00794424418578563,-0.00635,0.00878919937194079));
#6606=CARTESIAN_POINT('',(-0.00794424418578563,-1.73472347597681E-18,0.00878919937194079));
#6607=CARTESIAN_POINT('',(-0.00802205823509705,-0.00635,0.00887645515917473));
#6608=CARTESIAN_POINT('',(-0.00802205823509705,-1.73472347597681E-18,0.00887645515917473));
#6609=CARTESIAN_POINT('',(-0.00804754878215556,-0.00635,0.00891383304145388));
#6610=CARTESIAN_POINT('',(-0.00804754878215556,-3.46944695195361E-18,0.00891383304145388));
#6611=CARTESIAN_POINT('',(-0.00814731098773085,-0.00635,0.00906136224953506));
#6612=CARTESIAN_POINT('',(-0.00814731098773085,-1.73472347597681E-18,0.00906136224953506));
#6613=CARTESIAN_POINT('',(-0.00824862085507046,-0.00635,0.00925482513678524));
#6614=CARTESIAN_POINT('',(-0.00824862085507046,-3.46944695195361E-18,0.00925482513678524));
#6615=CARTESIAN_POINT('',(-0.00838849354473466,-0.00635,0.00956778961849787));
#6616=CARTESIAN_POINT('',(-0.00838849354473466,-8.67361737988404E-19,0.00956778961849787));
#6617=CARTESIAN_POINT('',(-0.00854317225517988,-0.00635,0.0100279473431164));
#6618=CARTESIAN_POINT('',(-0.00854317225517988,-4.33680868994202E-18,0.0100279473431164));
#6619=CARTESIAN_POINT('',(-0.00863607581034174,-0.00635,0.0104552815378852));
#6620=CARTESIAN_POINT('',(-0.00863607581034174,-2.60208521396521E-18,0.0104552815378852));
#6621=CARTESIAN_POINT('',(-0.00867205027432452,-0.00635,0.0106811647375508));
#6622=CARTESIAN_POINT('',(-0.00867205027432452,-2.60208521396521E-18,0.0106811647375508));
#6623=CARTESIAN_POINT('',(-0.0078950034793741,-0.00635,0.00873460859837719));
#6624=CARTESIAN_POINT('',(-0.00846390976137452,-0.003175,0.00819511409905295));
#6625=CARTESIAN_POINT('',(-0.00819511409905309,-0.003175,0.00846390976137467));
#6626=CARTESIAN_POINT('',(-0.0115118946781035,-0.00635,0.00246996927693894));
#6627=CARTESIAN_POINT('',(-0.0115118946781035,0.,0.00246996927693894));
#6628=CARTESIAN_POINT('',(-0.0115837920279196,-0.00635,0.00248531759278675));
#6629=CARTESIAN_POINT('',(-0.0115837920279196,0.,0.00248531759278675));
#6630=CARTESIAN_POINT('',(-0.0116982647809472,-0.00635,0.00250907864264483));
#6631=CARTESIAN_POINT('',(-0.0116982647809472,-1.73472347597681E-18,0.00250907864264483));
#6632=CARTESIAN_POINT('',(-0.0117433802500699,-0.00635,0.00251246516281431));
#6633=CARTESIAN_POINT('',(-0.0117433802500699,-8.67361737988404E-19,0.00251246516281431));
#6634=CARTESIAN_POINT('',(-0.011921025394856,-0.00635,0.00252509716313947));
#6635=CARTESIAN_POINT('',(-0.011921025394856,8.67361737988404E-19,0.00252509716313947));
#6636=CARTESIAN_POINT('',(-0.012139224103574,-0.00635,0.00251610263828452));
#6637=CARTESIAN_POINT('',(-0.012139224103574,-1.73472347597681E-18,0.00251610263828452));
#6638=CARTESIAN_POINT('',(-0.0124801956400514,-0.00635,0.00248075369997307));
#6639=CARTESIAN_POINT('',(-0.0124801956400514,1.73472347597681E-18,0.00248075369997307));
#6640=CARTESIAN_POINT('',(-0.0129560432745414,-0.00635,0.00238463053033396));
#6641=CARTESIAN_POINT('',(-0.0129560432745414,-8.67361737988404E-19,0.00238463053033396));
#6642=CARTESIAN_POINT('',(-0.0133725773206979,-0.00635,0.00225142027182169));
#6643=CARTESIAN_POINT('',(-0.0133725773206979,0.,0.00225142027182169));
#6644=CARTESIAN_POINT('',(-0.0135861851418878,-0.00635,0.00216963347168543));
#6645=CARTESIAN_POINT('',(-0.0135861851418878,0.,0.00216963347168543));
#6646=CARTESIAN_POINT('',(-0.0115118946779955,0.,0.00246996927691587));
#6647=CARTESIAN_POINT('',(9.50897031816248E-16,-0.00635,-2.54848214194511E-16));
#6648=CARTESIAN_POINT('',(-0.0109404829507088,-0.00635,0.00312151533375384));
#6649=CARTESIAN_POINT('',(-0.0110354938318613,-0.00635,0.00276692989802094));
#6650=CARTESIAN_POINT('',(-0.0112045778753982,-0.00635,0.00361689119865564));
#6651=CARTESIAN_POINT('',(-0.0112045778753982,0.,0.00361689119865564));
#6652=CARTESIAN_POINT('',(-0.0112745169647276,-0.00635,0.00363954784213415));
#6653=CARTESIAN_POINT('',(-0.0112745169647276,0.,0.00363954784213415));
#6654=CARTESIAN_POINT('',(-0.0113855338018196,-0.00635,0.00367620654585024));
#6655=CARTESIAN_POINT('',(-0.0113855338018196,-8.67361737988404E-19,0.00367620654585024));
#6656=CARTESIAN_POINT('',(-0.0114262982042682,-0.00635,0.00369583146791438));
#6657=CARTESIAN_POINT('',(-0.0114262982042682,-1.73472347597681E-18,0.00369583146791438));
#6658=CARTESIAN_POINT('',(-0.0115864594126745,-0.00635,0.00377371440712526));
#6659=CARTESIAN_POINT('',(-0.0115864594126745,8.67361737988404E-19,0.00377371440712526));
#6660=CARTESIAN_POINT('',(-0.0117709277750697,-0.00635,0.00389060324850358));
#6661=CARTESIAN_POINT('',(-0.0117709277750697,-8.67361737988404E-19,0.00389060324850358));
#6662=CARTESIAN_POINT('',(-0.012048543318471,-0.00635,0.00409170209531686));
#6663=CARTESIAN_POINT('',(-0.012048543318471,-1.73472347597681E-18,0.00409170209531686));
#6664=CARTESIAN_POINT('',(-0.0124125778734504,-0.00635,0.00441287101936155));
#6665=CARTESIAN_POINT('',(-0.0124125778734504,8.67361737988404E-19,0.00441287101936155));
#6666=CARTESIAN_POINT('',(-0.0127067018097068,-0.00635,0.00473650151035612));
#6667=CARTESIAN_POINT('',(-0.0127067018097068,0.,0.00473650151035612));
#6668=CARTESIAN_POINT('',(-0.0128507982092363,-0.00635,0.00491413486756331));
#6669=CARTESIAN_POINT('',(-0.0128507982092363,0.,0.00491413486756331));
#6670=CARTESIAN_POINT('',(-0.0112045778752931,-0.00635,0.00361689119862159));
#6671=CARTESIAN_POINT('',(-0.0114275179182159,-0.003175,0.00286522211600462));
#6672=CARTESIAN_POINT('',(-0.0113291318773793,-0.003175,0.003232403819163));
#6673=CARTESIAN_POINT('',(-0.0117589114687898,-0.00635,-0.000593690473171696));
#6674=CARTESIAN_POINT('',(-0.0117589114687898,0.,-0.000593690473171696));
#6675=CARTESIAN_POINT('',(-0.0118323314122705,-0.00635,-0.000597473541929044));
#6676=CARTESIAN_POINT('',(-0.0118323314122705,0.,-0.000597473541929044));
#6677=CARTESIAN_POINT('',(-0.0119490534130612,-0.00635,-0.00060414985884025));
#6678=CARTESIAN_POINT('',(-0.0119490534130612,0.,-0.00060414985884025));
#6679=CARTESIAN_POINT('',(-0.0119935081057684,-0.00635,-0.000612555474184983));
#6680=CARTESIAN_POINT('',(-0.0119935081057684,-8.67361737988404E-19,-0.000612555474184983));
#6681=CARTESIAN_POINT('',(-0.0121683695412941,-0.00635,-0.000646331845573864));
#6682=CARTESIAN_POINT('',(-0.0121683695412941,-2.60208521396521E-18,-0.000646331845573864));
#6683=CARTESIAN_POINT('',(-0.0123768053549736,-0.00635,-0.000711493870859436));
#6684=CARTESIAN_POINT('',(-0.0123768053549736,0.,-0.000711493870859436));
#6685=CARTESIAN_POINT('',(-0.0126970095896275,-0.00635,-0.00083388825078461));
#6686=CARTESIAN_POINT('',(-0.0126970095896275,8.67361737988404E-19,-0.00083388825078461));
#6687=CARTESIAN_POINT('',(-0.0131317646021816,-0.00635,-0.00104989453321677));
#6688=CARTESIAN_POINT('',(-0.0131317646021816,-2.60208521396521E-18,-0.00104989453321677));
#6689=CARTESIAN_POINT('',(-0.0134996282429869,-0.00635,-0.00128637270631933));
#6690=CARTESIAN_POINT('',(-0.0134996282429869,-8.67361737988404E-19,-0.00128637270631933));
#6691=CARTESIAN_POINT('',(-0.0136847895726583,-0.00635,-0.00142065846112729));
#6692=CARTESIAN_POINT('',(-0.0136847895726583,-8.67361737988404E-19,-0.00142065846112729));
#6693=CARTESIAN_POINT('',(-0.0117589114686794,0.,-0.000593690473166011));
#6694=CARTESIAN_POINT('',(9.84455572616838E-16,-0.00635,-5.42101086243958E-20));
#6695=CARTESIAN_POINT('',(-0.0113756026521199,-0.00635,0.0001835469277673));
#6696=CARTESIAN_POINT('',(-0.0113756026521199,-0.00635,-0.000183546927767298));
#6697=CARTESIAN_POINT('',(-0.01175891146879,-0.00635,0.000593690473171709));
#6698=CARTESIAN_POINT('',(-0.01175891146879,-8.67361737988404E-19,0.000593690473171709));
#6699=CARTESIAN_POINT('',(-0.0118323314122707,-0.00635,0.000597473541929056));
#6700=CARTESIAN_POINT('',(-0.0118323314122707,-8.67361737988404E-19,0.000597473541929056));
#6701=CARTESIAN_POINT('',(-0.0119490534130613,-0.00635,0.000604149858840258));
#6702=CARTESIAN_POINT('',(-0.0119490534130613,-2.60208521396521E-18,0.000604149858840258));
#6703=CARTESIAN_POINT('',(-0.0119935081057685,-0.00635,0.000612555474184997));
#6704=CARTESIAN_POINT('',(-0.0119935081057685,-8.67361737988404E-19,0.000612555474184997));
#6705=CARTESIAN_POINT('',(-0.0121683695412942,-0.00635,0.000646331845573885));
#6706=CARTESIAN_POINT('',(-0.0121683695412942,-2.60208521396521E-18,0.000646331845573885));
#6707=CARTESIAN_POINT('',(-0.0123768053549737,-0.00635,0.000711493870859461));
#6708=CARTESIAN_POINT('',(-0.0123768053549737,8.67361737988404E-19,0.000711493870859461));
#6709=CARTESIAN_POINT('',(-0.0126970095896276,-0.00635,0.000833888250784638));
#6710=CARTESIAN_POINT('',(-0.0126970095896276,-8.67361737988404E-19,0.000833888250784638));
#6711=CARTESIAN_POINT('',(-0.0131317646021817,-0.00635,0.00104989453321678));
#6712=CARTESIAN_POINT('',(-0.0131317646021817,-8.67361737988404E-19,0.00104989453321678));
#6713=CARTESIAN_POINT('',(-0.0134996282429869,-0.00635,0.00128637270631935));
#6714=CARTESIAN_POINT('',(-0.0134996282429869,0.,0.00128637270631935));
#6715=CARTESIAN_POINT('',(-0.0136847895726583,-0.00635,0.0014206584611273));
#6716=CARTESIAN_POINT('',(-0.0136847895726583,0.,0.0014206584611273));
#6717=CARTESIAN_POINT('',(-0.0117589114686796,-0.00635,0.000593690473166024));
#6718=CARTESIAN_POINT('',(-0.0117797087396568,-0.003175,-0.000190067235581109));
#6719=CARTESIAN_POINT('',(-0.011779708739657,-0.003175,0.000190067235581116));
#6720=CARTESIAN_POINT('',(-0.00789500347944797,-0.00635,-0.00873460859845908));
#6721=CARTESIAN_POINT('',(-0.00789500347944797,0.,-0.00873460859845908));
#6722=CARTESIAN_POINT('',(-0.00794424418578552,-0.00635,-0.00878919937194066));
#6723=CARTESIAN_POINT('',(-0.00794424418578552,0.,-0.00878919937194066));
#6724=CARTESIAN_POINT('',(-0.00802205823509701,-0.00635,-0.00887645515917468));
#6725=CARTESIAN_POINT('',(-0.00802205823509701,8.67361737988404E-19,-0.00887645515917468));
#6726=CARTESIAN_POINT('',(-0.00804754878215555,-0.00635,-0.00891383304145384));
#6727=CARTESIAN_POINT('',(-0.00804754878215555,-1.73472347597681E-18,-0.00891383304145384));
#6728=CARTESIAN_POINT('',(-0.00814731098773081,-0.00635,-0.009061362249535));
#6729=CARTESIAN_POINT('',(-0.00814731098773081,0.,-0.009061362249535));
#6730=CARTESIAN_POINT('',(-0.00824862085507043,-0.00635,-0.00925482513678518));
#6731=CARTESIAN_POINT('',(-0.00824862085507043,0.,-0.00925482513678518));
#6732=CARTESIAN_POINT('',(-0.00838849354473465,-0.00635,-0.00956778961849783));
#6733=CARTESIAN_POINT('',(-0.00838849354473465,0.,-0.00956778961849783));
#6734=CARTESIAN_POINT('',(-0.00854317225517984,-0.00635,-0.0100279473431163));
#6735=CARTESIAN_POINT('',(-0.00854317225517984,0.,-0.0100279473431163));
#6736=CARTESIAN_POINT('',(-0.00863607581034177,-0.00635,-0.0104552815378852));
#6737=CARTESIAN_POINT('',(-0.00863607581034177,-8.67361737988404E-19,-0.0104552815378852));
#6738=CARTESIAN_POINT('',(-0.00867205027432452,-0.00635,-0.0106811647375508));
#6739=CARTESIAN_POINT('',(-0.00867205027432452,0.,-0.0106811647375508));
#6740=CARTESIAN_POINT('',(-0.00789500347937397,0.,-0.00873460859837704));
#6741=CARTESIAN_POINT('',(6.96153543509669E-16,-0.00635,6.96076878838835E-16));
#6742=CARTESIAN_POINT('',(-0.0081735530526879,-0.00635,-0.00791397849810747));
#6743=CARTESIAN_POINT('',(-0.00791397849810748,-0.00635,-0.0081735530526879));
#6744=CARTESIAN_POINT('',(-0.00873460859845923,-0.00635,-0.00789500347944809));
#6745=CARTESIAN_POINT('',(-0.00873460859845923,0.,-0.00789500347944809));
#6746=CARTESIAN_POINT('',(-0.00878919937194079,-0.00635,-0.00794424418578563));
#6747=CARTESIAN_POINT('',(-0.00878919937194079,0.,-0.00794424418578563));
#6748=CARTESIAN_POINT('',(-0.00887645515917473,-0.00635,-0.00802205823509704));
#6749=CARTESIAN_POINT('',(-0.00887645515917473,8.67361737988404E-19,-0.00802205823509704));
#6750=CARTESIAN_POINT('',(-0.00891383304145387,-0.00635,-0.00804754878215557));
#6751=CARTESIAN_POINT('',(-0.00891383304145387,-8.67361737988404E-19,-0.00804754878215557));
#6752=CARTESIAN_POINT('',(-0.00906136224953507,-0.00635,-0.00814731098773084));
#6753=CARTESIAN_POINT('',(-0.00906136224953507,-1.73472347597681E-18,-0.00814731098773084));
#6754=CARTESIAN_POINT('',(-0.00925482513678524,-0.00635,-0.00824862085507046));
#6755=CARTESIAN_POINT('',(-0.00925482513678524,0.,-0.00824862085507046));
#6756=CARTESIAN_POINT('',(-0.00956778961849789,-0.00635,-0.00838849354473466));
#6757=CARTESIAN_POINT('',(-0.00956778961849789,-1.73472347597681E-18,-0.00838849354473466));
#6758=CARTESIAN_POINT('',(-0.0100279473431164,-0.00635,-0.00854317225517987));
#6759=CARTESIAN_POINT('',(-0.0100279473431164,1.73472347597681E-18,-0.00854317225517987));
#6760=CARTESIAN_POINT('',(-0.0104552815378852,-0.00635,-0.00863607581034173));
#6761=CARTESIAN_POINT('',(-0.0104552815378852,0.,-0.00863607581034173));
#6762=CARTESIAN_POINT('',(-0.0106811647375508,-0.00635,-0.00867205027432452));
#6763=CARTESIAN_POINT('',(-0.0106811647375508,0.,-0.00867205027432452));
#6764=CARTESIAN_POINT('',(-0.00873460859837719,-0.00635,-0.0078950034793741));
#6765=CARTESIAN_POINT('',(-0.00819511409905295,-0.003175,-0.00846390976137452));
#6766=CARTESIAN_POINT('',(-0.00846390976137467,-0.003175,-0.00819511409905309));
#6767=CARTESIAN_POINT('',(-0.00536530470264341,-0.00635,-0.01048036128941));
#6768=CARTESIAN_POINT('',(-0.00536530470264341,0.,-0.01048036128941));
#6769=CARTESIAN_POINT('',(-0.00539873844073566,-0.00635,-0.0105458363599874));
#6770=CARTESIAN_POINT('',(-0.00539873844073566,0.,-0.0105458363599874));
#6771=CARTESIAN_POINT('',(-0.00545131758108218,-0.00635,-0.0106502587363083));
#6772=CARTESIAN_POINT('',(-0.00545131758108218,-1.73472347597681E-18,-0.0106502587363083));
#6773=CARTESIAN_POINT('',(-0.0054662654510128,-0.00635,-0.0106929604371825));
#6774=CARTESIAN_POINT('',(-0.0054662654510128,2.60208521396521E-18,-0.0106929604371825));
#6775=CARTESIAN_POINT('',(-0.00552444497310521,-0.00635,-0.0108612830681844));
#6776=CARTESIAN_POINT('',(-0.00552444497310521,-3.46944695195361E-18,-0.0108612830681844));
#6777=CARTESIAN_POINT('',(-0.0055722309106856,-0.00635,-0.0110743747905321));
#6778=CARTESIAN_POINT('',(-0.0055722309106856,8.67361737988404E-19,-0.0110743747905321));
#6779=CARTESIAN_POINT('',(-0.00562633638571692,-0.00635,-0.0114128769821044));
#6780=CARTESIAN_POINT('',(-0.00562633638571692,-8.67361737988404E-19,-0.0114128769821044));
#6781=CARTESIAN_POINT('',(-0.0056566469640307,-0.00635,-0.0118973890086149));
#6782=CARTESIAN_POINT('',(-0.0056566469640307,-2.60208521396521E-18,-0.0118973890086149));
#6783=CARTESIAN_POINT('',(-0.00563578267908599,-0.00635,-0.0123342073532322));
#6784=CARTESIAN_POINT('',(-0.00563578267908599,0.,-0.0123342073532322));
#6785=CARTESIAN_POINT('',(-0.00561206846889163,-0.00635,-0.0125617046459302));
#6786=CARTESIAN_POINT('',(-0.00561206846889163,0.,-0.0125617046459302));
#6787=CARTESIAN_POINT('',(-0.00536530470259316,0.,-0.0104803612893116));
#6788=CARTESIAN_POINT('',(4.9227473363963E-16,-0.00635,8.52536429729026E-16));
#6789=CARTESIAN_POINT('',(-0.00584675762829305,-0.00635,-0.00975978741620986));
#6790=CARTESIAN_POINT('',(-0.00552884502382691,-0.00635,-0.00994333434397716));
#6791=CARTESIAN_POINT('',(-0.0063936067661465,-0.00635,-0.00988667081623845));
#6792=CARTESIAN_POINT('',(-0.0063936067661465,-2.60208521396521E-18,-0.00988667081623845));
#6793=CARTESIAN_POINT('',(-0.00643359297153498,-0.00635,-0.00994836281805849));
#6794=CARTESIAN_POINT('',(-0.00643359297153498,-2.60208521396521E-18,-0.00994836281805849));
#6795=CARTESIAN_POINT('',(-0.00649773583197909,-0.00635,-0.0100461088774681));
#6796=CARTESIAN_POINT('',(-0.00649773583197909,-1.73472347597681E-18,-0.0100461088774681));
#6797=CARTESIAN_POINT('',(-0.00652724265475567,-0.00635,-0.0100804049629976));
#6798=CARTESIAN_POINT('',(-0.00652724265475567,-1.73472347597681E-18,-0.0100804049629976));
#6799=CARTESIAN_POINT('',(-0.00664392456818895,-0.00635,-0.0102149512226106));
#6800=CARTESIAN_POINT('',(-0.00664392456818895,-2.60208521396521E-18,-0.0102149512226106));
#6801=CARTESIAN_POINT('',(-0.00680457444428805,-0.00635,-0.0103628809196727));
#6802=CARTESIAN_POINT('',(-0.00680457444428805,-3.46944695195361E-18,-0.0103628809196727));
#6803=CARTESIAN_POINT('',(-0.00707067320391065,-0.00635,-0.0105789887313198));
#6804=CARTESIAN_POINT('',(-0.00707067320391065,-8.67361737988404E-19,-0.0105789887313198));
#6805=CARTESIAN_POINT('',(-0.00747511763815099,-0.00635,-0.0108474944753982));
#6806=CARTESIAN_POINT('',(-0.00747511763815099,-4.33680868994202E-18,-0.0108474944753982));
#6807=CARTESIAN_POINT('',(-0.00786384556390094,-0.00635,-0.0110478346469129));
#6808=CARTESIAN_POINT('',(-0.00786384556390094,-2.60208521396521E-18,-0.0110478346469129));
#6809=CARTESIAN_POINT('',(-0.00807272110376672,-0.00635,-0.0111410461848029));
#6810=CARTESIAN_POINT('',(-0.00807272110376672,-2.60208521396521E-18,-0.0111410461848029));
#6811=CARTESIAN_POINT('',(-0.00639360676608641,-0.00635,-0.00988667081614574));
#6812=CARTESIAN_POINT('',(-0.00572525131538806,-0.003175,-0.0102965606355149));
#6813=CARTESIAN_POINT('',(-0.00605445742426882,-0.003175,-0.0101064933999339));
#6814=CARTESIAN_POINT('',(-0.00988667081623829,-0.00635,-0.00639360676614639));
#6815=CARTESIAN_POINT('',(-0.00988667081623829,5.20417042793042E-18,-0.00639360676614639));
#6816=CARTESIAN_POINT('',(-0.00994836281805836,-0.00635,-0.00643359297153489));
#6817=CARTESIAN_POINT('',(-0.00994836281805836,5.20417042793042E-18,-0.00643359297153489));
#6818=CARTESIAN_POINT('',(-0.010046108877468,-0.00635,-0.00649773583197905));
#6819=CARTESIAN_POINT('',(-0.010046108877468,5.20417042793042E-18,-0.00649773583197905));
#6820=CARTESIAN_POINT('',(-0.0100804049629975,-0.00635,-0.00652724265475564));
#6821=CARTESIAN_POINT('',(-0.0100804049629975,5.20417042793042E-18,-0.00652724265475564));
#6822=CARTESIAN_POINT('',(-0.0102149512226106,-0.00635,-0.00664392456818891));
#6823=CARTESIAN_POINT('',(-0.0102149512226106,1.73472347597681E-18,-0.00664392456818891));
#6824=CARTESIAN_POINT('',(-0.0103628809196727,-0.00635,-0.00680457444428799));
#6825=CARTESIAN_POINT('',(-0.0103628809196727,3.46944695195361E-18,-0.00680457444428799));
#6826=CARTESIAN_POINT('',(-0.0105789887313197,-0.00635,-0.00707067320391061));
#6827=CARTESIAN_POINT('',(-0.0105789887313197,6.07153216591882E-18,-0.00707067320391061));
#6828=CARTESIAN_POINT('',(-0.0108474944753982,-0.00635,-0.00747511763815096));
#6829=CARTESIAN_POINT('',(-0.0108474944753982,3.46944695195361E-18,-0.00747511763815096));
#6830=CARTESIAN_POINT('',(-0.0110478346469129,-0.00635,-0.00786384556390092));
#6831=CARTESIAN_POINT('',(-0.0110478346469129,5.20417042793042E-18,-0.00786384556390092));
#6832=CARTESIAN_POINT('',(-0.0111410461848029,-0.00635,-0.00807272110376672));
#6833=CARTESIAN_POINT('',(-0.0111410461848029,5.20417042793042E-18,-0.00807272110376672));
#6834=CARTESIAN_POINT('',(-0.00988667081614558,0.,-0.0063936067660863));
#6835=CARTESIAN_POINT('',(8.5259063983765E-16,-0.00635,4.92180838977209E-16));
#6836=CARTESIAN_POINT('',(-0.00994333434397716,-0.00635,-0.00552884502382691));
#6837=CARTESIAN_POINT('',(-0.00975978741620986,-0.00635,-0.00584675762829304));
#6838=CARTESIAN_POINT('',(-0.0104803612894102,-0.00635,-0.00536530470264348));
#6839=CARTESIAN_POINT('',(-0.0104803612894102,0.,-0.00536530470264348));
#6840=CARTESIAN_POINT('',(-0.0105458363599876,-0.00635,-0.00539873844073572));
#6841=CARTESIAN_POINT('',(-0.0105458363599876,0.,-0.00539873844073572));
#6842=CARTESIAN_POINT('',(-0.0106502587363083,-0.00635,-0.0054513175810822));
#6843=CARTESIAN_POINT('',(-0.0106502587363083,0.,-0.0054513175810822));
#6844=CARTESIAN_POINT('',(-0.0106929604371826,-0.00635,-0.00546626545101282));
#6845=CARTESIAN_POINT('',(-0.0106929604371826,-2.60208521396521E-18,-0.00546626545101282));
#6846=CARTESIAN_POINT('',(-0.0108612830681845,-0.00635,-0.00552444497310522));
#6847=CARTESIAN_POINT('',(-0.0108612830681845,1.73472347597681E-18,-0.00552444497310522));
#6848=CARTESIAN_POINT('',(-0.0110743747905322,-0.00635,-0.00557223091068561));
#6849=CARTESIAN_POINT('',(-0.0110743747905322,8.67361737988404E-19,-0.00557223091068561));
#6850=CARTESIAN_POINT('',(-0.0114128769821044,-0.00635,-0.00562633638571692));
#6851=CARTESIAN_POINT('',(-0.0114128769821044,2.60208521396521E-18,-0.00562633638571692));
#6852=CARTESIAN_POINT('',(-0.011897389008615,-0.00635,-0.0056566469640307));
#6853=CARTESIAN_POINT('',(-0.011897389008615,-2.60208521396521E-18,-0.0056566469640307));
#6854=CARTESIAN_POINT('',(-0.0123342073532322,-0.00635,-0.00563578267908595));
#6855=CARTESIAN_POINT('',(-0.0123342073532322,0.,-0.00563578267908595));
#6856=CARTESIAN_POINT('',(-0.0125617046459302,-0.00635,-0.00561206846889163));
#6857=CARTESIAN_POINT('',(-0.0125617046459302,0.,-0.00561206846889163));
#6858=CARTESIAN_POINT('',(-0.0104803612893118,-0.00635,-0.00536530470259325));
#6859=CARTESIAN_POINT('',(-0.0101064933999338,-0.003175,-0.00605445742426871));
#6860=CARTESIAN_POINT('',(-0.0102965606355151,-0.003175,-0.00572525131538816));
#6861=CARTESIAN_POINT('',(-0.011204577875398,-0.00635,-0.00361689119865557));
#6862=CARTESIAN_POINT('',(-0.011204577875398,-8.67361737988404E-19,-0.00361689119865557));
#6863=CARTESIAN_POINT('',(-0.0112745169647274,-0.00635,-0.00363954784213409));
#6864=CARTESIAN_POINT('',(-0.0112745169647274,-8.67361737988404E-19,-0.00363954784213409));
#6865=CARTESIAN_POINT('',(-0.0113855338018195,-0.00635,-0.00367620654585021));
#6866=CARTESIAN_POINT('',(-0.0113855338018195,-1.73472347597681E-18,-0.00367620654585021));
#6867=CARTESIAN_POINT('',(-0.0114262982042681,-0.00635,-0.00369583146791435));
#6868=CARTESIAN_POINT('',(-0.0114262982042681,1.73472347597681E-18,-0.00369583146791435));
#6869=CARTESIAN_POINT('',(-0.0115864594126745,-0.00635,-0.00377371440712521));
#6870=CARTESIAN_POINT('',(-0.0115864594126745,8.67361737988404E-19,-0.00377371440712521));
#6871=CARTESIAN_POINT('',(-0.0117709277750697,-0.00635,-0.00389060324850354));
#6872=CARTESIAN_POINT('',(-0.0117709277750697,-1.73472347597681E-18,-0.00389060324850354));
#6873=CARTESIAN_POINT('',(-0.0120485433184709,-0.00635,-0.00409170209531681));
#6874=CARTESIAN_POINT('',(-0.0120485433184709,8.67361737988404E-19,-0.00409170209531681));
#6875=CARTESIAN_POINT('',(-0.0124125778734504,-0.00635,-0.00441287101936154));
#6876=CARTESIAN_POINT('',(-0.0124125778734504,-2.60208521396521E-18,-0.00441287101936154));
#6877=CARTESIAN_POINT('',(-0.0127067018097068,-0.00635,-0.00473650151035606));
#6878=CARTESIAN_POINT('',(-0.0127067018097068,-8.67361737988404E-19,-0.00473650151035606));
#6879=CARTESIAN_POINT('',(-0.0128507982092363,-0.00635,-0.00491413486756331));
#6880=CARTESIAN_POINT('',(-0.0128507982092363,-8.67361737988404E-19,-0.00491413486756331));
#6881=CARTESIAN_POINT('',(-0.0112045778752929,0.,-0.00361689119862152));
#6882=CARTESIAN_POINT('',(9.50925093033346E-16,-0.00635,2.54743488306579E-16));
#6883=CARTESIAN_POINT('',(-0.0110354938318613,-0.00635,-0.00276692989802094));
#6884=CARTESIAN_POINT('',(-0.0109404829507088,-0.00635,-0.00312151533375383));
#6885=CARTESIAN_POINT('',(-0.0115118946781037,-0.00635,-0.00246996927693898));
#6886=CARTESIAN_POINT('',(-0.0115118946781037,8.67361737988404E-19,-0.00246996927693898));
#6887=CARTESIAN_POINT('',(-0.0115837920279198,-0.00635,-0.00248531759278679));
#6888=CARTESIAN_POINT('',(-0.0115837920279198,8.67361737988404E-19,-0.00248531759278679));
#6889=CARTESIAN_POINT('',(-0.0116982647809473,-0.00635,-0.00250907864264484));
#6890=CARTESIAN_POINT('',(-0.0116982647809473,1.73472347597681E-18,-0.00250907864264484));
#6891=CARTESIAN_POINT('',(-0.01174338025007,-0.00635,-0.00251246516281431));
#6892=CARTESIAN_POINT('',(-0.01174338025007,0.,-0.00251246516281431));
#6893=CARTESIAN_POINT('',(-0.0119210253948561,-0.00635,-0.00252509716313946));
#6894=CARTESIAN_POINT('',(-0.0119210253948561,1.73472347597681E-18,-0.00252509716313946));
#6895=CARTESIAN_POINT('',(-0.012139224103574,-0.00635,-0.00251610263828452));
#6896=CARTESIAN_POINT('',(-0.012139224103574,0.,-0.00251610263828452));
#6897=CARTESIAN_POINT('',(-0.0124801956400515,-0.00635,-0.00248075369997306));
#6898=CARTESIAN_POINT('',(-0.0124801956400515,3.46944695195361E-18,-0.00248075369997306));
#6899=CARTESIAN_POINT('',(-0.0129560432745414,-0.00635,-0.00238463053033395));
#6900=CARTESIAN_POINT('',(-0.0129560432745414,0.,-0.00238463053033395));
#6901=CARTESIAN_POINT('',(-0.0133725773206979,-0.00635,-0.00225142027182166));
#6902=CARTESIAN_POINT('',(-0.0133725773206979,8.67361737988404E-19,-0.00225142027182166));
#6903=CARTESIAN_POINT('',(-0.0135861851418878,-0.00635,-0.00216963347168543));
#6904=CARTESIAN_POINT('',(-0.0135861851418878,8.67361737988404E-19,-0.00216963347168543));
#6905=CARTESIAN_POINT('',(-0.0115118946779957,-0.00635,-0.00246996927691591));
#6906=CARTESIAN_POINT('',(-0.0113291318773791,-0.003175,-0.00323240381916294));
#6907=CARTESIAN_POINT('',(-0.0114275179182161,-0.003175,-0.00286522211600467));
#6908=MECHANICAL_DESIGN_GEOMETRIC_PRESENTATION_REPRESENTATION('',(#2757),
#6909);
#6909=(
GEOMETRIC_REPRESENTATION_CONTEXT(3)
GLOBAL_UNCERTAINTY_ASSIGNED_CONTEXT((#6910))
GLOBAL_UNIT_ASSIGNED_CONTEXT((#6913,#6912,#6911))
REPRESENTATION_CONTEXT('Part 1','TOP_LEVEL_ASSEMBLY_PART')
);
#6910=UNCERTAINTY_MEASURE_WITH_UNIT(LENGTH_MEASURE(2.E-5),#6913,
'DISTANCE_ACCURACY_VALUE','Maximum Tolerance applied to model');
#6911=(
NAMED_UNIT(*)
SI_UNIT($,.STERADIAN.)
SOLID_ANGLE_UNIT()
);
#6912=(
NAMED_UNIT(*)
PLANE_ANGLE_UNIT()
SI_UNIT($,.RADIAN.)
);
#6913=(
LENGTH_UNIT()
NAMED_UNIT(*)
SI_UNIT($,.METRE.)
);
#6914=PRODUCT_DEFINITION_SHAPE('','',#6915);
#6915=PRODUCT_DEFINITION('','',#6917,#6916);
#6916=PRODUCT_DEFINITION_CONTEXT('',#6923,'design');
#6917=PRODUCT_DEFINITION_FORMATION_WITH_SPECIFIED_SOURCE('','',#6919,
 .NOT_KNOWN.);
#6918=PRODUCT_RELATED_PRODUCT_CATEGORY('','',(#6919));
#6919=PRODUCT('Part 1','Part 1','Part 1',(#6921));
#6920=PRODUCT_CATEGORY('','');
#6921=PRODUCT_CONTEXT('',#6923,'mechanical');
#6922=APPLICATION_PROTOCOL_DEFINITION('international standard',
'ap242_managed_model_based_3d_engineering',2020,#6923);
#6923=APPLICATION_CONTEXT('managed model based 3d engineering');
ENDSEC;
END-ISO-10303-21;
