ISO-10303-21;
HEADER;
/* Generated by software containing ST-Developer
 * from STEP Tools, Inc. (www.steptools.com) 
 */
/* OPTION: using custom renumber hook */

FILE_DESCRIPTION(
/* description */ ('STEP AP242 Edition 2',
'CAx-IF Rec.Pracs.---Representation and Presentation of Product Manufa
cturing Information (PMI)---4.0---2014-10-13',
'CAx-IF Rec.Pracs.---3D Tessellated Geometry---0.4---2014-09-14','2;1',
'CAx-IF Rec.Pracs.---User Defined Attributes---1.5---2016-08-15'),
/* implementation_level */ '2;1');

FILE_NAME(
/* name */ 'Part Studio 1',
/* time_stamp */ '2026-10-09T22:19:47Z',
/* author */ (''),
/* organization */ (''),
/* preprocessor_version */ 'ST-DEVELOPER v20',
/* originating_system */ 'ONSHAPE BY PTC INC, 1.222',
/* authorisation */ '  ');

FILE_SCHEMA (('AP242_MANAGED_MODEL_BASED_3D_ENGINEERING_MIM_LF { 1 0 10303 442 3 1 4 }'));
ENDSEC;

DATA;
#10=SHAPE_REPRESENTATION_RELATIONSHIP('','',#3109,#11);
#11=ADVANCED_BREP_SHAPE_REPRESENTATION('',(#3107),#7659);
#12=B_SPLINE_SURFACE_WITH_KNOTS('',3,1,((#6497,#6498),(#6499,#6500),(#6501,
#6502),(#6503,#6504),(#6505,#6506),(#6507,#6508),(#6509,#6510),(#6511,#6512),
(#6513,#6514)),.SURF_OF_LINEAR_EXTRUSION.,.F.,.F.,.F.,(4,1,1,1,1,1,4),(2,
2),(0.0875854035998992,0.188856097302396,0.290126791004893,0.391397484707389,
0.492668178409886,0.69520956581488,0.897750953219873),(0.,1.),
 .UNSPECIFIED.);
#13=B_SPLINE_SURFACE_WITH_KNOTS('',3,1,((#6519,#6520),(#6521,#6522),(#6523,
#6524),(#6525,#6526),(#6527,#6528),(#6529,#6530),(#6531,#6532),(#6533,#6534),
(#6535,#6536)),.SURF_OF_LINEAR_EXTRUSION.,.F.,.F.,.F.,(4,1,1,1,1,1,4),(2,
2),(0.0875854035998992,0.188856097302396,0.290126791004893,0.391397484707389,
0.492668178409886,0.69520956581488,0.897750953219873),(0.,1.),
 .UNSPECIFIED.);
#14=B_SPLINE_SURFACE_WITH_KNOTS('',3,1,((#6540,#6541),(#6542,#6543),(#6544,
#6545),(#6546,#6547),(#6548,#6549),(#6550,#6551),(#6552,#6553),(#6554,#6555),
(#6556,#6557)),.SURF_OF_LINEAR_EXTRUSION.,.F.,.F.,.F.,(4,1,1,1,1,1,4),(2,
2),(0.0875854035999034,0.1888560973024,0.290126791004896,0.391397484707392,
0.492668178409888,0.695209565814881,0.897750953219873),(0.,1.),
 .UNSPECIFIED.);
#15=B_SPLINE_SURFACE_WITH_KNOTS('',3,1,((#6562,#6563),(#6564,#6565),(#6566,
#6567),(#6568,#6569),(#6570,#6571),(#6572,#6573),(#6574,#6575),(#6576,#6577),
(#6578,#6579)),.SURF_OF_LINEAR_EXTRUSION.,.F.,.F.,.F.,(4,1,1,1,1,1,4),(2,
2),(0.087585403599901,0.188856097302398,0.290126791004894,0.39139748470739,
0.492668178409887,0.69520956581488,0.897750953219873),(0.,1.),
 .UNSPECIFIED.);
#16=B_SPLINE_SURFACE_WITH_KNOTS('',3,1,((#6583,#6584),(#6585,#6586),(#6587,
#6588),(#6589,#6590),(#6591,#6592),(#6593,#6594),(#6595,#6596),(#6597,#6598),
(#6599,#6600)),.SURF_OF_LINEAR_EXTRUSION.,.F.,.F.,.F.,(4,1,1,1,1,1,4),(2,
2),(0.0875854035999007,0.188856097302397,0.290126791004894,0.39139748470739,
0.492668178409887,0.69520956581488,0.897750953219873),(0.,1.),
 .UNSPECIFIED.);
#17=B_SPLINE_SURFACE_WITH_KNOTS('',3,1,((#6605,#6606),(#6607,#6608),(#6609,
#6610),(#6611,#6612),(#6613,#6614),(#6615,#6616),(#6617,#6618),(#6619,#6620),
(#6621,#6622)),.SURF_OF_LINEAR_EXTRUSION.,.F.,.F.,.F.,(4,1,1,1,1,1,4),(2,
2),(0.0875854035998998,0.188856097302396,0.290126791004893,0.39139748470739,
0.492668178409886,0.69520956581488,0.897750953219873),(0.,1.),
 .UNSPECIFIED.);
#18=B_SPLINE_SURFACE_WITH_KNOTS('',3,1,((#6626,#6627),(#6628,#6629),(#6630,
#6631),(#6632,#6633),(#6634,#6635),(#6636,#6637),(#6638,#6639),(#6640,#6641),
(#6642,#6643)),.SURF_OF_LINEAR_EXTRUSION.,.F.,.F.,.F.,(4,1,1,1,1,1,4),(2,
2),(0.0875854035998979,0.188856097302395,0.290126791004892,0.391397484707389,
0.492668178409885,0.695209565814879,0.897750953219873),(0.,1.),
 .UNSPECIFIED.);
#19=B_SPLINE_SURFACE_WITH_KNOTS('',3,1,((#6648,#6649),(#6650,#6651),(#6652,
#6653),(#6654,#6655),(#6656,#6657),(#6658,#6659),(#6660,#6661),(#6662,#6663),
(#6664,#6665)),.SURF_OF_LINEAR_EXTRUSION.,.F.,.F.,.F.,(4,1,1,1,1,1,4),(2,
2),(0.0875854035999003,0.188856097302397,0.290126791004893,0.39139748470739,
0.492668178409887,0.69520956581488,0.897750953219873),(0.,1.),
 .UNSPECIFIED.);
#20=B_SPLINE_SURFACE_WITH_KNOTS('',3,1,((#6669,#6670),(#6671,#6672),(#6673,
#6674),(#6675,#6676),(#6677,#6678),(#6679,#6680),(#6681,#6682),(#6683,#6684),
(#6685,#6686)),.SURF_OF_LINEAR_EXTRUSION.,.F.,.F.,.F.,(4,1,1,1,1,1,4),(2,
2),(0.0875854035999035,0.1888560973024,0.290126791004896,0.391397484707392,
0.492668178409888,0.695209565814881,0.897750953219873),(0.,1.),
 .UNSPECIFIED.);
#21=B_SPLINE_SURFACE_WITH_KNOTS('',3,1,((#6691,#6692),(#6693,#6694),(#6695,
#6696),(#6697,#6698),(#6699,#6700),(#6701,#6702),(#6703,#6704),(#6705,#6706),
(#6707,#6708)),.SURF_OF_LINEAR_EXTRUSION.,.F.,.F.,.F.,(4,1,1,1,1,1,4),(2,
2),(0.0875854035999016,0.188856097302398,0.290126791004894,0.391397484707391,
0.492668178409887,0.69520956581488,0.897750953219873),(0.,1.),
 .UNSPECIFIED.);
#22=B_SPLINE_SURFACE_WITH_KNOTS('',3,1,((#6712,#6713),(#6714,#6715),(#6716,
#6717),(#6718,#6719),(#6720,#6721),(#6722,#6723),(#6724,#6725),(#6726,#6727),
(#6728,#6729)),.SURF_OF_LINEAR_EXTRUSION.,.F.,.F.,.F.,(4,1,1,1,1,1,4),(2,
2),(0.0875854035998956,0.188856097302393,0.29012679100489,0.391397484707387,
0.492668178409884,0.695209565814879,0.897750953219873),(0.,1.),
 .UNSPECIFIED.);
#23=B_SPLINE_SURFACE_WITH_KNOTS('',3,1,((#6734,#6735),(#6736,#6737),(#6738,
#6739),(#6740,#6741),(#6742,#6743),(#6744,#6745),(#6746,#6747),(#6748,#6749),
(#6750,#6751)),.SURF_OF_LINEAR_EXTRUSION.,.F.,.F.,.F.,(4,1,1,1,1,1,4),(2,
2),(0.0875854035998962,0.188856097302393,0.29012679100489,0.391397484707387,
0.492668178409885,0.695209565814879,0.897750953219873),(0.,1.),
 .UNSPECIFIED.);
#24=B_SPLINE_SURFACE_WITH_KNOTS('',3,1,((#6755,#6756),(#6757,#6758),(#6759,
#6760),(#6761,#6762),(#6763,#6764),(#6765,#6766),(#6767,#6768),(#6769,#6770),
(#6771,#6772)),.SURF_OF_LINEAR_EXTRUSION.,.F.,.F.,.F.,(4,1,1,1,1,1,4),(2,
2),(0.0875854035999023,0.188856097302399,0.290126791004895,0.391397484707391,
0.492668178409888,0.69520956581488,0.897750953219873),(0.,1.),
 .UNSPECIFIED.);
#25=B_SPLINE_SURFACE_WITH_KNOTS('',3,1,((#6777,#6778),(#6779,#6780),(#6781,
#6782),(#6783,#6784),(#6785,#6786),(#6787,#6788),(#6789,#6790),(#6791,#6792),
(#6793,#6794)),.SURF_OF_LINEAR_EXTRUSION.,.F.,.F.,.F.,(4,1,1,1,1,1,4),(2,
2),(0.0875854035999007,0.188856097302397,0.290126791004894,0.39139748470739,
0.492668178409887,0.69520956581488,0.897750953219873),(0.,1.),
 .UNSPECIFIED.);
#26=B_SPLINE_SURFACE_WITH_KNOTS('',3,1,((#6798,#6799),(#6800,#6801),(#6802,
#6803),(#6804,#6805),(#6806,#6807),(#6808,#6809),(#6810,#6811),(#6812,#6813),
(#6814,#6815)),.SURF_OF_LINEAR_EXTRUSION.,.F.,.F.,.F.,(4,1,1,1,1,1,4),(2,
2),(0.0875854035999006,0.188856097302397,0.290126791004894,0.39139748470739,
0.492668178409887,0.69520956581488,0.897750953219873),(0.,1.),
 .UNSPECIFIED.);
#27=B_SPLINE_SURFACE_WITH_KNOTS('',3,1,((#6820,#6821),(#6822,#6823),(#6824,
#6825),(#6826,#6827),(#6828,#6829),(#6830,#6831),(#6832,#6833),(#6834,#6835),
(#6836,#6837)),.SURF_OF_LINEAR_EXTRUSION.,.F.,.F.,.F.,(4,1,1,1,1,1,4),(2,
2),(0.0875854035998996,0.188856097302396,0.290126791004893,0.39139748470739,
0.492668178409886,0.69520956581488,0.897750953219873),(0.,1.),
 .UNSPECIFIED.);
#28=B_SPLINE_SURFACE_WITH_KNOTS('',3,1,((#6841,#6842),(#6843,#6844),(#6845,
#6846),(#6847,#6848),(#6849,#6850),(#6851,#6852),(#6853,#6854),(#6855,#6856),
(#6857,#6858)),.SURF_OF_LINEAR_EXTRUSION.,.F.,.F.,.F.,(4,1,1,1,1,1,4),(2,
2),(0.0875854035998976,0.188856097302395,0.290126791004891,0.391397484707388,
0.492668178409885,0.695209565814879,0.897750953219873),(0.,1.),
 .UNSPECIFIED.);
#29=B_SPLINE_SURFACE_WITH_KNOTS('',3,1,((#6863,#6864),(#6865,#6866),(#6867,
#6868),(#6869,#6870),(#6871,#6872),(#6873,#6874),(#6875,#6876),(#6877,#6878),
(#6879,#6880)),.SURF_OF_LINEAR_EXTRUSION.,.F.,.F.,.F.,(4,1,1,1,1,1,4),(2,
2),(0.0875854035998992,0.188856097302396,0.290126791004893,0.391397484707389,
0.492668178409886,0.69520956581488,0.897750953219873),(0.,1.),
 .UNSPECIFIED.);
#30=B_SPLINE_SURFACE_WITH_KNOTS('',3,1,((#6884,#6885),(#6886,#6887),(#6888,
#6889),(#6890,#6891),(#6892,#6893),(#6894,#6895),(#6896,#6897),(#6898,#6899),
(#6900,#6901)),.SURF_OF_LINEAR_EXTRUSION.,.F.,.F.,.F.,(4,1,1,1,1,1,4),(2,
2),(0.0875854035998976,0.188856097302395,0.290126791004891,0.391397484707388,
0.492668178409885,0.695209565814879,0.897750953219873),(0.,1.),
 .UNSPECIFIED.);
#31=B_SPLINE_SURFACE_WITH_KNOTS('',3,1,((#6906,#6907),(#6908,#6909),(#6910,
#6911),(#6912,#6913),(#6914,#6915),(#6916,#6917),(#6918,#6919),(#6920,#6921),
(#6922,#6923)),.SURF_OF_LINEAR_EXTRUSION.,.F.,.F.,.F.,(4,1,1,1,1,1,4),(2,
2),(0.0875854035998994,0.188856097302396,0.290126791004893,0.391397484707389,
0.492668178409886,0.69520956581488,0.897750953219873),(0.,1.),
 .UNSPECIFIED.);
#32=B_SPLINE_SURFACE_WITH_KNOTS('',3,1,((#6927,#6928),(#6929,#6930),(#6931,
#6932),(#6933,#6934),(#6935,#6936),(#6937,#6938),(#6939,#6940),(#6941,#6942),
(#6943,#6944)),.SURF_OF_LINEAR_EXTRUSION.,.F.,.F.,.F.,(4,1,1,1,1,1,4),(2,
2),(0.0875854035998978,0.188856097302395,0.290126791004892,0.391397484707389,
0.492668178409885,0.695209565814879,0.897750953219873),(0.,1.),
 .UNSPECIFIED.);
#33=B_SPLINE_SURFACE_WITH_KNOTS('',3,1,((#6949,#6950),(#6951,#6952),(#6953,
#6954),(#6955,#6956),(#6957,#6958),(#6959,#6960),(#6961,#6962),(#6963,#6964),
(#6965,#6966)),.SURF_OF_LINEAR_EXTRUSION.,.F.,.F.,.F.,(4,1,1,1,1,1,4),(2,
2),(0.0875854035999022,0.188856097302399,0.290126791004895,0.391397484707391,
0.492668178409888,0.69520956581488,0.897750953219873),(0.,1.),
 .UNSPECIFIED.);
#34=B_SPLINE_SURFACE_WITH_KNOTS('',3,1,((#6970,#6971),(#6972,#6973),(#6974,
#6975),(#6976,#6977),(#6978,#6979),(#6980,#6981),(#6982,#6983),(#6984,#6985),
(#6986,#6987)),.SURF_OF_LINEAR_EXTRUSION.,.F.,.F.,.F.,(4,1,1,1,1,1,4),(2,
2),(0.0875854035999014,0.188856097302398,0.290126791004894,0.391397484707391,
0.492668178409887,0.69520956581488,0.897750953219873),(0.,1.),
 .UNSPECIFIED.);
#35=B_SPLINE_SURFACE_WITH_KNOTS('',3,1,((#6992,#6993),(#6994,#6995),(#6996,
#6997),(#6998,#6999),(#7000,#7001),(#7002,#7003),(#7004,#7005),(#7006,#7007),
(#7008,#7009)),.SURF_OF_LINEAR_EXTRUSION.,.F.,.F.,.F.,(4,1,1,1,1,1,4),(2,
2),(0.0875854035998981,0.188856097302395,0.290126791004892,0.391397484707389,
0.492668178409886,0.695209565814879,0.897750953219873),(0.,1.),
 .UNSPECIFIED.);
#36=B_SPLINE_SURFACE_WITH_KNOTS('',3,1,((#7013,#7014),(#7015,#7016),(#7017,
#7018),(#7019,#7020),(#7021,#7022),(#7023,#7024),(#7025,#7026),(#7027,#7028),
(#7029,#7030)),.SURF_OF_LINEAR_EXTRUSION.,.F.,.F.,.F.,(4,1,1,1,1,1,4),(2,
2),(0.0875854035999008,0.188856097302397,0.290126791004894,0.39139748470739,
0.492668178409887,0.69520956581488,0.897750953219873),(0.,1.),
 .UNSPECIFIED.);
#37=B_SPLINE_SURFACE_WITH_KNOTS('',3,1,((#7035,#7036),(#7037,#7038),(#7039,
#7040),(#7041,#7042),(#7043,#7044),(#7045,#7046),(#7047,#7048),(#7049,#7050),
(#7051,#7052)),.SURF_OF_LINEAR_EXTRUSION.,.F.,.F.,.F.,(4,1,1,1,1,1,4),(2,
2),(0.0875854035999019,0.188856097302398,0.290126791004895,0.391397484707391,
0.492668178409887,0.69520956581488,0.897750953219873),(0.,1.),
 .UNSPECIFIED.);
#38=B_SPLINE_SURFACE_WITH_KNOTS('',3,1,((#7056,#7057),(#7058,#7059),(#7060,
#7061),(#7062,#7063),(#7064,#7065),(#7066,#7067),(#7068,#7069),(#7070,#7071),
(#7072,#7073)),.SURF_OF_LINEAR_EXTRUSION.,.F.,.F.,.F.,(4,1,1,1,1,1,4),(2,
2),(0.0875854035998993,0.188856097302396,0.290126791004893,0.391397484707389,
0.492668178409886,0.69520956581488,0.897750953219873),(0.,1.),
 .UNSPECIFIED.);
#39=B_SPLINE_SURFACE_WITH_KNOTS('',3,1,((#7078,#7079),(#7080,#7081),(#7082,
#7083),(#7084,#7085),(#7086,#7087),(#7088,#7089),(#7090,#7091),(#7092,#7093),
(#7094,#7095)),.SURF_OF_LINEAR_EXTRUSION.,.F.,.F.,.F.,(4,1,1,1,1,1,4),(2,
2),(0.0875854035999029,0.188856097302399,0.290126791004895,0.391397484707392,
0.492668178409888,0.69520956581488,0.897750953219873),(0.,1.),
 .UNSPECIFIED.);
#40=B_SPLINE_SURFACE_WITH_KNOTS('',3,1,((#7099,#7100),(#7101,#7102),(#7103,
#7104),(#7105,#7106),(#7107,#7108),(#7109,#7110),(#7111,#7112),(#7113,#7114),
(#7115,#7116)),.SURF_OF_LINEAR_EXTRUSION.,.F.,.F.,.F.,(4,1,1,1,1,1,4),(2,
2),(0.0875854035999,0.188856097302397,0.290126791004893,0.39139748470739,
0.492668178409887,0.69520956581488,0.897750953219873),(0.,1.),
 .UNSPECIFIED.);
#41=B_SPLINE_SURFACE_WITH_KNOTS('',3,1,((#7121,#7122),(#7123,#7124),(#7125,
#7126),(#7127,#7128),(#7129,#7130),(#7131,#7132),(#7133,#7134),(#7135,#7136),
(#7137,#7138)),.SURF_OF_LINEAR_EXTRUSION.,.F.,.F.,.F.,(4,1,1,1,1,1,4),(2,
2),(0.0875854035998976,0.188856097302395,0.290126791004891,0.391397484707388,
0.492668178409885,0.695209565814879,0.897750953219873),(0.,1.),
 .UNSPECIFIED.);
#42=B_SPLINE_SURFACE_WITH_KNOTS('',3,1,((#7142,#7143),(#7144,#7145),(#7146,
#7147),(#7148,#7149),(#7150,#7151),(#7152,#7153),(#7154,#7155),(#7156,#7157),
(#7158,#7159)),.SURF_OF_LINEAR_EXTRUSION.,.F.,.F.,.F.,(4,1,1,1,1,1,4),(2,
2),(0.0875854035999001,0.188856097302397,0.290126791004893,0.39139748470739,
0.492668178409887,0.69520956581488,0.897750953219873),(0.,1.),
 .UNSPECIFIED.);
#43=B_SPLINE_SURFACE_WITH_KNOTS('',3,1,((#7164,#7165),(#7166,#7167),(#7168,
#7169),(#7170,#7171),(#7172,#7173),(#7174,#7175),(#7176,#7177),(#7178,#7179),
(#7180,#7181)),.SURF_OF_LINEAR_EXTRUSION.,.F.,.F.,.F.,(4,1,1,1,1,1,4),(2,
2),(0.0875854035998987,0.188856097302395,0.290126791004892,0.391397484707389,
0.492668178409886,0.695209565814879,0.897750953219873),(0.,1.),
 .UNSPECIFIED.);
#44=B_SPLINE_SURFACE_WITH_KNOTS('',3,1,((#7185,#7186),(#7187,#7188),(#7189,
#7190),(#7191,#7192),(#7193,#7194),(#7195,#7196),(#7197,#7198),(#7199,#7200),
(#7201,#7202)),.SURF_OF_LINEAR_EXTRUSION.,.F.,.F.,.F.,(4,1,1,1,1,1,4),(2,
2),(0.0875854035998969,0.188856097302394,0.290126791004891,0.391397484707388,
0.492668178409885,0.695209565814879,0.897750953219873),(0.,1.),
 .UNSPECIFIED.);
#45=B_SPLINE_SURFACE_WITH_KNOTS('',3,1,((#7207,#7208),(#7209,#7210),(#7211,
#7212),(#7213,#7214),(#7215,#7216),(#7217,#7218),(#7219,#7220),(#7221,#7222),
(#7223,#7224)),.SURF_OF_LINEAR_EXTRUSION.,.F.,.F.,.F.,(4,1,1,1,1,1,4),(2,
2),(0.0875854035999031,0.188856097302399,0.290126791004896,0.391397484707392,
0.492668178409888,0.69520956581488,0.897750953219873),(0.,1.),
 .UNSPECIFIED.);
#46=B_SPLINE_SURFACE_WITH_KNOTS('',3,1,((#7228,#7229),(#7230,#7231),(#7232,
#7233),(#7234,#7235),(#7236,#7237),(#7238,#7239),(#7240,#7241),(#7242,#7243),
(#7244,#7245)),.SURF_OF_LINEAR_EXTRUSION.,.F.,.F.,.F.,(4,1,1,1,1,1,4),(2,
2),(0.0875854035998987,0.188856097302395,0.290126791004892,0.391397484707389,
0.492668178409886,0.695209565814879,0.897750953219873),(0.,1.),
 .UNSPECIFIED.);
#47=B_SPLINE_SURFACE_WITH_KNOTS('',3,1,((#7250,#7251),(#7252,#7253),(#7254,
#7255),(#7256,#7257),(#7258,#7259),(#7260,#7261),(#7262,#7263),(#7264,#7265),
(#7266,#7267)),.SURF_OF_LINEAR_EXTRUSION.,.F.,.F.,.F.,(4,1,1,1,1,1,4),(2,
2),(0.0875854035999022,0.188856097302399,0.290126791004895,0.391397484707391,
0.492668178409888,0.69520956581488,0.897750953219873),(0.,1.),
 .UNSPECIFIED.);
#48=B_SPLINE_SURFACE_WITH_KNOTS('',3,1,((#7271,#7272),(#7273,#7274),(#7275,
#7276),(#7277,#7278),(#7279,#7280),(#7281,#7282),(#7283,#7284),(#7285,#7286),
(#7287,#7288)),.SURF_OF_LINEAR_EXTRUSION.,.F.,.F.,.F.,(4,1,1,1,1,1,4),(2,
2),(0.0875854035999016,0.188856097302398,0.290126791004894,0.391397484707391,
0.492668178409887,0.69520956581488,0.897750953219873),(0.,1.),
 .UNSPECIFIED.);
#49=B_SPLINE_SURFACE_WITH_KNOTS('',3,1,((#7293,#7294),(#7295,#7296),(#7297,
#7298),(#7299,#7300),(#7301,#7302),(#7303,#7304),(#7305,#7306),(#7307,#7308),
(#7309,#7310)),.SURF_OF_LINEAR_EXTRUSION.,.F.,.F.,.F.,(4,1,1,1,1,1,4),(2,
2),(0.0875854035999014,0.188856097302398,0.290126791004894,0.391397484707391,
0.492668178409887,0.69520956581488,0.897750953219873),(0.,1.),
 .UNSPECIFIED.);
#50=B_SPLINE_SURFACE_WITH_KNOTS('',3,1,((#7314,#7315),(#7316,#7317),(#7318,
#7319),(#7320,#7321),(#7322,#7323),(#7324,#7325),(#7326,#7327),(#7328,#7329),
(#7330,#7331)),.SURF_OF_LINEAR_EXTRUSION.,.F.,.F.,.F.,(4,1,1,1,1,1,4),(2,
2),(0.0875854035999003,0.188856097302397,0.290126791004893,0.39139748470739,
0.492668178409887,0.69520956581488,0.897750953219873),(0.,1.),
 .UNSPECIFIED.);
#51=B_SPLINE_SURFACE_WITH_KNOTS('',3,1,((#7336,#7337),(#7338,#7339),(#7340,
#7341),(#7342,#7343),(#7344,#7345),(#7346,#7347),(#7348,#7349),(#7350,#7351),
(#7352,#7353)),.SURF_OF_LINEAR_EXTRUSION.,.F.,.F.,.F.,(4,1,1,1,1,1,4),(2,
2),(0.0875854035998981,0.188856097302395,0.290126791004892,0.391397484707389,
0.492668178409886,0.695209565814879,0.897750953219873),(0.,1.),
 .UNSPECIFIED.);
#52=B_SPLINE_SURFACE_WITH_KNOTS('',3,1,((#7357,#7358),(#7359,#7360),(#7361,
#7362),(#7363,#7364),(#7365,#7366),(#7367,#7368),(#7369,#7370),(#7371,#7372),
(#7373,#7374)),.SURF_OF_LINEAR_EXTRUSION.,.F.,.F.,.F.,(4,1,1,1,1,1,4),(2,
2),(0.0875854035999015,0.188856097302398,0.290126791004894,0.391397484707391,
0.492668178409887,0.69520956581488,0.897750953219873),(0.,1.),
 .UNSPECIFIED.);
#53=B_SPLINE_SURFACE_WITH_KNOTS('',3,1,((#7379,#7380),(#7381,#7382),(#7383,
#7384),(#7385,#7386),(#7387,#7388),(#7389,#7390),(#7391,#7392),(#7393,#7394),
(#7395,#7396)),.SURF_OF_LINEAR_EXTRUSION.,.F.,.F.,.F.,(4,1,1,1,1,1,4),(2,
2),(0.0875854035999034,0.1888560973024,0.290126791004896,0.391397484707392,
0.492668178409888,0.695209565814881,0.897750953219873),(0.,1.),
 .UNSPECIFIED.);
#54=B_SPLINE_SURFACE_WITH_KNOTS('',3,1,((#7400,#7401),(#7402,#7403),(#7404,
#7405),(#7406,#7407),(#7408,#7409),(#7410,#7411),(#7412,#7413),(#7414,#7415),
(#7416,#7417)),.SURF_OF_LINEAR_EXTRUSION.,.F.,.F.,.F.,(4,1,1,1,1,1,4),(2,
2),(0.0875854035998979,0.188856097302395,0.290126791004892,0.391397484707389,
0.492668178409885,0.695209565814879,0.897750953219873),(0.,1.),
 .UNSPECIFIED.);
#55=B_SPLINE_SURFACE_WITH_KNOTS('',3,1,((#7422,#7423),(#7424,#7425),(#7426,
#7427),(#7428,#7429),(#7430,#7431),(#7432,#7433),(#7434,#7435),(#7436,#7437),
(#7438,#7439)),.SURF_OF_LINEAR_EXTRUSION.,.F.,.F.,.F.,(4,1,1,1,1,1,4),(2,
2),(0.0875854035998991,0.188856097302396,0.290126791004893,0.391397484707389,
0.492668178409886,0.695209565814879,0.897750953219873),(0.,1.),
 .UNSPECIFIED.);
#56=B_SPLINE_SURFACE_WITH_KNOTS('',3,1,((#7443,#7444),(#7445,#7446),(#7447,
#7448),(#7449,#7450),(#7451,#7452),(#7453,#7454),(#7455,#7456),(#7457,#7458),
(#7459,#7460)),.SURF_OF_LINEAR_EXTRUSION.,.F.,.F.,.F.,(4,1,1,1,1,1,4),(2,
2),(0.0875854035998998,0.188856097302396,0.290126791004893,0.39139748470739,
0.492668178409886,0.69520956581488,0.897750953219873),(0.,1.),
 .UNSPECIFIED.);
#57=B_SPLINE_SURFACE_WITH_KNOTS('',3,1,((#7465,#7466),(#7467,#7468),(#7469,
#7470),(#7471,#7472),(#7473,#7474),(#7475,#7476),(#7477,#7478),(#7479,#7480),
(#7481,#7482)),.SURF_OF_LINEAR_EXTRUSION.,.F.,.F.,.F.,(4,1,1,1,1,1,4),(2,
2),(0.0875854035999015,0.188856097302398,0.290126791004894,0.391397484707391,
0.492668178409887,0.69520956581488,0.897750953219873),(0.,1.),
 .UNSPECIFIED.);
#58=B_SPLINE_SURFACE_WITH_KNOTS('',3,1,((#7486,#7487),(#7488,#7489),(#7490,
#7491),(#7492,#7493),(#7494,#7495),(#7496,#7497),(#7498,#7499),(#7500,#7501),
(#7502,#7503)),.SURF_OF_LINEAR_EXTRUSION.,.F.,.F.,.F.,(4,1,1,1,1,1,4),(2,
2),(0.0875854035999019,0.188856097302398,0.290126791004895,0.391397484707391,
0.492668178409887,0.69520956581488,0.897750953219873),(0.,1.),
 .UNSPECIFIED.);
#59=B_SPLINE_SURFACE_WITH_KNOTS('',3,1,((#7508,#7509),(#7510,#7511),(#7512,
#7513),(#7514,#7515),(#7516,#7517),(#7518,#7519),(#7520,#7521),(#7522,#7523),
(#7524,#7525)),.SURF_OF_LINEAR_EXTRUSION.,.F.,.F.,.F.,(4,1,1,1,1,1,4),(2,
2),(0.0875854035998978,0.188856097302395,0.290126791004892,0.391397484707388,
0.492668178409885,0.695209565814879,0.897750953219873),(0.,1.),
 .UNSPECIFIED.);
#60=B_SPLINE_SURFACE_WITH_KNOTS('',3,1,((#7529,#7530),(#7531,#7532),(#7533,
#7534),(#7535,#7536),(#7537,#7538),(#7539,#7540),(#7541,#7542),(#7543,#7544),
(#7545,#7546)),.SURF_OF_LINEAR_EXTRUSION.,.F.,.F.,.F.,(4,1,1,1,1,1,4),(2,
2),(0.0875854035998997,0.188856097302396,0.290126791004893,0.39139748470739,
0.492668178409886,0.69520956581488,0.897750953219873),(0.,1.),
 .UNSPECIFIED.);
#61=B_SPLINE_SURFACE_WITH_KNOTS('',3,1,((#7551,#7552),(#7553,#7554),(#7555,
#7556),(#7557,#7558),(#7559,#7560),(#7561,#7562),(#7563,#7564),(#7565,#7566),
(#7567,#7568)),.SURF_OF_LINEAR_EXTRUSION.,.F.,.F.,.F.,(4,1,1,1,1,1,4),(2,
2),(0.0875854035998982,0.188856097302395,0.290126791004892,0.391397484707389,
0.492668178409886,0.695209565814879,0.897750953219873),(0.,1.),
 .UNSPECIFIED.);
#62=B_SPLINE_SURFACE_WITH_KNOTS('',3,1,((#7572,#7573),(#7574,#7575),(#7576,
#7577),(#7578,#7579),(#7580,#7581),(#7582,#7583),(#7584,#7585),(#7586,#7587),
(#7588,#7589)),.SURF_OF_LINEAR_EXTRUSION.,.F.,.F.,.F.,(4,1,1,1,1,1,4),(2,
2),(0.0875854035999032,0.188856097302399,0.290126791004896,0.391397484707392,
0.492668178409888,0.69520956581488,0.897750953219873),(0.,1.),
 .UNSPECIFIED.);
#63=B_SPLINE_SURFACE_WITH_KNOTS('',3,1,((#7594,#7595),(#7596,#7597),(#7598,
#7599),(#7600,#7601),(#7602,#7603),(#7604,#7605),(#7606,#7607),(#7608,#7609),
(#7610,#7611)),.SURF_OF_LINEAR_EXTRUSION.,.F.,.F.,.F.,(4,1,1,1,1,1,4),(2,
2),(0.0875854035998957,0.188856097302393,0.29012679100489,0.391397484707387,
0.492668178409884,0.695209565814879,0.897750953219873),(0.,1.),
 .UNSPECIFIED.);
#64=B_SPLINE_SURFACE_WITH_KNOTS('',3,1,((#7615,#7616),(#7617,#7618),(#7619,
#7620),(#7621,#7622),(#7623,#7624),(#7625,#7626),(#7627,#7628),(#7629,#7630),
(#7631,#7632)),.SURF_OF_LINEAR_EXTRUSION.,.F.,.F.,.F.,(4,1,1,1,1,1,4),(2,
2),(0.0875854035998994,0.188856097302396,0.290126791004893,0.391397484707389,
0.492668178409886,0.69520956581488,0.897750953219873),(0.,1.),
 .UNSPECIFIED.);
#65=B_SPLINE_SURFACE_WITH_KNOTS('',3,1,((#7637,#7638),(#7639,#7640),(#7641,
#7642),(#7643,#7644),(#7645,#7646),(#7647,#7648),(#7649,#7650),(#7651,#7652),
(#7653,#7654)),.SURF_OF_LINEAR_EXTRUSION.,.F.,.F.,.F.,(4,1,1,1,1,1,4),(2,
2),(0.0875854035999012,0.188856097302398,0.290126791004894,0.391397484707391,
0.492668178409887,0.69520956581488,0.897750953219873),(0.,1.),
 .UNSPECIFIED.);
#66=B_SPLINE_CURVE_WITH_KNOTS('',3,(#4492,#4493,#4494,#4495,#4496,#4497,
#4498,#4499,#4500,#4501,#4502,#4503,#4504,#4505,#4506),.UNSPECIFIED.,.F.,
 .F.,(4,1,1,1,1,1,1,1,1,1,1,1,4),(0.,0.122398745745914,0.162118493614488,
0.213396404306958,0.274069225821725,0.342865729220668,0.41892312005212,
0.501606217682581,0.590422109478791,0.68497384495421,0.784932830330335,
0.890021206733116,0.897750953219873),.UNSPECIFIED.);
#67=B_SPLINE_CURVE_WITH_KNOTS('',3,(#4507,#4508,#4509,#4510,#4511,#4512,
#4513,#4514,#4515,#4516,#4517,#4518,#4519,#4520,#4521),.UNSPECIFIED.,.F.,
 .F.,(4,1,1,1,1,1,1,1,1,1,1,1,4),(0.,0.122398745745914,0.162118493614488,
0.213396404306958,0.274069225821725,0.342865729220668,0.41892312005212,
0.501606217682581,0.590422109478791,0.68497384495421,0.784932830330335,
0.890021206733116,0.897750953219873),.UNSPECIFIED.);
#68=B_SPLINE_CURVE_WITH_KNOTS('',3,(#4529,#4530,#4531,#4532,#4533,#4534,
#4535,#4536,#4537,#4538,#4539,#4540,#4541,#4542,#4543),.UNSPECIFIED.,.F.,
 .F.,(4,1,1,1,1,1,1,1,1,1,1,1,4),(0.,0.122398745745914,0.162118493614488,
0.213396404306958,0.274069225821725,0.342865729220668,0.41892312005212,
0.501606217682581,0.590422109478791,0.68497384495421,0.784932830330335,
0.890021206733116,0.897750953219873),.UNSPECIFIED.);
#69=B_SPLINE_CURVE_WITH_KNOTS('',3,(#4544,#4545,#4546,#4547,#4548,#4549,
#4550,#4551,#4552,#4553,#4554,#4555,#4556,#4557,#4558),.UNSPECIFIED.,.F.,
 .F.,(4,1,1,1,1,1,1,1,1,1,1,1,4),(0.,0.122398745745914,0.162118493614488,
0.213396404306958,0.274069225821725,0.342865729220668,0.41892312005212,
0.501606217682581,0.590422109478791,0.68497384495421,0.784932830330335,
0.890021206733116,0.897750953219873),.UNSPECIFIED.);
#70=B_SPLINE_CURVE_WITH_KNOTS('',3,(#4566,#4567,#4568,#4569,#4570,#4571,
#4572,#4573,#4574,#4575,#4576,#4577,#4578,#4579,#4580),.UNSPECIFIED.,.F.,
 .F.,(4,1,1,1,1,1,1,1,1,1,1,1,4),(0.,0.122398745745914,0.162118493614488,
0.213396404306958,0.274069225821725,0.342865729220668,0.41892312005212,
0.501606217682581,0.590422109478791,0.68497384495421,0.784932830330335,
0.890021206733116,0.897750953219873),.UNSPECIFIED.);
#71=B_SPLINE_CURVE_WITH_KNOTS('',3,(#4581,#4582,#4583,#4584,#4585,#4586,
#4587,#4588,#4589,#4590,#4591,#4592,#4593,#4594,#4595),.UNSPECIFIED.,.F.,
 .F.,(4,1,1,1,1,1,1,1,1,1,1,1,4),(0.,0.122398745745914,0.162118493614488,
0.213396404306958,0.274069225821725,0.342865729220668,0.41892312005212,
0.501606217682581,0.590422109478791,0.68497384495421,0.784932830330335,
0.890021206733116,0.897750953219873),.UNSPECIFIED.);
#72=B_SPLINE_CURVE_WITH_KNOTS('',3,(#4603,#4604,#4605,#4606,#4607,#4608,
#4609,#4610,#4611,#4612,#4613,#4614,#4615,#4616,#4617),.UNSPECIFIED.,.F.,
 .F.,(4,1,1,1,1,1,1,1,1,1,1,1,4),(0.,0.122398745745914,0.162118493614488,
0.213396404306958,0.274069225821725,0.342865729220668,0.41892312005212,
0.501606217682581,0.590422109478791,0.68497384495421,0.784932830330335,
0.890021206733116,0.897750953219873),.UNSPECIFIED.);
#73=B_SPLINE_CURVE_WITH_KNOTS('',3,(#4618,#4619,#4620,#4621,#4622,#4623,
#4624,#4625,#4626,#4627,#4628,#4629,#4630,#4631,#4632),.UNSPECIFIED.,.F.,
 .F.,(4,1,1,1,1,1,1,1,1,1,1,1,4),(0.,0.122398745745914,0.162118493614488,
0.213396404306958,0.274069225821725,0.342865729220668,0.41892312005212,
0.501606217682581,0.590422109478791,0.68497384495421,0.784932830330335,
0.890021206733116,0.897750953219873),.UNSPECIFIED.);
#74=B_SPLINE_CURVE_WITH_KNOTS('',3,(#4640,#4641,#4642,#4643,#4644,#4645,
#4646,#4647,#4648,#4649,#4650,#4651,#4652,#4653,#4654),.UNSPECIFIED.,.F.,
 .F.,(4,1,1,1,1,1,1,1,1,1,1,1,4),(0.,0.122398745745914,0.162118493614488,
0.213396404306958,0.274069225821725,0.342865729220668,0.41892312005212,
0.501606217682581,0.590422109478791,0.68497384495421,0.784932830330335,
0.890021206733116,0.897750953219873),.UNSPECIFIED.);
#75=B_SPLINE_CURVE_WITH_KNOTS('',3,(#4655,#4656,#4657,#4658,#4659,#4660,
#4661,#4662,#4663,#4664,#4665,#4666,#4667,#4668,#4669),.UNSPECIFIED.,.F.,
 .F.,(4,1,1,1,1,1,1,1,1,1,1,1,4),(0.,0.122398745745914,0.162118493614488,
0.213396404306958,0.274069225821725,0.342865729220668,0.41892312005212,
0.501606217682581,0.590422109478791,0.68497384495421,0.784932830330335,
0.890021206733116,0.897750953219873),.UNSPECIFIED.);
#76=B_SPLINE_CURVE_WITH_KNOTS('',3,(#4677,#4678,#4679,#4680,#4681,#4682,
#4683,#4684,#4685,#4686,#4687,#4688,#4689,#4690,#4691),.UNSPECIFIED.,.F.,
 .F.,(4,1,1,1,1,1,1,1,1,1,1,1,4),(0.,0.122398745745914,0.162118493614488,
0.213396404306958,0.274069225821725,0.342865729220668,0.41892312005212,
0.501606217682581,0.590422109478791,0.68497384495421,0.784932830330335,
0.890021206733116,0.897750953219873),.UNSPECIFIED.);
#77=B_SPLINE_CURVE_WITH_KNOTS('',3,(#4692,#4693,#4694,#4695,#4696,#4697,
#4698,#4699,#4700,#4701,#4702,#4703,#4704,#4705,#4706),.UNSPECIFIED.,.F.,
 .F.,(4,1,1,1,1,1,1,1,1,1,1,1,4),(0.,0.122398745745914,0.162118493614488,
0.213396404306958,0.274069225821725,0.342865729220668,0.41892312005212,
0.501606217682581,0.590422109478791,0.68497384495421,0.784932830330335,
0.890021206733116,0.897750953219873),.UNSPECIFIED.);
#78=B_SPLINE_CURVE_WITH_KNOTS('',3,(#4714,#4715,#4716,#4717,#4718,#4719,
#4720,#4721,#4722,#4723,#4724,#4725,#4726,#4727,#4728),.UNSPECIFIED.,.F.,
 .F.,(4,1,1,1,1,1,1,1,1,1,1,1,4),(0.,0.122398745745914,0.162118493614488,
0.213396404306958,0.274069225821725,0.342865729220668,0.41892312005212,
0.501606217682581,0.590422109478791,0.68497384495421,0.784932830330335,
0.890021206733116,0.897750953219873),.UNSPECIFIED.);
#79=B_SPLINE_CURVE_WITH_KNOTS('',3,(#4729,#4730,#4731,#4732,#4733,#4734,
#4735,#4736,#4737,#4738,#4739,#4740,#4741,#4742,#4743),.UNSPECIFIED.,.F.,
 .F.,(4,1,1,1,1,1,1,1,1,1,1,1,4),(0.,0.122398745745914,0.162118493614488,
0.213396404306958,0.274069225821725,0.342865729220668,0.41892312005212,
0.501606217682581,0.590422109478791,0.68497384495421,0.784932830330335,
0.890021206733116,0.897750953219873),.UNSPECIFIED.);
#80=B_SPLINE_CURVE_WITH_KNOTS('',3,(#4751,#4752,#4753,#4754,#4755,#4756,
#4757,#4758,#4759,#4760,#4761,#4762,#4763,#4764,#4765),.UNSPECIFIED.,.F.,
 .F.,(4,1,1,1,1,1,1,1,1,1,1,1,4),(0.,0.122398745745914,0.162118493614488,
0.213396404306958,0.274069225821725,0.342865729220668,0.41892312005212,
0.501606217682581,0.590422109478791,0.68497384495421,0.784932830330335,
0.890021206733116,0.897750953219873),.UNSPECIFIED.);
#81=B_SPLINE_CURVE_WITH_KNOTS('',3,(#4766,#4767,#4768,#4769,#4770,#4771,
#4772,#4773,#4774,#4775,#4776,#4777,#4778,#4779,#4780),.UNSPECIFIED.,.F.,
 .F.,(4,1,1,1,1,1,1,1,1,1,1,1,4),(0.,0.122398745745914,0.162118493614488,
0.213396404306958,0.274069225821725,0.342865729220668,0.41892312005212,
0.501606217682581,0.590422109478791,0.68497384495421,0.784932830330335,
0.890021206733116,0.897750953219873),.UNSPECIFIED.);
#82=B_SPLINE_CURVE_WITH_KNOTS('',3,(#4788,#4789,#4790,#4791,#4792,#4793,
#4794,#4795,#4796,#4797,#4798,#4799,#4800,#4801,#4802),.UNSPECIFIED.,.F.,
 .F.,(4,1,1,1,1,1,1,1,1,1,1,1,4),(0.,0.122398745745914,0.162118493614488,
0.213396404306958,0.274069225821725,0.342865729220668,0.41892312005212,
0.501606217682581,0.590422109478791,0.68497384495421,0.784932830330335,
0.890021206733116,0.897750953219873),.UNSPECIFIED.);
#83=B_SPLINE_CURVE_WITH_KNOTS('',3,(#4803,#4804,#4805,#4806,#4807,#4808,
#4809,#4810,#4811,#4812,#4813,#4814,#4815,#4816,#4817),.UNSPECIFIED.,.F.,
 .F.,(4,1,1,1,1,1,1,1,1,1,1,1,4),(0.,0.122398745745914,0.162118493614488,
0.213396404306958,0.274069225821725,0.342865729220668,0.41892312005212,
0.501606217682581,0.590422109478791,0.68497384495421,0.784932830330335,
0.890021206733116,0.897750953219873),.UNSPECIFIED.);
#84=B_SPLINE_CURVE_WITH_KNOTS('',3,(#4825,#4826,#4827,#4828,#4829,#4830,
#4831,#4832,#4833,#4834,#4835,#4836,#4837,#4838,#4839),.UNSPECIFIED.,.F.,
 .F.,(4,1,1,1,1,1,1,1,1,1,1,1,4),(0.,0.122398745745914,0.162118493614488,
0.213396404306958,0.274069225821725,0.342865729220668,0.41892312005212,
0.501606217682581,0.590422109478791,0.68497384495421,0.784932830330335,
0.890021206733116,0.897750953219873),.UNSPECIFIED.);
#85=B_SPLINE_CURVE_WITH_KNOTS('',3,(#4840,#4841,#4842,#4843,#4844,#4845,
#4846,#4847,#4848,#4849,#4850,#4851,#4852,#4853,#4854),.UNSPECIFIED.,.F.,
 .F.,(4,1,1,1,1,1,1,1,1,1,1,1,4),(0.,0.122398745745914,0.162118493614488,
0.213396404306958,0.274069225821725,0.342865729220668,0.41892312005212,
0.501606217682581,0.590422109478791,0.68497384495421,0.784932830330335,
0.890021206733116,0.897750953219873),.UNSPECIFIED.);
#86=B_SPLINE_CURVE_WITH_KNOTS('',3,(#4862,#4863,#4864,#4865,#4866,#4867,
#4868,#4869,#4870,#4871,#4872,#4873,#4874,#4875,#4876),.UNSPECIFIED.,.F.,
 .F.,(4,1,1,1,1,1,1,1,1,1,1,1,4),(0.,0.122398745745914,0.162118493614488,
0.213396404306958,0.274069225821725,0.342865729220668,0.41892312005212,
0.501606217682581,0.590422109478791,0.68497384495421,0.784932830330335,
0.890021206733116,0.897750953219873),.UNSPECIFIED.);
#87=B_SPLINE_CURVE_WITH_KNOTS('',3,(#4877,#4878,#4879,#4880,#4881,#4882,
#4883,#4884,#4885,#4886,#4887,#4888,#4889,#4890,#4891),.UNSPECIFIED.,.F.,
 .F.,(4,1,1,1,1,1,1,1,1,1,1,1,4),(0.,0.122398745745914,0.162118493614488,
0.213396404306958,0.274069225821725,0.342865729220668,0.41892312005212,
0.501606217682581,0.590422109478791,0.68497384495421,0.784932830330335,
0.890021206733116,0.897750953219873),.UNSPECIFIED.);
#88=B_SPLINE_CURVE_WITH_KNOTS('',3,(#4899,#4900,#4901,#4902,#4903,#4904,
#4905,#4906,#4907,#4908,#4909,#4910,#4911,#4912,#4913),.UNSPECIFIED.,.F.,
 .F.,(4,1,1,1,1,1,1,1,1,1,1,1,4),(0.,0.122398745745914,0.162118493614488,
0.213396404306958,0.274069225821725,0.342865729220668,0.41892312005212,
0.501606217682581,0.590422109478791,0.68497384495421,0.784932830330335,
0.890021206733116,0.897750953219873),.UNSPECIFIED.);
#89=B_SPLINE_CURVE_WITH_KNOTS('',3,(#4914,#4915,#4916,#4917,#4918,#4919,
#4920,#4921,#4922,#4923,#4924,#4925,#4926,#4927,#4928),.UNSPECIFIED.,.F.,
 .F.,(4,1,1,1,1,1,1,1,1,1,1,1,4),(0.,0.122398745745914,0.162118493614488,
0.213396404306958,0.274069225821725,0.342865729220668,0.41892312005212,
0.501606217682581,0.590422109478791,0.68497384495421,0.784932830330335,
0.890021206733116,0.897750953219873),.UNSPECIFIED.);
#90=B_SPLINE_CURVE_WITH_KNOTS('',3,(#4936,#4937,#4938,#4939,#4940,#4941,
#4942,#4943,#4944,#4945,#4946,#4947,#4948,#4949,#4950),.UNSPECIFIED.,.F.,
 .F.,(4,1,1,1,1,1,1,1,1,1,1,1,4),(0.,0.122398745745914,0.162118493614488,
0.213396404306958,0.274069225821725,0.342865729220668,0.41892312005212,
0.501606217682581,0.590422109478791,0.68497384495421,0.784932830330335,
0.890021206733116,0.897750953219873),.UNSPECIFIED.);
#91=B_SPLINE_CURVE_WITH_KNOTS('',3,(#4951,#4952,#4953,#4954,#4955,#4956,
#4957,#4958,#4959,#4960,#4961,#4962,#4963,#4964,#4965),.UNSPECIFIED.,.F.,
 .F.,(4,1,1,1,1,1,1,1,1,1,1,1,4),(0.,0.122398745745914,0.162118493614488,
0.213396404306958,0.274069225821725,0.342865729220668,0.41892312005212,
0.501606217682581,0.590422109478791,0.68497384495421,0.784932830330335,
0.890021206733116,0.897750953219873),.UNSPECIFIED.);
#92=B_SPLINE_CURVE_WITH_KNOTS('',3,(#4973,#4974,#4975,#4976,#4977,#4978,
#4979,#4980,#4981,#4982,#4983,#4984,#4985,#4986,#4987),.UNSPECIFIED.,.F.,
 .F.,(4,1,1,1,1,1,1,1,1,1,1,1,4),(0.,0.122398745745914,0.162118493614488,
0.213396404306958,0.274069225821725,0.342865729220668,0.41892312005212,
0.501606217682581,0.590422109478791,0.68497384495421,0.784932830330335,
0.890021206733116,0.897750953219873),.UNSPECIFIED.);
#93=B_SPLINE_CURVE_WITH_KNOTS('',3,(#4988,#4989,#4990,#4991,#4992,#4993,
#4994,#4995,#4996,#4997,#4998,#4999,#5000,#5001,#5002),.UNSPECIFIED.,.F.,
 .F.,(4,1,1,1,1,1,1,1,1,1,1,1,4),(0.,0.122398745745914,0.162118493614488,
0.213396404306958,0.274069225821725,0.342865729220668,0.41892312005212,
0.501606217682581,0.590422109478791,0.68497384495421,0.784932830330335,
0.890021206733116,0.897750953219873),.UNSPECIFIED.);
#94=B_SPLINE_CURVE_WITH_KNOTS('',3,(#5010,#5011,#5012,#5013,#5014,#5015,
#5016,#5017,#5018,#5019,#5020,#5021,#5022,#5023,#5024),.UNSPECIFIED.,.F.,
 .F.,(4,1,1,1,1,1,1,1,1,1,1,1,4),(0.,0.122398745745914,0.162118493614488,
0.213396404306958,0.274069225821725,0.342865729220668,0.41892312005212,
0.501606217682581,0.590422109478791,0.68497384495421,0.784932830330335,
0.890021206733116,0.897750953219873),.UNSPECIFIED.);
#95=B_SPLINE_CURVE_WITH_KNOTS('',3,(#5025,#5026,#5027,#5028,#5029,#5030,
#5031,#5032,#5033,#5034,#5035,#5036,#5037,#5038,#5039),.UNSPECIFIED.,.F.,
 .F.,(4,1,1,1,1,1,1,1,1,1,1,1,4),(0.,0.122398745745914,0.162118493614488,
0.213396404306958,0.274069225821725,0.342865729220668,0.41892312005212,
0.501606217682581,0.590422109478791,0.68497384495421,0.784932830330335,
0.890021206733116,0.897750953219873),.UNSPECIFIED.);
#96=B_SPLINE_CURVE_WITH_KNOTS('',3,(#5047,#5048,#5049,#5050,#5051,#5052,
#5053,#5054,#5055,#5056,#5057,#5058,#5059,#5060,#5061),.UNSPECIFIED.,.F.,
 .F.,(4,1,1,1,1,1,1,1,1,1,1,1,4),(0.,0.122398745745914,0.162118493614488,
0.213396404306958,0.274069225821725,0.342865729220668,0.41892312005212,
0.501606217682581,0.590422109478791,0.68497384495421,0.784932830330335,
0.890021206733116,0.897750953219873),.UNSPECIFIED.);
#97=B_SPLINE_CURVE_WITH_KNOTS('',3,(#5062,#5063,#5064,#5065,#5066,#5067,
#5068,#5069,#5070,#5071,#5072,#5073,#5074,#5075,#5076),.UNSPECIFIED.,.F.,
 .F.,(4,1,1,1,1,1,1,1,1,1,1,1,4),(0.,0.122398745745914,0.162118493614488,
0.213396404306958,0.274069225821725,0.342865729220668,0.41892312005212,
0.501606217682581,0.590422109478791,0.68497384495421,0.784932830330335,
0.890021206733116,0.897750953219873),.UNSPECIFIED.);
#98=B_SPLINE_CURVE_WITH_KNOTS('',3,(#5084,#5085,#5086,#5087,#5088,#5089,
#5090,#5091,#5092,#5093,#5094,#5095,#5096,#5097,#5098),.UNSPECIFIED.,.F.,
 .F.,(4,1,1,1,1,1,1,1,1,1,1,1,4),(0.,0.122398745745914,0.162118493614488,
0.213396404306958,0.274069225821725,0.342865729220668,0.41892312005212,
0.501606217682581,0.590422109478791,0.68497384495421,0.784932830330335,
0.890021206733116,0.897750953219873),.UNSPECIFIED.);
#99=B_SPLINE_CURVE_WITH_KNOTS('',3,(#5099,#5100,#5101,#5102,#5103,#5104,
#5105,#5106,#5107,#5108,#5109,#5110,#5111,#5112,#5113),.UNSPECIFIED.,.F.,
 .F.,(4,1,1,1,1,1,1,1,1,1,1,1,4),(0.,0.122398745745914,0.162118493614488,
0.213396404306958,0.274069225821725,0.342865729220668,0.41892312005212,
0.501606217682581,0.590422109478791,0.68497384495421,0.784932830330335,
0.890021206733116,0.897750953219873),.UNSPECIFIED.);
#100=B_SPLINE_CURVE_WITH_KNOTS('',3,(#5121,#5122,#5123,#5124,#5125,#5126,
#5127,#5128,#5129,#5130,#5131,#5132,#5133,#5134,#5135),.UNSPECIFIED.,.F.,
 .F.,(4,1,1,1,1,1,1,1,1,1,1,1,4),(0.,0.122398745745914,0.162118493614488,
0.213396404306958,0.274069225821725,0.342865729220668,0.41892312005212,
0.501606217682581,0.590422109478791,0.68497384495421,0.784932830330335,
0.890021206733116,0.897750953219873),.UNSPECIFIED.);
#101=B_SPLINE_CURVE_WITH_KNOTS('',3,(#5136,#5137,#5138,#5139,#5140,#5141,
#5142,#5143,#5144,#5145,#5146,#5147,#5148,#5149,#5150),.UNSPECIFIED.,.F.,
 .F.,(4,1,1,1,1,1,1,1,1,1,1,1,4),(0.,0.122398745745914,0.162118493614488,
0.213396404306958,0.274069225821725,0.342865729220668,0.41892312005212,
0.501606217682581,0.590422109478791,0.68497384495421,0.784932830330335,
0.890021206733116,0.897750953219873),.UNSPECIFIED.);
#102=B_SPLINE_CURVE_WITH_KNOTS('',3,(#5158,#5159,#5160,#5161,#5162,#5163,
#5164,#5165,#5166,#5167,#5168,#5169,#5170,#5171,#5172),.UNSPECIFIED.,.F.,
 .F.,(4,1,1,1,1,1,1,1,1,1,1,1,4),(0.,0.122398745745914,0.162118493614488,
0.213396404306958,0.274069225821725,0.342865729220668,0.41892312005212,
0.501606217682581,0.590422109478791,0.68497384495421,0.784932830330335,
0.890021206733116,0.897750953219873),.UNSPECIFIED.);
#103=B_SPLINE_CURVE_WITH_KNOTS('',3,(#5173,#5174,#5175,#5176,#5177,#5178,
#5179,#5180,#5181,#5182,#5183,#5184,#5185,#5186,#5187),.UNSPECIFIED.,.F.,
 .F.,(4,1,1,1,1,1,1,1,1,1,1,1,4),(0.,0.122398745745914,0.162118493614488,
0.213396404306958,0.274069225821725,0.342865729220668,0.41892312005212,
0.501606217682581,0.590422109478791,0.68497384495421,0.784932830330335,
0.890021206733116,0.897750953219873),.UNSPECIFIED.);
#104=B_SPLINE_CURVE_WITH_KNOTS('',3,(#5195,#5196,#5197,#5198,#5199,#5200,
#5201,#5202,#5203,#5204,#5205,#5206,#5207,#5208,#5209),.UNSPECIFIED.,.F.,
 .F.,(4,1,1,1,1,1,1,1,1,1,1,1,4),(0.,0.122398745745914,0.162118493614488,
0.213396404306958,0.274069225821725,0.342865729220668,0.41892312005212,
0.501606217682581,0.590422109478791,0.68497384495421,0.784932830330335,
0.890021206733116,0.897750953219873),.UNSPECIFIED.);
#105=B_SPLINE_CURVE_WITH_KNOTS('',3,(#5210,#5211,#5212,#5213,#5214,#5215,
#5216,#5217,#5218,#5219,#5220,#5221,#5222,#5223,#5224),.UNSPECIFIED.,.F.,
 .F.,(4,1,1,1,1,1,1,1,1,1,1,1,4),(0.,0.122398745745914,0.162118493614488,
0.213396404306958,0.274069225821725,0.342865729220668,0.41892312005212,
0.501606217682581,0.590422109478791,0.68497384495421,0.784932830330335,
0.890021206733116,0.897750953219873),.UNSPECIFIED.);
#106=B_SPLINE_CURVE_WITH_KNOTS('',3,(#5232,#5233,#5234,#5235,#5236,#5237,
#5238,#5239,#5240,#5241,#5242,#5243,#5244,#5245,#5246),.UNSPECIFIED.,.F.,
 .F.,(4,1,1,1,1,1,1,1,1,1,1,1,4),(0.,0.122398745745914,0.162118493614488,
0.213396404306958,0.274069225821725,0.342865729220668,0.41892312005212,
0.501606217682581,0.590422109478791,0.68497384495421,0.784932830330335,
0.890021206733116,0.897750953219873),.UNSPECIFIED.);
#107=B_SPLINE_CURVE_WITH_KNOTS('',3,(#5247,#5248,#5249,#5250,#5251,#5252,
#5253,#5254,#5255,#5256,#5257,#5258,#5259,#5260,#5261),.UNSPECIFIED.,.F.,
 .F.,(4,1,1,1,1,1,1,1,1,1,1,1,4),(0.,0.122398745745914,0.162118493614488,
0.213396404306958,0.274069225821725,0.342865729220668,0.41892312005212,
0.501606217682581,0.590422109478791,0.68497384495421,0.784932830330335,
0.890021206733116,0.897750953219873),.UNSPECIFIED.);
#108=B_SPLINE_CURVE_WITH_KNOTS('',3,(#5269,#5270,#5271,#5272,#5273,#5274,
#5275,#5276,#5277,#5278,#5279,#5280,#5281,#5282,#5283),.UNSPECIFIED.,.F.,
 .F.,(4,1,1,1,1,1,1,1,1,1,1,1,4),(0.,0.122398745745914,0.162118493614488,
0.213396404306958,0.274069225821725,0.342865729220668,0.41892312005212,
0.501606217682581,0.590422109478791,0.68497384495421,0.784932830330335,
0.890021206733116,0.897750953219873),.UNSPECIFIED.);
#109=B_SPLINE_CURVE_WITH_KNOTS('',3,(#5284,#5285,#5286,#5287,#5288,#5289,
#5290,#5291,#5292,#5293,#5294,#5295,#5296,#5297,#5298),.UNSPECIFIED.,.F.,
 .F.,(4,1,1,1,1,1,1,1,1,1,1,1,4),(0.,0.122398745745914,0.162118493614488,
0.213396404306958,0.274069225821725,0.342865729220668,0.41892312005212,
0.501606217682581,0.590422109478791,0.68497384495421,0.784932830330335,
0.890021206733116,0.897750953219873),.UNSPECIFIED.);
#110=B_SPLINE_CURVE_WITH_KNOTS('',3,(#5306,#5307,#5308,#5309,#5310,#5311,
#5312,#5313,#5314,#5315,#5316,#5317,#5318,#5319,#5320),.UNSPECIFIED.,.F.,
 .F.,(4,1,1,1,1,1,1,1,1,1,1,1,4),(0.,0.122398745745914,0.162118493614488,
0.213396404306958,0.274069225821725,0.342865729220668,0.41892312005212,
0.501606217682581,0.590422109478791,0.68497384495421,0.784932830330335,
0.890021206733116,0.897750953219873),.UNSPECIFIED.);
#111=B_SPLINE_CURVE_WITH_KNOTS('',3,(#5321,#5322,#5323,#5324,#5325,#5326,
#5327,#5328,#5329,#5330,#5331,#5332,#5333,#5334,#5335),.UNSPECIFIED.,.F.,
 .F.,(4,1,1,1,1,1,1,1,1,1,1,1,4),(0.,0.122398745745914,0.162118493614488,
0.213396404306958,0.274069225821725,0.342865729220668,0.41892312005212,
0.501606217682581,0.590422109478791,0.68497384495421,0.784932830330335,
0.890021206733116,0.897750953219873),.UNSPECIFIED.);
#112=B_SPLINE_CURVE_WITH_KNOTS('',3,(#5343,#5344,#5345,#5346,#5347,#5348,
#5349,#5350,#5351,#5352,#5353,#5354,#5355,#5356,#5357),.UNSPECIFIED.,.F.,
 .F.,(4,1,1,1,1,1,1,1,1,1,1,1,4),(0.,0.122398745745914,0.162118493614488,
0.213396404306958,0.274069225821725,0.342865729220668,0.41892312005212,
0.501606217682581,0.590422109478791,0.68497384495421,0.784932830330335,
0.890021206733116,0.897750953219873),.UNSPECIFIED.);
#113=B_SPLINE_CURVE_WITH_KNOTS('',3,(#5361,#5362,#5363,#5364,#5365,#5366,
#5367,#5368,#5369,#5370,#5371,#5372,#5373,#5374,#5375),.UNSPECIFIED.,.F.,
 .F.,(4,1,1,1,1,1,1,1,1,1,1,1,4),(0.,0.122398745745914,0.162118493614488,
0.213396404306958,0.274069225821725,0.342865729220668,0.41892312005212,
0.501606217682581,0.590422109478791,0.68497384495421,0.784932830330335,
0.890021206733116,0.897750953219873),.UNSPECIFIED.);
#114=B_SPLINE_CURVE_WITH_KNOTS('',3,(#5383,#5384,#5385,#5386,#5387,#5388,
#5389,#5390,#5391,#5392,#5393,#5394,#5395,#5396,#5397),.UNSPECIFIED.,.F.,
 .F.,(4,1,1,1,1,1,1,1,1,1,1,1,4),(0.,0.122398745745914,0.162118493614488,
0.213396404306958,0.274069225821725,0.342865729220668,0.41892312005212,
0.501606217682581,0.590422109478791,0.68497384495421,0.784932830330335,
0.890021206733116,0.897750953219873),.UNSPECIFIED.);
#115=B_SPLINE_CURVE_WITH_KNOTS('',3,(#5398,#5399,#5400,#5401,#5402,#5403,
#5404,#5405,#5406,#5407,#5408,#5409,#5410,#5411,#5412),.UNSPECIFIED.,.F.,
 .F.,(4,1,1,1,1,1,1,1,1,1,1,1,4),(0.,0.122398745745914,0.162118493614488,
0.213396404306958,0.274069225821725,0.342865729220668,0.41892312005212,
0.501606217682581,0.590422109478791,0.68497384495421,0.784932830330335,
0.890021206733116,0.897750953219873),.UNSPECIFIED.);
#116=B_SPLINE_CURVE_WITH_KNOTS('',3,(#5420,#5421,#5422,#5423,#5424,#5425,
#5426,#5427,#5428,#5429,#5430,#5431,#5432,#5433,#5434),.UNSPECIFIED.,.F.,
 .F.,(4,1,1,1,1,1,1,1,1,1,1,1,4),(0.,0.122398745745914,0.162118493614488,
0.213396404306958,0.274069225821725,0.342865729220668,0.41892312005212,
0.501606217682581,0.590422109478791,0.68497384495421,0.784932830330335,
0.890021206733116,0.897750953219873),.UNSPECIFIED.);
#117=B_SPLINE_CURVE_WITH_KNOTS('',3,(#5435,#5436,#5437,#5438,#5439,#5440,
#5441,#5442,#5443,#5444,#5445,#5446,#5447,#5448,#5449),.UNSPECIFIED.,.F.,
 .F.,(4,1,1,1,1,1,1,1,1,1,1,1,4),(0.,0.122398745745914,0.162118493614488,
0.213396404306958,0.274069225821725,0.342865729220668,0.41892312005212,
0.501606217682581,0.590422109478791,0.68497384495421,0.784932830330335,
0.890021206733116,0.897750953219873),.UNSPECIFIED.);
#118=B_SPLINE_CURVE_WITH_KNOTS('',3,(#5457,#5458,#5459,#5460,#5461,#5462,
#5463,#5464,#5465,#5466,#5467,#5468,#5469,#5470,#5471),.UNSPECIFIED.,.F.,
 .F.,(4,1,1,1,1,1,1,1,1,1,1,1,4),(0.,0.122398745745914,0.162118493614488,
0.213396404306958,0.274069225821725,0.342865729220668,0.41892312005212,
0.501606217682581,0.590422109478791,0.68497384495421,0.784932830330335,
0.890021206733116,0.897750953219873),.UNSPECIFIED.);
#119=B_SPLINE_CURVE_WITH_KNOTS('',3,(#5472,#5473,#5474,#5475,#5476,#5477,
#5478,#5479,#5480,#5481,#5482,#5483,#5484,#5485,#5486),.UNSPECIFIED.,.F.,
 .F.,(4,1,1,1,1,1,1,1,1,1,1,1,4),(0.,0.122398745745914,0.162118493614488,
0.213396404306958,0.274069225821725,0.342865729220668,0.41892312005212,
0.501606217682581,0.590422109478791,0.68497384495421,0.784932830330335,
0.890021206733116,0.897750953219873),.UNSPECIFIED.);
#120=B_SPLINE_CURVE_WITH_KNOTS('',3,(#5501,#5502,#5503,#5504,#5505,#5506,
#5507,#5508,#5509,#5510,#5511,#5512,#5513,#5514,#5515),.UNSPECIFIED.,.F.,
 .F.,(4,1,1,1,1,1,1,1,1,1,1,1,4),(0.,0.122398745745914,0.162118493614488,
0.213396404306958,0.274069225821725,0.342865729220668,0.41892312005212,
0.501606217682581,0.590422109478791,0.68497384495421,0.784932830330335,
0.890021206733116,0.897750953219873),.UNSPECIFIED.);
#121=B_SPLINE_CURVE_WITH_KNOTS('',3,(#5516,#5517,#5518,#5519,#5520,#5521,
#5522,#5523,#5524,#5525,#5526,#5527,#5528,#5529,#5530),.UNSPECIFIED.,.F.,
 .F.,(4,1,1,1,1,1,1,1,1,1,1,1,4),(0.,0.122398745745914,0.162118493614488,
0.213396404306958,0.274069225821725,0.342865729220668,0.41892312005212,
0.501606217682581,0.590422109478791,0.68497384495421,0.784932830330335,
0.890021206733116,0.897750953219873),.UNSPECIFIED.);
#122=B_SPLINE_CURVE_WITH_KNOTS('',3,(#5538,#5539,#5540,#5541,#5542,#5543,
#5544,#5545,#5546,#5547,#5548,#5549,#5550,#5551,#5552),.UNSPECIFIED.,.F.,
 .F.,(4,1,1,1,1,1,1,1,1,1,1,1,4),(0.,0.122398745745914,0.162118493614488,
0.213396404306958,0.274069225821725,0.342865729220668,0.41892312005212,
0.501606217682581,0.590422109478791,0.68497384495421,0.784932830330335,
0.890021206733116,0.897750953219873),.UNSPECIFIED.);
#123=B_SPLINE_CURVE_WITH_KNOTS('',3,(#5553,#5554,#5555,#5556,#5557,#5558,
#5559,#5560,#5561,#5562,#5563,#5564,#5565,#5566,#5567),.UNSPECIFIED.,.F.,
 .F.,(4,1,1,1,1,1,1,1,1,1,1,1,4),(0.,0.122398745745914,0.162118493614488,
0.213396404306958,0.274069225821725,0.342865729220668,0.41892312005212,
0.501606217682581,0.590422109478791,0.68497384495421,0.784932830330335,
0.890021206733116,0.897750953219873),.UNSPECIFIED.);
#124=B_SPLINE_CURVE_WITH_KNOTS('',3,(#5575,#5576,#5577,#5578,#5579,#5580,
#5581,#5582,#5583,#5584,#5585,#5586,#5587,#5588,#5589),.UNSPECIFIED.,.F.,
 .F.,(4,1,1,1,1,1,1,1,1,1,1,1,4),(0.,0.122398745745914,0.162118493614488,
0.213396404306958,0.274069225821725,0.342865729220668,0.41892312005212,
0.501606217682581,0.590422109478791,0.68497384495421,0.784932830330335,
0.890021206733116,0.897750953219873),.UNSPECIFIED.);
#125=B_SPLINE_CURVE_WITH_KNOTS('',3,(#5590,#5591,#5592,#5593,#5594,#5595,
#5596,#5597,#5598,#5599,#5600,#5601,#5602,#5603,#5604),.UNSPECIFIED.,.F.,
 .F.,(4,1,1,1,1,1,1,1,1,1,1,1,4),(0.,0.122398745745914,0.162118493614488,
0.213396404306958,0.274069225821725,0.342865729220668,0.41892312005212,
0.501606217682581,0.590422109478791,0.68497384495421,0.784932830330335,
0.890021206733116,0.897750953219873),.UNSPECIFIED.);
#126=B_SPLINE_CURVE_WITH_KNOTS('',3,(#5612,#5613,#5614,#5615,#5616,#5617,
#5618,#5619,#5620,#5621,#5622,#5623,#5624,#5625,#5626),.UNSPECIFIED.,.F.,
 .F.,(4,1,1,1,1,1,1,1,1,1,1,1,4),(0.,0.122398745745914,0.162118493614488,
0.213396404306958,0.274069225821725,0.342865729220668,0.41892312005212,
0.501606217682581,0.590422109478791,0.68497384495421,0.784932830330335,
0.890021206733116,0.897750953219873),.UNSPECIFIED.);
#127=B_SPLINE_CURVE_WITH_KNOTS('',3,(#5627,#5628,#5629,#5630,#5631,#5632,
#5633,#5634,#5635,#5636,#5637,#5638,#5639,#5640,#5641),.UNSPECIFIED.,.F.,
 .F.,(4,1,1,1,1,1,1,1,1,1,1,1,4),(0.,0.122398745745914,0.162118493614488,
0.213396404306958,0.274069225821725,0.342865729220668,0.41892312005212,
0.501606217682581,0.590422109478791,0.68497384495421,0.784932830330335,
0.890021206733116,0.897750953219873),.UNSPECIFIED.);
#128=B_SPLINE_CURVE_WITH_KNOTS('',3,(#5649,#5650,#5651,#5652,#5653,#5654,
#5655,#5656,#5657,#5658,#5659,#5660,#5661,#5662,#5663),.UNSPECIFIED.,.F.,
 .F.,(4,1,1,1,1,1,1,1,1,1,1,1,4),(0.,0.122398745745914,0.162118493614488,
0.213396404306958,0.274069225821725,0.342865729220668,0.41892312005212,
0.501606217682581,0.590422109478791,0.68497384495421,0.784932830330335,
0.890021206733116,0.897750953219873),.UNSPECIFIED.);
#129=B_SPLINE_CURVE_WITH_KNOTS('',3,(#5664,#5665,#5666,#5667,#5668,#5669,
#5670,#5671,#5672,#5673,#5674,#5675,#5676,#5677,#5678),.UNSPECIFIED.,.F.,
 .F.,(4,1,1,1,1,1,1,1,1,1,1,1,4),(0.,0.122398745745914,0.162118493614488,
0.213396404306958,0.274069225821725,0.342865729220668,0.41892312005212,
0.501606217682581,0.590422109478791,0.68497384495421,0.784932830330335,
0.890021206733116,0.897750953219873),.UNSPECIFIED.);
#130=B_SPLINE_CURVE_WITH_KNOTS('',3,(#5686,#5687,#5688,#5689,#5690,#5691,
#5692,#5693,#5694,#5695,#5696,#5697,#5698,#5699,#5700),.UNSPECIFIED.,.F.,
 .F.,(4,1,1,1,1,1,1,1,1,1,1,1,4),(0.,0.122398745745914,0.162118493614488,
0.213396404306958,0.274069225821725,0.342865729220668,0.41892312005212,
0.501606217682581,0.590422109478791,0.68497384495421,0.784932830330335,
0.890021206733116,0.897750953219873),.UNSPECIFIED.);
#131=B_SPLINE_CURVE_WITH_KNOTS('',3,(#5701,#5702,#5703,#5704,#5705,#5706,
#5707,#5708,#5709,#5710,#5711,#5712,#5713,#5714,#5715),.UNSPECIFIED.,.F.,
 .F.,(4,1,1,1,1,1,1,1,1,1,1,1,4),(0.,0.122398745745914,0.162118493614488,
0.213396404306958,0.274069225821725,0.342865729220668,0.41892312005212,
0.501606217682581,0.590422109478791,0.68497384495421,0.784932830330335,
0.890021206733116,0.897750953219873),.UNSPECIFIED.);
#132=B_SPLINE_CURVE_WITH_KNOTS('',3,(#5723,#5724,#5725,#5726,#5727,#5728,
#5729,#5730,#5731,#5732,#5733,#5734,#5735,#5736,#5737),.UNSPECIFIED.,.F.,
 .F.,(4,1,1,1,1,1,1,1,1,1,1,1,4),(0.,0.122398745745914,0.162118493614488,
0.213396404306958,0.274069225821725,0.342865729220668,0.41892312005212,
0.501606217682581,0.590422109478791,0.68497384495421,0.784932830330335,
0.890021206733116,0.897750953219873),.UNSPECIFIED.);
#133=B_SPLINE_CURVE_WITH_KNOTS('',3,(#5738,#5739,#5740,#5741,#5742,#5743,
#5744,#5745,#5746,#5747,#5748,#5749,#5750,#5751,#5752),.UNSPECIFIED.,.F.,
 .F.,(4,1,1,1,1,1,1,1,1,1,1,1,4),(0.,0.122398745745914,0.162118493614488,
0.213396404306958,0.274069225821725,0.342865729220668,0.41892312005212,
0.501606217682581,0.590422109478791,0.68497384495421,0.784932830330335,
0.890021206733116,0.897750953219873),.UNSPECIFIED.);
#134=B_SPLINE_CURVE_WITH_KNOTS('',3,(#5760,#5761,#5762,#5763,#5764,#5765,
#5766,#5767,#5768,#5769,#5770,#5771,#5772,#5773,#5774),.UNSPECIFIED.,.F.,
 .F.,(4,1,1,1,1,1,1,1,1,1,1,1,4),(0.,0.122398745745914,0.162118493614488,
0.213396404306958,0.274069225821725,0.342865729220668,0.41892312005212,
0.501606217682581,0.590422109478791,0.68497384495421,0.784932830330335,
0.890021206733116,0.897750953219873),.UNSPECIFIED.);
#135=B_SPLINE_CURVE_WITH_KNOTS('',3,(#5775,#5776,#5777,#5778,#5779,#5780,
#5781,#5782,#5783,#5784,#5785,#5786,#5787,#5788,#5789),.UNSPECIFIED.,.F.,
 .F.,(4,1,1,1,1,1,1,1,1,1,1,1,4),(0.,0.122398745745914,0.162118493614488,
0.213396404306958,0.274069225821725,0.342865729220668,0.41892312005212,
0.501606217682581,0.590422109478791,0.68497384495421,0.784932830330335,
0.890021206733116,0.897750953219873),.UNSPECIFIED.);
#136=B_SPLINE_CURVE_WITH_KNOTS('',3,(#5797,#5798,#5799,#5800,#5801,#5802,
#5803,#5804,#5805,#5806,#5807,#5808,#5809,#5810,#5811),.UNSPECIFIED.,.F.,
 .F.,(4,1,1,1,1,1,1,1,1,1,1,1,4),(0.,0.122398745745914,0.162118493614488,
0.213396404306958,0.274069225821725,0.342865729220668,0.41892312005212,
0.501606217682581,0.590422109478791,0.68497384495421,0.784932830330335,
0.890021206733116,0.897750953219873),.UNSPECIFIED.);
#137=B_SPLINE_CURVE_WITH_KNOTS('',3,(#5812,#5813,#5814,#5815,#5816,#5817,
#5818,#5819,#5820,#5821,#5822,#5823,#5824,#5825,#5826),.UNSPECIFIED.,.F.,
 .F.,(4,1,1,1,1,1,1,1,1,1,1,1,4),(0.,0.122398745745914,0.162118493614488,
0.213396404306958,0.274069225821725,0.342865729220668,0.41892312005212,
0.501606217682581,0.590422109478791,0.68497384495421,0.784932830330335,
0.890021206733116,0.897750953219873),.UNSPECIFIED.);
#138=B_SPLINE_CURVE_WITH_KNOTS('',3,(#5834,#5835,#5836,#5837,#5838,#5839,
#5840,#5841,#5842,#5843,#5844,#5845,#5846,#5847,#5848),.UNSPECIFIED.,.F.,
 .F.,(4,1,1,1,1,1,1,1,1,1,1,1,4),(0.,0.122398745745914,0.162118493614488,
0.213396404306958,0.274069225821725,0.342865729220668,0.41892312005212,
0.501606217682581,0.590422109478791,0.68497384495421,0.784932830330335,
0.890021206733116,0.897750953219873),.UNSPECIFIED.);
#139=B_SPLINE_CURVE_WITH_KNOTS('',3,(#5849,#5850,#5851,#5852,#5853,#5854,
#5855,#5856,#5857,#5858,#5859,#5860,#5861,#5862,#5863),.UNSPECIFIED.,.F.,
 .F.,(4,1,1,1,1,1,1,1,1,1,1,1,4),(0.,0.122398745745914,0.162118493614488,
0.213396404306958,0.274069225821725,0.342865729220668,0.41892312005212,
0.501606217682581,0.590422109478791,0.68497384495421,0.784932830330335,
0.890021206733116,0.897750953219873),.UNSPECIFIED.);
#140=B_SPLINE_CURVE_WITH_KNOTS('',3,(#5871,#5872,#5873,#5874,#5875,#5876,
#5877,#5878,#5879,#5880,#5881,#5882,#5883,#5884,#5885),.UNSPECIFIED.,.F.,
 .F.,(4,1,1,1,1,1,1,1,1,1,1,1,4),(0.,0.122398745745914,0.162118493614488,
0.213396404306958,0.274069225821725,0.342865729220668,0.41892312005212,
0.501606217682581,0.590422109478791,0.68497384495421,0.784932830330335,
0.890021206733116,0.897750953219873),.UNSPECIFIED.);
#141=B_SPLINE_CURVE_WITH_KNOTS('',3,(#5886,#5887,#5888,#5889,#5890,#5891,
#5892,#5893,#5894,#5895,#5896,#5897,#5898,#5899,#5900),.UNSPECIFIED.,.F.,
 .F.,(4,1,1,1,1,1,1,1,1,1,1,1,4),(0.,0.122398745745914,0.162118493614488,
0.213396404306958,0.274069225821725,0.342865729220668,0.41892312005212,
0.501606217682581,0.590422109478791,0.68497384495421,0.784932830330335,
0.890021206733116,0.897750953219873),.UNSPECIFIED.);
#142=B_SPLINE_CURVE_WITH_KNOTS('',3,(#5908,#5909,#5910,#5911,#5912,#5913,
#5914,#5915,#5916,#5917,#5918,#5919,#5920,#5921,#5922),.UNSPECIFIED.,.F.,
 .F.,(4,1,1,1,1,1,1,1,1,1,1,1,4),(0.,0.122398745745914,0.162118493614488,
0.213396404306958,0.274069225821725,0.342865729220668,0.41892312005212,
0.501606217682581,0.590422109478791,0.68497384495421,0.784932830330335,
0.890021206733116,0.897750953219873),.UNSPECIFIED.);
#143=B_SPLINE_CURVE_WITH_KNOTS('',3,(#5923,#5924,#5925,#5926,#5927,#5928,
#5929,#5930,#5931,#5932,#5933,#5934,#5935,#5936,#5937),.UNSPECIFIED.,.F.,
 .F.,(4,1,1,1,1,1,1,1,1,1,1,1,4),(0.,0.122398745745914,0.162118493614488,
0.213396404306958,0.274069225821725,0.342865729220668,0.41892312005212,
0.501606217682581,0.590422109478791,0.68497384495421,0.784932830330335,
0.890021206733116,0.897750953219873),.UNSPECIFIED.);
#144=B_SPLINE_CURVE_WITH_KNOTS('',3,(#5945,#5946,#5947,#5948,#5949,#5950,
#5951,#5952,#5953,#5954,#5955,#5956,#5957,#5958,#5959),.UNSPECIFIED.,.F.,
 .F.,(4,1,1,1,1,1,1,1,1,1,1,1,4),(0.,0.122398745745914,0.162118493614488,
0.213396404306958,0.274069225821725,0.342865729220668,0.41892312005212,
0.501606217682581,0.590422109478791,0.68497384495421,0.784932830330335,
0.890021206733116,0.897750953219873),.UNSPECIFIED.);
#145=B_SPLINE_CURVE_WITH_KNOTS('',3,(#5960,#5961,#5962,#5963,#5964,#5965,
#5966,#5967,#5968,#5969,#5970,#5971,#5972,#5973,#5974),.UNSPECIFIED.,.F.,
 .F.,(4,1,1,1,1,1,1,1,1,1,1,1,4),(0.,0.122398745745914,0.162118493614488,
0.213396404306958,0.274069225821725,0.342865729220668,0.41892312005212,
0.501606217682581,0.590422109478791,0.68497384495421,0.784932830330335,
0.890021206733116,0.897750953219873),.UNSPECIFIED.);
#146=B_SPLINE_CURVE_WITH_KNOTS('',3,(#5982,#5983,#5984,#5985,#5986,#5987,
#5988,#5989,#5990,#5991,#5992,#5993,#5994,#5995,#5996),.UNSPECIFIED.,.F.,
 .F.,(4,1,1,1,1,1,1,1,1,1,1,1,4),(0.,0.122398745745914,0.162118493614488,
0.213396404306958,0.274069225821725,0.342865729220668,0.41892312005212,
0.501606217682581,0.590422109478791,0.68497384495421,0.784932830330335,
0.890021206733116,0.897750953219873),.UNSPECIFIED.);
#147=B_SPLINE_CURVE_WITH_KNOTS('',3,(#5997,#5998,#5999,#6000,#6001,#6002,
#6003,#6004,#6005,#6006,#6007,#6008,#6009,#6010,#6011),.UNSPECIFIED.,.F.,
 .F.,(4,1,1,1,1,1,1,1,1,1,1,1,4),(0.,0.122398745745914,0.162118493614488,
0.213396404306958,0.274069225821725,0.342865729220668,0.41892312005212,
0.501606217682581,0.590422109478791,0.68497384495421,0.784932830330335,
0.890021206733116,0.897750953219873),.UNSPECIFIED.);
#148=B_SPLINE_CURVE_WITH_KNOTS('',3,(#6019,#6020,#6021,#6022,#6023,#6024,
#6025,#6026,#6027,#6028,#6029,#6030,#6031,#6032,#6033),.UNSPECIFIED.,.F.,
 .F.,(4,1,1,1,1,1,1,1,1,1,1,1,4),(0.,0.122398745745914,0.162118493614488,
0.213396404306958,0.274069225821725,0.342865729220668,0.41892312005212,
0.501606217682581,0.590422109478791,0.68497384495421,0.784932830330335,
0.890021206733116,0.897750953219873),.UNSPECIFIED.);
#149=B_SPLINE_CURVE_WITH_KNOTS('',3,(#6034,#6035,#6036,#6037,#6038,#6039,
#6040,#6041,#6042,#6043,#6044,#6045,#6046,#6047,#6048),.UNSPECIFIED.,.F.,
 .F.,(4,1,1,1,1,1,1,1,1,1,1,1,4),(0.,0.122398745745914,0.162118493614488,
0.213396404306958,0.274069225821725,0.342865729220668,0.41892312005212,
0.501606217682581,0.590422109478791,0.68497384495421,0.784932830330335,
0.890021206733116,0.897750953219873),.UNSPECIFIED.);
#150=B_SPLINE_CURVE_WITH_KNOTS('',3,(#6056,#6057,#6058,#6059,#6060,#6061,
#6062,#6063,#6064,#6065,#6066,#6067,#6068,#6069,#6070),.UNSPECIFIED.,.F.,
 .F.,(4,1,1,1,1,1,1,1,1,1,1,1,4),(0.,0.122398745745914,0.162118493614488,
0.213396404306958,0.274069225821725,0.342865729220668,0.41892312005212,
0.501606217682581,0.590422109478791,0.68497384495421,0.784932830330335,
0.890021206733116,0.897750953219873),.UNSPECIFIED.);
#151=B_SPLINE_CURVE_WITH_KNOTS('',3,(#6071,#6072,#6073,#6074,#6075,#6076,
#6077,#6078,#6079,#6080,#6081,#6082,#6083,#6084,#6085),.UNSPECIFIED.,.F.,
 .F.,(4,1,1,1,1,1,1,1,1,1,1,1,4),(0.,0.122398745745914,0.162118493614488,
0.213396404306958,0.274069225821725,0.342865729220668,0.41892312005212,
0.501606217682581,0.590422109478791,0.68497384495421,0.784932830330335,
0.890021206733116,0.897750953219873),.UNSPECIFIED.);
#152=B_SPLINE_CURVE_WITH_KNOTS('',3,(#6093,#6094,#6095,#6096,#6097,#6098,
#6099,#6100,#6101,#6102,#6103,#6104,#6105,#6106,#6107),.UNSPECIFIED.,.F.,
 .F.,(4,1,1,1,1,1,1,1,1,1,1,1,4),(0.,0.122398745745914,0.162118493614488,
0.213396404306958,0.274069225821725,0.342865729220668,0.41892312005212,
0.501606217682581,0.590422109478791,0.68497384495421,0.784932830330335,
0.890021206733116,0.897750953219873),.UNSPECIFIED.);
#153=B_SPLINE_CURVE_WITH_KNOTS('',3,(#6108,#6109,#6110,#6111,#6112,#6113,
#6114,#6115,#6116,#6117,#6118,#6119,#6120,#6121,#6122),.UNSPECIFIED.,.F.,
 .F.,(4,1,1,1,1,1,1,1,1,1,1,1,4),(0.,0.122398745745914,0.162118493614488,
0.213396404306958,0.274069225821725,0.342865729220668,0.41892312005212,
0.501606217682581,0.590422109478791,0.68497384495421,0.784932830330335,
0.890021206733116,0.897750953219873),.UNSPECIFIED.);
#154=B_SPLINE_CURVE_WITH_KNOTS('',3,(#6130,#6131,#6132,#6133,#6134,#6135,
#6136,#6137,#6138,#6139,#6140,#6141,#6142,#6143,#6144),.UNSPECIFIED.,.F.,
 .F.,(4,1,1,1,1,1,1,1,1,1,1,1,4),(0.,0.122398745745914,0.162118493614488,
0.213396404306958,0.274069225821725,0.342865729220668,0.41892312005212,
0.501606217682581,0.590422109478791,0.68497384495421,0.784932830330335,
0.890021206733116,0.897750953219873),.UNSPECIFIED.);
#155=B_SPLINE_CURVE_WITH_KNOTS('',3,(#6145,#6146,#6147,#6148,#6149,#6150,
#6151,#6152,#6153,#6154,#6155,#6156,#6157,#6158,#6159),.UNSPECIFIED.,.F.,
 .F.,(4,1,1,1,1,1,1,1,1,1,1,1,4),(0.,0.122398745745914,0.162118493614488,
0.213396404306958,0.274069225821725,0.342865729220668,0.41892312005212,
0.501606217682581,0.590422109478791,0.68497384495421,0.784932830330335,
0.890021206733116,0.897750953219873),.UNSPECIFIED.);
#156=B_SPLINE_CURVE_WITH_KNOTS('',3,(#6167,#6168,#6169,#6170,#6171,#6172,
#6173,#6174,#6175,#6176,#6177,#6178,#6179,#6180,#6181),.UNSPECIFIED.,.F.,
 .F.,(4,1,1,1,1,1,1,1,1,1,1,1,4),(0.,0.122398745745914,0.162118493614488,
0.213396404306958,0.274069225821725,0.342865729220668,0.41892312005212,
0.501606217682581,0.590422109478791,0.68497384495421,0.784932830330335,
0.890021206733116,0.897750953219873),.UNSPECIFIED.);
#157=B_SPLINE_CURVE_WITH_KNOTS('',3,(#6182,#6183,#6184,#6185,#6186,#6187,
#6188,#6189,#6190,#6191,#6192,#6193,#6194,#6195,#6196),.UNSPECIFIED.,.F.,
 .F.,(4,1,1,1,1,1,1,1,1,1,1,1,4),(0.,0.122398745745914,0.162118493614488,
0.213396404306958,0.274069225821725,0.342865729220668,0.41892312005212,
0.501606217682581,0.590422109478791,0.68497384495421,0.784932830330335,
0.890021206733116,0.897750953219873),.UNSPECIFIED.);
#158=B_SPLINE_CURVE_WITH_KNOTS('',3,(#6204,#6205,#6206,#6207,#6208,#6209,
#6210,#6211,#6212,#6213,#6214,#6215,#6216,#6217,#6218),.UNSPECIFIED.,.F.,
 .F.,(4,1,1,1,1,1,1,1,1,1,1,1,4),(0.,0.122398745745914,0.162118493614488,
0.213396404306958,0.274069225821725,0.342865729220668,0.41892312005212,
0.501606217682581,0.590422109478791,0.68497384495421,0.784932830330335,
0.890021206733116,0.897750953219873),.UNSPECIFIED.);
#159=B_SPLINE_CURVE_WITH_KNOTS('',3,(#6219,#6220,#6221,#6222,#6223,#6224,
#6225,#6226,#6227,#6228,#6229,#6230,#6231,#6232,#6233),.UNSPECIFIED.,.F.,
 .F.,(4,1,1,1,1,1,1,1,1,1,1,1,4),(0.,0.122398745745914,0.162118493614488,
0.213396404306958,0.274069225821725,0.342865729220668,0.41892312005212,
0.501606217682581,0.590422109478791,0.68497384495421,0.784932830330335,
0.890021206733116,0.897750953219873),.UNSPECIFIED.);
#160=B_SPLINE_CURVE_WITH_KNOTS('',3,(#6241,#6242,#6243,#6244,#6245,#6246,
#6247,#6248,#6249,#6250,#6251,#6252,#6253,#6254,#6255),.UNSPECIFIED.,.F.,
 .F.,(4,1,1,1,1,1,1,1,1,1,1,1,4),(0.,0.122398745745914,0.162118493614488,
0.213396404306958,0.274069225821725,0.342865729220668,0.41892312005212,
0.501606217682581,0.590422109478791,0.68497384495421,0.784932830330335,
0.890021206733116,0.897750953219873),.UNSPECIFIED.);
#161=B_SPLINE_CURVE_WITH_KNOTS('',3,(#6256,#6257,#6258,#6259,#6260,#6261,
#6262,#6263,#6264,#6265,#6266,#6267,#6268,#6269,#6270),.UNSPECIFIED.,.F.,
 .F.,(4,1,1,1,1,1,1,1,1,1,1,1,4),(0.,0.122398745745914,0.162118493614488,
0.213396404306958,0.274069225821725,0.342865729220668,0.41892312005212,
0.501606217682581,0.590422109478791,0.68497384495421,0.784932830330335,
0.890021206733116,0.897750953219873),.UNSPECIFIED.);
#162=B_SPLINE_CURVE_WITH_KNOTS('',3,(#6278,#6279,#6280,#6281,#6282,#6283,
#6284,#6285,#6286,#6287,#6288,#6289,#6290,#6291,#6292),.UNSPECIFIED.,.F.,
 .F.,(4,1,1,1,1,1,1,1,1,1,1,1,4),(0.,0.122398745745914,0.162118493614488,
0.213396404306958,0.274069225821725,0.342865729220668,0.41892312005212,
0.501606217682581,0.590422109478791,0.68497384495421,0.784932830330335,
0.890021206733116,0.897750953219873),.UNSPECIFIED.);
#163=B_SPLINE_CURVE_WITH_KNOTS('',3,(#6293,#6294,#6295,#6296,#6297,#6298,
#6299,#6300,#6301,#6302,#6303,#6304,#6305,#6306,#6307),.UNSPECIFIED.,.F.,
 .F.,(4,1,1,1,1,1,1,1,1,1,1,1,4),(0.,0.122398745745914,0.162118493614488,
0.213396404306958,0.274069225821725,0.342865729220668,0.41892312005212,
0.501606217682581,0.590422109478791,0.68497384495421,0.784932830330335,
0.890021206733116,0.897750953219873),.UNSPECIFIED.);
#164=B_SPLINE_CURVE_WITH_KNOTS('',3,(#6315,#6316,#6317,#6318,#6319,#6320,
#6321,#6322,#6323,#6324,#6325,#6326,#6327,#6328,#6329),.UNSPECIFIED.,.F.,
 .F.,(4,1,1,1,1,1,1,1,1,1,1,1,4),(0.,0.122398745745914,0.162118493614488,
0.213396404306958,0.274069225821725,0.342865729220668,0.41892312005212,
0.501606217682581,0.590422109478791,0.68497384495421,0.784932830330335,
0.890021206733116,0.897750953219873),.UNSPECIFIED.);
#165=B_SPLINE_CURVE_WITH_KNOTS('',3,(#6330,#6331,#6332,#6333,#6334,#6335,
#6336,#6337,#6338,#6339,#6340,#6341,#6342,#6343,#6344),.UNSPECIFIED.,.F.,
 .F.,(4,1,1,1,1,1,1,1,1,1,1,1,4),(0.,0.122398745745914,0.162118493614488,
0.213396404306958,0.274069225821725,0.342865729220668,0.41892312005212,
0.501606217682581,0.590422109478791,0.68497384495421,0.784932830330335,
0.890021206733116,0.897750953219873),.UNSPECIFIED.);
#166=B_SPLINE_CURVE_WITH_KNOTS('',3,(#6352,#6353,#6354,#6355,#6356,#6357,
#6358,#6359,#6360,#6361,#6362,#6363,#6364,#6365,#6366),.UNSPECIFIED.,.F.,
 .F.,(4,1,1,1,1,1,1,1,1,1,1,1,4),(0.,0.122398745745914,0.162118493614488,
0.213396404306958,0.274069225821725,0.342865729220668,0.41892312005212,
0.501606217682581,0.590422109478791,0.68497384495421,0.784932830330335,
0.890021206733116,0.897750953219873),.UNSPECIFIED.);
#167=B_SPLINE_CURVE_WITH_KNOTS('',3,(#6367,#6368,#6369,#6370,#6371,#6372,
#6373,#6374,#6375,#6376,#6377,#6378,#6379,#6380,#6381),.UNSPECIFIED.,.F.,
 .F.,(4,1,1,1,1,1,1,1,1,1,1,1,4),(0.,0.122398745745914,0.162118493614488,
0.213396404306958,0.274069225821725,0.342865729220668,0.41892312005212,
0.501606217682581,0.590422109478791,0.68497384495421,0.784932830330335,
0.890021206733116,0.897750953219873),.UNSPECIFIED.);
#168=B_SPLINE_CURVE_WITH_KNOTS('',3,(#6389,#6390,#6391,#6392,#6393,#6394,
#6395,#6396,#6397,#6398,#6399,#6400,#6401,#6402,#6403),.UNSPECIFIED.,.F.,
 .F.,(4,1,1,1,1,1,1,1,1,1,1,1,4),(0.,0.122398745745914,0.162118493614488,
0.213396404306958,0.274069225821725,0.342865729220668,0.41892312005212,
0.501606217682581,0.590422109478791,0.68497384495421,0.784932830330335,
0.890021206733116,0.897750953219873),.UNSPECIFIED.);
#169=B_SPLINE_CURVE_WITH_KNOTS('',3,(#6404,#6405,#6406,#6407,#6408,#6409,
#6410,#6411,#6412,#6413,#6414,#6415,#6416,#6417,#6418),.UNSPECIFIED.,.F.,
 .F.,(4,1,1,1,1,1,1,1,1,1,1,1,4),(0.,0.122398745745914,0.162118493614488,
0.213396404306958,0.274069225821725,0.342865729220668,0.41892312005212,
0.501606217682581,0.590422109478791,0.68497384495421,0.784932830330335,
0.890021206733116,0.897750953219873),.UNSPECIFIED.);
#170=B_SPLINE_CURVE_WITH_KNOTS('',3,(#6426,#6427,#6428,#6429,#6430,#6431,
#6432,#6433,#6434,#6435,#6436,#6437,#6438,#6439,#6440),.UNSPECIFIED.,.F.,
 .F.,(4,1,1,1,1,1,1,1,1,1,1,1,4),(0.,0.122398745745914,0.162118493614488,
0.213396404306958,0.274069225821725,0.342865729220668,0.41892312005212,
0.501606217682581,0.590422109478791,0.68497384495421,0.784932830330335,
0.890021206733116,0.897750953219873),.UNSPECIFIED.);
#171=B_SPLINE_CURVE_WITH_KNOTS('',3,(#6441,#6442,#6443,#6444,#6445,#6446,
#6447,#6448,#6449,#6450,#6451,#6452,#6453,#6454,#6455),.UNSPECIFIED.,.F.,
 .F.,(4,1,1,1,1,1,1,1,1,1,1,1,4),(0.,0.122398745745914,0.162118493614488,
0.213396404306958,0.274069225821725,0.342865729220668,0.41892312005212,
0.501606217682581,0.590422109478791,0.68497384495421,0.784932830330335,
0.890021206733116,0.897750953219873),.UNSPECIFIED.);
#172=B_SPLINE_CURVE_WITH_KNOTS('',3,(#6463,#6464,#6465,#6466,#6467,#6468,
#6469,#6470,#6471,#6472,#6473,#6474,#6475,#6476,#6477),.UNSPECIFIED.,.F.,
 .F.,(4,1,1,1,1,1,1,1,1,1,1,1,4),(0.,0.122398745745914,0.162118493614488,
0.213396404306958,0.274069225821725,0.342865729220668,0.41892312005212,
0.501606217682581,0.590422109478791,0.68497384495421,0.784932830330335,
0.890021206733116,0.897750953219873),.UNSPECIFIED.);
#173=B_SPLINE_CURVE_WITH_KNOTS('',3,(#6478,#6479,#6480,#6481,#6482,#6483,
#6484,#6485,#6486,#6487,#6488,#6489,#6490,#6491,#6492),.UNSPECIFIED.,.F.,
 .F.,(4,1,1,1,1,1,1,1,1,1,1,1,4),(0.,0.122398745745914,0.162118493614488,
0.213396404306958,0.274069225821725,0.342865729220668,0.41892312005212,
0.501606217682581,0.590422109478791,0.68497384495421,0.784932830330335,
0.890021206733116,0.897750953219873),.UNSPECIFIED.);
#174=PLANE('',#3189);
#175=PLANE('',#3274);
#176=CIRCLE('',#3112,0.0153458333333333);
#177=CIRCLE('',#3113,0.0153458333333333);
#178=CIRCLE('',#3115,0.0153458333333333);
#179=CIRCLE('',#3116,0.0153458333333333);
#180=CIRCLE('',#3118,0.0153458333333333);
#181=CIRCLE('',#3119,0.0153458333333333);
#182=CIRCLE('',#3121,0.0153458333333333);
#183=CIRCLE('',#3122,0.0153458333333333);
#184=CIRCLE('',#3124,0.0153458333333333);
#185=CIRCLE('',#3125,0.0153458333333333);
#186=CIRCLE('',#3127,0.0153458333333333);
#187=CIRCLE('',#3128,0.0153458333333333);
#188=CIRCLE('',#3130,0.0153458333333333);
#189=CIRCLE('',#3131,0.0153458333333333);
#190=CIRCLE('',#3133,0.0153458333333333);
#191=CIRCLE('',#3134,0.0153458333333333);
#192=CIRCLE('',#3136,0.0153458333333333);
#193=CIRCLE('',#3137,0.0153458333333333);
#194=CIRCLE('',#3139,0.0153458333333333);
#195=CIRCLE('',#3140,0.0153458333333333);
#196=CIRCLE('',#3142,0.0153458333333333);
#197=CIRCLE('',#3143,0.0153458333333333);
#198=CIRCLE('',#3145,0.0153458333333333);
#199=CIRCLE('',#3146,0.0153458333333333);
#200=CIRCLE('',#3148,0.0153458333333333);
#201=CIRCLE('',#3149,0.0153458333333333);
#202=CIRCLE('',#3151,0.0153458333333333);
#203=CIRCLE('',#3152,0.0153458333333333);
#204=CIRCLE('',#3154,0.0153458333333333);
#205=CIRCLE('',#3155,0.0153458333333333);
#206=CIRCLE('',#3157,0.0153458333333333);
#207=CIRCLE('',#3158,0.0153458333333333);
#208=CIRCLE('',#3160,0.0153458333333333);
#209=CIRCLE('',#3161,0.0153458333333333);
#210=CIRCLE('',#3163,0.0153458333333333);
#211=CIRCLE('',#3164,0.0153458333333333);
#212=CIRCLE('',#3166,0.0153458333333333);
#213=CIRCLE('',#3167,0.0153458333333333);
#214=CIRCLE('',#3169,0.0153458333333333);
#215=CIRCLE('',#3170,0.0153458333333333);
#216=CIRCLE('',#3172,0.0153458333333333);
#217=CIRCLE('',#3173,0.0153458333333333);
#218=CIRCLE('',#3175,0.0153458333333333);
#219=CIRCLE('',#3176,0.0153458333333333);
#220=CIRCLE('',#3178,0.0153458333333333);
#221=CIRCLE('',#3179,0.0153458333333333);
#222=CIRCLE('',#3181,0.0153458333333333);
#223=CIRCLE('',#3182,0.0153458333333333);
#224=CIRCLE('',#3184,0.0153458333333333);
#225=CIRCLE('',#3185,0.0153458333333333);
#226=CIRCLE('',#3187,0.0153458333333333);
#227=CIRCLE('',#3188,0.0153458333333333);
#228=CIRCLE('',#3190,0.00039539373364495);
#229=CIRCLE('',#3191,0.00039539373364495);
#230=CIRCLE('',#3192,0.0129645833333342);
#231=CIRCLE('',#3193,0.00039539373364495);
#232=CIRCLE('',#3194,0.00039539373364495);
#233=CIRCLE('',#3195,0.0129645833333342);
#234=CIRCLE('',#3196,0.00039539373364495);
#235=CIRCLE('',#3197,0.00039539373364495);
#236=CIRCLE('',#3198,0.0129645833333342);
#237=CIRCLE('',#3199,0.00039539373364495);
#238=CIRCLE('',#3200,0.00039539373364495);
#239=CIRCLE('',#3201,0.0129645833333342);
#240=CIRCLE('',#3202,0.00039539373364495);
#241=CIRCLE('',#3203,0.00039539373364495);
#242=CIRCLE('',#3204,0.0129645833333342);
#243=CIRCLE('',#3205,0.00039539373364495);
#244=CIRCLE('',#3206,0.00039539373364495);
#245=CIRCLE('',#3207,0.0129645833333342);
#246=CIRCLE('',#3208,0.00039539373364495);
#247=CIRCLE('',#3209,0.00039539373364495);
#248=CIRCLE('',#3210,0.0129645833333342);
#249=CIRCLE('',#3211,0.00039539373364495);
#250=CIRCLE('',#3212,0.00039539373364495);
#251=CIRCLE('',#3213,0.0129645833333342);
#252=CIRCLE('',#3214,0.00039539373364495);
#253=CIRCLE('',#3215,0.00039539373364495);
#254=CIRCLE('',#3216,0.0129645833333342);
#255=CIRCLE('',#3217,0.00039539373364495);
#256=CIRCLE('',#3218,0.00039539373364495);
#257=CIRCLE('',#3219,0.0129645833333342);
#258=CIRCLE('',#3220,0.00039539373364495);
#259=CIRCLE('',#3221,0.00039539373364495);
#260=CIRCLE('',#3222,0.0129645833333342);
#261=CIRCLE('',#3223,0.00039539373364495);
#262=CIRCLE('',#3224,0.00039539373364495);
#263=CIRCLE('',#3225,0.0129645833333342);
#264=CIRCLE('',#3226,0.00039539373364495);
#265=CIRCLE('',#3227,0.00039539373364495);
#266=CIRCLE('',#3228,0.0129645833333342);
#267=CIRCLE('',#3229,0.00039539373364495);
#268=CIRCLE('',#3230,0.00039539373364495);
#269=CIRCLE('',#3231,0.0129645833333342);
#270=CIRCLE('',#3232,0.00039539373364495);
#271=CIRCLE('',#3233,0.00039539373364495);
#272=CIRCLE('',#3234,0.0129645833333342);
#273=CIRCLE('',#3235,0.00039539373364495);
#274=CIRCLE('',#3236,0.00039539373364495);
#275=CIRCLE('',#3237,0.0129645833333342);
#276=CIRCLE('',#3238,0.00039539373364495);
#277=CIRCLE('',#3239,0.00039539373364495);
#278=CIRCLE('',#3240,0.0129645833333342);
#279=CIRCLE('',#3241,0.00039539373364495);
#280=CIRCLE('',#3242,0.00039539373364495);
#281=CIRCLE('',#3243,0.0129645833333342);
#282=CIRCLE('',#3244,0.00039539373364495);
#283=CIRCLE('',#3245,0.00039539373364495);
#284=CIRCLE('',#3246,0.0129645833333342);
#285=CIRCLE('',#3247,0.00039539373364495);
#286=CIRCLE('',#3248,0.00039539373364495);
#287=CIRCLE('',#3249,0.0129645833333342);
#288=CIRCLE('',#3250,0.00039539373364495);
#289=CIRCLE('',#3251,0.00039539373364495);
#290=CIRCLE('',#3252,0.0129645833333342);
#291=CIRCLE('',#3253,0.00039539373364495);
#292=CIRCLE('',#3254,0.00039539373364495);
#293=CIRCLE('',#3255,0.0129645833333342);
#294=CIRCLE('',#3256,0.00039539373364495);
#295=CIRCLE('',#3257,0.00039539373364495);
#296=CIRCLE('',#3258,0.0129645833333342);
#297=CIRCLE('',#3259,0.00039539373364495);
#298=CIRCLE('',#3260,0.0153458333333333);
#299=CIRCLE('',#3261,0.00039539373364495);
#300=CIRCLE('',#3262,0.0129645833333342);
#301=CIRCLE('',#3263,0.00039539373364495);
#302=CIRCLE('',#3264,0.00039539373364495);
#303=CIRCLE('',#3265,0.0129645833333342);
#304=CIRCLE('',#3266,0.00039539373364495);
#305=CIRCLE('',#3267,0.00039539373364495);
#306=CIRCLE('',#3268,0.0129645833333342);
#307=CIRCLE('',#3269,0.00039539373364495);
#308=CIRCLE('',#3270,0.00039539373364495);
#309=CIRCLE('',#3271,0.0129645833333342);
#310=CIRCLE('',#3273,0.0153458333333333);
#311=CIRCLE('',#3275,0.00039539373364495);
#312=CIRCLE('',#3276,0.00039539373364495);
#313=CIRCLE('',#3277,0.0129645833333342);
#314=CIRCLE('',#3278,0.00039539373364495);
#315=CIRCLE('',#3279,0.00039539373364495);
#316=CIRCLE('',#3280,0.0129645833333342);
#317=CIRCLE('',#3281,0.00039539373364495);
#318=CIRCLE('',#3282,0.00039539373364495);
#319=CIRCLE('',#3283,0.0129645833333342);
#320=CIRCLE('',#3284,0.00039539373364495);
#321=CIRCLE('',#3285,0.00039539373364495);
#322=CIRCLE('',#3286,0.0129645833333342);
#323=CIRCLE('',#3287,0.00039539373364495);
#324=CIRCLE('',#3288,0.00039539373364495);
#325=CIRCLE('',#3289,0.0129645833333342);
#326=CIRCLE('',#3290,0.00039539373364495);
#327=CIRCLE('',#3291,0.00039539373364495);
#328=CIRCLE('',#3292,0.0129645833333342);
#329=CIRCLE('',#3293,0.00039539373364495);
#330=CIRCLE('',#3294,0.00039539373364495);
#331=CIRCLE('',#3295,0.0129645833333342);
#332=CIRCLE('',#3296,0.00039539373364495);
#333=CIRCLE('',#3297,0.00039539373364495);
#334=CIRCLE('',#3298,0.0129645833333342);
#335=CIRCLE('',#3299,0.00039539373364495);
#336=CIRCLE('',#3300,0.00039539373364495);
#337=CIRCLE('',#3301,0.0129645833333342);
#338=CIRCLE('',#3302,0.00039539373364495);
#339=CIRCLE('',#3303,0.00039539373364495);
#340=CIRCLE('',#3304,0.0129645833333342);
#341=CIRCLE('',#3305,0.00039539373364495);
#342=CIRCLE('',#3306,0.00039539373364495);
#343=CIRCLE('',#3307,0.0129645833333342);
#344=CIRCLE('',#3308,0.00039539373364495);
#345=CIRCLE('',#3309,0.00039539373364495);
#346=CIRCLE('',#3310,0.0129645833333342);
#347=CIRCLE('',#3311,0.00039539373364495);
#348=CIRCLE('',#3312,0.00039539373364495);
#349=CIRCLE('',#3313,0.0129645833333342);
#350=CIRCLE('',#3314,0.00039539373364495);
#351=CIRCLE('',#3315,0.00039539373364495);
#352=CIRCLE('',#3316,0.0129645833333342);
#353=CIRCLE('',#3317,0.00039539373364495);
#354=CIRCLE('',#3318,0.00039539373364495);
#355=CIRCLE('',#3319,0.0129645833333342);
#356=CIRCLE('',#3320,0.00039539373364495);
#357=CIRCLE('',#3321,0.00039539373364495);
#358=CIRCLE('',#3322,0.0129645833333342);
#359=CIRCLE('',#3323,0.00039539373364495);
#360=CIRCLE('',#3324,0.00039539373364495);
#361=CIRCLE('',#3325,0.0129645833333342);
#362=CIRCLE('',#3326,0.00039539373364495);
#363=CIRCLE('',#3327,0.00039539373364495);
#364=CIRCLE('',#3328,0.0129645833333342);
#365=CIRCLE('',#3329,0.00039539373364495);
#366=CIRCLE('',#3330,0.00039539373364495);
#367=CIRCLE('',#3331,0.0129645833333342);
#368=CIRCLE('',#3332,0.00039539373364495);
#369=CIRCLE('',#3333,0.00039539373364495);
#370=CIRCLE('',#3334,0.0129645833333342);
#371=CIRCLE('',#3335,0.00039539373364495);
#372=CIRCLE('',#3336,0.00039539373364495);
#373=CIRCLE('',#3337,0.0129645833333342);
#374=CIRCLE('',#3338,0.00039539373364495);
#375=CIRCLE('',#3339,0.00039539373364495);
#376=CIRCLE('',#3340,0.0129645833333342);
#377=CIRCLE('',#3341,0.00039539373364495);
#378=CIRCLE('',#3342,0.00039539373364495);
#379=CIRCLE('',#3343,0.0129645833333342);
#380=CIRCLE('',#3344,0.00039539373364495);
#381=CIRCLE('',#3345,0.00039539373364495);
#382=CIRCLE('',#3346,0.0129645833333342);
#383=CIRCLE('',#3347,0.00039539373364495);
#384=CIRCLE('',#3348,0.00039539373364495);
#385=CIRCLE('',#3349,0.0129645833333342);
#386=CIRCLE('',#3350,0.00039539373364495);
#387=CIRCLE('',#3351,0.00039539373364495);
#388=CIRCLE('',#3352,0.0129645833333342);
#389=CIRCLE('',#3353,0.00039539373364495);
#390=CIRCLE('',#3354,0.00039539373364495);
#391=CIRCLE('',#3355,0.0129645833333342);
#392=ORIENTED_EDGE('',*,*,#1364,.F.);
#393=ORIENTED_EDGE('',*,*,#1365,.F.);
#394=ORIENTED_EDGE('',*,*,#1366,.T.);
#395=ORIENTED_EDGE('',*,*,#1367,.T.);
#396=ORIENTED_EDGE('',*,*,#1368,.F.);
#397=ORIENTED_EDGE('',*,*,#1369,.T.);
#398=ORIENTED_EDGE('',*,*,#1370,.T.);
#399=ORIENTED_EDGE('',*,*,#1371,.F.);
#400=ORIENTED_EDGE('',*,*,#1372,.F.);
#401=ORIENTED_EDGE('',*,*,#1373,.F.);
#402=ORIENTED_EDGE('',*,*,#1374,.T.);
#403=ORIENTED_EDGE('',*,*,#1375,.T.);
#404=ORIENTED_EDGE('',*,*,#1376,.F.);
#405=ORIENTED_EDGE('',*,*,#1377,.F.);
#406=ORIENTED_EDGE('',*,*,#1378,.T.);
#407=ORIENTED_EDGE('',*,*,#1379,.T.);
#408=ORIENTED_EDGE('',*,*,#1380,.F.);
#409=ORIENTED_EDGE('',*,*,#1381,.T.);
#410=ORIENTED_EDGE('',*,*,#1382,.T.);
#411=ORIENTED_EDGE('',*,*,#1383,.F.);
#412=ORIENTED_EDGE('',*,*,#1384,.F.);
#413=ORIENTED_EDGE('',*,*,#1385,.T.);
#414=ORIENTED_EDGE('',*,*,#1386,.T.);
#415=ORIENTED_EDGE('',*,*,#1387,.F.);
#416=ORIENTED_EDGE('',*,*,#1388,.F.);
#417=ORIENTED_EDGE('',*,*,#1389,.T.);
#418=ORIENTED_EDGE('',*,*,#1390,.T.);
#419=ORIENTED_EDGE('',*,*,#1391,.F.);
#420=ORIENTED_EDGE('',*,*,#1392,.F.);
#421=ORIENTED_EDGE('',*,*,#1393,.T.);
#422=ORIENTED_EDGE('',*,*,#1394,.T.);
#423=ORIENTED_EDGE('',*,*,#1395,.F.);
#424=ORIENTED_EDGE('',*,*,#1396,.F.);
#425=ORIENTED_EDGE('',*,*,#1397,.F.);
#426=ORIENTED_EDGE('',*,*,#1398,.T.);
#427=ORIENTED_EDGE('',*,*,#1399,.T.);
#428=ORIENTED_EDGE('',*,*,#1400,.F.);
#429=ORIENTED_EDGE('',*,*,#1401,.F.);
#430=ORIENTED_EDGE('',*,*,#1402,.T.);
#431=ORIENTED_EDGE('',*,*,#1403,.T.);
#432=ORIENTED_EDGE('',*,*,#1404,.F.);
#433=ORIENTED_EDGE('',*,*,#1405,.T.);
#434=ORIENTED_EDGE('',*,*,#1406,.T.);
#435=ORIENTED_EDGE('',*,*,#1407,.F.);
#436=ORIENTED_EDGE('',*,*,#1408,.F.);
#437=ORIENTED_EDGE('',*,*,#1409,.T.);
#438=ORIENTED_EDGE('',*,*,#1410,.T.);
#439=ORIENTED_EDGE('',*,*,#1411,.F.);
#440=ORIENTED_EDGE('',*,*,#1412,.F.);
#441=ORIENTED_EDGE('',*,*,#1413,.T.);
#442=ORIENTED_EDGE('',*,*,#1414,.T.);
#443=ORIENTED_EDGE('',*,*,#1415,.F.);
#444=ORIENTED_EDGE('',*,*,#1416,.F.);
#445=ORIENTED_EDGE('',*,*,#1417,.T.);
#446=ORIENTED_EDGE('',*,*,#1418,.T.);
#447=ORIENTED_EDGE('',*,*,#1419,.F.);
#448=ORIENTED_EDGE('',*,*,#1420,.F.);
#449=ORIENTED_EDGE('',*,*,#1421,.T.);
#450=ORIENTED_EDGE('',*,*,#1422,.T.);
#451=ORIENTED_EDGE('',*,*,#1423,.F.);
#452=ORIENTED_EDGE('',*,*,#1424,.F.);
#453=ORIENTED_EDGE('',*,*,#1425,.T.);
#454=ORIENTED_EDGE('',*,*,#1426,.T.);
#455=ORIENTED_EDGE('',*,*,#1427,.F.);
#456=ORIENTED_EDGE('',*,*,#1428,.F.);
#457=ORIENTED_EDGE('',*,*,#1429,.F.);
#458=ORIENTED_EDGE('',*,*,#1430,.T.);
#459=ORIENTED_EDGE('',*,*,#1431,.T.);
#460=ORIENTED_EDGE('',*,*,#1432,.F.);
#461=ORIENTED_EDGE('',*,*,#1433,.F.);
#462=ORIENTED_EDGE('',*,*,#1434,.T.);
#463=ORIENTED_EDGE('',*,*,#1435,.T.);
#464=ORIENTED_EDGE('',*,*,#1436,.F.);
#465=ORIENTED_EDGE('',*,*,#1437,.F.);
#466=ORIENTED_EDGE('',*,*,#1438,.T.);
#467=ORIENTED_EDGE('',*,*,#1439,.T.);
#468=ORIENTED_EDGE('',*,*,#1440,.F.);
#469=ORIENTED_EDGE('',*,*,#1441,.T.);
#470=ORIENTED_EDGE('',*,*,#1442,.T.);
#471=ORIENTED_EDGE('',*,*,#1443,.F.);
#472=ORIENTED_EDGE('',*,*,#1444,.F.);
#473=ORIENTED_EDGE('',*,*,#1445,.F.);
#474=ORIENTED_EDGE('',*,*,#1446,.T.);
#475=ORIENTED_EDGE('',*,*,#1447,.T.);
#476=ORIENTED_EDGE('',*,*,#1448,.F.);
#477=ORIENTED_EDGE('',*,*,#1449,.F.);
#478=ORIENTED_EDGE('',*,*,#1450,.T.);
#479=ORIENTED_EDGE('',*,*,#1451,.T.);
#480=ORIENTED_EDGE('',*,*,#1452,.F.);
#481=ORIENTED_EDGE('',*,*,#1453,.F.);
#482=ORIENTED_EDGE('',*,*,#1454,.T.);
#483=ORIENTED_EDGE('',*,*,#1455,.T.);
#484=ORIENTED_EDGE('',*,*,#1456,.F.);
#485=ORIENTED_EDGE('',*,*,#1457,.F.);
#486=ORIENTED_EDGE('',*,*,#1458,.T.);
#487=ORIENTED_EDGE('',*,*,#1459,.T.);
#488=ORIENTED_EDGE('',*,*,#1460,.F.);
#489=ORIENTED_EDGE('',*,*,#1461,.T.);
#490=ORIENTED_EDGE('',*,*,#1462,.T.);
#491=ORIENTED_EDGE('',*,*,#1463,.F.);
#492=ORIENTED_EDGE('',*,*,#1464,.F.);
#493=ORIENTED_EDGE('',*,*,#1465,.T.);
#494=ORIENTED_EDGE('',*,*,#1466,.T.);
#495=ORIENTED_EDGE('',*,*,#1467,.F.);
#496=ORIENTED_EDGE('',*,*,#1468,.F.);
#497=ORIENTED_EDGE('',*,*,#1469,.T.);
#498=ORIENTED_EDGE('',*,*,#1368,.T.);
#499=ORIENTED_EDGE('',*,*,#1470,.F.);
#500=ORIENTED_EDGE('',*,*,#1471,.F.);
#501=ORIENTED_EDGE('',*,*,#1472,.T.);
#502=ORIENTED_EDGE('',*,*,#1473,.F.);
#503=ORIENTED_EDGE('',*,*,#1474,.T.);
#504=ORIENTED_EDGE('',*,*,#1380,.T.);
#505=ORIENTED_EDGE('',*,*,#1475,.F.);
#506=ORIENTED_EDGE('',*,*,#1476,.F.);
#507=ORIENTED_EDGE('',*,*,#1477,.T.);
#508=ORIENTED_EDGE('',*,*,#1478,.F.);
#509=ORIENTED_EDGE('',*,*,#1479,.T.);
#510=ORIENTED_EDGE('',*,*,#1384,.T.);
#511=ORIENTED_EDGE('',*,*,#1480,.F.);
#512=ORIENTED_EDGE('',*,*,#1481,.F.);
#513=ORIENTED_EDGE('',*,*,#1482,.T.);
#514=ORIENTED_EDGE('',*,*,#1483,.F.);
#515=ORIENTED_EDGE('',*,*,#1484,.T.);
#516=ORIENTED_EDGE('',*,*,#1388,.T.);
#517=ORIENTED_EDGE('',*,*,#1485,.F.);
#518=ORIENTED_EDGE('',*,*,#1486,.F.);
#519=ORIENTED_EDGE('',*,*,#1487,.T.);
#520=ORIENTED_EDGE('',*,*,#1488,.F.);
#521=ORIENTED_EDGE('',*,*,#1489,.T.);
#522=ORIENTED_EDGE('',*,*,#1392,.T.);
#523=ORIENTED_EDGE('',*,*,#1490,.F.);
#524=ORIENTED_EDGE('',*,*,#1491,.F.);
#525=ORIENTED_EDGE('',*,*,#1492,.T.);
#526=ORIENTED_EDGE('',*,*,#1493,.F.);
#527=ORIENTED_EDGE('',*,*,#1494,.T.);
#528=ORIENTED_EDGE('',*,*,#1404,.T.);
#529=ORIENTED_EDGE('',*,*,#1495,.F.);
#530=ORIENTED_EDGE('',*,*,#1496,.F.);
#531=ORIENTED_EDGE('',*,*,#1497,.T.);
#532=ORIENTED_EDGE('',*,*,#1498,.F.);
#533=ORIENTED_EDGE('',*,*,#1499,.T.);
#534=ORIENTED_EDGE('',*,*,#1408,.T.);
#535=ORIENTED_EDGE('',*,*,#1500,.F.);
#536=ORIENTED_EDGE('',*,*,#1501,.F.);
#537=ORIENTED_EDGE('',*,*,#1502,.T.);
#538=ORIENTED_EDGE('',*,*,#1503,.F.);
#539=ORIENTED_EDGE('',*,*,#1504,.T.);
#540=ORIENTED_EDGE('',*,*,#1401,.T.);
#541=ORIENTED_EDGE('',*,*,#1505,.F.);
#542=ORIENTED_EDGE('',*,*,#1506,.F.);
#543=ORIENTED_EDGE('',*,*,#1507,.T.);
#544=ORIENTED_EDGE('',*,*,#1508,.F.);
#545=ORIENTED_EDGE('',*,*,#1509,.T.);
#546=ORIENTED_EDGE('',*,*,#1397,.T.);
#547=ORIENTED_EDGE('',*,*,#1510,.F.);
#548=ORIENTED_EDGE('',*,*,#1511,.F.);
#549=ORIENTED_EDGE('',*,*,#1512,.T.);
#550=ORIENTED_EDGE('',*,*,#1513,.F.);
#551=ORIENTED_EDGE('',*,*,#1514,.T.);
#552=ORIENTED_EDGE('',*,*,#1412,.T.);
#553=ORIENTED_EDGE('',*,*,#1515,.F.);
#554=ORIENTED_EDGE('',*,*,#1516,.F.);
#555=ORIENTED_EDGE('',*,*,#1517,.T.);
#556=ORIENTED_EDGE('',*,*,#1518,.F.);
#557=ORIENTED_EDGE('',*,*,#1519,.T.);
#558=ORIENTED_EDGE('',*,*,#1416,.T.);
#559=ORIENTED_EDGE('',*,*,#1520,.F.);
#560=ORIENTED_EDGE('',*,*,#1521,.F.);
#561=ORIENTED_EDGE('',*,*,#1522,.T.);
#562=ORIENTED_EDGE('',*,*,#1523,.F.);
#563=ORIENTED_EDGE('',*,*,#1524,.T.);
#564=ORIENTED_EDGE('',*,*,#1420,.T.);
#565=ORIENTED_EDGE('',*,*,#1525,.F.);
#566=ORIENTED_EDGE('',*,*,#1526,.F.);
#567=ORIENTED_EDGE('',*,*,#1527,.T.);
#568=ORIENTED_EDGE('',*,*,#1528,.F.);
#569=ORIENTED_EDGE('',*,*,#1529,.T.);
#570=ORIENTED_EDGE('',*,*,#1424,.T.);
#571=ORIENTED_EDGE('',*,*,#1530,.F.);
#572=ORIENTED_EDGE('',*,*,#1531,.F.);
#573=ORIENTED_EDGE('',*,*,#1532,.T.);
#574=ORIENTED_EDGE('',*,*,#1533,.F.);
#575=ORIENTED_EDGE('',*,*,#1534,.T.);
#576=ORIENTED_EDGE('',*,*,#1460,.T.);
#577=ORIENTED_EDGE('',*,*,#1535,.F.);
#578=ORIENTED_EDGE('',*,*,#1536,.F.);
#579=ORIENTED_EDGE('',*,*,#1537,.T.);
#580=ORIENTED_EDGE('',*,*,#1538,.F.);
#581=ORIENTED_EDGE('',*,*,#1539,.T.);
#582=ORIENTED_EDGE('',*,*,#1464,.T.);
#583=ORIENTED_EDGE('',*,*,#1540,.F.);
#584=ORIENTED_EDGE('',*,*,#1541,.F.);
#585=ORIENTED_EDGE('',*,*,#1542,.T.);
#586=ORIENTED_EDGE('',*,*,#1543,.F.);
#587=ORIENTED_EDGE('',*,*,#1544,.T.);
#588=ORIENTED_EDGE('',*,*,#1457,.T.);
#589=ORIENTED_EDGE('',*,*,#1545,.F.);
#590=ORIENTED_EDGE('',*,*,#1546,.F.);
#591=ORIENTED_EDGE('',*,*,#1547,.T.);
#592=ORIENTED_EDGE('',*,*,#1548,.F.);
#593=ORIENTED_EDGE('',*,*,#1549,.T.);
#594=ORIENTED_EDGE('',*,*,#1453,.T.);
#595=ORIENTED_EDGE('',*,*,#1550,.F.);
#596=ORIENTED_EDGE('',*,*,#1551,.F.);
#597=ORIENTED_EDGE('',*,*,#1552,.T.);
#598=ORIENTED_EDGE('',*,*,#1553,.F.);
#599=ORIENTED_EDGE('',*,*,#1554,.T.);
#600=ORIENTED_EDGE('',*,*,#1449,.T.);
#601=ORIENTED_EDGE('',*,*,#1555,.F.);
#602=ORIENTED_EDGE('',*,*,#1556,.F.);
#603=ORIENTED_EDGE('',*,*,#1557,.T.);
#604=ORIENTED_EDGE('',*,*,#1558,.F.);
#605=ORIENTED_EDGE('',*,*,#1559,.T.);
#606=ORIENTED_EDGE('',*,*,#1445,.T.);
#607=ORIENTED_EDGE('',*,*,#1560,.F.);
#608=ORIENTED_EDGE('',*,*,#1561,.F.);
#609=ORIENTED_EDGE('',*,*,#1562,.T.);
#610=ORIENTED_EDGE('',*,*,#1563,.F.);
#611=ORIENTED_EDGE('',*,*,#1564,.T.);
#612=ORIENTED_EDGE('',*,*,#1437,.T.);
#613=ORIENTED_EDGE('',*,*,#1565,.F.);
#614=ORIENTED_EDGE('',*,*,#1566,.F.);
#615=ORIENTED_EDGE('',*,*,#1567,.T.);
#616=ORIENTED_EDGE('',*,*,#1568,.F.);
#617=ORIENTED_EDGE('',*,*,#1569,.T.);
#618=ORIENTED_EDGE('',*,*,#1440,.T.);
#619=ORIENTED_EDGE('',*,*,#1570,.F.);
#620=ORIENTED_EDGE('',*,*,#1571,.F.);
#621=ORIENTED_EDGE('',*,*,#1572,.T.);
#622=ORIENTED_EDGE('',*,*,#1573,.F.);
#623=ORIENTED_EDGE('',*,*,#1574,.T.);
#624=ORIENTED_EDGE('',*,*,#1433,.T.);
#625=ORIENTED_EDGE('',*,*,#1575,.F.);
#626=ORIENTED_EDGE('',*,*,#1576,.F.);
#627=ORIENTED_EDGE('',*,*,#1577,.T.);
#628=ORIENTED_EDGE('',*,*,#1578,.F.);
#629=ORIENTED_EDGE('',*,*,#1579,.T.);
#630=ORIENTED_EDGE('',*,*,#1429,.T.);
#631=ORIENTED_EDGE('',*,*,#1580,.F.);
#632=ORIENTED_EDGE('',*,*,#1581,.F.);
#633=ORIENTED_EDGE('',*,*,#1582,.T.);
#634=ORIENTED_EDGE('',*,*,#1583,.F.);
#635=ORIENTED_EDGE('',*,*,#1584,.T.);
#636=ORIENTED_EDGE('',*,*,#1585,.T.);
#637=ORIENTED_EDGE('',*,*,#1586,.F.);
#638=ORIENTED_EDGE('',*,*,#1587,.F.);
#639=ORIENTED_EDGE('',*,*,#1588,.T.);
#640=ORIENTED_EDGE('',*,*,#1589,.F.);
#641=ORIENTED_EDGE('',*,*,#1590,.T.);
#642=ORIENTED_EDGE('',*,*,#1377,.T.);
#643=ORIENTED_EDGE('',*,*,#1591,.F.);
#644=ORIENTED_EDGE('',*,*,#1592,.F.);
#645=ORIENTED_EDGE('',*,*,#1593,.T.);
#646=ORIENTED_EDGE('',*,*,#1594,.F.);
#647=ORIENTED_EDGE('',*,*,#1595,.T.);
#648=ORIENTED_EDGE('',*,*,#1373,.T.);
#649=ORIENTED_EDGE('',*,*,#1596,.F.);
#650=ORIENTED_EDGE('',*,*,#1597,.F.);
#651=ORIENTED_EDGE('',*,*,#1598,.T.);
#652=ORIENTED_EDGE('',*,*,#1599,.F.);
#653=ORIENTED_EDGE('',*,*,#1600,.T.);
#654=ORIENTED_EDGE('',*,*,#1365,.T.);
#655=ORIENTED_EDGE('',*,*,#1601,.F.);
#656=ORIENTED_EDGE('',*,*,#1602,.F.);
#657=ORIENTED_EDGE('',*,*,#1603,.T.);
#658=ORIENTED_EDGE('',*,*,#1585,.F.);
#659=ORIENTED_EDGE('',*,*,#1604,.T.);
#660=ORIENTED_EDGE('',*,*,#1605,.T.);
#661=ORIENTED_EDGE('',*,*,#1606,.F.);
#662=ORIENTED_EDGE('',*,*,#1607,.F.);
#663=ORIENTED_EDGE('',*,*,#1608,.T.);
#664=ORIENTED_EDGE('',*,*,#1367,.F.);
#665=ORIENTED_EDGE('',*,*,#1609,.F.);
#666=ORIENTED_EDGE('',*,*,#1610,.F.);
#667=ORIENTED_EDGE('',*,*,#1611,.F.);
#668=ORIENTED_EDGE('',*,*,#1612,.F.);
#669=ORIENTED_EDGE('',*,*,#1613,.T.);
#670=ORIENTED_EDGE('',*,*,#1375,.F.);
#671=ORIENTED_EDGE('',*,*,#1614,.F.);
#672=ORIENTED_EDGE('',*,*,#1615,.F.);
#673=ORIENTED_EDGE('',*,*,#1616,.F.);
#674=ORIENTED_EDGE('',*,*,#1617,.F.);
#675=ORIENTED_EDGE('',*,*,#1618,.T.);
#676=ORIENTED_EDGE('',*,*,#1379,.F.);
#677=ORIENTED_EDGE('',*,*,#1619,.F.);
#678=ORIENTED_EDGE('',*,*,#1620,.F.);
#679=ORIENTED_EDGE('',*,*,#1621,.F.);
#680=ORIENTED_EDGE('',*,*,#1622,.F.);
#681=ORIENTED_EDGE('',*,*,#1623,.T.);
#682=ORIENTED_EDGE('',*,*,#1605,.F.);
#683=ORIENTED_EDGE('',*,*,#1624,.F.);
#684=ORIENTED_EDGE('',*,*,#1625,.F.);
#685=ORIENTED_EDGE('',*,*,#1626,.F.);
#686=ORIENTED_EDGE('',*,*,#1627,.F.);
#687=ORIENTED_EDGE('',*,*,#1628,.T.);
#688=ORIENTED_EDGE('',*,*,#1431,.F.);
#689=ORIENTED_EDGE('',*,*,#1629,.F.);
#690=ORIENTED_EDGE('',*,*,#1630,.F.);
#691=ORIENTED_EDGE('',*,*,#1631,.F.);
#692=ORIENTED_EDGE('',*,*,#1632,.F.);
#693=ORIENTED_EDGE('',*,*,#1633,.T.);
#694=ORIENTED_EDGE('',*,*,#1435,.F.);
#695=ORIENTED_EDGE('',*,*,#1634,.F.);
#696=ORIENTED_EDGE('',*,*,#1635,.F.);
#697=ORIENTED_EDGE('',*,*,#1636,.F.);
#698=ORIENTED_EDGE('',*,*,#1637,.F.);
#699=ORIENTED_EDGE('',*,*,#1638,.T.);
#700=ORIENTED_EDGE('',*,*,#1442,.F.);
#701=ORIENTED_EDGE('',*,*,#1639,.F.);
#702=ORIENTED_EDGE('',*,*,#1640,.F.);
#703=ORIENTED_EDGE('',*,*,#1641,.F.);
#704=ORIENTED_EDGE('',*,*,#1642,.F.);
#705=ORIENTED_EDGE('',*,*,#1643,.T.);
#706=ORIENTED_EDGE('',*,*,#1439,.F.);
#707=ORIENTED_EDGE('',*,*,#1644,.F.);
#708=ORIENTED_EDGE('',*,*,#1645,.F.);
#709=ORIENTED_EDGE('',*,*,#1646,.F.);
#710=ORIENTED_EDGE('',*,*,#1647,.F.);
#711=ORIENTED_EDGE('',*,*,#1648,.T.);
#712=ORIENTED_EDGE('',*,*,#1447,.F.);
#713=ORIENTED_EDGE('',*,*,#1649,.F.);
#714=ORIENTED_EDGE('',*,*,#1650,.F.);
#715=ORIENTED_EDGE('',*,*,#1651,.F.);
#716=ORIENTED_EDGE('',*,*,#1652,.F.);
#717=ORIENTED_EDGE('',*,*,#1653,.T.);
#718=ORIENTED_EDGE('',*,*,#1451,.F.);
#719=ORIENTED_EDGE('',*,*,#1654,.F.);
#720=ORIENTED_EDGE('',*,*,#1655,.F.);
#721=ORIENTED_EDGE('',*,*,#1656,.F.);
#722=ORIENTED_EDGE('',*,*,#1657,.F.);
#723=ORIENTED_EDGE('',*,*,#1658,.T.);
#724=ORIENTED_EDGE('',*,*,#1455,.F.);
#725=ORIENTED_EDGE('',*,*,#1659,.F.);
#726=ORIENTED_EDGE('',*,*,#1660,.F.);
#727=ORIENTED_EDGE('',*,*,#1661,.F.);
#728=ORIENTED_EDGE('',*,*,#1662,.F.);
#729=ORIENTED_EDGE('',*,*,#1663,.T.);
#730=ORIENTED_EDGE('',*,*,#1459,.F.);
#731=ORIENTED_EDGE('',*,*,#1664,.F.);
#732=ORIENTED_EDGE('',*,*,#1665,.F.);
#733=ORIENTED_EDGE('',*,*,#1666,.F.);
#734=ORIENTED_EDGE('',*,*,#1667,.F.);
#735=ORIENTED_EDGE('',*,*,#1668,.T.);
#736=ORIENTED_EDGE('',*,*,#1466,.F.);
#737=ORIENTED_EDGE('',*,*,#1669,.F.);
#738=ORIENTED_EDGE('',*,*,#1670,.F.);
#739=ORIENTED_EDGE('',*,*,#1671,.F.);
#740=ORIENTED_EDGE('',*,*,#1672,.F.);
#741=ORIENTED_EDGE('',*,*,#1673,.T.);
#742=ORIENTED_EDGE('',*,*,#1462,.F.);
#743=ORIENTED_EDGE('',*,*,#1674,.F.);
#744=ORIENTED_EDGE('',*,*,#1675,.F.);
#745=ORIENTED_EDGE('',*,*,#1676,.F.);
#746=ORIENTED_EDGE('',*,*,#1677,.F.);
#747=ORIENTED_EDGE('',*,*,#1678,.T.);
#748=ORIENTED_EDGE('',*,*,#1426,.F.);
#749=ORIENTED_EDGE('',*,*,#1679,.F.);
#750=ORIENTED_EDGE('',*,*,#1680,.F.);
#751=ORIENTED_EDGE('',*,*,#1681,.F.);
#752=ORIENTED_EDGE('',*,*,#1682,.F.);
#753=ORIENTED_EDGE('',*,*,#1683,.T.);
#754=ORIENTED_EDGE('',*,*,#1422,.F.);
#755=ORIENTED_EDGE('',*,*,#1684,.F.);
#756=ORIENTED_EDGE('',*,*,#1685,.F.);
#757=ORIENTED_EDGE('',*,*,#1686,.F.);
#758=ORIENTED_EDGE('',*,*,#1687,.F.);
#759=ORIENTED_EDGE('',*,*,#1688,.T.);
#760=ORIENTED_EDGE('',*,*,#1418,.F.);
#761=ORIENTED_EDGE('',*,*,#1689,.F.);
#762=ORIENTED_EDGE('',*,*,#1690,.F.);
#763=ORIENTED_EDGE('',*,*,#1691,.F.);
#764=ORIENTED_EDGE('',*,*,#1692,.F.);
#765=ORIENTED_EDGE('',*,*,#1693,.T.);
#766=ORIENTED_EDGE('',*,*,#1414,.F.);
#767=ORIENTED_EDGE('',*,*,#1694,.F.);
#768=ORIENTED_EDGE('',*,*,#1695,.F.);
#769=ORIENTED_EDGE('',*,*,#1696,.F.);
#770=ORIENTED_EDGE('',*,*,#1697,.F.);
#771=ORIENTED_EDGE('',*,*,#1698,.T.);
#772=ORIENTED_EDGE('',*,*,#1399,.F.);
#773=ORIENTED_EDGE('',*,*,#1699,.F.);
#774=ORIENTED_EDGE('',*,*,#1700,.F.);
#775=ORIENTED_EDGE('',*,*,#1701,.F.);
#776=ORIENTED_EDGE('',*,*,#1702,.F.);
#777=ORIENTED_EDGE('',*,*,#1703,.T.);
#778=ORIENTED_EDGE('',*,*,#1403,.F.);
#779=ORIENTED_EDGE('',*,*,#1704,.F.);
#780=ORIENTED_EDGE('',*,*,#1705,.F.);
#781=ORIENTED_EDGE('',*,*,#1706,.F.);
#782=ORIENTED_EDGE('',*,*,#1707,.F.);
#783=ORIENTED_EDGE('',*,*,#1708,.T.);
#784=ORIENTED_EDGE('',*,*,#1410,.F.);
#785=ORIENTED_EDGE('',*,*,#1709,.F.);
#786=ORIENTED_EDGE('',*,*,#1710,.F.);
#787=ORIENTED_EDGE('',*,*,#1711,.F.);
#788=ORIENTED_EDGE('',*,*,#1712,.F.);
#789=ORIENTED_EDGE('',*,*,#1713,.T.);
#790=ORIENTED_EDGE('',*,*,#1406,.F.);
#791=ORIENTED_EDGE('',*,*,#1714,.F.);
#792=ORIENTED_EDGE('',*,*,#1715,.F.);
#793=ORIENTED_EDGE('',*,*,#1716,.F.);
#794=ORIENTED_EDGE('',*,*,#1717,.F.);
#795=ORIENTED_EDGE('',*,*,#1718,.T.);
#796=ORIENTED_EDGE('',*,*,#1394,.F.);
#797=ORIENTED_EDGE('',*,*,#1719,.F.);
#798=ORIENTED_EDGE('',*,*,#1720,.F.);
#799=ORIENTED_EDGE('',*,*,#1721,.F.);
#800=ORIENTED_EDGE('',*,*,#1722,.F.);
#801=ORIENTED_EDGE('',*,*,#1723,.T.);
#802=ORIENTED_EDGE('',*,*,#1390,.F.);
#803=ORIENTED_EDGE('',*,*,#1724,.F.);
#804=ORIENTED_EDGE('',*,*,#1725,.F.);
#805=ORIENTED_EDGE('',*,*,#1726,.F.);
#806=ORIENTED_EDGE('',*,*,#1727,.F.);
#807=ORIENTED_EDGE('',*,*,#1728,.T.);
#808=ORIENTED_EDGE('',*,*,#1386,.F.);
#809=ORIENTED_EDGE('',*,*,#1729,.F.);
#810=ORIENTED_EDGE('',*,*,#1730,.F.);
#811=ORIENTED_EDGE('',*,*,#1731,.F.);
#812=ORIENTED_EDGE('',*,*,#1732,.F.);
#813=ORIENTED_EDGE('',*,*,#1733,.T.);
#814=ORIENTED_EDGE('',*,*,#1382,.F.);
#815=ORIENTED_EDGE('',*,*,#1734,.F.);
#816=ORIENTED_EDGE('',*,*,#1735,.F.);
#817=ORIENTED_EDGE('',*,*,#1736,.F.);
#818=ORIENTED_EDGE('',*,*,#1737,.F.);
#819=ORIENTED_EDGE('',*,*,#1738,.T.);
#820=ORIENTED_EDGE('',*,*,#1370,.F.);
#821=ORIENTED_EDGE('',*,*,#1739,.F.);
#822=ORIENTED_EDGE('',*,*,#1740,.F.);
#823=ORIENTED_EDGE('',*,*,#1741,.F.);
#824=ORIENTED_EDGE('',*,*,#1619,.T.);
#825=ORIENTED_EDGE('',*,*,#1378,.F.);
#826=ORIENTED_EDGE('',*,*,#1590,.F.);
#827=ORIENTED_EDGE('',*,*,#1742,.F.);
#828=ORIENTED_EDGE('',*,*,#1588,.F.);
#829=ORIENTED_EDGE('',*,*,#1743,.F.);
#830=ORIENTED_EDGE('',*,*,#1621,.T.);
#831=ORIENTED_EDGE('',*,*,#1744,.F.);
#832=ORIENTED_EDGE('',*,*,#1586,.T.);
#833=ORIENTED_EDGE('',*,*,#1606,.T.);
#834=ORIENTED_EDGE('',*,*,#1623,.F.);
#835=ORIENTED_EDGE('',*,*,#1745,.F.);
#836=ORIENTED_EDGE('',*,*,#1589,.T.);
#837=ORIENTED_EDGE('',*,*,#1744,.T.);
#838=ORIENTED_EDGE('',*,*,#1620,.T.);
#839=ORIENTED_EDGE('',*,*,#1742,.T.);
#840=ORIENTED_EDGE('',*,*,#1587,.T.);
#841=ORIENTED_EDGE('',*,*,#1745,.T.);
#842=ORIENTED_EDGE('',*,*,#1622,.T.);
#843=ORIENTED_EDGE('',*,*,#1743,.T.);
#844=ORIENTED_EDGE('',*,*,#1664,.T.);
#845=ORIENTED_EDGE('',*,*,#1458,.F.);
#846=ORIENTED_EDGE('',*,*,#1544,.F.);
#847=ORIENTED_EDGE('',*,*,#1746,.F.);
#848=ORIENTED_EDGE('',*,*,#1542,.F.);
#849=ORIENTED_EDGE('',*,*,#1747,.F.);
#850=ORIENTED_EDGE('',*,*,#1666,.T.);
#851=ORIENTED_EDGE('',*,*,#1748,.F.);
#852=ORIENTED_EDGE('',*,*,#1540,.T.);
#853=ORIENTED_EDGE('',*,*,#1467,.T.);
#854=ORIENTED_EDGE('',*,*,#1668,.F.);
#855=ORIENTED_EDGE('',*,*,#1749,.F.);
#856=ORIENTED_EDGE('',*,*,#1543,.T.);
#857=ORIENTED_EDGE('',*,*,#1748,.T.);
#858=ORIENTED_EDGE('',*,*,#1665,.T.);
#859=ORIENTED_EDGE('',*,*,#1746,.T.);
#860=ORIENTED_EDGE('',*,*,#1541,.T.);
#861=ORIENTED_EDGE('',*,*,#1749,.T.);
#862=ORIENTED_EDGE('',*,*,#1667,.T.);
#863=ORIENTED_EDGE('',*,*,#1747,.T.);
#864=ORIENTED_EDGE('',*,*,#1669,.T.);
#865=ORIENTED_EDGE('',*,*,#1465,.F.);
#866=ORIENTED_EDGE('',*,*,#1539,.F.);
#867=ORIENTED_EDGE('',*,*,#1750,.F.);
#868=ORIENTED_EDGE('',*,*,#1537,.F.);
#869=ORIENTED_EDGE('',*,*,#1751,.F.);
#870=ORIENTED_EDGE('',*,*,#1671,.T.);
#871=ORIENTED_EDGE('',*,*,#1752,.F.);
#872=ORIENTED_EDGE('',*,*,#1535,.T.);
#873=ORIENTED_EDGE('',*,*,#1463,.T.);
#874=ORIENTED_EDGE('',*,*,#1673,.F.);
#875=ORIENTED_EDGE('',*,*,#1753,.F.);
#876=ORIENTED_EDGE('',*,*,#1538,.T.);
#877=ORIENTED_EDGE('',*,*,#1752,.T.);
#878=ORIENTED_EDGE('',*,*,#1670,.T.);
#879=ORIENTED_EDGE('',*,*,#1750,.T.);
#880=ORIENTED_EDGE('',*,*,#1536,.T.);
#881=ORIENTED_EDGE('',*,*,#1753,.T.);
#882=ORIENTED_EDGE('',*,*,#1672,.T.);
#883=ORIENTED_EDGE('',*,*,#1751,.T.);
#884=ORIENTED_EDGE('',*,*,#1659,.T.);
#885=ORIENTED_EDGE('',*,*,#1454,.F.);
#886=ORIENTED_EDGE('',*,*,#1549,.F.);
#887=ORIENTED_EDGE('',*,*,#1754,.F.);
#888=ORIENTED_EDGE('',*,*,#1547,.F.);
#889=ORIENTED_EDGE('',*,*,#1755,.F.);
#890=ORIENTED_EDGE('',*,*,#1661,.T.);
#891=ORIENTED_EDGE('',*,*,#1756,.F.);
#892=ORIENTED_EDGE('',*,*,#1545,.T.);
#893=ORIENTED_EDGE('',*,*,#1456,.T.);
#894=ORIENTED_EDGE('',*,*,#1663,.F.);
#895=ORIENTED_EDGE('',*,*,#1757,.F.);
#896=ORIENTED_EDGE('',*,*,#1548,.T.);
#897=ORIENTED_EDGE('',*,*,#1756,.T.);
#898=ORIENTED_EDGE('',*,*,#1660,.T.);
#899=ORIENTED_EDGE('',*,*,#1754,.T.);
#900=ORIENTED_EDGE('',*,*,#1546,.T.);
#901=ORIENTED_EDGE('',*,*,#1757,.T.);
#902=ORIENTED_EDGE('',*,*,#1662,.T.);
#903=ORIENTED_EDGE('',*,*,#1755,.T.);
#904=ORIENTED_EDGE('',*,*,#1654,.T.);
#905=ORIENTED_EDGE('',*,*,#1450,.F.);
#906=ORIENTED_EDGE('',*,*,#1554,.F.);
#907=ORIENTED_EDGE('',*,*,#1758,.F.);
#908=ORIENTED_EDGE('',*,*,#1552,.F.);
#909=ORIENTED_EDGE('',*,*,#1759,.F.);
#910=ORIENTED_EDGE('',*,*,#1656,.T.);
#911=ORIENTED_EDGE('',*,*,#1760,.F.);
#912=ORIENTED_EDGE('',*,*,#1550,.T.);
#913=ORIENTED_EDGE('',*,*,#1452,.T.);
#914=ORIENTED_EDGE('',*,*,#1658,.F.);
#915=ORIENTED_EDGE('',*,*,#1761,.F.);
#916=ORIENTED_EDGE('',*,*,#1553,.T.);
#917=ORIENTED_EDGE('',*,*,#1760,.T.);
#918=ORIENTED_EDGE('',*,*,#1655,.T.);
#919=ORIENTED_EDGE('',*,*,#1758,.T.);
#920=ORIENTED_EDGE('',*,*,#1551,.T.);
#921=ORIENTED_EDGE('',*,*,#1761,.T.);
#922=ORIENTED_EDGE('',*,*,#1657,.T.);
#923=ORIENTED_EDGE('',*,*,#1759,.T.);
#924=ORIENTED_EDGE('',*,*,#1649,.T.);
#925=ORIENTED_EDGE('',*,*,#1446,.F.);
#926=ORIENTED_EDGE('',*,*,#1559,.F.);
#927=ORIENTED_EDGE('',*,*,#1762,.F.);
#928=ORIENTED_EDGE('',*,*,#1557,.F.);
#929=ORIENTED_EDGE('',*,*,#1763,.F.);
#930=ORIENTED_EDGE('',*,*,#1651,.T.);
#931=ORIENTED_EDGE('',*,*,#1764,.F.);
#932=ORIENTED_EDGE('',*,*,#1555,.T.);
#933=ORIENTED_EDGE('',*,*,#1448,.T.);
#934=ORIENTED_EDGE('',*,*,#1653,.F.);
#935=ORIENTED_EDGE('',*,*,#1765,.F.);
#936=ORIENTED_EDGE('',*,*,#1558,.T.);
#937=ORIENTED_EDGE('',*,*,#1764,.T.);
#938=ORIENTED_EDGE('',*,*,#1650,.T.);
#939=ORIENTED_EDGE('',*,*,#1762,.T.);
#940=ORIENTED_EDGE('',*,*,#1556,.T.);
#941=ORIENTED_EDGE('',*,*,#1765,.T.);
#942=ORIENTED_EDGE('',*,*,#1652,.T.);
#943=ORIENTED_EDGE('',*,*,#1763,.T.);
#944=ORIENTED_EDGE('',*,*,#1644,.T.);
#945=ORIENTED_EDGE('',*,*,#1438,.F.);
#946=ORIENTED_EDGE('',*,*,#1564,.F.);
#947=ORIENTED_EDGE('',*,*,#1766,.F.);
#948=ORIENTED_EDGE('',*,*,#1562,.F.);
#949=ORIENTED_EDGE('',*,*,#1767,.F.);
#950=ORIENTED_EDGE('',*,*,#1646,.T.);
#951=ORIENTED_EDGE('',*,*,#1768,.F.);
#952=ORIENTED_EDGE('',*,*,#1560,.T.);
#953=ORIENTED_EDGE('',*,*,#1444,.T.);
#954=ORIENTED_EDGE('',*,*,#1648,.F.);
#955=ORIENTED_EDGE('',*,*,#1769,.F.);
#956=ORIENTED_EDGE('',*,*,#1563,.T.);
#957=ORIENTED_EDGE('',*,*,#1768,.T.);
#958=ORIENTED_EDGE('',*,*,#1645,.T.);
#959=ORIENTED_EDGE('',*,*,#1766,.T.);
#960=ORIENTED_EDGE('',*,*,#1561,.T.);
#961=ORIENTED_EDGE('',*,*,#1769,.T.);
#962=ORIENTED_EDGE('',*,*,#1647,.T.);
#963=ORIENTED_EDGE('',*,*,#1767,.T.);
#964=ORIENTED_EDGE('',*,*,#1634,.T.);
#965=ORIENTED_EDGE('',*,*,#1434,.F.);
#966=ORIENTED_EDGE('',*,*,#1574,.F.);
#967=ORIENTED_EDGE('',*,*,#1770,.F.);
#968=ORIENTED_EDGE('',*,*,#1572,.F.);
#969=ORIENTED_EDGE('',*,*,#1771,.F.);
#970=ORIENTED_EDGE('',*,*,#1636,.T.);
#971=ORIENTED_EDGE('',*,*,#1772,.F.);
#972=ORIENTED_EDGE('',*,*,#1570,.T.);
#973=ORIENTED_EDGE('',*,*,#1443,.T.);
#974=ORIENTED_EDGE('',*,*,#1638,.F.);
#975=ORIENTED_EDGE('',*,*,#1773,.F.);
#976=ORIENTED_EDGE('',*,*,#1573,.T.);
#977=ORIENTED_EDGE('',*,*,#1772,.T.);
#978=ORIENTED_EDGE('',*,*,#1635,.T.);
#979=ORIENTED_EDGE('',*,*,#1770,.T.);
#980=ORIENTED_EDGE('',*,*,#1571,.T.);
#981=ORIENTED_EDGE('',*,*,#1773,.T.);
#982=ORIENTED_EDGE('',*,*,#1637,.T.);
#983=ORIENTED_EDGE('',*,*,#1771,.T.);
#984=ORIENTED_EDGE('',*,*,#1639,.T.);
#985=ORIENTED_EDGE('',*,*,#1441,.F.);
#986=ORIENTED_EDGE('',*,*,#1569,.F.);
#987=ORIENTED_EDGE('',*,*,#1774,.F.);
#988=ORIENTED_EDGE('',*,*,#1567,.F.);
#989=ORIENTED_EDGE('',*,*,#1775,.F.);
#990=ORIENTED_EDGE('',*,*,#1641,.T.);
#991=ORIENTED_EDGE('',*,*,#1776,.F.);
#992=ORIENTED_EDGE('',*,*,#1565,.T.);
#993=ORIENTED_EDGE('',*,*,#1436,.T.);
#994=ORIENTED_EDGE('',*,*,#1643,.F.);
#995=ORIENTED_EDGE('',*,*,#1777,.F.);
#996=ORIENTED_EDGE('',*,*,#1568,.T.);
#997=ORIENTED_EDGE('',*,*,#1776,.T.);
#998=ORIENTED_EDGE('',*,*,#1640,.T.);
#999=ORIENTED_EDGE('',*,*,#1774,.T.);
#1000=ORIENTED_EDGE('',*,*,#1566,.T.);
#1001=ORIENTED_EDGE('',*,*,#1777,.T.);
#1002=ORIENTED_EDGE('',*,*,#1642,.T.);
#1003=ORIENTED_EDGE('',*,*,#1775,.T.);
#1004=ORIENTED_EDGE('',*,*,#1629,.T.);
#1005=ORIENTED_EDGE('',*,*,#1430,.F.);
#1006=ORIENTED_EDGE('',*,*,#1579,.F.);
#1007=ORIENTED_EDGE('',*,*,#1778,.F.);
#1008=ORIENTED_EDGE('',*,*,#1577,.F.);
#1009=ORIENTED_EDGE('',*,*,#1779,.F.);
#1010=ORIENTED_EDGE('',*,*,#1631,.T.);
#1011=ORIENTED_EDGE('',*,*,#1780,.F.);
#1012=ORIENTED_EDGE('',*,*,#1575,.T.);
#1013=ORIENTED_EDGE('',*,*,#1432,.T.);
#1014=ORIENTED_EDGE('',*,*,#1633,.F.);
#1015=ORIENTED_EDGE('',*,*,#1781,.F.);
#1016=ORIENTED_EDGE('',*,*,#1578,.T.);
#1017=ORIENTED_EDGE('',*,*,#1780,.T.);
#1018=ORIENTED_EDGE('',*,*,#1630,.T.);
#1019=ORIENTED_EDGE('',*,*,#1778,.T.);
#1020=ORIENTED_EDGE('',*,*,#1576,.T.);
#1021=ORIENTED_EDGE('',*,*,#1781,.T.);
#1022=ORIENTED_EDGE('',*,*,#1632,.T.);
#1023=ORIENTED_EDGE('',*,*,#1779,.T.);
#1024=ORIENTED_EDGE('',*,*,#1624,.T.);
#1025=ORIENTED_EDGE('',*,*,#1604,.F.);
#1026=ORIENTED_EDGE('',*,*,#1584,.F.);
#1027=ORIENTED_EDGE('',*,*,#1782,.F.);
#1028=ORIENTED_EDGE('',*,*,#1582,.F.);
#1029=ORIENTED_EDGE('',*,*,#1783,.F.);
#1030=ORIENTED_EDGE('',*,*,#1626,.T.);
#1031=ORIENTED_EDGE('',*,*,#1784,.F.);
#1032=ORIENTED_EDGE('',*,*,#1580,.T.);
#1033=ORIENTED_EDGE('',*,*,#1428,.T.);
#1034=ORIENTED_EDGE('',*,*,#1628,.F.);
#1035=ORIENTED_EDGE('',*,*,#1785,.F.);
#1036=ORIENTED_EDGE('',*,*,#1583,.T.);
#1037=ORIENTED_EDGE('',*,*,#1784,.T.);
#1038=ORIENTED_EDGE('',*,*,#1625,.T.);
#1039=ORIENTED_EDGE('',*,*,#1782,.T.);
#1040=ORIENTED_EDGE('',*,*,#1581,.T.);
#1041=ORIENTED_EDGE('',*,*,#1785,.T.);
#1042=ORIENTED_EDGE('',*,*,#1627,.T.);
#1043=ORIENTED_EDGE('',*,*,#1783,.T.);
#1044=ORIENTED_EDGE('',*,*,#1674,.T.);
#1045=ORIENTED_EDGE('',*,*,#1461,.F.);
#1046=ORIENTED_EDGE('',*,*,#1534,.F.);
#1047=ORIENTED_EDGE('',*,*,#1786,.F.);
#1048=ORIENTED_EDGE('',*,*,#1532,.F.);
#1049=ORIENTED_EDGE('',*,*,#1787,.F.);
#1050=ORIENTED_EDGE('',*,*,#1676,.T.);
#1051=ORIENTED_EDGE('',*,*,#1788,.F.);
#1052=ORIENTED_EDGE('',*,*,#1530,.T.);
#1053=ORIENTED_EDGE('',*,*,#1427,.T.);
#1054=ORIENTED_EDGE('',*,*,#1678,.F.);
#1055=ORIENTED_EDGE('',*,*,#1789,.F.);
#1056=ORIENTED_EDGE('',*,*,#1533,.T.);
#1057=ORIENTED_EDGE('',*,*,#1788,.T.);
#1058=ORIENTED_EDGE('',*,*,#1675,.T.);
#1059=ORIENTED_EDGE('',*,*,#1786,.T.);
#1060=ORIENTED_EDGE('',*,*,#1531,.T.);
#1061=ORIENTED_EDGE('',*,*,#1789,.T.);
#1062=ORIENTED_EDGE('',*,*,#1677,.T.);
#1063=ORIENTED_EDGE('',*,*,#1787,.T.);
#1064=ORIENTED_EDGE('',*,*,#1679,.T.);
#1065=ORIENTED_EDGE('',*,*,#1425,.F.);
#1066=ORIENTED_EDGE('',*,*,#1529,.F.);
#1067=ORIENTED_EDGE('',*,*,#1790,.F.);
#1068=ORIENTED_EDGE('',*,*,#1527,.F.);
#1069=ORIENTED_EDGE('',*,*,#1791,.F.);
#1070=ORIENTED_EDGE('',*,*,#1681,.T.);
#1071=ORIENTED_EDGE('',*,*,#1792,.F.);
#1072=ORIENTED_EDGE('',*,*,#1525,.T.);
#1073=ORIENTED_EDGE('',*,*,#1423,.T.);
#1074=ORIENTED_EDGE('',*,*,#1683,.F.);
#1075=ORIENTED_EDGE('',*,*,#1793,.F.);
#1076=ORIENTED_EDGE('',*,*,#1528,.T.);
#1077=ORIENTED_EDGE('',*,*,#1792,.T.);
#1078=ORIENTED_EDGE('',*,*,#1680,.T.);
#1079=ORIENTED_EDGE('',*,*,#1790,.T.);
#1080=ORIENTED_EDGE('',*,*,#1526,.T.);
#1081=ORIENTED_EDGE('',*,*,#1793,.T.);
#1082=ORIENTED_EDGE('',*,*,#1682,.T.);
#1083=ORIENTED_EDGE('',*,*,#1791,.T.);
#1084=ORIENTED_EDGE('',*,*,#1684,.T.);
#1085=ORIENTED_EDGE('',*,*,#1421,.F.);
#1086=ORIENTED_EDGE('',*,*,#1524,.F.);
#1087=ORIENTED_EDGE('',*,*,#1794,.F.);
#1088=ORIENTED_EDGE('',*,*,#1522,.F.);
#1089=ORIENTED_EDGE('',*,*,#1795,.F.);
#1090=ORIENTED_EDGE('',*,*,#1686,.T.);
#1091=ORIENTED_EDGE('',*,*,#1796,.F.);
#1092=ORIENTED_EDGE('',*,*,#1520,.T.);
#1093=ORIENTED_EDGE('',*,*,#1419,.T.);
#1094=ORIENTED_EDGE('',*,*,#1688,.F.);
#1095=ORIENTED_EDGE('',*,*,#1797,.F.);
#1096=ORIENTED_EDGE('',*,*,#1523,.T.);
#1097=ORIENTED_EDGE('',*,*,#1796,.T.);
#1098=ORIENTED_EDGE('',*,*,#1685,.T.);
#1099=ORIENTED_EDGE('',*,*,#1794,.T.);
#1100=ORIENTED_EDGE('',*,*,#1521,.T.);
#1101=ORIENTED_EDGE('',*,*,#1797,.T.);
#1102=ORIENTED_EDGE('',*,*,#1687,.T.);
#1103=ORIENTED_EDGE('',*,*,#1795,.T.);
#1104=ORIENTED_EDGE('',*,*,#1689,.T.);
#1105=ORIENTED_EDGE('',*,*,#1417,.F.);
#1106=ORIENTED_EDGE('',*,*,#1519,.F.);
#1107=ORIENTED_EDGE('',*,*,#1798,.F.);
#1108=ORIENTED_EDGE('',*,*,#1517,.F.);
#1109=ORIENTED_EDGE('',*,*,#1799,.F.);
#1110=ORIENTED_EDGE('',*,*,#1691,.T.);
#1111=ORIENTED_EDGE('',*,*,#1800,.F.);
#1112=ORIENTED_EDGE('',*,*,#1515,.T.);
#1113=ORIENTED_EDGE('',*,*,#1415,.T.);
#1114=ORIENTED_EDGE('',*,*,#1693,.F.);
#1115=ORIENTED_EDGE('',*,*,#1801,.F.);
#1116=ORIENTED_EDGE('',*,*,#1518,.T.);
#1117=ORIENTED_EDGE('',*,*,#1800,.T.);
#1118=ORIENTED_EDGE('',*,*,#1690,.T.);
#1119=ORIENTED_EDGE('',*,*,#1798,.T.);
#1120=ORIENTED_EDGE('',*,*,#1516,.T.);
#1121=ORIENTED_EDGE('',*,*,#1801,.T.);
#1122=ORIENTED_EDGE('',*,*,#1692,.T.);
#1123=ORIENTED_EDGE('',*,*,#1799,.T.);
#1124=ORIENTED_EDGE('',*,*,#1704,.T.);
#1125=ORIENTED_EDGE('',*,*,#1402,.F.);
#1126=ORIENTED_EDGE('',*,*,#1504,.F.);
#1127=ORIENTED_EDGE('',*,*,#1802,.F.);
#1128=ORIENTED_EDGE('',*,*,#1502,.F.);
#1129=ORIENTED_EDGE('',*,*,#1803,.F.);
#1130=ORIENTED_EDGE('',*,*,#1706,.T.);
#1131=ORIENTED_EDGE('',*,*,#1804,.F.);
#1132=ORIENTED_EDGE('',*,*,#1500,.T.);
#1133=ORIENTED_EDGE('',*,*,#1411,.T.);
#1134=ORIENTED_EDGE('',*,*,#1708,.F.);
#1135=ORIENTED_EDGE('',*,*,#1805,.F.);
#1136=ORIENTED_EDGE('',*,*,#1503,.T.);
#1137=ORIENTED_EDGE('',*,*,#1804,.T.);
#1138=ORIENTED_EDGE('',*,*,#1705,.T.);
#1139=ORIENTED_EDGE('',*,*,#1802,.T.);
#1140=ORIENTED_EDGE('',*,*,#1501,.T.);
#1141=ORIENTED_EDGE('',*,*,#1805,.T.);
#1142=ORIENTED_EDGE('',*,*,#1707,.T.);
#1143=ORIENTED_EDGE('',*,*,#1803,.T.);
#1144=ORIENTED_EDGE('',*,*,#1709,.T.);
#1145=ORIENTED_EDGE('',*,*,#1409,.F.);
#1146=ORIENTED_EDGE('',*,*,#1499,.F.);
#1147=ORIENTED_EDGE('',*,*,#1806,.F.);
#1148=ORIENTED_EDGE('',*,*,#1497,.F.);
#1149=ORIENTED_EDGE('',*,*,#1807,.F.);
#1150=ORIENTED_EDGE('',*,*,#1711,.T.);
#1151=ORIENTED_EDGE('',*,*,#1808,.F.);
#1152=ORIENTED_EDGE('',*,*,#1495,.T.);
#1153=ORIENTED_EDGE('',*,*,#1407,.T.);
#1154=ORIENTED_EDGE('',*,*,#1713,.F.);
#1155=ORIENTED_EDGE('',*,*,#1809,.F.);
#1156=ORIENTED_EDGE('',*,*,#1498,.T.);
#1157=ORIENTED_EDGE('',*,*,#1808,.T.);
#1158=ORIENTED_EDGE('',*,*,#1710,.T.);
#1159=ORIENTED_EDGE('',*,*,#1806,.T.);
#1160=ORIENTED_EDGE('',*,*,#1496,.T.);
#1161=ORIENTED_EDGE('',*,*,#1809,.T.);
#1162=ORIENTED_EDGE('',*,*,#1712,.T.);
#1163=ORIENTED_EDGE('',*,*,#1807,.T.);
#1164=ORIENTED_EDGE('',*,*,#1699,.T.);
#1165=ORIENTED_EDGE('',*,*,#1398,.F.);
#1166=ORIENTED_EDGE('',*,*,#1509,.F.);
#1167=ORIENTED_EDGE('',*,*,#1810,.F.);
#1168=ORIENTED_EDGE('',*,*,#1507,.F.);
#1169=ORIENTED_EDGE('',*,*,#1811,.F.);
#1170=ORIENTED_EDGE('',*,*,#1701,.T.);
#1171=ORIENTED_EDGE('',*,*,#1812,.F.);
#1172=ORIENTED_EDGE('',*,*,#1505,.T.);
#1173=ORIENTED_EDGE('',*,*,#1400,.T.);
#1174=ORIENTED_EDGE('',*,*,#1703,.F.);
#1175=ORIENTED_EDGE('',*,*,#1813,.F.);
#1176=ORIENTED_EDGE('',*,*,#1508,.T.);
#1177=ORIENTED_EDGE('',*,*,#1812,.T.);
#1178=ORIENTED_EDGE('',*,*,#1700,.T.);
#1179=ORIENTED_EDGE('',*,*,#1810,.T.);
#1180=ORIENTED_EDGE('',*,*,#1506,.T.);
#1181=ORIENTED_EDGE('',*,*,#1813,.T.);
#1182=ORIENTED_EDGE('',*,*,#1702,.T.);
#1183=ORIENTED_EDGE('',*,*,#1811,.T.);
#1184=ORIENTED_EDGE('',*,*,#1694,.T.);
#1185=ORIENTED_EDGE('',*,*,#1413,.F.);
#1186=ORIENTED_EDGE('',*,*,#1514,.F.);
#1187=ORIENTED_EDGE('',*,*,#1814,.F.);
#1188=ORIENTED_EDGE('',*,*,#1512,.F.);
#1189=ORIENTED_EDGE('',*,*,#1815,.F.);
#1190=ORIENTED_EDGE('',*,*,#1696,.T.);
#1191=ORIENTED_EDGE('',*,*,#1816,.F.);
#1192=ORIENTED_EDGE('',*,*,#1510,.T.);
#1193=ORIENTED_EDGE('',*,*,#1396,.T.);
#1194=ORIENTED_EDGE('',*,*,#1698,.F.);
#1195=ORIENTED_EDGE('',*,*,#1817,.F.);
#1196=ORIENTED_EDGE('',*,*,#1513,.T.);
#1197=ORIENTED_EDGE('',*,*,#1816,.T.);
#1198=ORIENTED_EDGE('',*,*,#1695,.T.);
#1199=ORIENTED_EDGE('',*,*,#1814,.T.);
#1200=ORIENTED_EDGE('',*,*,#1511,.T.);
#1201=ORIENTED_EDGE('',*,*,#1817,.T.);
#1202=ORIENTED_EDGE('',*,*,#1697,.T.);
#1203=ORIENTED_EDGE('',*,*,#1815,.T.);
#1204=ORIENTED_EDGE('',*,*,#1714,.T.);
#1205=ORIENTED_EDGE('',*,*,#1405,.F.);
#1206=ORIENTED_EDGE('',*,*,#1494,.F.);
#1207=ORIENTED_EDGE('',*,*,#1818,.F.);
#1208=ORIENTED_EDGE('',*,*,#1492,.F.);
#1209=ORIENTED_EDGE('',*,*,#1819,.F.);
#1210=ORIENTED_EDGE('',*,*,#1716,.T.);
#1211=ORIENTED_EDGE('',*,*,#1820,.F.);
#1212=ORIENTED_EDGE('',*,*,#1490,.T.);
#1213=ORIENTED_EDGE('',*,*,#1395,.T.);
#1214=ORIENTED_EDGE('',*,*,#1718,.F.);
#1215=ORIENTED_EDGE('',*,*,#1821,.F.);
#1216=ORIENTED_EDGE('',*,*,#1493,.T.);
#1217=ORIENTED_EDGE('',*,*,#1820,.T.);
#1218=ORIENTED_EDGE('',*,*,#1715,.T.);
#1219=ORIENTED_EDGE('',*,*,#1818,.T.);
#1220=ORIENTED_EDGE('',*,*,#1491,.T.);
#1221=ORIENTED_EDGE('',*,*,#1821,.T.);
#1222=ORIENTED_EDGE('',*,*,#1717,.T.);
#1223=ORIENTED_EDGE('',*,*,#1819,.T.);
#1224=ORIENTED_EDGE('',*,*,#1719,.T.);
#1225=ORIENTED_EDGE('',*,*,#1393,.F.);
#1226=ORIENTED_EDGE('',*,*,#1489,.F.);
#1227=ORIENTED_EDGE('',*,*,#1822,.F.);
#1228=ORIENTED_EDGE('',*,*,#1487,.F.);
#1229=ORIENTED_EDGE('',*,*,#1823,.F.);
#1230=ORIENTED_EDGE('',*,*,#1721,.T.);
#1231=ORIENTED_EDGE('',*,*,#1824,.F.);
#1232=ORIENTED_EDGE('',*,*,#1485,.T.);
#1233=ORIENTED_EDGE('',*,*,#1391,.T.);
#1234=ORIENTED_EDGE('',*,*,#1723,.F.);
#1235=ORIENTED_EDGE('',*,*,#1825,.F.);
#1236=ORIENTED_EDGE('',*,*,#1488,.T.);
#1237=ORIENTED_EDGE('',*,*,#1824,.T.);
#1238=ORIENTED_EDGE('',*,*,#1720,.T.);
#1239=ORIENTED_EDGE('',*,*,#1822,.T.);
#1240=ORIENTED_EDGE('',*,*,#1486,.T.);
#1241=ORIENTED_EDGE('',*,*,#1825,.T.);
#1242=ORIENTED_EDGE('',*,*,#1722,.T.);
#1243=ORIENTED_EDGE('',*,*,#1823,.T.);
#1244=ORIENTED_EDGE('',*,*,#1724,.T.);
#1245=ORIENTED_EDGE('',*,*,#1389,.F.);
#1246=ORIENTED_EDGE('',*,*,#1484,.F.);
#1247=ORIENTED_EDGE('',*,*,#1826,.F.);
#1248=ORIENTED_EDGE('',*,*,#1482,.F.);
#1249=ORIENTED_EDGE('',*,*,#1827,.F.);
#1250=ORIENTED_EDGE('',*,*,#1726,.T.);
#1251=ORIENTED_EDGE('',*,*,#1828,.F.);
#1252=ORIENTED_EDGE('',*,*,#1480,.T.);
#1253=ORIENTED_EDGE('',*,*,#1387,.T.);
#1254=ORIENTED_EDGE('',*,*,#1728,.F.);
#1255=ORIENTED_EDGE('',*,*,#1829,.F.);
#1256=ORIENTED_EDGE('',*,*,#1483,.T.);
#1257=ORIENTED_EDGE('',*,*,#1828,.T.);
#1258=ORIENTED_EDGE('',*,*,#1725,.T.);
#1259=ORIENTED_EDGE('',*,*,#1826,.T.);
#1260=ORIENTED_EDGE('',*,*,#1481,.T.);
#1261=ORIENTED_EDGE('',*,*,#1829,.T.);
#1262=ORIENTED_EDGE('',*,*,#1727,.T.);
#1263=ORIENTED_EDGE('',*,*,#1827,.T.);
#1264=ORIENTED_EDGE('',*,*,#1729,.T.);
#1265=ORIENTED_EDGE('',*,*,#1385,.F.);
#1266=ORIENTED_EDGE('',*,*,#1479,.F.);
#1267=ORIENTED_EDGE('',*,*,#1830,.F.);
#1268=ORIENTED_EDGE('',*,*,#1477,.F.);
#1269=ORIENTED_EDGE('',*,*,#1831,.F.);
#1270=ORIENTED_EDGE('',*,*,#1731,.T.);
#1271=ORIENTED_EDGE('',*,*,#1832,.F.);
#1272=ORIENTED_EDGE('',*,*,#1475,.T.);
#1273=ORIENTED_EDGE('',*,*,#1383,.T.);
#1274=ORIENTED_EDGE('',*,*,#1733,.F.);
#1275=ORIENTED_EDGE('',*,*,#1833,.F.);
#1276=ORIENTED_EDGE('',*,*,#1478,.T.);
#1277=ORIENTED_EDGE('',*,*,#1832,.T.);
#1278=ORIENTED_EDGE('',*,*,#1730,.T.);
#1279=ORIENTED_EDGE('',*,*,#1830,.T.);
#1280=ORIENTED_EDGE('',*,*,#1476,.T.);
#1281=ORIENTED_EDGE('',*,*,#1833,.T.);
#1282=ORIENTED_EDGE('',*,*,#1732,.T.);
#1283=ORIENTED_EDGE('',*,*,#1831,.T.);
#1284=ORIENTED_EDGE('',*,*,#1614,.T.);
#1285=ORIENTED_EDGE('',*,*,#1374,.F.);
#1286=ORIENTED_EDGE('',*,*,#1595,.F.);
#1287=ORIENTED_EDGE('',*,*,#1834,.F.);
#1288=ORIENTED_EDGE('',*,*,#1593,.F.);
#1289=ORIENTED_EDGE('',*,*,#1835,.F.);
#1290=ORIENTED_EDGE('',*,*,#1616,.T.);
#1291=ORIENTED_EDGE('',*,*,#1836,.F.);
#1292=ORIENTED_EDGE('',*,*,#1591,.T.);
#1293=ORIENTED_EDGE('',*,*,#1376,.T.);
#1294=ORIENTED_EDGE('',*,*,#1618,.F.);
#1295=ORIENTED_EDGE('',*,*,#1837,.F.);
#1296=ORIENTED_EDGE('',*,*,#1594,.T.);
#1297=ORIENTED_EDGE('',*,*,#1836,.T.);
#1298=ORIENTED_EDGE('',*,*,#1615,.T.);
#1299=ORIENTED_EDGE('',*,*,#1834,.T.);
#1300=ORIENTED_EDGE('',*,*,#1592,.T.);
#1301=ORIENTED_EDGE('',*,*,#1837,.T.);
#1302=ORIENTED_EDGE('',*,*,#1617,.T.);
#1303=ORIENTED_EDGE('',*,*,#1835,.T.);
#1304=ORIENTED_EDGE('',*,*,#1609,.T.);
#1305=ORIENTED_EDGE('',*,*,#1366,.F.);
#1306=ORIENTED_EDGE('',*,*,#1600,.F.);
#1307=ORIENTED_EDGE('',*,*,#1838,.F.);
#1308=ORIENTED_EDGE('',*,*,#1598,.F.);
#1309=ORIENTED_EDGE('',*,*,#1839,.F.);
#1310=ORIENTED_EDGE('',*,*,#1611,.T.);
#1311=ORIENTED_EDGE('',*,*,#1840,.F.);
#1312=ORIENTED_EDGE('',*,*,#1596,.T.);
#1313=ORIENTED_EDGE('',*,*,#1372,.T.);
#1314=ORIENTED_EDGE('',*,*,#1613,.F.);
#1315=ORIENTED_EDGE('',*,*,#1841,.F.);
#1316=ORIENTED_EDGE('',*,*,#1599,.T.);
#1317=ORIENTED_EDGE('',*,*,#1840,.T.);
#1318=ORIENTED_EDGE('',*,*,#1610,.T.);
#1319=ORIENTED_EDGE('',*,*,#1838,.T.);
#1320=ORIENTED_EDGE('',*,*,#1597,.T.);
#1321=ORIENTED_EDGE('',*,*,#1841,.T.);
#1322=ORIENTED_EDGE('',*,*,#1612,.T.);
#1323=ORIENTED_EDGE('',*,*,#1839,.T.);
#1324=ORIENTED_EDGE('',*,*,#1734,.T.);
#1325=ORIENTED_EDGE('',*,*,#1381,.F.);
#1326=ORIENTED_EDGE('',*,*,#1474,.F.);
#1327=ORIENTED_EDGE('',*,*,#1842,.F.);
#1328=ORIENTED_EDGE('',*,*,#1472,.F.);
#1329=ORIENTED_EDGE('',*,*,#1843,.F.);
#1330=ORIENTED_EDGE('',*,*,#1736,.T.);
#1331=ORIENTED_EDGE('',*,*,#1844,.F.);
#1332=ORIENTED_EDGE('',*,*,#1470,.T.);
#1333=ORIENTED_EDGE('',*,*,#1371,.T.);
#1334=ORIENTED_EDGE('',*,*,#1738,.F.);
#1335=ORIENTED_EDGE('',*,*,#1845,.F.);
#1336=ORIENTED_EDGE('',*,*,#1473,.T.);
#1337=ORIENTED_EDGE('',*,*,#1844,.T.);
#1338=ORIENTED_EDGE('',*,*,#1735,.T.);
#1339=ORIENTED_EDGE('',*,*,#1842,.T.);
#1340=ORIENTED_EDGE('',*,*,#1471,.T.);
#1341=ORIENTED_EDGE('',*,*,#1845,.T.);
#1342=ORIENTED_EDGE('',*,*,#1737,.T.);
#1343=ORIENTED_EDGE('',*,*,#1843,.T.);
#1344=ORIENTED_EDGE('',*,*,#1739,.T.);
#1345=ORIENTED_EDGE('',*,*,#1369,.F.);
#1346=ORIENTED_EDGE('',*,*,#1469,.F.);
#1347=ORIENTED_EDGE('',*,*,#1846,.F.);
#1348=ORIENTED_EDGE('',*,*,#1603,.F.);
#1349=ORIENTED_EDGE('',*,*,#1847,.F.);
#1350=ORIENTED_EDGE('',*,*,#1741,.T.);
#1351=ORIENTED_EDGE('',*,*,#1848,.F.);
#1352=ORIENTED_EDGE('',*,*,#1601,.T.);
#1353=ORIENTED_EDGE('',*,*,#1364,.T.);
#1354=ORIENTED_EDGE('',*,*,#1608,.F.);
#1355=ORIENTED_EDGE('',*,*,#1849,.F.);
#1356=ORIENTED_EDGE('',*,*,#1468,.T.);
#1357=ORIENTED_EDGE('',*,*,#1848,.T.);
#1358=ORIENTED_EDGE('',*,*,#1740,.T.);
#1359=ORIENTED_EDGE('',*,*,#1846,.T.);
#1360=ORIENTED_EDGE('',*,*,#1602,.T.);
#1361=ORIENTED_EDGE('',*,*,#1849,.T.);
#1362=ORIENTED_EDGE('',*,*,#1607,.T.);
#1363=ORIENTED_EDGE('',*,*,#1847,.T.);
#1364=EDGE_CURVE('',#1850,#1851,#2174,.T.);
#1365=EDGE_CURVE('',#1852,#1850,#176,.T.);
#1366=EDGE_CURVE('',#1852,#1853,#2175,.T.);
#1367=EDGE_CURVE('',#1853,#1851,#177,.T.);
#1368=EDGE_CURVE('',#1854,#1855,#178,.T.);
#1369=EDGE_CURVE('',#1854,#1856,#2176,.T.);
#1370=EDGE_CURVE('',#1856,#1857,#179,.T.);
#1371=EDGE_CURVE('',#1855,#1857,#2177,.T.);
#1372=EDGE_CURVE('',#1858,#1859,#2178,.T.);
#1373=EDGE_CURVE('',#1860,#1858,#180,.T.);
#1374=EDGE_CURVE('',#1860,#1861,#2179,.T.);
#1375=EDGE_CURVE('',#1861,#1859,#181,.T.);
#1376=EDGE_CURVE('',#1862,#1863,#2180,.T.);
#1377=EDGE_CURVE('',#1864,#1862,#182,.T.);
#1378=EDGE_CURVE('',#1864,#1865,#2181,.T.);
#1379=EDGE_CURVE('',#1865,#1863,#183,.T.);
#1380=EDGE_CURVE('',#1866,#1867,#184,.T.);
#1381=EDGE_CURVE('',#1866,#1868,#2182,.T.);
#1382=EDGE_CURVE('',#1868,#1869,#185,.T.);
#1383=EDGE_CURVE('',#1867,#1869,#2183,.T.);
#1384=EDGE_CURVE('',#1870,#1871,#186,.T.);
#1385=EDGE_CURVE('',#1870,#1872,#2184,.T.);
#1386=EDGE_CURVE('',#1872,#1873,#187,.T.);
#1387=EDGE_CURVE('',#1871,#1873,#2185,.T.);
#1388=EDGE_CURVE('',#1874,#1875,#188,.T.);
#1389=EDGE_CURVE('',#1874,#1876,#2186,.T.);
#1390=EDGE_CURVE('',#1876,#1877,#189,.T.);
#1391=EDGE_CURVE('',#1875,#1877,#2187,.T.);
#1392=EDGE_CURVE('',#1878,#1879,#190,.T.);
#1393=EDGE_CURVE('',#1878,#1880,#2188,.T.);
#1394=EDGE_CURVE('',#1880,#1881,#191,.T.);
#1395=EDGE_CURVE('',#1879,#1881,#2189,.T.);
#1396=EDGE_CURVE('',#1882,#1883,#2190,.T.);
#1397=EDGE_CURVE('',#1884,#1882,#192,.T.);
#1398=EDGE_CURVE('',#1884,#1885,#2191,.T.);
#1399=EDGE_CURVE('',#1885,#1883,#193,.T.);
#1400=EDGE_CURVE('',#1886,#1887,#2192,.T.);
#1401=EDGE_CURVE('',#1888,#1886,#194,.T.);
#1402=EDGE_CURVE('',#1888,#1889,#2193,.T.);
#1403=EDGE_CURVE('',#1889,#1887,#195,.T.);
#1404=EDGE_CURVE('',#1890,#1891,#196,.T.);
#1405=EDGE_CURVE('',#1890,#1892,#2194,.T.);
#1406=EDGE_CURVE('',#1892,#1893,#197,.T.);
#1407=EDGE_CURVE('',#1891,#1893,#2195,.T.);
#1408=EDGE_CURVE('',#1894,#1895,#198,.T.);
#1409=EDGE_CURVE('',#1894,#1896,#2196,.T.);
#1410=EDGE_CURVE('',#1896,#1897,#199,.T.);
#1411=EDGE_CURVE('',#1895,#1897,#2197,.T.);
#1412=EDGE_CURVE('',#1898,#1899,#200,.T.);
#1413=EDGE_CURVE('',#1898,#1900,#2198,.T.);
#1414=EDGE_CURVE('',#1900,#1901,#201,.T.);
#1415=EDGE_CURVE('',#1899,#1901,#2199,.T.);
#1416=EDGE_CURVE('',#1902,#1903,#202,.T.);
#1417=EDGE_CURVE('',#1902,#1904,#2200,.T.);
#1418=EDGE_CURVE('',#1904,#1905,#203,.T.);
#1419=EDGE_CURVE('',#1903,#1905,#2201,.T.);
#1420=EDGE_CURVE('',#1906,#1907,#204,.T.);
#1421=EDGE_CURVE('',#1906,#1908,#2202,.T.);
#1422=EDGE_CURVE('',#1908,#1909,#205,.T.);
#1423=EDGE_CURVE('',#1907,#1909,#2203,.T.);
#1424=EDGE_CURVE('',#1910,#1911,#206,.T.);
#1425=EDGE_CURVE('',#1910,#1912,#2204,.T.);
#1426=EDGE_CURVE('',#1912,#1913,#207,.T.);
#1427=EDGE_CURVE('',#1911,#1913,#2205,.T.);
#1428=EDGE_CURVE('',#1914,#1915,#2206,.T.);
#1429=EDGE_CURVE('',#1916,#1914,#208,.T.);
#1430=EDGE_CURVE('',#1916,#1917,#2207,.T.);
#1431=EDGE_CURVE('',#1917,#1915,#209,.T.);
#1432=EDGE_CURVE('',#1918,#1919,#2208,.T.);
#1433=EDGE_CURVE('',#1920,#1918,#210,.T.);
#1434=EDGE_CURVE('',#1920,#1921,#2209,.T.);
#1435=EDGE_CURVE('',#1921,#1919,#211,.T.);
#1436=EDGE_CURVE('',#1922,#1923,#2210,.T.);
#1437=EDGE_CURVE('',#1924,#1922,#212,.T.);
#1438=EDGE_CURVE('',#1924,#1925,#2211,.T.);
#1439=EDGE_CURVE('',#1925,#1923,#213,.T.);
#1440=EDGE_CURVE('',#1926,#1927,#214,.T.);
#1441=EDGE_CURVE('',#1926,#1928,#2212,.T.);
#1442=EDGE_CURVE('',#1928,#1929,#215,.T.);
#1443=EDGE_CURVE('',#1927,#1929,#2213,.T.);
#1444=EDGE_CURVE('',#1930,#1931,#2214,.T.);
#1445=EDGE_CURVE('',#1932,#1930,#216,.T.);
#1446=EDGE_CURVE('',#1932,#1933,#2215,.T.);
#1447=EDGE_CURVE('',#1933,#1931,#217,.T.);
#1448=EDGE_CURVE('',#1934,#1935,#2216,.T.);
#1449=EDGE_CURVE('',#1936,#1934,#218,.T.);
#1450=EDGE_CURVE('',#1936,#1937,#2217,.T.);
#1451=EDGE_CURVE('',#1937,#1935,#219,.T.);
#1452=EDGE_CURVE('',#1938,#1939,#2218,.T.);
#1453=EDGE_CURVE('',#1940,#1938,#220,.T.);
#1454=EDGE_CURVE('',#1940,#1941,#2219,.T.);
#1455=EDGE_CURVE('',#1941,#1939,#221,.T.);
#1456=EDGE_CURVE('',#1942,#1943,#2220,.T.);
#1457=EDGE_CURVE('',#1944,#1942,#222,.T.);
#1458=EDGE_CURVE('',#1944,#1945,#2221,.T.);
#1459=EDGE_CURVE('',#1945,#1943,#223,.T.);
#1460=EDGE_CURVE('',#1946,#1947,#224,.T.);
#1461=EDGE_CURVE('',#1946,#1948,#2222,.T.);
#1462=EDGE_CURVE('',#1948,#1949,#225,.T.);
#1463=EDGE_CURVE('',#1947,#1949,#2223,.T.);
#1464=EDGE_CURVE('',#1950,#1951,#226,.T.);
#1465=EDGE_CURVE('',#1950,#1952,#2224,.T.);
#1466=EDGE_CURVE('',#1952,#1953,#227,.T.);
#1467=EDGE_CURVE('',#1951,#1953,#2225,.T.);
#1468=EDGE_CURVE('',#1954,#1955,#228,.T.);
#1469=EDGE_CURVE('',#1954,#1854,#66,.T.);
#1470=EDGE_CURVE('',#1956,#1855,#67,.T.);
#1471=EDGE_CURVE('',#1957,#1956,#229,.T.);
#1472=EDGE_CURVE('',#1957,#1958,#230,.T.);
#1473=EDGE_CURVE('',#1959,#1958,#231,.T.);
#1474=EDGE_CURVE('',#1959,#1866,#68,.T.);
#1475=EDGE_CURVE('',#1960,#1867,#69,.T.);
#1476=EDGE_CURVE('',#1961,#1960,#232,.T.);
#1477=EDGE_CURVE('',#1961,#1962,#233,.T.);
#1478=EDGE_CURVE('',#1963,#1962,#234,.T.);
#1479=EDGE_CURVE('',#1963,#1870,#70,.T.);
#1480=EDGE_CURVE('',#1964,#1871,#71,.T.);
#1481=EDGE_CURVE('',#1965,#1964,#235,.T.);
#1482=EDGE_CURVE('',#1965,#1966,#236,.T.);
#1483=EDGE_CURVE('',#1967,#1966,#237,.T.);
#1484=EDGE_CURVE('',#1967,#1874,#72,.T.);
#1485=EDGE_CURVE('',#1968,#1875,#73,.T.);
#1486=EDGE_CURVE('',#1969,#1968,#238,.T.);
#1487=EDGE_CURVE('',#1969,#1970,#239,.T.);
#1488=EDGE_CURVE('',#1971,#1970,#240,.T.);
#1489=EDGE_CURVE('',#1971,#1878,#74,.T.);
#1490=EDGE_CURVE('',#1972,#1879,#75,.T.);
#1491=EDGE_CURVE('',#1973,#1972,#241,.T.);
#1492=EDGE_CURVE('',#1973,#1974,#242,.T.);
#1493=EDGE_CURVE('',#1975,#1974,#243,.T.);
#1494=EDGE_CURVE('',#1975,#1890,#76,.T.);
#1495=EDGE_CURVE('',#1976,#1891,#77,.T.);
#1496=EDGE_CURVE('',#1977,#1976,#244,.T.);
#1497=EDGE_CURVE('',#1977,#1978,#245,.T.);
#1498=EDGE_CURVE('',#1979,#1978,#246,.T.);
#1499=EDGE_CURVE('',#1979,#1894,#78,.T.);
#1500=EDGE_CURVE('',#1980,#1895,#79,.T.);
#1501=EDGE_CURVE('',#1981,#1980,#247,.T.);
#1502=EDGE_CURVE('',#1981,#1982,#248,.T.);
#1503=EDGE_CURVE('',#1983,#1982,#249,.T.);
#1504=EDGE_CURVE('',#1983,#1888,#80,.T.);
#1505=EDGE_CURVE('',#1984,#1886,#81,.T.);
#1506=EDGE_CURVE('',#1985,#1984,#250,.T.);
#1507=EDGE_CURVE('',#1985,#1986,#251,.T.);
#1508=EDGE_CURVE('',#1987,#1986,#252,.T.);
#1509=EDGE_CURVE('',#1987,#1884,#82,.T.);
#1510=EDGE_CURVE('',#1988,#1882,#83,.T.);
#1511=EDGE_CURVE('',#1989,#1988,#253,.T.);
#1512=EDGE_CURVE('',#1989,#1990,#254,.T.);
#1513=EDGE_CURVE('',#1991,#1990,#255,.T.);
#1514=EDGE_CURVE('',#1991,#1898,#84,.T.);
#1515=EDGE_CURVE('',#1992,#1899,#85,.T.);
#1516=EDGE_CURVE('',#1993,#1992,#256,.T.);
#1517=EDGE_CURVE('',#1993,#1994,#257,.T.);
#1518=EDGE_CURVE('',#1995,#1994,#258,.T.);
#1519=EDGE_CURVE('',#1995,#1902,#86,.T.);
#1520=EDGE_CURVE('',#1996,#1903,#87,.T.);
#1521=EDGE_CURVE('',#1997,#1996,#259,.T.);
#1522=EDGE_CURVE('',#1997,#1998,#260,.T.);
#1523=EDGE_CURVE('',#1999,#1998,#261,.T.);
#1524=EDGE_CURVE('',#1999,#1906,#88,.T.);
#1525=EDGE_CURVE('',#2000,#1907,#89,.T.);
#1526=EDGE_CURVE('',#2001,#2000,#262,.T.);
#1527=EDGE_CURVE('',#2001,#2002,#263,.T.);
#1528=EDGE_CURVE('',#2003,#2002,#264,.T.);
#1529=EDGE_CURVE('',#2003,#1910,#90,.T.);
#1530=EDGE_CURVE('',#2004,#1911,#91,.T.);
#1531=EDGE_CURVE('',#2005,#2004,#265,.T.);
#1532=EDGE_CURVE('',#2005,#2006,#266,.T.);
#1533=EDGE_CURVE('',#2007,#2006,#267,.T.);
#1534=EDGE_CURVE('',#2007,#1946,#92,.T.);
#1535=EDGE_CURVE('',#2008,#1947,#93,.T.);
#1536=EDGE_CURVE('',#2009,#2008,#268,.T.);
#1537=EDGE_CURVE('',#2009,#2010,#269,.T.);
#1538=EDGE_CURVE('',#2011,#2010,#270,.T.);
#1539=EDGE_CURVE('',#2011,#1950,#94,.T.);
#1540=EDGE_CURVE('',#2012,#1951,#95,.T.);
#1541=EDGE_CURVE('',#2013,#2012,#271,.T.);
#1542=EDGE_CURVE('',#2013,#2014,#272,.T.);
#1543=EDGE_CURVE('',#2015,#2014,#273,.T.);
#1544=EDGE_CURVE('',#2015,#1944,#96,.T.);
#1545=EDGE_CURVE('',#2016,#1942,#97,.T.);
#1546=EDGE_CURVE('',#2017,#2016,#274,.T.);
#1547=EDGE_CURVE('',#2017,#2018,#275,.T.);
#1548=EDGE_CURVE('',#2019,#2018,#276,.T.);
#1549=EDGE_CURVE('',#2019,#1940,#98,.T.);
#1550=EDGE_CURVE('',#2020,#1938,#99,.T.);
#1551=EDGE_CURVE('',#2021,#2020,#277,.T.);
#1552=EDGE_CURVE('',#2021,#2022,#278,.T.);
#1553=EDGE_CURVE('',#2023,#2022,#279,.T.);
#1554=EDGE_CURVE('',#2023,#1936,#100,.T.);
#1555=EDGE_CURVE('',#2024,#1934,#101,.T.);
#1556=EDGE_CURVE('',#2025,#2024,#280,.T.);
#1557=EDGE_CURVE('',#2025,#2026,#281,.T.);
#1558=EDGE_CURVE('',#2027,#2026,#282,.T.);
#1559=EDGE_CURVE('',#2027,#1932,#102,.T.);
#1560=EDGE_CURVE('',#2028,#1930,#103,.T.);
#1561=EDGE_CURVE('',#2029,#2028,#283,.T.);
#1562=EDGE_CURVE('',#2029,#2030,#284,.T.);
#1563=EDGE_CURVE('',#2031,#2030,#285,.T.);
#1564=EDGE_CURVE('',#2031,#1924,#104,.T.);
#1565=EDGE_CURVE('',#2032,#1922,#105,.T.);
#1566=EDGE_CURVE('',#2033,#2032,#286,.T.);
#1567=EDGE_CURVE('',#2033,#2034,#287,.T.);
#1568=EDGE_CURVE('',#2035,#2034,#288,.T.);
#1569=EDGE_CURVE('',#2035,#1926,#106,.T.);
#1570=EDGE_CURVE('',#2036,#1927,#107,.T.);
#1571=EDGE_CURVE('',#2037,#2036,#289,.T.);
#1572=EDGE_CURVE('',#2037,#2038,#290,.T.);
#1573=EDGE_CURVE('',#2039,#2038,#291,.T.);
#1574=EDGE_CURVE('',#2039,#1920,#108,.T.);
#1575=EDGE_CURVE('',#2040,#1918,#109,.T.);
#1576=EDGE_CURVE('',#2041,#2040,#292,.T.);
#1577=EDGE_CURVE('',#2041,#2042,#293,.T.);
#1578=EDGE_CURVE('',#2043,#2042,#294,.T.);
#1579=EDGE_CURVE('',#2043,#1916,#110,.T.);
#1580=EDGE_CURVE('',#2044,#1914,#111,.T.);
#1581=EDGE_CURVE('',#2045,#2044,#295,.T.);
#1582=EDGE_CURVE('',#2045,#2046,#296,.T.);
#1583=EDGE_CURVE('',#2047,#2046,#297,.T.);
#1584=EDGE_CURVE('',#2047,#2048,#112,.T.);
#1585=EDGE_CURVE('',#2048,#2049,#298,.T.);
#1586=EDGE_CURVE('',#2050,#2049,#113,.T.);
#1587=EDGE_CURVE('',#2051,#2050,#299,.T.);
#1588=EDGE_CURVE('',#2051,#2052,#300,.T.);
#1589=EDGE_CURVE('',#2053,#2052,#301,.T.);
#1590=EDGE_CURVE('',#2053,#1864,#114,.T.);
#1591=EDGE_CURVE('',#2054,#1862,#115,.T.);
#1592=EDGE_CURVE('',#2055,#2054,#302,.T.);
#1593=EDGE_CURVE('',#2055,#2056,#303,.T.);
#1594=EDGE_CURVE('',#2057,#2056,#304,.T.);
#1595=EDGE_CURVE('',#2057,#1860,#116,.T.);
#1596=EDGE_CURVE('',#2058,#1858,#117,.T.);
#1597=EDGE_CURVE('',#2059,#2058,#305,.T.);
#1598=EDGE_CURVE('',#2059,#2060,#306,.T.);
#1599=EDGE_CURVE('',#2061,#2060,#307,.T.);
#1600=EDGE_CURVE('',#2061,#1852,#118,.T.);
#1601=EDGE_CURVE('',#2062,#1850,#119,.T.);
#1602=EDGE_CURVE('',#2063,#2062,#308,.T.);
#1603=EDGE_CURVE('',#2063,#1955,#309,.T.);
#1604=EDGE_CURVE('',#2048,#2064,#2226,.T.);
#1605=EDGE_CURVE('',#2064,#2065,#310,.T.);
#1606=EDGE_CURVE('',#2049,#2065,#2227,.T.);
#1607=EDGE_CURVE('',#2066,#2067,#311,.F.);
#1608=EDGE_CURVE('',#2066,#1851,#120,.T.);
#1609=EDGE_CURVE('',#2068,#1853,#121,.T.);
#1610=EDGE_CURVE('',#2069,#2068,#312,.F.);
#1611=EDGE_CURVE('',#2070,#2069,#313,.T.);
#1612=EDGE_CURVE('',#2071,#2070,#314,.F.);
#1613=EDGE_CURVE('',#2071,#1859,#122,.T.);
#1614=EDGE_CURVE('',#2072,#1861,#123,.T.);
#1615=EDGE_CURVE('',#2073,#2072,#315,.F.);
#1616=EDGE_CURVE('',#2074,#2073,#316,.T.);
#1617=EDGE_CURVE('',#2075,#2074,#317,.F.);
#1618=EDGE_CURVE('',#2075,#1863,#124,.T.);
#1619=EDGE_CURVE('',#2076,#1865,#125,.T.);
#1620=EDGE_CURVE('',#2077,#2076,#318,.F.);
#1621=EDGE_CURVE('',#2078,#2077,#319,.T.);
#1622=EDGE_CURVE('',#2079,#2078,#320,.F.);
#1623=EDGE_CURVE('',#2079,#2065,#126,.T.);
#1624=EDGE_CURVE('',#2080,#2064,#127,.T.);
#1625=EDGE_CURVE('',#2081,#2080,#321,.F.);
#1626=EDGE_CURVE('',#2082,#2081,#322,.T.);
#1627=EDGE_CURVE('',#2083,#2082,#323,.F.);
#1628=EDGE_CURVE('',#2083,#1915,#128,.T.);
#1629=EDGE_CURVE('',#2084,#1917,#129,.T.);
#1630=EDGE_CURVE('',#2085,#2084,#324,.F.);
#1631=EDGE_CURVE('',#2086,#2085,#325,.T.);
#1632=EDGE_CURVE('',#2087,#2086,#326,.F.);
#1633=EDGE_CURVE('',#2087,#1919,#130,.T.);
#1634=EDGE_CURVE('',#2088,#1921,#131,.T.);
#1635=EDGE_CURVE('',#2089,#2088,#327,.F.);
#1636=EDGE_CURVE('',#2090,#2089,#328,.T.);
#1637=EDGE_CURVE('',#2091,#2090,#329,.F.);
#1638=EDGE_CURVE('',#2091,#1929,#132,.T.);
#1639=EDGE_CURVE('',#2092,#1928,#133,.T.);
#1640=EDGE_CURVE('',#2093,#2092,#330,.F.);
#1641=EDGE_CURVE('',#2094,#2093,#331,.T.);
#1642=EDGE_CURVE('',#2095,#2094,#332,.F.);
#1643=EDGE_CURVE('',#2095,#1923,#134,.T.);
#1644=EDGE_CURVE('',#2096,#1925,#135,.T.);
#1645=EDGE_CURVE('',#2097,#2096,#333,.F.);
#1646=EDGE_CURVE('',#2098,#2097,#334,.T.);
#1647=EDGE_CURVE('',#2099,#2098,#335,.F.);
#1648=EDGE_CURVE('',#2099,#1931,#136,.T.);
#1649=EDGE_CURVE('',#2100,#1933,#137,.T.);
#1650=EDGE_CURVE('',#2101,#2100,#336,.F.);
#1651=EDGE_CURVE('',#2102,#2101,#337,.T.);
#1652=EDGE_CURVE('',#2103,#2102,#338,.F.);
#1653=EDGE_CURVE('',#2103,#1935,#138,.T.);
#1654=EDGE_CURVE('',#2104,#1937,#139,.T.);
#1655=EDGE_CURVE('',#2105,#2104,#339,.F.);
#1656=EDGE_CURVE('',#2106,#2105,#340,.T.);
#1657=EDGE_CURVE('',#2107,#2106,#341,.F.);
#1658=EDGE_CURVE('',#2107,#1939,#140,.T.);
#1659=EDGE_CURVE('',#2108,#1941,#141,.T.);
#1660=EDGE_CURVE('',#2109,#2108,#342,.F.);
#1661=EDGE_CURVE('',#2110,#2109,#343,.T.);
#1662=EDGE_CURVE('',#2111,#2110,#344,.F.);
#1663=EDGE_CURVE('',#2111,#1943,#142,.T.);
#1664=EDGE_CURVE('',#2112,#1945,#143,.T.);
#1665=EDGE_CURVE('',#2113,#2112,#345,.F.);
#1666=EDGE_CURVE('',#2114,#2113,#346,.T.);
#1667=EDGE_CURVE('',#2115,#2114,#347,.F.);
#1668=EDGE_CURVE('',#2115,#1953,#144,.T.);
#1669=EDGE_CURVE('',#2116,#1952,#145,.T.);
#1670=EDGE_CURVE('',#2117,#2116,#348,.F.);
#1671=EDGE_CURVE('',#2118,#2117,#349,.T.);
#1672=EDGE_CURVE('',#2119,#2118,#350,.F.);
#1673=EDGE_CURVE('',#2119,#1949,#146,.T.);
#1674=EDGE_CURVE('',#2120,#1948,#147,.T.);
#1675=EDGE_CURVE('',#2121,#2120,#351,.F.);
#1676=EDGE_CURVE('',#2122,#2121,#352,.T.);
#1677=EDGE_CURVE('',#2123,#2122,#353,.F.);
#1678=EDGE_CURVE('',#2123,#1913,#148,.T.);
#1679=EDGE_CURVE('',#2124,#1912,#149,.T.);
#1680=EDGE_CURVE('',#2125,#2124,#354,.F.);
#1681=EDGE_CURVE('',#2126,#2125,#355,.T.);
#1682=EDGE_CURVE('',#2127,#2126,#356,.F.);
#1683=EDGE_CURVE('',#2127,#1909,#150,.T.);
#1684=EDGE_CURVE('',#2128,#1908,#151,.T.);
#1685=EDGE_CURVE('',#2129,#2128,#357,.F.);
#1686=EDGE_CURVE('',#2130,#2129,#358,.T.);
#1687=EDGE_CURVE('',#2131,#2130,#359,.F.);
#1688=EDGE_CURVE('',#2131,#1905,#152,.T.);
#1689=EDGE_CURVE('',#2132,#1904,#153,.T.);
#1690=EDGE_CURVE('',#2133,#2132,#360,.F.);
#1691=EDGE_CURVE('',#2134,#2133,#361,.T.);
#1692=EDGE_CURVE('',#2135,#2134,#362,.F.);
#1693=EDGE_CURVE('',#2135,#1901,#154,.T.);
#1694=EDGE_CURVE('',#2136,#1900,#155,.T.);
#1695=EDGE_CURVE('',#2137,#2136,#363,.F.);
#1696=EDGE_CURVE('',#2138,#2137,#364,.T.);
#1697=EDGE_CURVE('',#2139,#2138,#365,.F.);
#1698=EDGE_CURVE('',#2139,#1883,#156,.T.);
#1699=EDGE_CURVE('',#2140,#1885,#157,.T.);
#1700=EDGE_CURVE('',#2141,#2140,#366,.F.);
#1701=EDGE_CURVE('',#2142,#2141,#367,.T.);
#1702=EDGE_CURVE('',#2143,#2142,#368,.F.);
#1703=EDGE_CURVE('',#2143,#1887,#158,.T.);
#1704=EDGE_CURVE('',#2144,#1889,#159,.T.);
#1705=EDGE_CURVE('',#2145,#2144,#369,.F.);
#1706=EDGE_CURVE('',#2146,#2145,#370,.T.);
#1707=EDGE_CURVE('',#2147,#2146,#371,.F.);
#1708=EDGE_CURVE('',#2147,#1897,#160,.T.);
#1709=EDGE_CURVE('',#2148,#1896,#161,.T.);
#1710=EDGE_CURVE('',#2149,#2148,#372,.F.);
#1711=EDGE_CURVE('',#2150,#2149,#373,.T.);
#1712=EDGE_CURVE('',#2151,#2150,#374,.F.);
#1713=EDGE_CURVE('',#2151,#1893,#162,.T.);
#1714=EDGE_CURVE('',#2152,#1892,#163,.T.);
#1715=EDGE_CURVE('',#2153,#2152,#375,.F.);
#1716=EDGE_CURVE('',#2154,#2153,#376,.T.);
#1717=EDGE_CURVE('',#2155,#2154,#377,.F.);
#1718=EDGE_CURVE('',#2155,#1881,#164,.T.);
#1719=EDGE_CURVE('',#2156,#1880,#165,.T.);
#1720=EDGE_CURVE('',#2157,#2156,#378,.F.);
#1721=EDGE_CURVE('',#2158,#2157,#379,.T.);
#1722=EDGE_CURVE('',#2159,#2158,#380,.F.);
#1723=EDGE_CURVE('',#2159,#1877,#166,.T.);
#1724=EDGE_CURVE('',#2160,#1876,#167,.T.);
#1725=EDGE_CURVE('',#2161,#2160,#381,.F.);
#1726=EDGE_CURVE('',#2162,#2161,#382,.T.);
#1727=EDGE_CURVE('',#2163,#2162,#383,.F.);
#1728=EDGE_CURVE('',#2163,#1873,#168,.T.);
#1729=EDGE_CURVE('',#2164,#1872,#169,.T.);
#1730=EDGE_CURVE('',#2165,#2164,#384,.F.);
#1731=EDGE_CURVE('',#2166,#2165,#385,.T.);
#1732=EDGE_CURVE('',#2167,#2166,#386,.F.);
#1733=EDGE_CURVE('',#2167,#1869,#170,.T.);
#1734=EDGE_CURVE('',#2168,#1868,#171,.T.);
#1735=EDGE_CURVE('',#2169,#2168,#387,.F.);
#1736=EDGE_CURVE('',#2170,#2169,#388,.T.);
#1737=EDGE_CURVE('',#2171,#2170,#389,.F.);
#1738=EDGE_CURVE('',#2171,#1857,#172,.T.);
#1739=EDGE_CURVE('',#2172,#1856,#173,.T.);
#1740=EDGE_CURVE('',#2173,#2172,#390,.F.);
#1741=EDGE_CURVE('',#2067,#2173,#391,.T.);
#1742=EDGE_CURVE('',#2076,#2053,#2228,.F.);
#1743=EDGE_CURVE('',#2078,#2051,#2229,.F.);
#1744=EDGE_CURVE('',#2052,#2077,#2230,.T.);
#1745=EDGE_CURVE('',#2050,#2079,#2231,.T.);
#1746=EDGE_CURVE('',#2112,#2015,#2232,.F.);
#1747=EDGE_CURVE('',#2114,#2013,#2233,.F.);
#1748=EDGE_CURVE('',#2014,#2113,#2234,.T.);
#1749=EDGE_CURVE('',#2012,#2115,#2235,.T.);
#1750=EDGE_CURVE('',#2116,#2011,#2236,.F.);
#1751=EDGE_CURVE('',#2118,#2009,#2237,.F.);
#1752=EDGE_CURVE('',#2010,#2117,#2238,.T.);
#1753=EDGE_CURVE('',#2008,#2119,#2239,.T.);
#1754=EDGE_CURVE('',#2108,#2019,#2240,.F.);
#1755=EDGE_CURVE('',#2110,#2017,#2241,.F.);
#1756=EDGE_CURVE('',#2018,#2109,#2242,.T.);
#1757=EDGE_CURVE('',#2016,#2111,#2243,.T.);
#1758=EDGE_CURVE('',#2104,#2023,#2244,.F.);
#1759=EDGE_CURVE('',#2106,#2021,#2245,.F.);
#1760=EDGE_CURVE('',#2022,#2105,#2246,.T.);
#1761=EDGE_CURVE('',#2020,#2107,#2247,.T.);
#1762=EDGE_CURVE('',#2100,#2027,#2248,.F.);
#1763=EDGE_CURVE('',#2102,#2025,#2249,.F.);
#1764=EDGE_CURVE('',#2026,#2101,#2250,.T.);
#1765=EDGE_CURVE('',#2024,#2103,#2251,.T.);
#1766=EDGE_CURVE('',#2096,#2031,#2252,.F.);
#1767=EDGE_CURVE('',#2098,#2029,#2253,.F.);
#1768=EDGE_CURVE('',#2030,#2097,#2254,.T.);
#1769=EDGE_CURVE('',#2028,#2099,#2255,.T.);
#1770=EDGE_CURVE('',#2088,#2039,#2256,.F.);
#1771=EDGE_CURVE('',#2090,#2037,#2257,.F.);
#1772=EDGE_CURVE('',#2038,#2089,#2258,.T.);
#1773=EDGE_CURVE('',#2036,#2091,#2259,.T.);
#1774=EDGE_CURVE('',#2092,#2035,#2260,.F.);
#1775=EDGE_CURVE('',#2094,#2033,#2261,.F.);
#1776=EDGE_CURVE('',#2034,#2093,#2262,.T.);
#1777=EDGE_CURVE('',#2032,#2095,#2263,.T.);
#1778=EDGE_CURVE('',#2084,#2043,#2264,.F.);
#1779=EDGE_CURVE('',#2086,#2041,#2265,.F.);
#1780=EDGE_CURVE('',#2042,#2085,#2266,.T.);
#1781=EDGE_CURVE('',#2040,#2087,#2267,.T.);
#1782=EDGE_CURVE('',#2080,#2047,#2268,.F.);
#1783=EDGE_CURVE('',#2082,#2045,#2269,.F.);
#1784=EDGE_CURVE('',#2046,#2081,#2270,.T.);
#1785=EDGE_CURVE('',#2044,#2083,#2271,.T.);
#1786=EDGE_CURVE('',#2120,#2007,#2272,.F.);
#1787=EDGE_CURVE('',#2122,#2005,#2273,.F.);
#1788=EDGE_CURVE('',#2006,#2121,#2274,.T.);
#1789=EDGE_CURVE('',#2004,#2123,#2275,.T.);
#1790=EDGE_CURVE('',#2124,#2003,#2276,.F.);
#1791=EDGE_CURVE('',#2126,#2001,#2277,.F.);
#1792=EDGE_CURVE('',#2002,#2125,#2278,.T.);
#1793=EDGE_CURVE('',#2000,#2127,#2279,.T.);
#1794=EDGE_CURVE('',#2128,#1999,#2280,.F.);
#1795=EDGE_CURVE('',#2130,#1997,#2281,.F.);
#1796=EDGE_CURVE('',#1998,#2129,#2282,.T.);
#1797=EDGE_CURVE('',#1996,#2131,#2283,.T.);
#1798=EDGE_CURVE('',#2132,#1995,#2284,.F.);
#1799=EDGE_CURVE('',#2134,#1993,#2285,.F.);
#1800=EDGE_CURVE('',#1994,#2133,#2286,.T.);
#1801=EDGE_CURVE('',#1992,#2135,#2287,.T.);
#1802=EDGE_CURVE('',#2144,#1983,#2288,.F.);
#1803=EDGE_CURVE('',#2146,#1981,#2289,.F.);
#1804=EDGE_CURVE('',#1982,#2145,#2290,.T.);
#1805=EDGE_CURVE('',#1980,#2147,#2291,.T.);
#1806=EDGE_CURVE('',#2148,#1979,#2292,.F.);
#1807=EDGE_CURVE('',#2150,#1977,#2293,.F.);
#1808=EDGE_CURVE('',#1978,#2149,#2294,.T.);
#1809=EDGE_CURVE('',#1976,#2151,#2295,.T.);
#1810=EDGE_CURVE('',#2140,#1987,#2296,.F.);
#1811=EDGE_CURVE('',#2142,#1985,#2297,.F.);
#1812=EDGE_CURVE('',#1986,#2141,#2298,.T.);
#1813=EDGE_CURVE('',#1984,#2143,#2299,.T.);
#1814=EDGE_CURVE('',#2136,#1991,#2300,.F.);
#1815=EDGE_CURVE('',#2138,#1989,#2301,.F.);
#1816=EDGE_CURVE('',#1990,#2137,#2302,.T.);
#1817=EDGE_CURVE('',#1988,#2139,#2303,.T.);
#1818=EDGE_CURVE('',#2152,#1975,#2304,.F.);
#1819=EDGE_CURVE('',#2154,#1973,#2305,.F.);
#1820=EDGE_CURVE('',#1974,#2153,#2306,.T.);
#1821=EDGE_CURVE('',#1972,#2155,#2307,.T.);
#1822=EDGE_CURVE('',#2156,#1971,#2308,.F.);
#1823=EDGE_CURVE('',#2158,#1969,#2309,.F.);
#1824=EDGE_CURVE('',#1970,#2157,#2310,.T.);
#1825=EDGE_CURVE('',#1968,#2159,#2311,.T.);
#1826=EDGE_CURVE('',#2160,#1967,#2312,.F.);
#1827=EDGE_CURVE('',#2162,#1965,#2313,.F.);
#1828=EDGE_CURVE('',#1966,#2161,#2314,.T.);
#1829=EDGE_CURVE('',#1964,#2163,#2315,.T.);
#1830=EDGE_CURVE('',#2164,#1963,#2316,.F.);
#1831=EDGE_CURVE('',#2166,#1961,#2317,.F.);
#1832=EDGE_CURVE('',#1962,#2165,#2318,.T.);
#1833=EDGE_CURVE('',#1960,#2167,#2319,.T.);
#1834=EDGE_CURVE('',#2072,#2057,#2320,.F.);
#1835=EDGE_CURVE('',#2074,#2055,#2321,.F.);
#1836=EDGE_CURVE('',#2056,#2073,#2322,.T.);
#1837=EDGE_CURVE('',#2054,#2075,#2323,.T.);
#1838=EDGE_CURVE('',#2068,#2061,#2324,.F.);
#1839=EDGE_CURVE('',#2070,#2059,#2325,.F.);
#1840=EDGE_CURVE('',#2060,#2069,#2326,.T.);
#1841=EDGE_CURVE('',#2058,#2071,#2327,.T.);
#1842=EDGE_CURVE('',#2168,#1959,#2328,.F.);
#1843=EDGE_CURVE('',#2170,#1957,#2329,.F.);
#1844=EDGE_CURVE('',#1958,#2169,#2330,.T.);
#1845=EDGE_CURVE('',#1956,#2171,#2331,.T.);
#1846=EDGE_CURVE('',#2172,#1954,#2332,.F.);
#1847=EDGE_CURVE('',#2067,#2063,#2333,.F.);
#1848=EDGE_CURVE('',#1955,#2173,#2334,.T.);
#1849=EDGE_CURVE('',#2062,#2066,#2335,.T.);
#1850=VERTEX_POINT('',#4256);
#1851=VERTEX_POINT('',#4257);
#1852=VERTEX_POINT('',#4259);
#1853=VERTEX_POINT('',#4261);
#1854=VERTEX_POINT('',#4265);
#1855=VERTEX_POINT('',#4266);
#1856=VERTEX_POINT('',#4268);
#1857=VERTEX_POINT('',#4270);
#1858=VERTEX_POINT('',#4274);
#1859=VERTEX_POINT('',#4275);
#1860=VERTEX_POINT('',#4277);
#1861=VERTEX_POINT('',#4279);
#1862=VERTEX_POINT('',#4283);
#1863=VERTEX_POINT('',#4284);
#1864=VERTEX_POINT('',#4286);
#1865=VERTEX_POINT('',#4288);
#1866=VERTEX_POINT('',#4292);
#1867=VERTEX_POINT('',#4293);
#1868=VERTEX_POINT('',#4295);
#1869=VERTEX_POINT('',#4297);
#1870=VERTEX_POINT('',#4301);
#1871=VERTEX_POINT('',#4302);
#1872=VERTEX_POINT('',#4304);
#1873=VERTEX_POINT('',#4306);
#1874=VERTEX_POINT('',#4310);
#1875=VERTEX_POINT('',#4311);
#1876=VERTEX_POINT('',#4313);
#1877=VERTEX_POINT('',#4315);
#1878=VERTEX_POINT('',#4319);
#1879=VERTEX_POINT('',#4320);
#1880=VERTEX_POINT('',#4322);
#1881=VERTEX_POINT('',#4324);
#1882=VERTEX_POINT('',#4328);
#1883=VERTEX_POINT('',#4329);
#1884=VERTEX_POINT('',#4331);
#1885=VERTEX_POINT('',#4333);
#1886=VERTEX_POINT('',#4337);
#1887=VERTEX_POINT('',#4338);
#1888=VERTEX_POINT('',#4340);
#1889=VERTEX_POINT('',#4342);
#1890=VERTEX_POINT('',#4346);
#1891=VERTEX_POINT('',#4347);
#1892=VERTEX_POINT('',#4349);
#1893=VERTEX_POINT('',#4351);
#1894=VERTEX_POINT('',#4355);
#1895=VERTEX_POINT('',#4356);
#1896=VERTEX_POINT('',#4358);
#1897=VERTEX_POINT('',#4360);
#1898=VERTEX_POINT('',#4364);
#1899=VERTEX_POINT('',#4365);
#1900=VERTEX_POINT('',#4367);
#1901=VERTEX_POINT('',#4369);
#1902=VERTEX_POINT('',#4373);
#1903=VERTEX_POINT('',#4374);
#1904=VERTEX_POINT('',#4376);
#1905=VERTEX_POINT('',#4378);
#1906=VERTEX_POINT('',#4382);
#1907=VERTEX_POINT('',#4383);
#1908=VERTEX_POINT('',#4385);
#1909=VERTEX_POINT('',#4387);
#1910=VERTEX_POINT('',#4391);
#1911=VERTEX_POINT('',#4392);
#1912=VERTEX_POINT('',#4394);
#1913=VERTEX_POINT('',#4396);
#1914=VERTEX_POINT('',#4400);
#1915=VERTEX_POINT('',#4401);
#1916=VERTEX_POINT('',#4403);
#1917=VERTEX_POINT('',#4405);
#1918=VERTEX_POINT('',#4409);
#1919=VERTEX_POINT('',#4410);
#1920=VERTEX_POINT('',#4412);
#1921=VERTEX_POINT('',#4414);
#1922=VERTEX_POINT('',#4418);
#1923=VERTEX_POINT('',#4419);
#1924=VERTEX_POINT('',#4421);
#1925=VERTEX_POINT('',#4423);
#1926=VERTEX_POINT('',#4427);
#1927=VERTEX_POINT('',#4428);
#1928=VERTEX_POINT('',#4430);
#1929=VERTEX_POINT('',#4432);
#1930=VERTEX_POINT('',#4436);
#1931=VERTEX_POINT('',#4437);
#1932=VERTEX_POINT('',#4439);
#1933=VERTEX_POINT('',#4441);
#1934=VERTEX_POINT('',#4445);
#1935=VERTEX_POINT('',#4446);
#1936=VERTEX_POINT('',#4448);
#1937=VERTEX_POINT('',#4450);
#1938=VERTEX_POINT('',#4454);
#1939=VERTEX_POINT('',#4455);
#1940=VERTEX_POINT('',#4457);
#1941=VERTEX_POINT('',#4459);
#1942=VERTEX_POINT('',#4463);
#1943=VERTEX_POINT('',#4464);
#1944=VERTEX_POINT('',#4466);
#1945=VERTEX_POINT('',#4468);
#1946=VERTEX_POINT('',#4472);
#1947=VERTEX_POINT('',#4473);
#1948=VERTEX_POINT('',#4475);
#1949=VERTEX_POINT('',#4477);
#1950=VERTEX_POINT('',#4481);
#1951=VERTEX_POINT('',#4482);
#1952=VERTEX_POINT('',#4484);
#1953=VERTEX_POINT('',#4486);
#1954=VERTEX_POINT('',#4490);
#1955=VERTEX_POINT('',#4491);
#1956=VERTEX_POINT('',#4522);
#1957=VERTEX_POINT('',#4524);
#1958=VERTEX_POINT('',#4526);
#1959=VERTEX_POINT('',#4528);
#1960=VERTEX_POINT('',#4559);
#1961=VERTEX_POINT('',#4561);
#1962=VERTEX_POINT('',#4563);
#1963=VERTEX_POINT('',#4565);
#1964=VERTEX_POINT('',#4596);
#1965=VERTEX_POINT('',#4598);
#1966=VERTEX_POINT('',#4600);
#1967=VERTEX_POINT('',#4602);
#1968=VERTEX_POINT('',#4633);
#1969=VERTEX_POINT('',#4635);
#1970=VERTEX_POINT('',#4637);
#1971=VERTEX_POINT('',#4639);
#1972=VERTEX_POINT('',#4670);
#1973=VERTEX_POINT('',#4672);
#1974=VERTEX_POINT('',#4674);
#1975=VERTEX_POINT('',#4676);
#1976=VERTEX_POINT('',#4707);
#1977=VERTEX_POINT('',#4709);
#1978=VERTEX_POINT('',#4711);
#1979=VERTEX_POINT('',#4713);
#1980=VERTEX_POINT('',#4744);
#1981=VERTEX_POINT('',#4746);
#1982=VERTEX_POINT('',#4748);
#1983=VERTEX_POINT('',#4750);
#1984=VERTEX_POINT('',#4781);
#1985=VERTEX_POINT('',#4783);
#1986=VERTEX_POINT('',#4785);
#1987=VERTEX_POINT('',#4787);
#1988=VERTEX_POINT('',#4818);
#1989=VERTEX_POINT('',#4820);
#1990=VERTEX_POINT('',#4822);
#1991=VERTEX_POINT('',#4824);
#1992=VERTEX_POINT('',#4855);
#1993=VERTEX_POINT('',#4857);
#1994=VERTEX_POINT('',#4859);
#1995=VERTEX_POINT('',#4861);
#1996=VERTEX_POINT('',#4892);
#1997=VERTEX_POINT('',#4894);
#1998=VERTEX_POINT('',#4896);
#1999=VERTEX_POINT('',#4898);
#2000=VERTEX_POINT('',#4929);
#2001=VERTEX_POINT('',#4931);
#2002=VERTEX_POINT('',#4933);
#2003=VERTEX_POINT('',#4935);
#2004=VERTEX_POINT('',#4966);
#2005=VERTEX_POINT('',#4968);
#2006=VERTEX_POINT('',#4970);
#2007=VERTEX_POINT('',#4972);
#2008=VERTEX_POINT('',#5003);
#2009=VERTEX_POINT('',#5005);
#2010=VERTEX_POINT('',#5007);
#2011=VERTEX_POINT('',#5009);
#2012=VERTEX_POINT('',#5040);
#2013=VERTEX_POINT('',#5042);
#2014=VERTEX_POINT('',#5044);
#2015=VERTEX_POINT('',#5046);
#2016=VERTEX_POINT('',#5077);
#2017=VERTEX_POINT('',#5079);
#2018=VERTEX_POINT('',#5081);
#2019=VERTEX_POINT('',#5083);
#2020=VERTEX_POINT('',#5114);
#2021=VERTEX_POINT('',#5116);
#2022=VERTEX_POINT('',#5118);
#2023=VERTEX_POINT('',#5120);
#2024=VERTEX_POINT('',#5151);
#2025=VERTEX_POINT('',#5153);
#2026=VERTEX_POINT('',#5155);
#2027=VERTEX_POINT('',#5157);
#2028=VERTEX_POINT('',#5188);
#2029=VERTEX_POINT('',#5190);
#2030=VERTEX_POINT('',#5192);
#2031=VERTEX_POINT('',#5194);
#2032=VERTEX_POINT('',#5225);
#2033=VERTEX_POINT('',#5227);
#2034=VERTEX_POINT('',#5229);
#2035=VERTEX_POINT('',#5231);
#2036=VERTEX_POINT('',#5262);
#2037=VERTEX_POINT('',#5264);
#2038=VERTEX_POINT('',#5266);
#2039=VERTEX_POINT('',#5268);
#2040=VERTEX_POINT('',#5299);
#2041=VERTEX_POINT('',#5301);
#2042=VERTEX_POINT('',#5303);
#2043=VERTEX_POINT('',#5305);
#2044=VERTEX_POINT('',#5336);
#2045=VERTEX_POINT('',#5338);
#2046=VERTEX_POINT('',#5340);
#2047=VERTEX_POINT('',#5342);
#2048=VERTEX_POINT('',#5358);
#2049=VERTEX_POINT('',#5360);
#2050=VERTEX_POINT('',#5376);
#2051=VERTEX_POINT('',#5378);
#2052=VERTEX_POINT('',#5380);
#2053=VERTEX_POINT('',#5382);
#2054=VERTEX_POINT('',#5413);
#2055=VERTEX_POINT('',#5415);
#2056=VERTEX_POINT('',#5417);
#2057=VERTEX_POINT('',#5419);
#2058=VERTEX_POINT('',#5450);
#2059=VERTEX_POINT('',#5452);
#2060=VERTEX_POINT('',#5454);
#2061=VERTEX_POINT('',#5456);
#2062=VERTEX_POINT('',#5487);
#2063=VERTEX_POINT('',#5489);
#2064=VERTEX_POINT('',#5493);
#2065=VERTEX_POINT('',#5495);
#2066=VERTEX_POINT('',#5499);
#2067=VERTEX_POINT('',#5500);
#2068=VERTEX_POINT('',#5531);
#2069=VERTEX_POINT('',#5533);
#2070=VERTEX_POINT('',#5535);
#2071=VERTEX_POINT('',#5537);
#2072=VERTEX_POINT('',#5568);
#2073=VERTEX_POINT('',#5570);
#2074=VERTEX_POINT('',#5572);
#2075=VERTEX_POINT('',#5574);
#2076=VERTEX_POINT('',#5605);
#2077=VERTEX_POINT('',#5607);
#2078=VERTEX_POINT('',#5609);
#2079=VERTEX_POINT('',#5611);
#2080=VERTEX_POINT('',#5642);
#2081=VERTEX_POINT('',#5644);
#2082=VERTEX_POINT('',#5646);
#2083=VERTEX_POINT('',#5648);
#2084=VERTEX_POINT('',#5679);
#2085=VERTEX_POINT('',#5681);
#2086=VERTEX_POINT('',#5683);
#2087=VERTEX_POINT('',#5685);
#2088=VERTEX_POINT('',#5716);
#2089=VERTEX_POINT('',#5718);
#2090=VERTEX_POINT('',#5720);
#2091=VERTEX_POINT('',#5722);
#2092=VERTEX_POINT('',#5753);
#2093=VERTEX_POINT('',#5755);
#2094=VERTEX_POINT('',#5757);
#2095=VERTEX_POINT('',#5759);
#2096=VERTEX_POINT('',#5790);
#2097=VERTEX_POINT('',#5792);
#2098=VERTEX_POINT('',#5794);
#2099=VERTEX_POINT('',#5796);
#2100=VERTEX_POINT('',#5827);
#2101=VERTEX_POINT('',#5829);
#2102=VERTEX_POINT('',#5831);
#2103=VERTEX_POINT('',#5833);
#2104=VERTEX_POINT('',#5864);
#2105=VERTEX_POINT('',#5866);
#2106=VERTEX_POINT('',#5868);
#2107=VERTEX_POINT('',#5870);
#2108=VERTEX_POINT('',#5901);
#2109=VERTEX_POINT('',#5903);
#2110=VERTEX_POINT('',#5905);
#2111=VERTEX_POINT('',#5907);
#2112=VERTEX_POINT('',#5938);
#2113=VERTEX_POINT('',#5940);
#2114=VERTEX_POINT('',#5942);
#2115=VERTEX_POINT('',#5944);
#2116=VERTEX_POINT('',#5975);
#2117=VERTEX_POINT('',#5977);
#2118=VERTEX_POINT('',#5979);
#2119=VERTEX_POINT('',#5981);
#2120=VERTEX_POINT('',#6012);
#2121=VERTEX_POINT('',#6014);
#2122=VERTEX_POINT('',#6016);
#2123=VERTEX_POINT('',#6018);
#2124=VERTEX_POINT('',#6049);
#2125=VERTEX_POINT('',#6051);
#2126=VERTEX_POINT('',#6053);
#2127=VERTEX_POINT('',#6055);
#2128=VERTEX_POINT('',#6086);
#2129=VERTEX_POINT('',#6088);
#2130=VERTEX_POINT('',#6090);
#2131=VERTEX_POINT('',#6092);
#2132=VERTEX_POINT('',#6123);
#2133=VERTEX_POINT('',#6125);
#2134=VERTEX_POINT('',#6127);
#2135=VERTEX_POINT('',#6129);
#2136=VERTEX_POINT('',#6160);
#2137=VERTEX_POINT('',#6162);
#2138=VERTEX_POINT('',#6164);
#2139=VERTEX_POINT('',#6166);
#2140=VERTEX_POINT('',#6197);
#2141=VERTEX_POINT('',#6199);
#2142=VERTEX_POINT('',#6201);
#2143=VERTEX_POINT('',#6203);
#2144=VERTEX_POINT('',#6234);
#2145=VERTEX_POINT('',#6236);
#2146=VERTEX_POINT('',#6238);
#2147=VERTEX_POINT('',#6240);
#2148=VERTEX_POINT('',#6271);
#2149=VERTEX_POINT('',#6273);
#2150=VERTEX_POINT('',#6275);
#2151=VERTEX_POINT('',#6277);
#2152=VERTEX_POINT('',#6308);
#2153=VERTEX_POINT('',#6310);
#2154=VERTEX_POINT('',#6312);
#2155=VERTEX_POINT('',#6314);
#2156=VERTEX_POINT('',#6345);
#2157=VERTEX_POINT('',#6347);
#2158=VERTEX_POINT('',#6349);
#2159=VERTEX_POINT('',#6351);
#2160=VERTEX_POINT('',#6382);
#2161=VERTEX_POINT('',#6384);
#2162=VERTEX_POINT('',#6386);
#2163=VERTEX_POINT('',#6388);
#2164=VERTEX_POINT('',#6419);
#2165=VERTEX_POINT('',#6421);
#2166=VERTEX_POINT('',#6423);
#2167=VERTEX_POINT('',#6425);
#2168=VERTEX_POINT('',#6456);
#2169=VERTEX_POINT('',#6458);
#2170=VERTEX_POINT('',#6460);
#2171=VERTEX_POINT('',#6462);
#2172=VERTEX_POINT('',#6493);
#2173=VERTEX_POINT('',#6495);
#2174=LINE('',#4255,#2336);
#2175=LINE('',#4260,#2337);
#2176=LINE('',#4267,#2338);
#2177=LINE('',#4271,#2339);
#2178=LINE('',#4273,#2340);
#2179=LINE('',#4278,#2341);
#2180=LINE('',#4282,#2342);
#2181=LINE('',#4287,#2343);
#2182=LINE('',#4294,#2344);
#2183=LINE('',#4298,#2345);
#2184=LINE('',#4303,#2346);
#2185=LINE('',#4307,#2347);
#2186=LINE('',#4312,#2348);
#2187=LINE('',#4316,#2349);
#2188=LINE('',#4321,#2350);
#2189=LINE('',#4325,#2351);
#2190=LINE('',#4327,#2352);
#2191=LINE('',#4332,#2353);
#2192=LINE('',#4336,#2354);
#2193=LINE('',#4341,#2355);
#2194=LINE('',#4348,#2356);
#2195=LINE('',#4352,#2357);
#2196=LINE('',#4357,#2358);
#2197=LINE('',#4361,#2359);
#2198=LINE('',#4366,#2360);
#2199=LINE('',#4370,#2361);
#2200=LINE('',#4375,#2362);
#2201=LINE('',#4379,#2363);
#2202=LINE('',#4384,#2364);
#2203=LINE('',#4388,#2365);
#2204=LINE('',#4393,#2366);
#2205=LINE('',#4397,#2367);
#2206=LINE('',#4399,#2368);
#2207=LINE('',#4404,#2369);
#2208=LINE('',#4408,#2370);
#2209=LINE('',#4413,#2371);
#2210=LINE('',#4417,#2372);
#2211=LINE('',#4422,#2373);
#2212=LINE('',#4429,#2374);
#2213=LINE('',#4433,#2375);
#2214=LINE('',#4435,#2376);
#2215=LINE('',#4440,#2377);
#2216=LINE('',#4444,#2378);
#2217=LINE('',#4449,#2379);
#2218=LINE('',#4453,#2380);
#2219=LINE('',#4458,#2381);
#2220=LINE('',#4462,#2382);
#2221=LINE('',#4467,#2383);
#2222=LINE('',#4474,#2384);
#2223=LINE('',#4478,#2385);
#2224=LINE('',#4483,#2386);
#2225=LINE('',#4487,#2387);
#2226=LINE('',#5492,#2388);
#2227=LINE('',#5496,#2389);
#2228=LINE('',#6515,#2390);
#2229=LINE('',#6517,#2391);
#2230=LINE('',#6518,#2392);
#2231=LINE('',#6537,#2393);
#2232=LINE('',#6558,#2394);
#2233=LINE('',#6560,#2395);
#2234=LINE('',#6561,#2396);
#2235=LINE('',#6580,#2397);
#2236=LINE('',#6601,#2398);
#2237=LINE('',#6603,#2399);
#2238=LINE('',#6604,#2400);
#2239=LINE('',#6623,#2401);
#2240=LINE('',#6644,#2402);
#2241=LINE('',#6646,#2403);
#2242=LINE('',#6647,#2404);
#2243=LINE('',#6666,#2405);
#2244=LINE('',#6687,#2406);
#2245=LINE('',#6689,#2407);
#2246=LINE('',#6690,#2408);
#2247=LINE('',#6709,#2409);
#2248=LINE('',#6730,#2410);
#2249=LINE('',#6732,#2411);
#2250=LINE('',#6733,#2412);
#2251=LINE('',#6752,#2413);
#2252=LINE('',#6773,#2414);
#2253=LINE('',#6775,#2415);
#2254=LINE('',#6776,#2416);
#2255=LINE('',#6795,#2417);
#2256=LINE('',#6816,#2418);
#2257=LINE('',#6818,#2419);
#2258=LINE('',#6819,#2420);
#2259=LINE('',#6838,#2421);
#2260=LINE('',#6859,#2422);
#2261=LINE('',#6861,#2423);
#2262=LINE('',#6862,#2424);
#2263=LINE('',#6881,#2425);
#2264=LINE('',#6902,#2426);
#2265=LINE('',#6904,#2427);
#2266=LINE('',#6905,#2428);
#2267=LINE('',#6924,#2429);
#2268=LINE('',#6945,#2430);
#2269=LINE('',#6947,#2431);
#2270=LINE('',#6948,#2432);
#2271=LINE('',#6967,#2433);
#2272=LINE('',#6988,#2434);
#2273=LINE('',#6990,#2435);
#2274=LINE('',#6991,#2436);
#2275=LINE('',#7010,#2437);
#2276=LINE('',#7031,#2438);
#2277=LINE('',#7033,#2439);
#2278=LINE('',#7034,#2440);
#2279=LINE('',#7053,#2441);
#2280=LINE('',#7074,#2442);
#2281=LINE('',#7076,#2443);
#2282=LINE('',#7077,#2444);
#2283=LINE('',#7096,#2445);
#2284=LINE('',#7117,#2446);
#2285=LINE('',#7119,#2447);
#2286=LINE('',#7120,#2448);
#2287=LINE('',#7139,#2449);
#2288=LINE('',#7160,#2450);
#2289=LINE('',#7162,#2451);
#2290=LINE('',#7163,#2452);
#2291=LINE('',#7182,#2453);
#2292=LINE('',#7203,#2454);
#2293=LINE('',#7205,#2455);
#2294=LINE('',#7206,#2456);
#2295=LINE('',#7225,#2457);
#2296=LINE('',#7246,#2458);
#2297=LINE('',#7248,#2459);
#2298=LINE('',#7249,#2460);
#2299=LINE('',#7268,#2461);
#2300=LINE('',#7289,#2462);
#2301=LINE('',#7291,#2463);
#2302=LINE('',#7292,#2464);
#2303=LINE('',#7311,#2465);
#2304=LINE('',#7332,#2466);
#2305=LINE('',#7334,#2467);
#2306=LINE('',#7335,#2468);
#2307=LINE('',#7354,#2469);
#2308=LINE('',#7375,#2470);
#2309=LINE('',#7377,#2471);
#2310=LINE('',#7378,#2472);
#2311=LINE('',#7397,#2473);
#2312=LINE('',#7418,#2474);
#2313=LINE('',#7420,#2475);
#2314=LINE('',#7421,#2476);
#2315=LINE('',#7440,#2477);
#2316=LINE('',#7461,#2478);
#2317=LINE('',#7463,#2479);
#2318=LINE('',#7464,#2480);
#2319=LINE('',#7483,#2481);
#2320=LINE('',#7504,#2482);
#2321=LINE('',#7506,#2483);
#2322=LINE('',#7507,#2484);
#2323=LINE('',#7526,#2485);
#2324=LINE('',#7547,#2486);
#2325=LINE('',#7549,#2487);
#2326=LINE('',#7550,#2488);
#2327=LINE('',#7569,#2489);
#2328=LINE('',#7590,#2490);
#2329=LINE('',#7592,#2491);
#2330=LINE('',#7593,#2492);
#2331=LINE('',#7612,#2493);
#2332=LINE('',#7633,#2494);
#2333=LINE('',#7635,#2495);
#2334=LINE('',#7636,#2496);
#2335=LINE('',#7655,#2497);
#2336=VECTOR('',#3441,1.);
#2337=VECTOR('',#3444,1.);
#2338=VECTOR('',#3451,1.);
#2339=VECTOR('',#3454,1.);
#2340=VECTOR('',#3457,1.);
#2341=VECTOR('',#3460,1.);
#2342=VECTOR('',#3465,1.);
#2343=VECTOR('',#3468,1.);
#2344=VECTOR('',#3475,1.);
#2345=VECTOR('',#3478,1.);
#2346=VECTOR('',#3483,1.);
#2347=VECTOR('',#3486,1.);
#2348=VECTOR('',#3491,1.);
#2349=VECTOR('',#3494,1.);
#2350=VECTOR('',#3499,1.);
#2351=VECTOR('',#3502,1.);
#2352=VECTOR('',#3505,1.);
#2353=VECTOR('',#3508,1.);
#2354=VECTOR('',#3513,1.);
#2355=VECTOR('',#3516,1.);
#2356=VECTOR('',#3523,1.);
#2357=VECTOR('',#3526,1.);
#2358=VECTOR('',#3531,1.);
#2359=VECTOR('',#3534,1.);
#2360=VECTOR('',#3539,1.);
#2361=VECTOR('',#3542,1.);
#2362=VECTOR('',#3547,1.);
#2363=VECTOR('',#3550,1.);
#2364=VECTOR('',#3555,1.);
#2365=VECTOR('',#3558,1.);
#2366=VECTOR('',#3563,1.);
#2367=VECTOR('',#3566,1.);
#2368=VECTOR('',#3569,1.);
#2369=VECTOR('',#3572,1.);
#2370=VECTOR('',#3577,1.);
#2371=VECTOR('',#3580,1.);
#2372=VECTOR('',#3585,1.);
#2373=VECTOR('',#3588,1.);
#2374=VECTOR('',#3595,1.);
#2375=VECTOR('',#3598,1.);
#2376=VECTOR('',#3601,1.);
#2377=VECTOR('',#3604,1.);
#2378=VECTOR('',#3609,1.);
#2379=VECTOR('',#3612,1.);
#2380=VECTOR('',#3617,1.);
#2381=VECTOR('',#3620,1.);
#2382=VECTOR('',#3625,1.);
#2383=VECTOR('',#3628,1.);
#2384=VECTOR('',#3635,1.);
#2385=VECTOR('',#3638,1.);
#2386=VECTOR('',#3643,1.);
#2387=VECTOR('',#3646,1.);
#2388=VECTOR('',#3815,1.);
#2389=VECTOR('',#3818,1.);
#2390=VECTOR('',#3983,1.);
#2391=VECTOR('',#3986,1.);
#2392=VECTOR('',#3987,1.);
#2393=VECTOR('',#3988,1.);
#2394=VECTOR('',#3993,1.);
#2395=VECTOR('',#3996,1.);
#2396=VECTOR('',#3997,1.);
#2397=VECTOR('',#3998,1.);
#2398=VECTOR('',#4003,1.);
#2399=VECTOR('',#4006,1.);
#2400=VECTOR('',#4007,1.);
#2401=VECTOR('',#4008,1.);
#2402=VECTOR('',#4013,1.);
#2403=VECTOR('',#4016,1.);
#2404=VECTOR('',#4017,1.);
#2405=VECTOR('',#4018,1.);
#2406=VECTOR('',#4023,1.);
#2407=VECTOR('',#4026,1.);
#2408=VECTOR('',#4027,1.);
#2409=VECTOR('',#4028,1.);
#2410=VECTOR('',#4033,1.);
#2411=VECTOR('',#4036,1.);
#2412=VECTOR('',#4037,1.);
#2413=VECTOR('',#4038,1.);
#2414=VECTOR('',#4043,1.);
#2415=VECTOR('',#4046,1.);
#2416=VECTOR('',#4047,1.);
#2417=VECTOR('',#4048,1.);
#2418=VECTOR('',#4053,1.);
#2419=VECTOR('',#4056,1.);
#2420=VECTOR('',#4057,1.);
#2421=VECTOR('',#4058,1.);
#2422=VECTOR('',#4063,1.);
#2423=VECTOR('',#4066,1.);
#2424=VECTOR('',#4067,1.);
#2425=VECTOR('',#4068,1.);
#2426=VECTOR('',#4073,1.);
#2427=VECTOR('',#4076,1.);
#2428=VECTOR('',#4077,1.);
#2429=VECTOR('',#4078,1.);
#2430=VECTOR('',#4083,1.);
#2431=VECTOR('',#4086,1.);
#2432=VECTOR('',#4087,1.);
#2433=VECTOR('',#4088,1.);
#2434=VECTOR('',#4093,1.);
#2435=VECTOR('',#4096,1.);
#2436=VECTOR('',#4097,1.);
#2437=VECTOR('',#4098,1.);
#2438=VECTOR('',#4103,1.);
#2439=VECTOR('',#4106,1.);
#2440=VECTOR('',#4107,1.);
#2441=VECTOR('',#4108,1.);
#2442=VECTOR('',#4113,1.);
#2443=VECTOR('',#4116,1.);
#2444=VECTOR('',#4117,1.);
#2445=VECTOR('',#4118,1.);
#2446=VECTOR('',#4123,1.);
#2447=VECTOR('',#4126,1.);
#2448=VECTOR('',#4127,1.);
#2449=VECTOR('',#4128,1.);
#2450=VECTOR('',#4133,1.);
#2451=VECTOR('',#4136,1.);
#2452=VECTOR('',#4137,1.);
#2453=VECTOR('',#4138,1.);
#2454=VECTOR('',#4143,1.);
#2455=VECTOR('',#4146,1.);
#2456=VECTOR('',#4147,1.);
#2457=VECTOR('',#4148,1.);
#2458=VECTOR('',#4153,1.);
#2459=VECTOR('',#4156,1.);
#2460=VECTOR('',#4157,1.);
#2461=VECTOR('',#4158,1.);
#2462=VECTOR('',#4163,1.);
#2463=VECTOR('',#4166,1.);
#2464=VECTOR('',#4167,1.);
#2465=VECTOR('',#4168,1.);
#2466=VECTOR('',#4173,1.);
#2467=VECTOR('',#4176,1.);
#2468=VECTOR('',#4177,1.);
#2469=VECTOR('',#4178,1.);
#2470=VECTOR('',#4183,1.);
#2471=VECTOR('',#4186,1.);
#2472=VECTOR('',#4187,1.);
#2473=VECTOR('',#4188,1.);
#2474=VECTOR('',#4193,1.);
#2475=VECTOR('',#4196,1.);
#2476=VECTOR('',#4197,1.);
#2477=VECTOR('',#4198,1.);
#2478=VECTOR('',#4203,1.);
#2479=VECTOR('',#4206,1.);
#2480=VECTOR('',#4207,1.);
#2481=VECTOR('',#4208,1.);
#2482=VECTOR('',#4213,1.);
#2483=VECTOR('',#4216,1.);
#2484=VECTOR('',#4217,1.);
#2485=VECTOR('',#4218,1.);
#2486=VECTOR('',#4223,1.);
#2487=VECTOR('',#4226,1.);
#2488=VECTOR('',#4227,1.);
#2489=VECTOR('',#4228,1.);
#2490=VECTOR('',#4233,1.);
#2491=VECTOR('',#4236,1.);
#2492=VECTOR('',#4237,1.);
#2493=VECTOR('',#4238,1.);
#2494=VECTOR('',#4243,1.);
#2495=VECTOR('',#4246,1.);
#2496=VECTOR('',#4247,1.);
#2497=VECTOR('',#4248,1.);
#2498=EDGE_LOOP('',(#392,#393,#394,#395));
#2499=EDGE_LOOP('',(#396,#397,#398,#399));
#2500=EDGE_LOOP('',(#400,#401,#402,#403));
#2501=EDGE_LOOP('',(#404,#405,#406,#407));
#2502=EDGE_LOOP('',(#408,#409,#410,#411));
#2503=EDGE_LOOP('',(#412,#413,#414,#415));
#2504=EDGE_LOOP('',(#416,#417,#418,#419));
#2505=EDGE_LOOP('',(#420,#421,#422,#423));
#2506=EDGE_LOOP('',(#424,#425,#426,#427));
#2507=EDGE_LOOP('',(#428,#429,#430,#431));
#2508=EDGE_LOOP('',(#432,#433,#434,#435));
#2509=EDGE_LOOP('',(#436,#437,#438,#439));
#2510=EDGE_LOOP('',(#440,#441,#442,#443));
#2511=EDGE_LOOP('',(#444,#445,#446,#447));
#2512=EDGE_LOOP('',(#448,#449,#450,#451));
#2513=EDGE_LOOP('',(#452,#453,#454,#455));
#2514=EDGE_LOOP('',(#456,#457,#458,#459));
#2515=EDGE_LOOP('',(#460,#461,#462,#463));
#2516=EDGE_LOOP('',(#464,#465,#466,#467));
#2517=EDGE_LOOP('',(#468,#469,#470,#471));
#2518=EDGE_LOOP('',(#472,#473,#474,#475));
#2519=EDGE_LOOP('',(#476,#477,#478,#479));
#2520=EDGE_LOOP('',(#480,#481,#482,#483));
#2521=EDGE_LOOP('',(#484,#485,#486,#487));
#2522=EDGE_LOOP('',(#488,#489,#490,#491));
#2523=EDGE_LOOP('',(#492,#493,#494,#495));
#2524=EDGE_LOOP('',(#496,#497,#498,#499,#500,#501,#502,#503,#504,#505,#506,
#507,#508,#509,#510,#511,#512,#513,#514,#515,#516,#517,#518,#519,#520,#521,
#522,#523,#524,#525,#526,#527,#528,#529,#530,#531,#532,#533,#534,#535,#536,
#537,#538,#539,#540,#541,#542,#543,#544,#545,#546,#547,#548,#549,#550,#551,
#552,#553,#554,#555,#556,#557,#558,#559,#560,#561,#562,#563,#564,#565,#566,
#567,#568,#569,#570,#571,#572,#573,#574,#575,#576,#577,#578,#579,#580,#581,
#582,#583,#584,#585,#586,#587,#588,#589,#590,#591,#592,#593,#594,#595,#596,
#597,#598,#599,#600,#601,#602,#603,#604,#605,#606,#607,#608,#609,#610,#611,
#612,#613,#614,#615,#616,#617,#618,#619,#620,#621,#622,#623,#624,#625,#626,
#627,#628,#629,#630,#631,#632,#633,#634,#635,#636,#637,#638,#639,#640,#641,
#642,#643,#644,#645,#646,#647,#648,#649,#650,#651,#652,#653,#654,#655,#656,
#657));
#2525=EDGE_LOOP('',(#658,#659,#660,#661));
#2526=EDGE_LOOP('',(#662,#663,#664,#665,#666,#667,#668,#669,#670,#671,#672,
#673,#674,#675,#676,#677,#678,#679,#680,#681,#682,#683,#684,#685,#686,#687,
#688,#689,#690,#691,#692,#693,#694,#695,#696,#697,#698,#699,#700,#701,#702,
#703,#704,#705,#706,#707,#708,#709,#710,#711,#712,#713,#714,#715,#716,#717,
#718,#719,#720,#721,#722,#723,#724,#725,#726,#727,#728,#729,#730,#731,#732,
#733,#734,#735,#736,#737,#738,#739,#740,#741,#742,#743,#744,#745,#746,#747,
#748,#749,#750,#751,#752,#753,#754,#755,#756,#757,#758,#759,#760,#761,#762,
#763,#764,#765,#766,#767,#768,#769,#770,#771,#772,#773,#774,#775,#776,#777,
#778,#779,#780,#781,#782,#783,#784,#785,#786,#787,#788,#789,#790,#791,#792,
#793,#794,#795,#796,#797,#798,#799,#800,#801,#802,#803,#804,#805,#806,#807,
#808,#809,#810,#811,#812,#813,#814,#815,#816,#817,#818,#819,#820,#821,#822,
#823));
#2527=EDGE_LOOP('',(#824,#825,#826,#827));
#2528=EDGE_LOOP('',(#828,#829,#830,#831));
#2529=EDGE_LOOP('',(#832,#833,#834,#835));
#2530=EDGE_LOOP('',(#836,#837,#838,#839));
#2531=EDGE_LOOP('',(#840,#841,#842,#843));
#2532=EDGE_LOOP('',(#844,#845,#846,#847));
#2533=EDGE_LOOP('',(#848,#849,#850,#851));
#2534=EDGE_LOOP('',(#852,#853,#854,#855));
#2535=EDGE_LOOP('',(#856,#857,#858,#859));
#2536=EDGE_LOOP('',(#860,#861,#862,#863));
#2537=EDGE_LOOP('',(#864,#865,#866,#867));
#2538=EDGE_LOOP('',(#868,#869,#870,#871));
#2539=EDGE_LOOP('',(#872,#873,#874,#875));
#2540=EDGE_LOOP('',(#876,#877,#878,#879));
#2541=EDGE_LOOP('',(#880,#881,#882,#883));
#2542=EDGE_LOOP('',(#884,#885,#886,#887));
#2543=EDGE_LOOP('',(#888,#889,#890,#891));
#2544=EDGE_LOOP('',(#892,#893,#894,#895));
#2545=EDGE_LOOP('',(#896,#897,#898,#899));
#2546=EDGE_LOOP('',(#900,#901,#902,#903));
#2547=EDGE_LOOP('',(#904,#905,#906,#907));
#2548=EDGE_LOOP('',(#908,#909,#910,#911));
#2549=EDGE_LOOP('',(#912,#913,#914,#915));
#2550=EDGE_LOOP('',(#916,#917,#918,#919));
#2551=EDGE_LOOP('',(#920,#921,#922,#923));
#2552=EDGE_LOOP('',(#924,#925,#926,#927));
#2553=EDGE_LOOP('',(#928,#929,#930,#931));
#2554=EDGE_LOOP('',(#932,#933,#934,#935));
#2555=EDGE_LOOP('',(#936,#937,#938,#939));
#2556=EDGE_LOOP('',(#940,#941,#942,#943));
#2557=EDGE_LOOP('',(#944,#945,#946,#947));
#2558=EDGE_LOOP('',(#948,#949,#950,#951));
#2559=EDGE_LOOP('',(#952,#953,#954,#955));
#2560=EDGE_LOOP('',(#956,#957,#958,#959));
#2561=EDGE_LOOP('',(#960,#961,#962,#963));
#2562=EDGE_LOOP('',(#964,#965,#966,#967));
#2563=EDGE_LOOP('',(#968,#969,#970,#971));
#2564=EDGE_LOOP('',(#972,#973,#974,#975));
#2565=EDGE_LOOP('',(#976,#977,#978,#979));
#2566=EDGE_LOOP('',(#980,#981,#982,#983));
#2567=EDGE_LOOP('',(#984,#985,#986,#987));
#2568=EDGE_LOOP('',(#988,#989,#990,#991));
#2569=EDGE_LOOP('',(#992,#993,#994,#995));
#2570=EDGE_LOOP('',(#996,#997,#998,#999));
#2571=EDGE_LOOP('',(#1000,#1001,#1002,#1003));
#2572=EDGE_LOOP('',(#1004,#1005,#1006,#1007));
#2573=EDGE_LOOP('',(#1008,#1009,#1010,#1011));
#2574=EDGE_LOOP('',(#1012,#1013,#1014,#1015));
#2575=EDGE_LOOP('',(#1016,#1017,#1018,#1019));
#2576=EDGE_LOOP('',(#1020,#1021,#1022,#1023));
#2577=EDGE_LOOP('',(#1024,#1025,#1026,#1027));
#2578=EDGE_LOOP('',(#1028,#1029,#1030,#1031));
#2579=EDGE_LOOP('',(#1032,#1033,#1034,#1035));
#2580=EDGE_LOOP('',(#1036,#1037,#1038,#1039));
#2581=EDGE_LOOP('',(#1040,#1041,#1042,#1043));
#2582=EDGE_LOOP('',(#1044,#1045,#1046,#1047));
#2583=EDGE_LOOP('',(#1048,#1049,#1050,#1051));
#2584=EDGE_LOOP('',(#1052,#1053,#1054,#1055));
#2585=EDGE_LOOP('',(#1056,#1057,#1058,#1059));
#2586=EDGE_LOOP('',(#1060,#1061,#1062,#1063));
#2587=EDGE_LOOP('',(#1064,#1065,#1066,#1067));
#2588=EDGE_LOOP('',(#1068,#1069,#1070,#1071));
#2589=EDGE_LOOP('',(#1072,#1073,#1074,#1075));
#2590=EDGE_LOOP('',(#1076,#1077,#1078,#1079));
#2591=EDGE_LOOP('',(#1080,#1081,#1082,#1083));
#2592=EDGE_LOOP('',(#1084,#1085,#1086,#1087));
#2593=EDGE_LOOP('',(#1088,#1089,#1090,#1091));
#2594=EDGE_LOOP('',(#1092,#1093,#1094,#1095));
#2595=EDGE_LOOP('',(#1096,#1097,#1098,#1099));
#2596=EDGE_LOOP('',(#1100,#1101,#1102,#1103));
#2597=EDGE_LOOP('',(#1104,#1105,#1106,#1107));
#2598=EDGE_LOOP('',(#1108,#1109,#1110,#1111));
#2599=EDGE_LOOP('',(#1112,#1113,#1114,#1115));
#2600=EDGE_LOOP('',(#1116,#1117,#1118,#1119));
#2601=EDGE_LOOP('',(#1120,#1121,#1122,#1123));
#2602=EDGE_LOOP('',(#1124,#1125,#1126,#1127));
#2603=EDGE_LOOP('',(#1128,#1129,#1130,#1131));
#2604=EDGE_LOOP('',(#1132,#1133,#1134,#1135));
#2605=EDGE_LOOP('',(#1136,#1137,#1138,#1139));
#2606=EDGE_LOOP('',(#1140,#1141,#1142,#1143));
#2607=EDGE_LOOP('',(#1144,#1145,#1146,#1147));
#2608=EDGE_LOOP('',(#1148,#1149,#1150,#1151));
#2609=EDGE_LOOP('',(#1152,#1153,#1154,#1155));
#2610=EDGE_LOOP('',(#1156,#1157,#1158,#1159));
#2611=EDGE_LOOP('',(#1160,#1161,#1162,#1163));
#2612=EDGE_LOOP('',(#1164,#1165,#1166,#1167));
#2613=EDGE_LOOP('',(#1168,#1169,#1170,#1171));
#2614=EDGE_LOOP('',(#1172,#1173,#1174,#1175));
#2615=EDGE_LOOP('',(#1176,#1177,#1178,#1179));
#2616=EDGE_LOOP('',(#1180,#1181,#1182,#1183));
#2617=EDGE_LOOP('',(#1184,#1185,#1186,#1187));
#2618=EDGE_LOOP('',(#1188,#1189,#1190,#1191));
#2619=EDGE_LOOP('',(#1192,#1193,#1194,#1195));
#2620=EDGE_LOOP('',(#1196,#1197,#1198,#1199));
#2621=EDGE_LOOP('',(#1200,#1201,#1202,#1203));
#2622=EDGE_LOOP('',(#1204,#1205,#1206,#1207));
#2623=EDGE_LOOP('',(#1208,#1209,#1210,#1211));
#2624=EDGE_LOOP('',(#1212,#1213,#1214,#1215));
#2625=EDGE_LOOP('',(#1216,#1217,#1218,#1219));
#2626=EDGE_LOOP('',(#1220,#1221,#1222,#1223));
#2627=EDGE_LOOP('',(#1224,#1225,#1226,#1227));
#2628=EDGE_LOOP('',(#1228,#1229,#1230,#1231));
#2629=EDGE_LOOP('',(#1232,#1233,#1234,#1235));
#2630=EDGE_LOOP('',(#1236,#1237,#1238,#1239));
#2631=EDGE_LOOP('',(#1240,#1241,#1242,#1243));
#2632=EDGE_LOOP('',(#1244,#1245,#1246,#1247));
#2633=EDGE_LOOP('',(#1248,#1249,#1250,#1251));
#2634=EDGE_LOOP('',(#1252,#1253,#1254,#1255));
#2635=EDGE_LOOP('',(#1256,#1257,#1258,#1259));
#2636=EDGE_LOOP('',(#1260,#1261,#1262,#1263));
#2637=EDGE_LOOP('',(#1264,#1265,#1266,#1267));
#2638=EDGE_LOOP('',(#1268,#1269,#1270,#1271));
#2639=EDGE_LOOP('',(#1272,#1273,#1274,#1275));
#2640=EDGE_LOOP('',(#1276,#1277,#1278,#1279));
#2641=EDGE_LOOP('',(#1280,#1281,#1282,#1283));
#2642=EDGE_LOOP('',(#1284,#1285,#1286,#1287));
#2643=EDGE_LOOP('',(#1288,#1289,#1290,#1291));
#2644=EDGE_LOOP('',(#1292,#1293,#1294,#1295));
#2645=EDGE_LOOP('',(#1296,#1297,#1298,#1299));
#2646=EDGE_LOOP('',(#1300,#1301,#1302,#1303));
#2647=EDGE_LOOP('',(#1304,#1305,#1306,#1307));
#2648=EDGE_LOOP('',(#1308,#1309,#1310,#1311));
#2649=EDGE_LOOP('',(#1312,#1313,#1314,#1315));
#2650=EDGE_LOOP('',(#1316,#1317,#1318,#1319));
#2651=EDGE_LOOP('',(#1320,#1321,#1322,#1323));
#2652=EDGE_LOOP('',(#1324,#1325,#1326,#1327));
#2653=EDGE_LOOP('',(#1328,#1329,#1330,#1331));
#2654=EDGE_LOOP('',(#1332,#1333,#1334,#1335));
#2655=EDGE_LOOP('',(#1336,#1337,#1338,#1339));
#2656=EDGE_LOOP('',(#1340,#1341,#1342,#1343));
#2657=EDGE_LOOP('',(#1344,#1345,#1346,#1347));
#2658=EDGE_LOOP('',(#1348,#1349,#1350,#1351));
#2659=EDGE_LOOP('',(#1352,#1353,#1354,#1355));
#2660=EDGE_LOOP('',(#1356,#1357,#1358,#1359));
#2661=EDGE_LOOP('',(#1360,#1361,#1362,#1363));
#2662=FACE_BOUND('',#2498,.T.);
#2663=FACE_BOUND('',#2499,.T.);
#2664=FACE_BOUND('',#2500,.T.);
#2665=FACE_BOUND('',#2501,.T.);
#2666=FACE_BOUND('',#2502,.T.);
#2667=FACE_BOUND('',#2503,.T.);
#2668=FACE_BOUND('',#2504,.T.);
#2669=FACE_BOUND('',#2505,.T.);
#2670=FACE_BOUND('',#2506,.T.);
#2671=FACE_BOUND('',#2507,.T.);
#2672=FACE_BOUND('',#2508,.T.);
#2673=FACE_BOUND('',#2509,.T.);
#2674=FACE_BOUND('',#2510,.T.);
#2675=FACE_BOUND('',#2511,.T.);
#2676=FACE_BOUND('',#2512,.T.);
#2677=FACE_BOUND('',#2513,.T.);
#2678=FACE_BOUND('',#2514,.T.);
#2679=FACE_BOUND('',#2515,.T.);
#2680=FACE_BOUND('',#2516,.T.);
#2681=FACE_BOUND('',#2517,.T.);
#2682=FACE_BOUND('',#2518,.T.);
#2683=FACE_BOUND('',#2519,.T.);
#2684=FACE_BOUND('',#2520,.T.);
#2685=FACE_BOUND('',#2521,.T.);
#2686=FACE_BOUND('',#2522,.T.);
#2687=FACE_BOUND('',#2523,.T.);
#2688=FACE_BOUND('',#2524,.T.);
#2689=FACE_BOUND('',#2525,.T.);
#2690=FACE_BOUND('',#2526,.T.);
#2691=FACE_BOUND('',#2527,.T.);
#2692=FACE_BOUND('',#2528,.T.);
#2693=FACE_BOUND('',#2529,.T.);
#2694=FACE_BOUND('',#2530,.T.);
#2695=FACE_BOUND('',#2531,.T.);
#2696=FACE_BOUND('',#2532,.T.);
#2697=FACE_BOUND('',#2533,.T.);
#2698=FACE_BOUND('',#2534,.T.);
#2699=FACE_BOUND('',#2535,.T.);
#2700=FACE_BOUND('',#2536,.T.);
#2701=FACE_BOUND('',#2537,.T.);
#2702=FACE_BOUND('',#2538,.T.);
#2703=FACE_BOUND('',#2539,.T.);
#2704=FACE_BOUND('',#2540,.T.);
#2705=FACE_BOUND('',#2541,.T.);
#2706=FACE_BOUND('',#2542,.T.);
#2707=FACE_BOUND('',#2543,.T.);
#2708=FACE_BOUND('',#2544,.T.);
#2709=FACE_BOUND('',#2545,.T.);
#2710=FACE_BOUND('',#2546,.T.);
#2711=FACE_BOUND('',#2547,.T.);
#2712=FACE_BOUND('',#2548,.T.);
#2713=FACE_BOUND('',#2549,.T.);
#2714=FACE_BOUND('',#2550,.T.);
#2715=FACE_BOUND('',#2551,.T.);
#2716=FACE_BOUND('',#2552,.T.);
#2717=FACE_BOUND('',#2553,.T.);
#2718=FACE_BOUND('',#2554,.T.);
#2719=FACE_BOUND('',#2555,.T.);
#2720=FACE_BOUND('',#2556,.T.);
#2721=FACE_BOUND('',#2557,.T.);
#2722=FACE_BOUND('',#2558,.T.);
#2723=FACE_BOUND('',#2559,.T.);
#2724=FACE_BOUND('',#2560,.T.);
#2725=FACE_BOUND('',#2561,.T.);
#2726=FACE_BOUND('',#2562,.T.);
#2727=FACE_BOUND('',#2563,.T.);
#2728=FACE_BOUND('',#2564,.T.);
#2729=FACE_BOUND('',#2565,.T.);
#2730=FACE_BOUND('',#2566,.T.);
#2731=FACE_BOUND('',#2567,.T.);
#2732=FACE_BOUND('',#2568,.T.);
#2733=FACE_BOUND('',#2569,.T.);
#2734=FACE_BOUND('',#2570,.T.);
#2735=FACE_BOUND('',#2571,.T.);
#2736=FACE_BOUND('',#2572,.T.);
#2737=FACE_BOUND('',#2573,.T.);
#2738=FACE_BOUND('',#2574,.T.);
#2739=FACE_BOUND('',#2575,.T.);
#2740=FACE_BOUND('',#2576,.T.);
#2741=FACE_BOUND('',#2577,.T.);
#2742=FACE_BOUND('',#2578,.T.);
#2743=FACE_BOUND('',#2579,.T.);
#2744=FACE_BOUND('',#2580,.T.);
#2745=FACE_BOUND('',#2581,.T.);
#2746=FACE_BOUND('',#2582,.T.);
#2747=FACE_BOUND('',#2583,.T.);
#2748=FACE_BOUND('',#2584,.T.);
#2749=FACE_BOUND('',#2585,.T.);
#2750=FACE_BOUND('',#2586,.T.);
#2751=FACE_BOUND('',#2587,.T.);
#2752=FACE_BOUND('',#2588,.T.);
#2753=FACE_BOUND('',#2589,.T.);
#2754=FACE_BOUND('',#2590,.T.);
#2755=FACE_BOUND('',#2591,.T.);
#2756=FACE_BOUND('',#2592,.T.);
#2757=FACE_BOUND('',#2593,.T.);
#2758=FACE_BOUND('',#2594,.T.);
#2759=FACE_BOUND('',#2595,.T.);
#2760=FACE_BOUND('',#2596,.T.);
#2761=FACE_BOUND('',#2597,.T.);
#2762=FACE_BOUND('',#2598,.T.);
#2763=FACE_BOUND('',#2599,.T.);
#2764=FACE_BOUND('',#2600,.T.);
#2765=FACE_BOUND('',#2601,.T.);
#2766=FACE_BOUND('',#2602,.T.);
#2767=FACE_BOUND('',#2603,.T.);
#2768=FACE_BOUND('',#2604,.T.);
#2769=FACE_BOUND('',#2605,.T.);
#2770=FACE_BOUND('',#2606,.T.);
#2771=FACE_BOUND('',#2607,.T.);
#2772=FACE_BOUND('',#2608,.T.);
#2773=FACE_BOUND('',#2609,.T.);
#2774=FACE_BOUND('',#2610,.T.);
#2775=FACE_BOUND('',#2611,.T.);
#2776=FACE_BOUND('',#2612,.T.);
#2777=FACE_BOUND('',#2613,.T.);
#2778=FACE_BOUND('',#2614,.T.);
#2779=FACE_BOUND('',#2615,.T.);
#2780=FACE_BOUND('',#2616,.T.);
#2781=FACE_BOUND('',#2617,.T.);
#2782=FACE_BOUND('',#2618,.T.);
#2783=FACE_BOUND('',#2619,.T.);
#2784=FACE_BOUND('',#2620,.T.);
#2785=FACE_BOUND('',#2621,.T.);
#2786=FACE_BOUND('',#2622,.T.);
#2787=FACE_BOUND('',#2623,.T.);
#2788=FACE_BOUND('',#2624,.T.);
#2789=FACE_BOUND('',#2625,.T.);
#2790=FACE_BOUND('',#2626,.T.);
#2791=FACE_BOUND('',#2627,.T.);
#2792=FACE_BOUND('',#2628,.T.);
#2793=FACE_BOUND('',#2629,.T.);
#2794=FACE_BOUND('',#2630,.T.);
#2795=FACE_BOUND('',#2631,.T.);
#2796=FACE_BOUND('',#2632,.T.);
#2797=FACE_BOUND('',#2633,.T.);
#2798=FACE_BOUND('',#2634,.T.);
#2799=FACE_BOUND('',#2635,.T.);
#2800=FACE_BOUND('',#2636,.T.);
#2801=FACE_BOUND('',#2637,.T.);
#2802=FACE_BOUND('',#2638,.T.);
#2803=FACE_BOUND('',#2639,.T.);
#2804=FACE_BOUND('',#2640,.T.);
#2805=FACE_BOUND('',#2641,.T.);
#2806=FACE_BOUND('',#2642,.T.);
#2807=FACE_BOUND('',#2643,.T.);
#2808=FACE_BOUND('',#2644,.T.);
#2809=FACE_BOUND('',#2645,.T.);
#2810=FACE_BOUND('',#2646,.T.);
#2811=FACE_BOUND('',#2647,.T.);
#2812=FACE_BOUND('',#2648,.T.);
#2813=FACE_BOUND('',#2649,.T.);
#2814=FACE_BOUND('',#2650,.T.);
#2815=FACE_BOUND('',#2651,.T.);
#2816=FACE_BOUND('',#2652,.T.);
#2817=FACE_BOUND('',#2653,.T.);
#2818=FACE_BOUND('',#2654,.T.);
#2819=FACE_BOUND('',#2655,.T.);
#2820=FACE_BOUND('',#2656,.T.);
#2821=FACE_BOUND('',#2657,.T.);
#2822=FACE_BOUND('',#2658,.T.);
#2823=FACE_BOUND('',#2659,.T.);
#2824=FACE_BOUND('',#2660,.T.);
#2825=FACE_BOUND('',#2661,.T.);
#2826=CYLINDRICAL_SURFACE('',#3111,0.0153458333333333);
#2827=CYLINDRICAL_SURFACE('',#3114,0.0153458333333333);
#2828=CYLINDRICAL_SURFACE('',#3117,0.0153458333333333);
#2829=CYLINDRICAL_SURFACE('',#3120,0.0153458333333333);
#2830=CYLINDRICAL_SURFACE('',#3123,0.0153458333333333);
#2831=CYLINDRICAL_SURFACE('',#3126,0.0153458333333333);
#2832=CYLINDRICAL_SURFACE('',#3129,0.0153458333333333);
#2833=CYLINDRICAL_SURFACE('',#3132,0.0153458333333333);
#2834=CYLINDRICAL_SURFACE('',#3135,0.0153458333333333);
#2835=CYLINDRICAL_SURFACE('',#3138,0.0153458333333333);
#2836=CYLINDRICAL_SURFACE('',#3141,0.0153458333333333);
#2837=CYLINDRICAL_SURFACE('',#3144,0.0153458333333333);
#2838=CYLINDRICAL_SURFACE('',#3147,0.0153458333333333);
#2839=CYLINDRICAL_SURFACE('',#3150,0.0153458333333333);
#2840=CYLINDRICAL_SURFACE('',#3153,0.0153458333333333);
#2841=CYLINDRICAL_SURFACE('',#3156,0.0153458333333333);
#2842=CYLINDRICAL_SURFACE('',#3159,0.0153458333333333);
#2843=CYLINDRICAL_SURFACE('',#3162,0.0153458333333333);
#2844=CYLINDRICAL_SURFACE('',#3165,0.0153458333333333);
#2845=CYLINDRICAL_SURFACE('',#3168,0.0153458333333333);
#2846=CYLINDRICAL_SURFACE('',#3171,0.0153458333333333);
#2847=CYLINDRICAL_SURFACE('',#3174,0.0153458333333333);
#2848=CYLINDRICAL_SURFACE('',#3177,0.0153458333333333);
#2849=CYLINDRICAL_SURFACE('',#3180,0.0153458333333333);
#2850=CYLINDRICAL_SURFACE('',#3183,0.0153458333333333);
#2851=CYLINDRICAL_SURFACE('',#3186,0.0153458333333333);
#2852=CYLINDRICAL_SURFACE('',#3272,0.0153458333333333);
#2853=CYLINDRICAL_SURFACE('',#3356,0.0129645833333342);
#2854=CYLINDRICAL_SURFACE('',#3357,0.00039539373364495);
#2855=CYLINDRICAL_SURFACE('',#3358,0.00039539373364495);
#2856=CYLINDRICAL_SURFACE('',#3359,0.0129645833333342);
#2857=CYLINDRICAL_SURFACE('',#3360,0.00039539373364495);
#2858=CYLINDRICAL_SURFACE('',#3361,0.00039539373364495);
#2859=CYLINDRICAL_SURFACE('',#3362,0.0129645833333342);
#2860=CYLINDRICAL_SURFACE('',#3363,0.00039539373364495);
#2861=CYLINDRICAL_SURFACE('',#3364,0.00039539373364495);
#2862=CYLINDRICAL_SURFACE('',#3365,0.0129645833333342);
#2863=CYLINDRICAL_SURFACE('',#3366,0.00039539373364495);
#2864=CYLINDRICAL_SURFACE('',#3367,0.00039539373364495);
#2865=CYLINDRICAL_SURFACE('',#3368,0.0129645833333342);
#2866=CYLINDRICAL_SURFACE('',#3369,0.00039539373364495);
#2867=CYLINDRICAL_SURFACE('',#3370,0.00039539373364495);
#2868=CYLINDRICAL_SURFACE('',#3371,0.0129645833333342);
#2869=CYLINDRICAL_SURFACE('',#3372,0.00039539373364495);
#2870=CYLINDRICAL_SURFACE('',#3373,0.00039539373364495);
#2871=CYLINDRICAL_SURFACE('',#3374,0.0129645833333342);
#2872=CYLINDRICAL_SURFACE('',#3375,0.00039539373364495);
#2873=CYLINDRICAL_SURFACE('',#3376,0.00039539373364495);
#2874=CYLINDRICAL_SURFACE('',#3377,0.0129645833333342);
#2875=CYLINDRICAL_SURFACE('',#3378,0.00039539373364495);
#2876=CYLINDRICAL_SURFACE('',#3379,0.00039539373364495);
#2877=CYLINDRICAL_SURFACE('',#3380,0.0129645833333342);
#2878=CYLINDRICAL_SURFACE('',#3381,0.00039539373364495);
#2879=CYLINDRICAL_SURFACE('',#3382,0.00039539373364495);
#2880=CYLINDRICAL_SURFACE('',#3383,0.0129645833333342);
#2881=CYLINDRICAL_SURFACE('',#3384,0.00039539373364495);
#2882=CYLINDRICAL_SURFACE('',#3385,0.00039539373364495);
#2883=CYLINDRICAL_SURFACE('',#3386,0.0129645833333342);
#2884=CYLINDRICAL_SURFACE('',#3387,0.00039539373364495);
#2885=CYLINDRICAL_SURFACE('',#3388,0.00039539373364495);
#2886=CYLINDRICAL_SURFACE('',#3389,0.0129645833333342);
#2887=CYLINDRICAL_SURFACE('',#3390,0.00039539373364495);
#2888=CYLINDRICAL_SURFACE('',#3391,0.00039539373364495);
#2889=CYLINDRICAL_SURFACE('',#3392,0.0129645833333342);
#2890=CYLINDRICAL_SURFACE('',#3393,0.00039539373364495);
#2891=CYLINDRICAL_SURFACE('',#3394,0.00039539373364495);
#2892=CYLINDRICAL_SURFACE('',#3395,0.0129645833333342);
#2893=CYLINDRICAL_SURFACE('',#3396,0.00039539373364495);
#2894=CYLINDRICAL_SURFACE('',#3397,0.00039539373364495);
#2895=CYLINDRICAL_SURFACE('',#3398,0.0129645833333342);
#2896=CYLINDRICAL_SURFACE('',#3399,0.00039539373364495);
#2897=CYLINDRICAL_SURFACE('',#3400,0.00039539373364495);
#2898=CYLINDRICAL_SURFACE('',#3401,0.0129645833333342);
#2899=CYLINDRICAL_SURFACE('',#3402,0.00039539373364495);
#2900=CYLINDRICAL_SURFACE('',#3403,0.00039539373364495);
#2901=CYLINDRICAL_SURFACE('',#3404,0.0129645833333342);
#2902=CYLINDRICAL_SURFACE('',#3405,0.00039539373364495);
#2903=CYLINDRICAL_SURFACE('',#3406,0.00039539373364495);
#2904=CYLINDRICAL_SURFACE('',#3407,0.0129645833333342);
#2905=CYLINDRICAL_SURFACE('',#3408,0.00039539373364495);
#2906=CYLINDRICAL_SURFACE('',#3409,0.00039539373364495);
#2907=CYLINDRICAL_SURFACE('',#3410,0.0129645833333342);
#2908=CYLINDRICAL_SURFACE('',#3411,0.00039539373364495);
#2909=CYLINDRICAL_SURFACE('',#3412,0.00039539373364495);
#2910=CYLINDRICAL_SURFACE('',#3413,0.0129645833333342);
#2911=CYLINDRICAL_SURFACE('',#3414,0.00039539373364495);
#2912=CYLINDRICAL_SURFACE('',#3415,0.00039539373364495);
#2913=CYLINDRICAL_SURFACE('',#3416,0.0129645833333342);
#2914=CYLINDRICAL_SURFACE('',#3417,0.00039539373364495);
#2915=CYLINDRICAL_SURFACE('',#3418,0.00039539373364495);
#2916=CYLINDRICAL_SURFACE('',#3419,0.0129645833333342);
#2917=CYLINDRICAL_SURFACE('',#3420,0.00039539373364495);
#2918=CYLINDRICAL_SURFACE('',#3421,0.00039539373364495);
#2919=CYLINDRICAL_SURFACE('',#3422,0.0129645833333342);
#2920=CYLINDRICAL_SURFACE('',#3423,0.00039539373364495);
#2921=CYLINDRICAL_SURFACE('',#3424,0.00039539373364495);
#2922=CYLINDRICAL_SURFACE('',#3425,0.0129645833333342);
#2923=CYLINDRICAL_SURFACE('',#3426,0.00039539373364495);
#2924=CYLINDRICAL_SURFACE('',#3427,0.00039539373364495);
#2925=CYLINDRICAL_SURFACE('',#3428,0.0129645833333342);
#2926=CYLINDRICAL_SURFACE('',#3429,0.00039539373364495);
#2927=CYLINDRICAL_SURFACE('',#3430,0.00039539373364495);
#2928=CYLINDRICAL_SURFACE('',#3431,0.0129645833333342);
#2929=CYLINDRICAL_SURFACE('',#3432,0.00039539373364495);
#2930=CYLINDRICAL_SURFACE('',#3433,0.00039539373364495);
#2931=CYLINDRICAL_SURFACE('',#3434,0.0129645833333342);
#2932=CYLINDRICAL_SURFACE('',#3435,0.00039539373364495);
#2933=CYLINDRICAL_SURFACE('',#3436,0.00039539373364495);
#2934=ADVANCED_FACE('',(#2662),#2826,.T.);
#2935=ADVANCED_FACE('',(#2663),#2827,.T.);
#2936=ADVANCED_FACE('',(#2664),#2828,.T.);
#2937=ADVANCED_FACE('',(#2665),#2829,.T.);
#2938=ADVANCED_FACE('',(#2666),#2830,.T.);
#2939=ADVANCED_FACE('',(#2667),#2831,.T.);
#2940=ADVANCED_FACE('',(#2668),#2832,.T.);
#2941=ADVANCED_FACE('',(#2669),#2833,.T.);
#2942=ADVANCED_FACE('',(#2670),#2834,.T.);
#2943=ADVANCED_FACE('',(#2671),#2835,.T.);
#2944=ADVANCED_FACE('',(#2672),#2836,.T.);
#2945=ADVANCED_FACE('',(#2673),#2837,.T.);
#2946=ADVANCED_FACE('',(#2674),#2838,.T.);
#2947=ADVANCED_FACE('',(#2675),#2839,.T.);
#2948=ADVANCED_FACE('',(#2676),#2840,.T.);
#2949=ADVANCED_FACE('',(#2677),#2841,.T.);
#2950=ADVANCED_FACE('',(#2678),#2842,.T.);
#2951=ADVANCED_FACE('',(#2679),#2843,.T.);
#2952=ADVANCED_FACE('',(#2680),#2844,.T.);
#2953=ADVANCED_FACE('',(#2681),#2845,.T.);
#2954=ADVANCED_FACE('',(#2682),#2846,.T.);
#2955=ADVANCED_FACE('',(#2683),#2847,.T.);
#2956=ADVANCED_FACE('',(#2684),#2848,.T.);
#2957=ADVANCED_FACE('',(#2685),#2849,.T.);
#2958=ADVANCED_FACE('',(#2686),#2850,.T.);
#2959=ADVANCED_FACE('',(#2687),#2851,.T.);
#2960=ADVANCED_FACE('',(#2688),#174,.T.);
#2961=ADVANCED_FACE('',(#2689),#2852,.T.);
#2962=ADVANCED_FACE('',(#2690),#175,.F.);
#2963=ADVANCED_FACE('',(#2691),#12,.F.);
#2964=ADVANCED_FACE('',(#2692),#2853,.T.);
#2965=ADVANCED_FACE('',(#2693),#13,.T.);
#2966=ADVANCED_FACE('',(#2694),#2854,.F.);
#2967=ADVANCED_FACE('',(#2695),#2855,.F.);
#2968=ADVANCED_FACE('',(#2696),#14,.F.);
#2969=ADVANCED_FACE('',(#2697),#2856,.T.);
#2970=ADVANCED_FACE('',(#2698),#15,.T.);
#2971=ADVANCED_FACE('',(#2699),#2857,.F.);
#2972=ADVANCED_FACE('',(#2700),#2858,.F.);
#2973=ADVANCED_FACE('',(#2701),#16,.F.);
#2974=ADVANCED_FACE('',(#2702),#2859,.T.);
#2975=ADVANCED_FACE('',(#2703),#17,.T.);
#2976=ADVANCED_FACE('',(#2704),#2860,.F.);
#2977=ADVANCED_FACE('',(#2705),#2861,.F.);
#2978=ADVANCED_FACE('',(#2706),#18,.F.);
#2979=ADVANCED_FACE('',(#2707),#2862,.T.);
#2980=ADVANCED_FACE('',(#2708),#19,.T.);
#2981=ADVANCED_FACE('',(#2709),#2863,.F.);
#2982=ADVANCED_FACE('',(#2710),#2864,.F.);
#2983=ADVANCED_FACE('',(#2711),#20,.F.);
#2984=ADVANCED_FACE('',(#2712),#2865,.T.);
#2985=ADVANCED_FACE('',(#2713),#21,.T.);
#2986=ADVANCED_FACE('',(#2714),#2866,.F.);
#2987=ADVANCED_FACE('',(#2715),#2867,.F.);
#2988=ADVANCED_FACE('',(#2716),#22,.F.);
#2989=ADVANCED_FACE('',(#2717),#2868,.T.);
#2990=ADVANCED_FACE('',(#2718),#23,.T.);
#2991=ADVANCED_FACE('',(#2719),#2869,.F.);
#2992=ADVANCED_FACE('',(#2720),#2870,.F.);
#2993=ADVANCED_FACE('',(#2721),#24,.F.);
#2994=ADVANCED_FACE('',(#2722),#2871,.T.);
#2995=ADVANCED_FACE('',(#2723),#25,.T.);
#2996=ADVANCED_FACE('',(#2724),#2872,.F.);
#2997=ADVANCED_FACE('',(#2725),#2873,.F.);
#2998=ADVANCED_FACE('',(#2726),#26,.F.);
#2999=ADVANCED_FACE('',(#2727),#2874,.T.);
#3000=ADVANCED_FACE('',(#2728),#27,.T.);
#3001=ADVANCED_FACE('',(#2729),#2875,.F.);
#3002=ADVANCED_FACE('',(#2730),#2876,.F.);
#3003=ADVANCED_FACE('',(#2731),#28,.F.);
#3004=ADVANCED_FACE('',(#2732),#2877,.T.);
#3005=ADVANCED_FACE('',(#2733),#29,.T.);
#3006=ADVANCED_FACE('',(#2734),#2878,.F.);
#3007=ADVANCED_FACE('',(#2735),#2879,.F.);
#3008=ADVANCED_FACE('',(#2736),#30,.F.);
#3009=ADVANCED_FACE('',(#2737),#2880,.T.);
#3010=ADVANCED_FACE('',(#2738),#31,.T.);
#3011=ADVANCED_FACE('',(#2739),#2881,.F.);
#3012=ADVANCED_FACE('',(#2740),#2882,.F.);
#3013=ADVANCED_FACE('',(#2741),#32,.F.);
#3014=ADVANCED_FACE('',(#2742),#2883,.T.);
#3015=ADVANCED_FACE('',(#2743),#33,.T.);
#3016=ADVANCED_FACE('',(#2744),#2884,.F.);
#3017=ADVANCED_FACE('',(#2745),#2885,.F.);
#3018=ADVANCED_FACE('',(#2746),#34,.F.);
#3019=ADVANCED_FACE('',(#2747),#2886,.T.);
#3020=ADVANCED_FACE('',(#2748),#35,.T.);
#3021=ADVANCED_FACE('',(#2749),#2887,.F.);
#3022=ADVANCED_FACE('',(#2750),#2888,.F.);
#3023=ADVANCED_FACE('',(#2751),#36,.F.);
#3024=ADVANCED_FACE('',(#2752),#2889,.T.);
#3025=ADVANCED_FACE('',(#2753),#37,.T.);
#3026=ADVANCED_FACE('',(#2754),#2890,.F.);
#3027=ADVANCED_FACE('',(#2755),#2891,.F.);
#3028=ADVANCED_FACE('',(#2756),#38,.F.);
#3029=ADVANCED_FACE('',(#2757),#2892,.T.);
#3030=ADVANCED_FACE('',(#2758),#39,.T.);
#3031=ADVANCED_FACE('',(#2759),#2893,.F.);
#3032=ADVANCED_FACE('',(#2760),#2894,.F.);
#3033=ADVANCED_FACE('',(#2761),#40,.F.);
#3034=ADVANCED_FACE('',(#2762),#2895,.T.);
#3035=ADVANCED_FACE('',(#2763),#41,.T.);
#3036=ADVANCED_FACE('',(#2764),#2896,.F.);
#3037=ADVANCED_FACE('',(#2765),#2897,.F.);
#3038=ADVANCED_FACE('',(#2766),#42,.F.);
#3039=ADVANCED_FACE('',(#2767),#2898,.T.);
#3040=ADVANCED_FACE('',(#2768),#43,.T.);
#3041=ADVANCED_FACE('',(#2769),#2899,.F.);
#3042=ADVANCED_FACE('',(#2770),#2900,.F.);
#3043=ADVANCED_FACE('',(#2771),#44,.F.);
#3044=ADVANCED_FACE('',(#2772),#2901,.T.);
#3045=ADVANCED_FACE('',(#2773),#45,.T.);
#3046=ADVANCED_FACE('',(#2774),#2902,.F.);
#3047=ADVANCED_FACE('',(#2775),#2903,.F.);
#3048=ADVANCED_FACE('',(#2776),#46,.F.);
#3049=ADVANCED_FACE('',(#2777),#2904,.T.);
#3050=ADVANCED_FACE('',(#2778),#47,.T.);
#3051=ADVANCED_FACE('',(#2779),#2905,.F.);
#3052=ADVANCED_FACE('',(#2780),#2906,.F.);
#3053=ADVANCED_FACE('',(#2781),#48,.F.);
#3054=ADVANCED_FACE('',(#2782),#2907,.T.);
#3055=ADVANCED_FACE('',(#2783),#49,.T.);
#3056=ADVANCED_FACE('',(#2784),#2908,.F.);
#3057=ADVANCED_FACE('',(#2785),#2909,.F.);
#3058=ADVANCED_FACE('',(#2786),#50,.F.);
#3059=ADVANCED_FACE('',(#2787),#2910,.T.);
#3060=ADVANCED_FACE('',(#2788),#51,.T.);
#3061=ADVANCED_FACE('',(#2789),#2911,.F.);
#3062=ADVANCED_FACE('',(#2790),#2912,.F.);
#3063=ADVANCED_FACE('',(#2791),#52,.F.);
#3064=ADVANCED_FACE('',(#2792),#2913,.T.);
#3065=ADVANCED_FACE('',(#2793),#53,.T.);
#3066=ADVANCED_FACE('',(#2794),#2914,.F.);
#3067=ADVANCED_FACE('',(#2795),#2915,.F.);
#3068=ADVANCED_FACE('',(#2796),#54,.F.);
#3069=ADVANCED_FACE('',(#2797),#2916,.T.);
#3070=ADVANCED_FACE('',(#2798),#55,.T.);
#3071=ADVANCED_FACE('',(#2799),#2917,.F.);
#3072=ADVANCED_FACE('',(#2800),#2918,.F.);
#3073=ADVANCED_FACE('',(#2801),#56,.F.);
#3074=ADVANCED_FACE('',(#2802),#2919,.T.);
#3075=ADVANCED_FACE('',(#2803),#57,.T.);
#3076=ADVANCED_FACE('',(#2804),#2920,.F.);
#3077=ADVANCED_FACE('',(#2805),#2921,.F.);
#3078=ADVANCED_FACE('',(#2806),#58,.F.);
#3079=ADVANCED_FACE('',(#2807),#2922,.T.);
#3080=ADVANCED_FACE('',(#2808),#59,.T.);
#3081=ADVANCED_FACE('',(#2809),#2923,.F.);
#3082=ADVANCED_FACE('',(#2810),#2924,.F.);
#3083=ADVANCED_FACE('',(#2811),#60,.F.);
#3084=ADVANCED_FACE('',(#2812),#2925,.T.);
#3085=ADVANCED_FACE('',(#2813),#61,.T.);
#3086=ADVANCED_FACE('',(#2814),#2926,.F.);
#3087=ADVANCED_FACE('',(#2815),#2927,.F.);
#3088=ADVANCED_FACE('',(#2816),#62,.F.);
#3089=ADVANCED_FACE('',(#2817),#2928,.T.);
#3090=ADVANCED_FACE('',(#2818),#63,.T.);
#3091=ADVANCED_FACE('',(#2819),#2929,.F.);
#3092=ADVANCED_FACE('',(#2820),#2930,.F.);
#3093=ADVANCED_FACE('',(#2821),#64,.F.);
#3094=ADVANCED_FACE('',(#2822),#2931,.T.);
#3095=ADVANCED_FACE('',(#2823),#65,.T.);
#3096=ADVANCED_FACE('',(#2824),#2932,.F.);
#3097=ADVANCED_FACE('',(#2825),#2933,.F.);
#3098=CLOSED_SHELL('',(#2934,#2935,#2936,#2937,#2938,#2939,#2940,#2941,
#2942,#2943,#2944,#2945,#2946,#2947,#2948,#2949,#2950,#2951,#2952,#2953,
#2954,#2955,#2956,#2957,#2958,#2959,#2960,#2961,#2962,#2963,#2964,#2965,
#2966,#2967,#2968,#2969,#2970,#2971,#2972,#2973,#2974,#2975,#2976,#2977,
#2978,#2979,#2980,#2981,#2982,#2983,#2984,#2985,#2986,#2987,#2988,#2989,
#2990,#2991,#2992,#2993,#2994,#2995,#2996,#2997,#2998,#2999,#3000,#3001,
#3002,#3003,#3004,#3005,#3006,#3007,#3008,#3009,#3010,#3011,#3012,#3013,
#3014,#3015,#3016,#3017,#3018,#3019,#3020,#3021,#3022,#3023,#3024,#3025,
#3026,#3027,#3028,#3029,#3030,#3031,#3032,#3033,#3034,#3035,#3036,#3037,
#3038,#3039,#3040,#3041,#3042,#3043,#3044,#3045,#3046,#3047,#3048,#3049,
#3050,#3051,#3052,#3053,#3054,#3055,#3056,#3057,#3058,#3059,#3060,#3061,
#3062,#3063,#3064,#3065,#3066,#3067,#3068,#3069,#3070,#3071,#3072,#3073,
#3074,#3075,#3076,#3077,#3078,#3079,#3080,#3081,#3082,#3083,#3084,#3085,
#3086,#3087,#3088,#3089,#3090,#3091,#3092,#3093,#3094,#3095,#3096,#3097));
#3099=STYLED_ITEM('',(#3100),#3107);
#3100=PRESENTATION_STYLE_ASSIGNMENT((#3101));
#3101=SURFACE_STYLE_USAGE(.BOTH.,#3102);
#3102=SURFACE_SIDE_STYLE('',(#3103));
#3103=SURFACE_STYLE_FILL_AREA(#3104);
#3104=FILL_AREA_STYLE('',(#3105));
#3105=FILL_AREA_STYLE_COLOUR('',#3106);
#3106=COLOUR_RGB('',0.615686274509804,0.811764705882353,0.929411764705882);
#3107=MANIFOLD_SOLID_BREP('Part 1',#3098);
#3108=SHAPE_DEFINITION_REPRESENTATION(#7664,#3109);
#3109=SHAPE_REPRESENTATION('Part 1',(#3110),#7659);
#3110=AXIS2_PLACEMENT_3D('',#4253,#3437,#3438);
#3111=AXIS2_PLACEMENT_3D('',#4254,#3439,#3440);
#3112=AXIS2_PLACEMENT_3D('',#4258,#3442,#3443);
#3113=AXIS2_PLACEMENT_3D('',#4262,#3445,#3446);
#3114=AXIS2_PLACEMENT_3D('',#4263,#3447,#3448);
#3115=AXIS2_PLACEMENT_3D('',#4264,#3449,#3450);
#3116=AXIS2_PLACEMENT_3D('',#4269,#3452,#3453);
#3117=AXIS2_PLACEMENT_3D('',#4272,#3455,#3456);
#3118=AXIS2_PLACEMENT_3D('',#4276,#3458,#3459);
#3119=AXIS2_PLACEMENT_3D('',#4280,#3461,#3462);
#3120=AXIS2_PLACEMENT_3D('',#4281,#3463,#3464);
#3121=AXIS2_PLACEMENT_3D('',#4285,#3466,#3467);
#3122=AXIS2_PLACEMENT_3D('',#4289,#3469,#3470);
#3123=AXIS2_PLACEMENT_3D('',#4290,#3471,#3472);
#3124=AXIS2_PLACEMENT_3D('',#4291,#3473,#3474);
#3125=AXIS2_PLACEMENT_3D('',#4296,#3476,#3477);
#3126=AXIS2_PLACEMENT_3D('',#4299,#3479,#3480);
#3127=AXIS2_PLACEMENT_3D('',#4300,#3481,#3482);
#3128=AXIS2_PLACEMENT_3D('',#4305,#3484,#3485);
#3129=AXIS2_PLACEMENT_3D('',#4308,#3487,#3488);
#3130=AXIS2_PLACEMENT_3D('',#4309,#3489,#3490);
#3131=AXIS2_PLACEMENT_3D('',#4314,#3492,#3493);
#3132=AXIS2_PLACEMENT_3D('',#4317,#3495,#3496);
#3133=AXIS2_PLACEMENT_3D('',#4318,#3497,#3498);
#3134=AXIS2_PLACEMENT_3D('',#4323,#3500,#3501);
#3135=AXIS2_PLACEMENT_3D('',#4326,#3503,#3504);
#3136=AXIS2_PLACEMENT_3D('',#4330,#3506,#3507);
#3137=AXIS2_PLACEMENT_3D('',#4334,#3509,#3510);
#3138=AXIS2_PLACEMENT_3D('',#4335,#3511,#3512);
#3139=AXIS2_PLACEMENT_3D('',#4339,#3514,#3515);
#3140=AXIS2_PLACEMENT_3D('',#4343,#3517,#3518);
#3141=AXIS2_PLACEMENT_3D('',#4344,#3519,#3520);
#3142=AXIS2_PLACEMENT_3D('',#4345,#3521,#3522);
#3143=AXIS2_PLACEMENT_3D('',#4350,#3524,#3525);
#3144=AXIS2_PLACEMENT_3D('',#4353,#3527,#3528);
#3145=AXIS2_PLACEMENT_3D('',#4354,#3529,#3530);
#3146=AXIS2_PLACEMENT_3D('',#4359,#3532,#3533);
#3147=AXIS2_PLACEMENT_3D('',#4362,#3535,#3536);
#3148=AXIS2_PLACEMENT_3D('',#4363,#3537,#3538);
#3149=AXIS2_PLACEMENT_3D('',#4368,#3540,#3541);
#3150=AXIS2_PLACEMENT_3D('',#4371,#3543,#3544);
#3151=AXIS2_PLACEMENT_3D('',#4372,#3545,#3546);
#3152=AXIS2_PLACEMENT_3D('',#4377,#3548,#3549);
#3153=AXIS2_PLACEMENT_3D('',#4380,#3551,#3552);
#3154=AXIS2_PLACEMENT_3D('',#4381,#3553,#3554);
#3155=AXIS2_PLACEMENT_3D('',#4386,#3556,#3557);
#3156=AXIS2_PLACEMENT_3D('',#4389,#3559,#3560);
#3157=AXIS2_PLACEMENT_3D('',#4390,#3561,#3562);
#3158=AXIS2_PLACEMENT_3D('',#4395,#3564,#3565);
#3159=AXIS2_PLACEMENT_3D('',#4398,#3567,#3568);
#3160=AXIS2_PLACEMENT_3D('',#4402,#3570,#3571);
#3161=AXIS2_PLACEMENT_3D('',#4406,#3573,#3574);
#3162=AXIS2_PLACEMENT_3D('',#4407,#3575,#3576);
#3163=AXIS2_PLACEMENT_3D('',#4411,#3578,#3579);
#3164=AXIS2_PLACEMENT_3D('',#4415,#3581,#3582);
#3165=AXIS2_PLACEMENT_3D('',#4416,#3583,#3584);
#3166=AXIS2_PLACEMENT_3D('',#4420,#3586,#3587);
#3167=AXIS2_PLACEMENT_3D('',#4424,#3589,#3590);
#3168=AXIS2_PLACEMENT_3D('',#4425,#3591,#3592);
#3169=AXIS2_PLACEMENT_3D('',#4426,#3593,#3594);
#3170=AXIS2_PLACEMENT_3D('',#4431,#3596,#3597);
#3171=AXIS2_PLACEMENT_3D('',#4434,#3599,#3600);
#3172=AXIS2_PLACEMENT_3D('',#4438,#3602,#3603);
#3173=AXIS2_PLACEMENT_3D('',#4442,#3605,#3606);
#3174=AXIS2_PLACEMENT_3D('',#4443,#3607,#3608);
#3175=AXIS2_PLACEMENT_3D('',#4447,#3610,#3611);
#3176=AXIS2_PLACEMENT_3D('',#4451,#3613,#3614);
#3177=AXIS2_PLACEMENT_3D('',#4452,#3615,#3616);
#3178=AXIS2_PLACEMENT_3D('',#4456,#3618,#3619);
#3179=AXIS2_PLACEMENT_3D('',#4460,#3621,#3622);
#3180=AXIS2_PLACEMENT_3D('',#4461,#3623,#3624);
#3181=AXIS2_PLACEMENT_3D('',#4465,#3626,#3627);
#3182=AXIS2_PLACEMENT_3D('',#4469,#3629,#3630);
#3183=AXIS2_PLACEMENT_3D('',#4470,#3631,#3632);
#3184=AXIS2_PLACEMENT_3D('',#4471,#3633,#3634);
#3185=AXIS2_PLACEMENT_3D('',#4476,#3636,#3637);
#3186=AXIS2_PLACEMENT_3D('',#4479,#3639,#3640);
#3187=AXIS2_PLACEMENT_3D('',#4480,#3641,#3642);
#3188=AXIS2_PLACEMENT_3D('',#4485,#3644,#3645);
#3189=AXIS2_PLACEMENT_3D('',#4488,#3647,#3648);
#3190=AXIS2_PLACEMENT_3D('',#4489,#3649,#3650);
#3191=AXIS2_PLACEMENT_3D('',#4523,#3651,#3652);
#3192=AXIS2_PLACEMENT_3D('',#4525,#3653,#3654);
#3193=AXIS2_PLACEMENT_3D('',#4527,#3655,#3656);
#3194=AXIS2_PLACEMENT_3D('',#4560,#3657,#3658);
#3195=AXIS2_PLACEMENT_3D('',#4562,#3659,#3660);
#3196=AXIS2_PLACEMENT_3D('',#4564,#3661,#3662);
#3197=AXIS2_PLACEMENT_3D('',#4597,#3663,#3664);
#3198=AXIS2_PLACEMENT_3D('',#4599,#3665,#3666);
#3199=AXIS2_PLACEMENT_3D('',#4601,#3667,#3668);
#3200=AXIS2_PLACEMENT_3D('',#4634,#3669,#3670);
#3201=AXIS2_PLACEMENT_3D('',#4636,#3671,#3672);
#3202=AXIS2_PLACEMENT_3D('',#4638,#3673,#3674);
#3203=AXIS2_PLACEMENT_3D('',#4671,#3675,#3676);
#3204=AXIS2_PLACEMENT_3D('',#4673,#3677,#3678);
#3205=AXIS2_PLACEMENT_3D('',#4675,#3679,#3680);
#3206=AXIS2_PLACEMENT_3D('',#4708,#3681,#3682);
#3207=AXIS2_PLACEMENT_3D('',#4710,#3683,#3684);
#3208=AXIS2_PLACEMENT_3D('',#4712,#3685,#3686);
#3209=AXIS2_PLACEMENT_3D('',#4745,#3687,#3688);
#3210=AXIS2_PLACEMENT_3D('',#4747,#3689,#3690);
#3211=AXIS2_PLACEMENT_3D('',#4749,#3691,#3692);
#3212=AXIS2_PLACEMENT_3D('',#4782,#3693,#3694);
#3213=AXIS2_PLACEMENT_3D('',#4784,#3695,#3696);
#3214=AXIS2_PLACEMENT_3D('',#4786,#3697,#3698);
#3215=AXIS2_PLACEMENT_3D('',#4819,#3699,#3700);
#3216=AXIS2_PLACEMENT_3D('',#4821,#3701,#3702);
#3217=AXIS2_PLACEMENT_3D('',#4823,#3703,#3704);
#3218=AXIS2_PLACEMENT_3D('',#4856,#3705,#3706);
#3219=AXIS2_PLACEMENT_3D('',#4858,#3707,#3708);
#3220=AXIS2_PLACEMENT_3D('',#4860,#3709,#3710);
#3221=AXIS2_PLACEMENT_3D('',#4893,#3711,#3712);
#3222=AXIS2_PLACEMENT_3D('',#4895,#3713,#3714);
#3223=AXIS2_PLACEMENT_3D('',#4897,#3715,#3716);
#3224=AXIS2_PLACEMENT_3D('',#4930,#3717,#3718);
#3225=AXIS2_PLACEMENT_3D('',#4932,#3719,#3720);
#3226=AXIS2_PLACEMENT_3D('',#4934,#3721,#3722);
#3227=AXIS2_PLACEMENT_3D('',#4967,#3723,#3724);
#3228=AXIS2_PLACEMENT_3D('',#4969,#3725,#3726);
#3229=AXIS2_PLACEMENT_3D('',#4971,#3727,#3728);
#3230=AXIS2_PLACEMENT_3D('',#5004,#3729,#3730);
#3231=AXIS2_PLACEMENT_3D('',#5006,#3731,#3732);
#3232=AXIS2_PLACEMENT_3D('',#5008,#3733,#3734);
#3233=AXIS2_PLACEMENT_3D('',#5041,#3735,#3736);
#3234=AXIS2_PLACEMENT_3D('',#5043,#3737,#3738);
#3235=AXIS2_PLACEMENT_3D('',#5045,#3739,#3740);
#3236=AXIS2_PLACEMENT_3D('',#5078,#3741,#3742);
#3237=AXIS2_PLACEMENT_3D('',#5080,#3743,#3744);
#3238=AXIS2_PLACEMENT_3D('',#5082,#3745,#3746);
#3239=AXIS2_PLACEMENT_3D('',#5115,#3747,#3748);
#3240=AXIS2_PLACEMENT_3D('',#5117,#3749,#3750);
#3241=AXIS2_PLACEMENT_3D('',#5119,#3751,#3752);
#3242=AXIS2_PLACEMENT_3D('',#5152,#3753,#3754);
#3243=AXIS2_PLACEMENT_3D('',#5154,#3755,#3756);
#3244=AXIS2_PLACEMENT_3D('',#5156,#3757,#3758);
#3245=AXIS2_PLACEMENT_3D('',#5189,#3759,#3760);
#3246=AXIS2_PLACEMENT_3D('',#5191,#3761,#3762);
#3247=AXIS2_PLACEMENT_3D('',#5193,#3763,#3764);
#3248=AXIS2_PLACEMENT_3D('',#5226,#3765,#3766);
#3249=AXIS2_PLACEMENT_3D('',#5228,#3767,#3768);
#3250=AXIS2_PLACEMENT_3D('',#5230,#3769,#3770);
#3251=AXIS2_PLACEMENT_3D('',#5263,#3771,#3772);
#3252=AXIS2_PLACEMENT_3D('',#5265,#3773,#3774);
#3253=AXIS2_PLACEMENT_3D('',#5267,#3775,#3776);
#3254=AXIS2_PLACEMENT_3D('',#5300,#3777,#3778);
#3255=AXIS2_PLACEMENT_3D('',#5302,#3779,#3780);
#3256=AXIS2_PLACEMENT_3D('',#5304,#3781,#3782);
#3257=AXIS2_PLACEMENT_3D('',#5337,#3783,#3784);
#3258=AXIS2_PLACEMENT_3D('',#5339,#3785,#3786);
#3259=AXIS2_PLACEMENT_3D('',#5341,#3787,#3788);
#3260=AXIS2_PLACEMENT_3D('',#5359,#3789,#3790);
#3261=AXIS2_PLACEMENT_3D('',#5377,#3791,#3792);
#3262=AXIS2_PLACEMENT_3D('',#5379,#3793,#3794);
#3263=AXIS2_PLACEMENT_3D('',#5381,#3795,#3796);
#3264=AXIS2_PLACEMENT_3D('',#5414,#3797,#3798);
#3265=AXIS2_PLACEMENT_3D('',#5416,#3799,#3800);
#3266=AXIS2_PLACEMENT_3D('',#5418,#3801,#3802);
#3267=AXIS2_PLACEMENT_3D('',#5451,#3803,#3804);
#3268=AXIS2_PLACEMENT_3D('',#5453,#3805,#3806);
#3269=AXIS2_PLACEMENT_3D('',#5455,#3807,#3808);
#3270=AXIS2_PLACEMENT_3D('',#5488,#3809,#3810);
#3271=AXIS2_PLACEMENT_3D('',#5490,#3811,#3812);
#3272=AXIS2_PLACEMENT_3D('',#5491,#3813,#3814);
#3273=AXIS2_PLACEMENT_3D('',#5494,#3816,#3817);
#3274=AXIS2_PLACEMENT_3D('',#5497,#3819,#3820);
#3275=AXIS2_PLACEMENT_3D('',#5498,#3821,#3822);
#3276=AXIS2_PLACEMENT_3D('',#5532,#3823,#3824);
#3277=AXIS2_PLACEMENT_3D('',#5534,#3825,#3826);
#3278=AXIS2_PLACEMENT_3D('',#5536,#3827,#3828);
#3279=AXIS2_PLACEMENT_3D('',#5569,#3829,#3830);
#3280=AXIS2_PLACEMENT_3D('',#5571,#3831,#3832);
#3281=AXIS2_PLACEMENT_3D('',#5573,#3833,#3834);
#3282=AXIS2_PLACEMENT_3D('',#5606,#3835,#3836);
#3283=AXIS2_PLACEMENT_3D('',#5608,#3837,#3838);
#3284=AXIS2_PLACEMENT_3D('',#5610,#3839,#3840);
#3285=AXIS2_PLACEMENT_3D('',#5643,#3841,#3842);
#3286=AXIS2_PLACEMENT_3D('',#5645,#3843,#3844);
#3287=AXIS2_PLACEMENT_3D('',#5647,#3845,#3846);
#3288=AXIS2_PLACEMENT_3D('',#5680,#3847,#3848);
#3289=AXIS2_PLACEMENT_3D('',#5682,#3849,#3850);
#3290=AXIS2_PLACEMENT_3D('',#5684,#3851,#3852);
#3291=AXIS2_PLACEMENT_3D('',#5717,#3853,#3854);
#3292=AXIS2_PLACEMENT_3D('',#5719,#3855,#3856);
#3293=AXIS2_PLACEMENT_3D('',#5721,#3857,#3858);
#3294=AXIS2_PLACEMENT_3D('',#5754,#3859,#3860);
#3295=AXIS2_PLACEMENT_3D('',#5756,#3861,#3862);
#3296=AXIS2_PLACEMENT_3D('',#5758,#3863,#3864);
#3297=AXIS2_PLACEMENT_3D('',#5791,#3865,#3866);
#3298=AXIS2_PLACEMENT_3D('',#5793,#3867,#3868);
#3299=AXIS2_PLACEMENT_3D('',#5795,#3869,#3870);
#3300=AXIS2_PLACEMENT_3D('',#5828,#3871,#3872);
#3301=AXIS2_PLACEMENT_3D('',#5830,#3873,#3874);
#3302=AXIS2_PLACEMENT_3D('',#5832,#3875,#3876);
#3303=AXIS2_PLACEMENT_3D('',#5865,#3877,#3878);
#3304=AXIS2_PLACEMENT_3D('',#5867,#3879,#3880);
#3305=AXIS2_PLACEMENT_3D('',#5869,#3881,#3882);
#3306=AXIS2_PLACEMENT_3D('',#5902,#3883,#3884);
#3307=AXIS2_PLACEMENT_3D('',#5904,#3885,#3886);
#3308=AXIS2_PLACEMENT_3D('',#5906,#3887,#3888);
#3309=AXIS2_PLACEMENT_3D('',#5939,#3889,#3890);
#3310=AXIS2_PLACEMENT_3D('',#5941,#3891,#3892);
#3311=AXIS2_PLACEMENT_3D('',#5943,#3893,#3894);
#3312=AXIS2_PLACEMENT_3D('',#5976,#3895,#3896);
#3313=AXIS2_PLACEMENT_3D('',#5978,#3897,#3898);
#3314=AXIS2_PLACEMENT_3D('',#5980,#3899,#3900);
#3315=AXIS2_PLACEMENT_3D('',#6013,#3901,#3902);
#3316=AXIS2_PLACEMENT_3D('',#6015,#3903,#3904);
#3317=AXIS2_PLACEMENT_3D('',#6017,#3905,#3906);
#3318=AXIS2_PLACEMENT_3D('',#6050,#3907,#3908);
#3319=AXIS2_PLACEMENT_3D('',#6052,#3909,#3910);
#3320=AXIS2_PLACEMENT_3D('',#6054,#3911,#3912);
#3321=AXIS2_PLACEMENT_3D('',#6087,#3913,#3914);
#3322=AXIS2_PLACEMENT_3D('',#6089,#3915,#3916);
#3323=AXIS2_PLACEMENT_3D('',#6091,#3917,#3918);
#3324=AXIS2_PLACEMENT_3D('',#6124,#3919,#3920);
#3325=AXIS2_PLACEMENT_3D('',#6126,#3921,#3922);
#3326=AXIS2_PLACEMENT_3D('',#6128,#3923,#3924);
#3327=AXIS2_PLACEMENT_3D('',#6161,#3925,#3926);
#3328=AXIS2_PLACEMENT_3D('',#6163,#3927,#3928);
#3329=AXIS2_PLACEMENT_3D('',#6165,#3929,#3930);
#3330=AXIS2_PLACEMENT_3D('',#6198,#3931,#3932);
#3331=AXIS2_PLACEMENT_3D('',#6200,#3933,#3934);
#3332=AXIS2_PLACEMENT_3D('',#6202,#3935,#3936);
#3333=AXIS2_PLACEMENT_3D('',#6235,#3937,#3938);
#3334=AXIS2_PLACEMENT_3D('',#6237,#3939,#3940);
#3335=AXIS2_PLACEMENT_3D('',#6239,#3941,#3942);
#3336=AXIS2_PLACEMENT_3D('',#6272,#3943,#3944);
#3337=AXIS2_PLACEMENT_3D('',#6274,#3945,#3946);
#3338=AXIS2_PLACEMENT_3D('',#6276,#3947,#3948);
#3339=AXIS2_PLACEMENT_3D('',#6309,#3949,#3950);
#3340=AXIS2_PLACEMENT_3D('',#6311,#3951,#3952);
#3341=AXIS2_PLACEMENT_3D('',#6313,#3953,#3954);
#3342=AXIS2_PLACEMENT_3D('',#6346,#3955,#3956);
#3343=AXIS2_PLACEMENT_3D('',#6348,#3957,#3958);
#3344=AXIS2_PLACEMENT_3D('',#6350,#3959,#3960);
#3345=AXIS2_PLACEMENT_3D('',#6383,#3961,#3962);
#3346=AXIS2_PLACEMENT_3D('',#6385,#3963,#3964);
#3347=AXIS2_PLACEMENT_3D('',#6387,#3965,#3966);
#3348=AXIS2_PLACEMENT_3D('',#6420,#3967,#3968);
#3349=AXIS2_PLACEMENT_3D('',#6422,#3969,#3970);
#3350=AXIS2_PLACEMENT_3D('',#6424,#3971,#3972);
#3351=AXIS2_PLACEMENT_3D('',#6457,#3973,#3974);
#3352=AXIS2_PLACEMENT_3D('',#6459,#3975,#3976);
#3353=AXIS2_PLACEMENT_3D('',#6461,#3977,#3978);
#3354=AXIS2_PLACEMENT_3D('',#6494,#3979,#3980);
#3355=AXIS2_PLACEMENT_3D('',#6496,#3981,#3982);
#3356=AXIS2_PLACEMENT_3D('',#6516,#3984,#3985);
#3357=AXIS2_PLACEMENT_3D('',#6538,#3989,#3990);
#3358=AXIS2_PLACEMENT_3D('',#6539,#3991,#3992);
#3359=AXIS2_PLACEMENT_3D('',#6559,#3994,#3995);
#3360=AXIS2_PLACEMENT_3D('',#6581,#3999,#4000);
#3361=AXIS2_PLACEMENT_3D('',#6582,#4001,#4002);
#3362=AXIS2_PLACEMENT_3D('',#6602,#4004,#4005);
#3363=AXIS2_PLACEMENT_3D('',#6624,#4009,#4010);
#3364=AXIS2_PLACEMENT_3D('',#6625,#4011,#4012);
#3365=AXIS2_PLACEMENT_3D('',#6645,#4014,#4015);
#3366=AXIS2_PLACEMENT_3D('',#6667,#4019,#4020);
#3367=AXIS2_PLACEMENT_3D('',#6668,#4021,#4022);
#3368=AXIS2_PLACEMENT_3D('',#6688,#4024,#4025);
#3369=AXIS2_PLACEMENT_3D('',#6710,#4029,#4030);
#3370=AXIS2_PLACEMENT_3D('',#6711,#4031,#4032);
#3371=AXIS2_PLACEMENT_3D('',#6731,#4034,#4035);
#3372=AXIS2_PLACEMENT_3D('',#6753,#4039,#4040);
#3373=AXIS2_PLACEMENT_3D('',#6754,#4041,#4042);
#3374=AXIS2_PLACEMENT_3D('',#6774,#4044,#4045);
#3375=AXIS2_PLACEMENT_3D('',#6796,#4049,#4050);
#3376=AXIS2_PLACEMENT_3D('',#6797,#4051,#4052);
#3377=AXIS2_PLACEMENT_3D('',#6817,#4054,#4055);
#3378=AXIS2_PLACEMENT_3D('',#6839,#4059,#4060);
#3379=AXIS2_PLACEMENT_3D('',#6840,#4061,#4062);
#3380=AXIS2_PLACEMENT_3D('',#6860,#4064,#4065);
#3381=AXIS2_PLACEMENT_3D('',#6882,#4069,#4070);
#3382=AXIS2_PLACEMENT_3D('',#6883,#4071,#4072);
#3383=AXIS2_PLACEMENT_3D('',#6903,#4074,#4075);
#3384=AXIS2_PLACEMENT_3D('',#6925,#4079,#4080);
#3385=AXIS2_PLACEMENT_3D('',#6926,#4081,#4082);
#3386=AXIS2_PLACEMENT_3D('',#6946,#4084,#4085);
#3387=AXIS2_PLACEMENT_3D('',#6968,#4089,#4090);
#3388=AXIS2_PLACEMENT_3D('',#6969,#4091,#4092);
#3389=AXIS2_PLACEMENT_3D('',#6989,#4094,#4095);
#3390=AXIS2_PLACEMENT_3D('',#7011,#4099,#4100);
#3391=AXIS2_PLACEMENT_3D('',#7012,#4101,#4102);
#3392=AXIS2_PLACEMENT_3D('',#7032,#4104,#4105);
#3393=AXIS2_PLACEMENT_3D('',#7054,#4109,#4110);
#3394=AXIS2_PLACEMENT_3D('',#7055,#4111,#4112);
#3395=AXIS2_PLACEMENT_3D('',#7075,#4114,#4115);
#3396=AXIS2_PLACEMENT_3D('',#7097,#4119,#4120);
#3397=AXIS2_PLACEMENT_3D('',#7098,#4121,#4122);
#3398=AXIS2_PLACEMENT_3D('',#7118,#4124,#4125);
#3399=AXIS2_PLACEMENT_3D('',#7140,#4129,#4130);
#3400=AXIS2_PLACEMENT_3D('',#7141,#4131,#4132);
#3401=AXIS2_PLACEMENT_3D('',#7161,#4134,#4135);
#3402=AXIS2_PLACEMENT_3D('',#7183,#4139,#4140);
#3403=AXIS2_PLACEMENT_3D('',#7184,#4141,#4142);
#3404=AXIS2_PLACEMENT_3D('',#7204,#4144,#4145);
#3405=AXIS2_PLACEMENT_3D('',#7226,#4149,#4150);
#3406=AXIS2_PLACEMENT_3D('',#7227,#4151,#4152);
#3407=AXIS2_PLACEMENT_3D('',#7247,#4154,#4155);
#3408=AXIS2_PLACEMENT_3D('',#7269,#4159,#4160);
#3409=AXIS2_PLACEMENT_3D('',#7270,#4161,#4162);
#3410=AXIS2_PLACEMENT_3D('',#7290,#4164,#4165);
#3411=AXIS2_PLACEMENT_3D('',#7312,#4169,#4170);
#3412=AXIS2_PLACEMENT_3D('',#7313,#4171,#4172);
#3413=AXIS2_PLACEMENT_3D('',#7333,#4174,#4175);
#3414=AXIS2_PLACEMENT_3D('',#7355,#4179,#4180);
#3415=AXIS2_PLACEMENT_3D('',#7356,#4181,#4182);
#3416=AXIS2_PLACEMENT_3D('',#7376,#4184,#4185);
#3417=AXIS2_PLACEMENT_3D('',#7398,#4189,#4190);
#3418=AXIS2_PLACEMENT_3D('',#7399,#4191,#4192);
#3419=AXIS2_PLACEMENT_3D('',#7419,#4194,#4195);
#3420=AXIS2_PLACEMENT_3D('',#7441,#4199,#4200);
#3421=AXIS2_PLACEMENT_3D('',#7442,#4201,#4202);
#3422=AXIS2_PLACEMENT_3D('',#7462,#4204,#4205);
#3423=AXIS2_PLACEMENT_3D('',#7484,#4209,#4210);
#3424=AXIS2_PLACEMENT_3D('',#7485,#4211,#4212);
#3425=AXIS2_PLACEMENT_3D('',#7505,#4214,#4215);
#3426=AXIS2_PLACEMENT_3D('',#7527,#4219,#4220);
#3427=AXIS2_PLACEMENT_3D('',#7528,#4221,#4222);
#3428=AXIS2_PLACEMENT_3D('',#7548,#4224,#4225);
#3429=AXIS2_PLACEMENT_3D('',#7570,#4229,#4230);
#3430=AXIS2_PLACEMENT_3D('',#7571,#4231,#4232);
#3431=AXIS2_PLACEMENT_3D('',#7591,#4234,#4235);
#3432=AXIS2_PLACEMENT_3D('',#7613,#4239,#4240);
#3433=AXIS2_PLACEMENT_3D('',#7614,#4241,#4242);
#3434=AXIS2_PLACEMENT_3D('',#7634,#4244,#4245);
#3435=AXIS2_PLACEMENT_3D('',#7656,#4249,#4250);
#3436=AXIS2_PLACEMENT_3D('',#7657,#4251,#4252);
#3437=DIRECTION('',(0.,0.,1.));
#3438=DIRECTION('',(1.,0.,0.));
#3439=DIRECTION('',(0.,1.,0.));
#3440=DIRECTION('',(0.,0.,1.));
#3441=DIRECTION('',(0.,1.,0.));
#3442=DIRECTION('',(0.,-1.,0.));
#3443=DIRECTION('',(0.,0.,-1.));
#3444=DIRECTION('',(0.,1.,0.));
#3445=DIRECTION('',(0.,-1.,0.));
#3446=DIRECTION('',(0.,0.,-1.));
#3447=DIRECTION('',(0.,1.,0.));
#3448=DIRECTION('',(0.,0.,1.));
#3449=DIRECTION('',(0.,-1.,0.));
#3450=DIRECTION('',(0.,0.,-1.));
#3451=DIRECTION('',(0.,1.,0.));
#3452=DIRECTION('',(0.,-1.,0.));
#3453=DIRECTION('',(0.,0.,-1.));
#3454=DIRECTION('',(0.,1.,0.));
#3455=DIRECTION('',(0.,1.,0.));
#3456=DIRECTION('',(0.,0.,1.));
#3457=DIRECTION('',(0.,1.,0.));
#3458=DIRECTION('',(0.,-1.,0.));
#3459=DIRECTION('',(0.,0.,-1.));
#3460=DIRECTION('',(0.,1.,0.));
#3461=DIRECTION('',(0.,-1.,0.));
#3462=DIRECTION('',(0.,0.,-1.));
#3463=DIRECTION('',(0.,1.,0.));
#3464=DIRECTION('',(0.,0.,1.));
#3465=DIRECTION('',(0.,1.,0.));
#3466=DIRECTION('',(0.,-1.,0.));
#3467=DIRECTION('',(0.,0.,-1.));
#3468=DIRECTION('',(0.,1.,0.));
#3469=DIRECTION('',(0.,-1.,0.));
#3470=DIRECTION('',(0.,0.,-1.));
#3471=DIRECTION('',(0.,1.,0.));
#3472=DIRECTION('',(0.,0.,1.));
#3473=DIRECTION('',(0.,-1.,0.));
#3474=DIRECTION('',(0.,0.,-1.));
#3475=DIRECTION('',(0.,1.,0.));
#3476=DIRECTION('',(0.,-1.,0.));
#3477=DIRECTION('',(0.,0.,-1.));
#3478=DIRECTION('',(0.,1.,0.));
#3479=DIRECTION('',(0.,1.,0.));
#3480=DIRECTION('',(0.,0.,1.));
#3481=DIRECTION('',(0.,-1.,0.));
#3482=DIRECTION('',(0.,0.,-1.));
#3483=DIRECTION('',(0.,1.,0.));
#3484=DIRECTION('',(0.,-1.,0.));
#3485=DIRECTION('',(0.,0.,-1.));
#3486=DIRECTION('',(0.,1.,0.));
#3487=DIRECTION('',(0.,1.,0.));
#3488=DIRECTION('',(0.,0.,1.));
#3489=DIRECTION('',(0.,-1.,0.));
#3490=DIRECTION('',(0.,0.,-1.));
#3491=DIRECTION('',(0.,1.,0.));
#3492=DIRECTION('',(0.,-1.,0.));
#3493=DIRECTION('',(0.,0.,-1.));
#3494=DIRECTION('',(0.,1.,0.));
#3495=DIRECTION('',(0.,1.,0.));
#3496=DIRECTION('',(0.,0.,1.));
#3497=DIRECTION('',(0.,-1.,0.));
#3498=DIRECTION('',(0.,0.,-1.));
#3499=DIRECTION('',(0.,1.,0.));
#3500=DIRECTION('',(0.,-1.,0.));
#3501=DIRECTION('',(0.,0.,-1.));
#3502=DIRECTION('',(0.,1.,0.));
#3503=DIRECTION('',(0.,1.,0.));
#3504=DIRECTION('',(0.,0.,1.));
#3505=DIRECTION('',(0.,1.,0.));
#3506=DIRECTION('',(0.,-1.,0.));
#3507=DIRECTION('',(0.,0.,-1.));
#3508=DIRECTION('',(0.,1.,0.));
#3509=DIRECTION('',(0.,-1.,0.));
#3510=DIRECTION('',(0.,0.,-1.));
#3511=DIRECTION('',(0.,1.,0.));
#3512=DIRECTION('',(0.,0.,1.));
#3513=DIRECTION('',(0.,1.,0.));
#3514=DIRECTION('',(0.,-1.,0.));
#3515=DIRECTION('',(0.,0.,-1.));
#3516=DIRECTION('',(0.,1.,0.));
#3517=DIRECTION('',(0.,-1.,0.));
#3518=DIRECTION('',(0.,0.,-1.));
#3519=DIRECTION('',(0.,1.,0.));
#3520=DIRECTION('',(0.,0.,1.));
#3521=DIRECTION('',(0.,-1.,0.));
#3522=DIRECTION('',(0.,0.,-1.));
#3523=DIRECTION('',(0.,1.,0.));
#3524=DIRECTION('',(0.,-1.,0.));
#3525=DIRECTION('',(0.,0.,-1.));
#3526=DIRECTION('',(0.,1.,0.));
#3527=DIRECTION('',(0.,1.,0.));
#3528=DIRECTION('',(0.,0.,1.));
#3529=DIRECTION('',(0.,-1.,0.));
#3530=DIRECTION('',(0.,0.,-1.));
#3531=DIRECTION('',(0.,1.,0.));
#3532=DIRECTION('',(0.,-1.,0.));
#3533=DIRECTION('',(0.,0.,-1.));
#3534=DIRECTION('',(0.,1.,0.));
#3535=DIRECTION('',(0.,1.,0.));
#3536=DIRECTION('',(0.,0.,1.));
#3537=DIRECTION('',(0.,-1.,0.));
#3538=DIRECTION('',(0.,0.,-1.));
#3539=DIRECTION('',(0.,1.,0.));
#3540=DIRECTION('',(0.,-1.,0.));
#3541=DIRECTION('',(0.,0.,-1.));
#3542=DIRECTION('',(0.,1.,0.));
#3543=DIRECTION('',(0.,1.,0.));
#3544=DIRECTION('',(0.,0.,1.));
#3545=DIRECTION('',(0.,-1.,0.));
#3546=DIRECTION('',(0.,0.,-1.));
#3547=DIRECTION('',(0.,1.,0.));
#3548=DIRECTION('',(0.,-1.,0.));
#3549=DIRECTION('',(0.,0.,-1.));
#3550=DIRECTION('',(0.,1.,0.));
#3551=DIRECTION('',(0.,1.,0.));
#3552=DIRECTION('',(0.,0.,1.));
#3553=DIRECTION('',(0.,-1.,0.));
#3554=DIRECTION('',(0.,0.,-1.));
#3555=DIRECTION('',(0.,1.,0.));
#3556=DIRECTION('',(0.,-1.,0.));
#3557=DIRECTION('',(0.,0.,-1.));
#3558=DIRECTION('',(0.,1.,0.));
#3559=DIRECTION('',(0.,1.,0.));
#3560=DIRECTION('',(0.,0.,1.));
#3561=DIRECTION('',(0.,-1.,0.));
#3562=DIRECTION('',(0.,0.,-1.));
#3563=DIRECTION('',(0.,1.,0.));
#3564=DIRECTION('',(0.,-1.,0.));
#3565=DIRECTION('',(0.,0.,-1.));
#3566=DIRECTION('',(0.,1.,0.));
#3567=DIRECTION('',(0.,1.,0.));
#3568=DIRECTION('',(0.,0.,1.));
#3569=DIRECTION('',(0.,1.,0.));
#3570=DIRECTION('',(0.,-1.,0.));
#3571=DIRECTION('',(0.,0.,-1.));
#3572=DIRECTION('',(0.,1.,0.));
#3573=DIRECTION('',(0.,-1.,0.));
#3574=DIRECTION('',(0.,0.,-1.));
#3575=DIRECTION('',(0.,1.,0.));
#3576=DIRECTION('',(0.,0.,1.));
#3577=DIRECTION('',(0.,1.,0.));
#3578=DIRECTION('',(0.,-1.,0.));
#3579=DIRECTION('',(0.,0.,-1.));
#3580=DIRECTION('',(0.,1.,0.));
#3581=DIRECTION('',(0.,-1.,0.));
#3582=DIRECTION('',(0.,0.,-1.));
#3583=DIRECTION('',(0.,1.,0.));
#3584=DIRECTION('',(0.,0.,1.));
#3585=DIRECTION('',(0.,1.,0.));
#3586=DIRECTION('',(0.,-1.,0.));
#3587=DIRECTION('',(0.,0.,-1.));
#3588=DIRECTION('',(0.,1.,0.));
#3589=DIRECTION('',(0.,-1.,0.));
#3590=DIRECTION('',(0.,0.,-1.));
#3591=DIRECTION('',(0.,1.,0.));
#3592=DIRECTION('',(0.,0.,1.));
#3593=DIRECTION('',(0.,-1.,0.));
#3594=DIRECTION('',(0.,0.,-1.));
#3595=DIRECTION('',(0.,1.,0.));
#3596=DIRECTION('',(0.,-1.,0.));
#3597=DIRECTION('',(0.,0.,-1.));
#3598=DIRECTION('',(0.,1.,0.));
#3599=DIRECTION('',(0.,1.,0.));
#3600=DIRECTION('',(0.,0.,1.));
#3601=DIRECTION('',(0.,1.,0.));
#3602=DIRECTION('',(0.,-1.,0.));
#3603=DIRECTION('',(0.,0.,-1.));
#3604=DIRECTION('',(0.,1.,0.));
#3605=DIRECTION('',(0.,-1.,0.));
#3606=DIRECTION('',(0.,0.,-1.));
#3607=DIRECTION('',(0.,1.,0.));
#3608=DIRECTION('',(0.,0.,1.));
#3609=DIRECTION('',(0.,1.,0.));
#3610=DIRECTION('',(0.,-1.,0.));
#3611=DIRECTION('',(0.,0.,-1.));
#3612=DIRECTION('',(0.,1.,0.));
#3613=DIRECTION('',(0.,-1.,0.));
#3614=DIRECTION('',(0.,0.,-1.));
#3615=DIRECTION('',(0.,1.,0.));
#3616=DIRECTION('',(0.,0.,1.));
#3617=DIRECTION('',(0.,1.,0.));
#3618=DIRECTION('',(0.,-1.,0.));
#3619=DIRECTION('',(0.,0.,-1.));
#3620=DIRECTION('',(0.,1.,0.));
#3621=DIRECTION('',(0.,-1.,0.));
#3622=DIRECTION('',(0.,0.,-1.));
#3623=DIRECTION('',(0.,1.,0.));
#3624=DIRECTION('',(0.,0.,1.));
#3625=DIRECTION('',(0.,1.,0.));
#3626=DIRECTION('',(0.,-1.,0.));
#3627=DIRECTION('',(0.,0.,-1.));
#3628=DIRECTION('',(0.,1.,0.));
#3629=DIRECTION('',(0.,-1.,0.));
#3630=DIRECTION('',(0.,0.,-1.));
#3631=DIRECTION('',(0.,1.,0.));
#3632=DIRECTION('',(0.,0.,1.));
#3633=DIRECTION('',(0.,-1.,0.));
#3634=DIRECTION('',(0.,0.,-1.));
#3635=DIRECTION('',(0.,1.,0.));
#3636=DIRECTION('',(0.,-1.,0.));
#3637=DIRECTION('',(0.,0.,-1.));
#3638=DIRECTION('',(0.,1.,0.));
#3639=DIRECTION('',(0.,1.,0.));
#3640=DIRECTION('',(0.,0.,1.));
#3641=DIRECTION('',(0.,-1.,0.));
#3642=DIRECTION('',(0.,0.,-1.));
#3643=DIRECTION('',(0.,1.,0.));
#3644=DIRECTION('',(0.,-1.,0.));
#3645=DIRECTION('',(0.,0.,-1.));
#3646=DIRECTION('',(0.,1.,0.));
#3647=DIRECTION('',(0.,-1.,0.));
#3648=DIRECTION('',(1.,0.,0.));
#3649=DIRECTION('',(0.,-1.,0.));
#3650=DIRECTION('',(0.642787609686539,0.,-0.766044443118978));
#3651=DIRECTION('',(0.,-1.,0.));
#3652=DIRECTION('',(0.802123192755044,0.,-0.597158591702786));
#3653=DIRECTION('',(0.,-1.,0.));
#3654=DIRECTION('',(0.802123192755044,0.,-0.597158591702786));
#3655=DIRECTION('',(0.,-1.,0.));
#3656=DIRECTION('',(0.802123192755044,0.,-0.597158591702786));
#3657=DIRECTION('',(0.,-1.,0.));
#3658=DIRECTION('',(0.918216106880274,0.,-0.396079766039157));
#3659=DIRECTION('',(0.,-1.,0.));
#3660=DIRECTION('',(0.918216106880274,0.,-0.396079766039157));
#3661=DIRECTION('',(0.,-1.,0.));
#3662=DIRECTION('',(0.918216106880274,0.,-0.396079766039157));
#3663=DIRECTION('',(0.,-1.,0.));
#3664=DIRECTION('',(0.984807753012208,0.,-0.17364817766693));
#3665=DIRECTION('',(0.,-1.,0.));
#3666=DIRECTION('',(0.984807753012208,0.,-0.17364817766693));
#3667=DIRECTION('',(0.,-1.,0.));
#3668=DIRECTION('',(0.984807753012208,0.,-0.17364817766693));
#3669=DIRECTION('',(0.,-1.,0.));
#3670=DIRECTION('',(0.998308158271268,0.,0.058144828910476));
#3671=DIRECTION('',(0.,-1.,0.));
#3672=DIRECTION('',(0.998308158271268,0.,0.058144828910476));
#3673=DIRECTION('',(0.,-1.,0.));
#3674=DIRECTION('',(0.998308158271268,0.,0.058144828910476));
#3675=DIRECTION('',(0.,-1.,0.));
#3676=DIRECTION('',(0.957989512315489,0.,0.28680323271109));
#3677=DIRECTION('',(0.,-1.,0.));
#3678=DIRECTION('',(0.957989512315489,0.,0.28680323271109));
#3679=DIRECTION('',(0.,-1.,0.));
#3680=DIRECTION('',(0.957989512315489,0.,0.28680323271109));
#3681=DIRECTION('',(0.,-1.,0.));
#3682=DIRECTION('',(0.866025403784439,0.,0.5));
#3683=DIRECTION('',(0.,-1.,0.));
#3684=DIRECTION('',(0.866025403784439,0.,0.5));
#3685=DIRECTION('',(0.,-1.,0.));
#3686=DIRECTION('',(0.866025403784439,0.,0.5));
#3687=DIRECTION('',(0.,-1.,0.));
#3688=DIRECTION('',(0.727373641573049,0.,0.686241637868734));
#3689=DIRECTION('',(0.,-1.,0.));
#3690=DIRECTION('',(0.727373641573049,0.,0.686241637868734));
#3691=DIRECTION('',(0.,-1.,0.));
#3692=DIRECTION('',(0.727373641573049,0.,0.686241637868734));
#3693=DIRECTION('',(0.,-1.,0.));
#3694=DIRECTION('',(0.549508978070806,0.,0.835487811412937));
#3695=DIRECTION('',(0.,-1.,0.));
#3696=DIRECTION('',(0.549508978070806,0.,0.835487811412937));
#3697=DIRECTION('',(0.,-1.,0.));
#3698=DIRECTION('',(0.549508978070806,0.,0.835487811412937));
#3699=DIRECTION('',(0.,-1.,0.));
#3700=DIRECTION('',(0.342020143325669,0.,0.939692620785908));
#3701=DIRECTION('',(0.,-1.,0.));
#3702=DIRECTION('',(0.342020143325669,0.,0.939692620785908));
#3703=DIRECTION('',(0.,-1.,0.));
#3704=DIRECTION('',(0.342020143325669,0.,0.939692620785908));
#3705=DIRECTION('',(0.,-1.,0.));
#3706=DIRECTION('',(0.11609291412523,0.,0.993238357741943));
#3707=DIRECTION('',(0.,-1.,0.));
#3708=DIRECTION('',(0.11609291412523,0.,0.993238357741943));
#3709=DIRECTION('',(0.,-1.,0.));
#3710=DIRECTION('',(0.11609291412523,0.,0.993238357741943));
#3711=DIRECTION('',(0.,-1.,0.));
#3712=DIRECTION('',(-0.116092914125231,0.,0.993238357741943));
#3713=DIRECTION('',(0.,-1.,0.));
#3714=DIRECTION('',(-0.116092914125231,0.,0.993238357741943));
#3715=DIRECTION('',(0.,-1.,0.));
#3716=DIRECTION('',(-0.116092914125231,0.,0.993238357741943));
#3717=DIRECTION('',(0.,-1.,0.));
#3718=DIRECTION('',(-0.342020143325668,0.,0.939692620785908));
#3719=DIRECTION('',(0.,-1.,0.));
#3720=DIRECTION('',(-0.342020143325668,0.,0.939692620785908));
#3721=DIRECTION('',(0.,-1.,0.));
#3722=DIRECTION('',(-0.342020143325668,0.,0.939692620785908));
#3723=DIRECTION('',(0.,-1.,0.));
#3724=DIRECTION('',(-0.549508978070806,0.,0.835487811412937));
#3725=DIRECTION('',(0.,-1.,0.));
#3726=DIRECTION('',(-0.549508978070806,0.,0.835487811412937));
#3727=DIRECTION('',(0.,-1.,0.));
#3728=DIRECTION('',(-0.549508978070806,0.,0.835487811412937));
#3729=DIRECTION('',(0.,-1.,0.));
#3730=DIRECTION('',(-0.727373641573049,0.,0.686241637868733));
#3731=DIRECTION('',(0.,-1.,0.));
#3732=DIRECTION('',(-0.727373641573049,0.,0.686241637868733));
#3733=DIRECTION('',(0.,-1.,0.));
#3734=DIRECTION('',(-0.727373641573049,0.,0.686241637868733));
#3735=DIRECTION('',(0.,-1.,0.));
#3736=DIRECTION('',(-0.866025403784438,0.,0.5));
#3737=DIRECTION('',(0.,-1.,0.));
#3738=DIRECTION('',(-0.866025403784438,0.,0.5));
#3739=DIRECTION('',(0.,-1.,0.));
#3740=DIRECTION('',(-0.866025403784438,0.,0.5));
#3741=DIRECTION('',(0.,-1.,0.));
#3742=DIRECTION('',(-0.957989512315489,0.,0.28680323271109));
#3743=DIRECTION('',(0.,-1.,0.));
#3744=DIRECTION('',(-0.957989512315489,0.,0.28680323271109));
#3745=DIRECTION('',(0.,-1.,0.));
#3746=DIRECTION('',(-0.957989512315489,0.,0.28680323271109));
#3747=DIRECTION('',(0.,-1.,0.));
#3748=DIRECTION('',(-0.998308158271268,0.,0.0581448289104754));
#3749=DIRECTION('',(0.,-1.,0.));
#3750=DIRECTION('',(-0.998308158271268,0.,0.0581448289104754));
#3751=DIRECTION('',(0.,-1.,0.));
#3752=DIRECTION('',(-0.998308158271268,0.,0.0581448289104754));
#3753=DIRECTION('',(0.,-1.,0.));
#3754=DIRECTION('',(-0.984807753012208,0.,-0.17364817766693));
#3755=DIRECTION('',(0.,-1.,0.));
#3756=DIRECTION('',(-0.984807753012208,0.,-0.17364817766693));
#3757=DIRECTION('',(0.,-1.,0.));
#3758=DIRECTION('',(-0.984807753012208,0.,-0.17364817766693));
#3759=DIRECTION('',(0.,-1.,0.));
#3760=DIRECTION('',(-0.918216106880274,0.,-0.396079766039158));
#3761=DIRECTION('',(0.,-1.,0.));
#3762=DIRECTION('',(-0.918216106880274,0.,-0.396079766039158));
#3763=DIRECTION('',(0.,-1.,0.));
#3764=DIRECTION('',(-0.918216106880274,0.,-0.396079766039158));
#3765=DIRECTION('',(0.,-1.,0.));
#3766=DIRECTION('',(-0.802123192755044,0.,-0.597158591702787));
#3767=DIRECTION('',(0.,-1.,0.));
#3768=DIRECTION('',(-0.802123192755044,0.,-0.597158591702787));
#3769=DIRECTION('',(0.,-1.,0.));
#3770=DIRECTION('',(-0.802123192755044,0.,-0.597158591702787));
#3771=DIRECTION('',(0.,-1.,0.));
#3772=DIRECTION('',(-0.64278760968654,0.,-0.766044443118978));
#3773=DIRECTION('',(0.,-1.,0.));
#3774=DIRECTION('',(-0.64278760968654,0.,-0.766044443118978));
#3775=DIRECTION('',(0.,-1.,0.));
#3776=DIRECTION('',(-0.64278760968654,0.,-0.766044443118978));
#3777=DIRECTION('',(0.,-1.,0.));
#3778=DIRECTION('',(-0.448799180200462,0.,-0.893632640323413));
#3779=DIRECTION('',(0.,-1.,0.));
#3780=DIRECTION('',(-0.448799180200462,0.,-0.893632640323413));
#3781=DIRECTION('',(0.,-1.,0.));
#3782=DIRECTION('',(-0.448799180200462,0.,-0.893632640323413));
#3783=DIRECTION('',(0.,-1.,0.));
#3784=DIRECTION('',(-0.230615870742439,0.,-0.973044870579824));
#3785=DIRECTION('',(0.,-1.,0.));
#3786=DIRECTION('',(-0.230615870742439,0.,-0.973044870579824));
#3787=DIRECTION('',(0.,-1.,0.));
#3788=DIRECTION('',(-0.230615870742439,0.,-0.973044870579824));
#3789=DIRECTION('',(0.,-1.,0.));
#3790=DIRECTION('',(0.,0.,-1.));
#3791=DIRECTION('',(0.,-1.,0.));
#3792=DIRECTION('',(0.,0.,-1.));
#3793=DIRECTION('',(0.,-1.,0.));
#3794=DIRECTION('',(0.,0.,-1.));
#3795=DIRECTION('',(0.,-1.,0.));
#3796=DIRECTION('',(0.,0.,-1.));
#3797=DIRECTION('',(0.,-1.,0.));
#3798=DIRECTION('',(0.23061587074244,0.,-0.973044870579824));
#3799=DIRECTION('',(0.,-1.,0.));
#3800=DIRECTION('',(0.23061587074244,0.,-0.973044870579824));
#3801=DIRECTION('',(0.,-1.,0.));
#3802=DIRECTION('',(0.23061587074244,0.,-0.973044870579824));
#3803=DIRECTION('',(0.,-1.,0.));
#3804=DIRECTION('',(0.448799180200462,0.,-0.893632640323412));
#3805=DIRECTION('',(0.,-1.,0.));
#3806=DIRECTION('',(0.448799180200462,0.,-0.893632640323412));
#3807=DIRECTION('',(0.,-1.,0.));
#3808=DIRECTION('',(0.448799180200462,0.,-0.893632640323412));
#3809=DIRECTION('',(0.,-1.,0.));
#3810=DIRECTION('',(0.642787609686539,0.,-0.766044443118978));
#3811=DIRECTION('',(0.,-1.,0.));
#3812=DIRECTION('',(0.642787609686539,0.,-0.766044443118978));
#3813=DIRECTION('',(0.,1.,0.));
#3814=DIRECTION('',(0.,0.,1.));
#3815=DIRECTION('',(0.,1.,0.));
#3816=DIRECTION('',(0.,-1.,0.));
#3817=DIRECTION('',(0.,0.,-1.));
#3818=DIRECTION('',(0.,1.,0.));
#3819=DIRECTION('',(0.,-1.,0.));
#3820=DIRECTION('',(1.,0.,0.));
#3821=DIRECTION('',(0.,-1.,0.));
#3822=DIRECTION('',(0.642787609686539,0.,-0.766044443118978));
#3823=DIRECTION('',(0.,-1.,0.));
#3824=DIRECTION('',(0.448799180200462,0.,-0.893632640323412));
#3825=DIRECTION('',(0.,-1.,0.));
#3826=DIRECTION('',(0.448799180200462,0.,-0.893632640323412));
#3827=DIRECTION('',(0.,-1.,0.));
#3828=DIRECTION('',(0.448799180200462,0.,-0.893632640323412));
#3829=DIRECTION('',(0.,-1.,0.));
#3830=DIRECTION('',(0.23061587074244,0.,-0.973044870579824));
#3831=DIRECTION('',(0.,-1.,0.));
#3832=DIRECTION('',(0.23061587074244,0.,-0.973044870579824));
#3833=DIRECTION('',(0.,-1.,0.));
#3834=DIRECTION('',(0.23061587074244,0.,-0.973044870579824));
#3835=DIRECTION('',(0.,-1.,0.));
#3836=DIRECTION('',(0.,0.,-1.));
#3837=DIRECTION('',(0.,-1.,0.));
#3838=DIRECTION('',(0.,0.,-1.));
#3839=DIRECTION('',(0.,-1.,0.));
#3840=DIRECTION('',(0.,0.,-1.));
#3841=DIRECTION('',(0.,-1.,0.));
#3842=DIRECTION('',(-0.230615870742439,0.,-0.973044870579824));
#3843=DIRECTION('',(0.,-1.,0.));
#3844=DIRECTION('',(-0.230615870742439,0.,-0.973044870579824));
#3845=DIRECTION('',(0.,-1.,0.));
#3846=DIRECTION('',(-0.230615870742439,0.,-0.973044870579824));
#3847=DIRECTION('',(0.,-1.,0.));
#3848=DIRECTION('',(-0.448799180200462,0.,-0.893632640323413));
#3849=DIRECTION('',(0.,-1.,0.));
#3850=DIRECTION('',(-0.448799180200462,0.,-0.893632640323413));
#3851=DIRECTION('',(0.,-1.,0.));
#3852=DIRECTION('',(-0.448799180200462,0.,-0.893632640323413));
#3853=DIRECTION('',(0.,-1.,0.));
#3854=DIRECTION('',(-0.64278760968654,0.,-0.766044443118978));
#3855=DIRECTION('',(0.,-1.,0.));
#3856=DIRECTION('',(-0.64278760968654,0.,-0.766044443118978));
#3857=DIRECTION('',(0.,-1.,0.));
#3858=DIRECTION('',(-0.64278760968654,0.,-0.766044443118978));
#3859=DIRECTION('',(0.,-1.,0.));
#3860=DIRECTION('',(-0.802123192755044,0.,-0.597158591702787));
#3861=DIRECTION('',(0.,-1.,0.));
#3862=DIRECTION('',(-0.802123192755044,0.,-0.597158591702787));
#3863=DIRECTION('',(0.,-1.,0.));
#3864=DIRECTION('',(-0.802123192755044,0.,-0.597158591702787));
#3865=DIRECTION('',(0.,-1.,0.));
#3866=DIRECTION('',(-0.918216106880274,0.,-0.396079766039158));
#3867=DIRECTION('',(0.,-1.,0.));
#3868=DIRECTION('',(-0.918216106880274,0.,-0.396079766039158));
#3869=DIRECTION('',(0.,-1.,0.));
#3870=DIRECTION('',(-0.918216106880274,0.,-0.396079766039158));
#3871=DIRECTION('',(0.,-1.,0.));
#3872=DIRECTION('',(-0.984807753012208,0.,-0.17364817766693));
#3873=DIRECTION('',(0.,-1.,0.));
#3874=DIRECTION('',(-0.984807753012208,0.,-0.17364817766693));
#3875=DIRECTION('',(0.,-1.,0.));
#3876=DIRECTION('',(-0.984807753012208,0.,-0.17364817766693));
#3877=DIRECTION('',(0.,-1.,0.));
#3878=DIRECTION('',(-0.998308158271268,0.,0.0581448289104754));
#3879=DIRECTION('',(0.,-1.,0.));
#3880=DIRECTION('',(-0.998308158271268,0.,0.0581448289104754));
#3881=DIRECTION('',(0.,-1.,0.));
#3882=DIRECTION('',(-0.998308158271268,0.,0.0581448289104754));
#3883=DIRECTION('',(0.,-1.,0.));
#3884=DIRECTION('',(-0.957989512315489,0.,0.28680323271109));
#3885=DIRECTION('',(0.,-1.,0.));
#3886=DIRECTION('',(-0.957989512315489,0.,0.28680323271109));
#3887=DIRECTION('',(0.,-1.,0.));
#3888=DIRECTION('',(-0.957989512315489,0.,0.28680323271109));
#3889=DIRECTION('',(0.,-1.,0.));
#3890=DIRECTION('',(-0.866025403784438,0.,0.5));
#3891=DIRECTION('',(0.,-1.,0.));
#3892=DIRECTION('',(-0.866025403784438,0.,0.5));
#3893=DIRECTION('',(0.,-1.,0.));
#3894=DIRECTION('',(-0.866025403784438,0.,0.5));
#3895=DIRECTION('',(0.,-1.,0.));
#3896=DIRECTION('',(-0.727373641573049,0.,0.686241637868733));
#3897=DIRECTION('',(0.,-1.,0.));
#3898=DIRECTION('',(-0.727373641573049,0.,0.686241637868733));
#3899=DIRECTION('',(0.,-1.,0.));
#3900=DIRECTION('',(-0.727373641573049,0.,0.686241637868733));
#3901=DIRECTION('',(0.,-1.,0.));
#3902=DIRECTION('',(-0.549508978070806,0.,0.835487811412937));
#3903=DIRECTION('',(0.,-1.,0.));
#3904=DIRECTION('',(-0.549508978070806,0.,0.835487811412937));
#3905=DIRECTION('',(0.,-1.,0.));
#3906=DIRECTION('',(-0.549508978070806,0.,0.835487811412937));
#3907=DIRECTION('',(0.,-1.,0.));
#3908=DIRECTION('',(-0.342020143325668,0.,0.939692620785908));
#3909=DIRECTION('',(0.,-1.,0.));
#3910=DIRECTION('',(-0.342020143325668,0.,0.939692620785908));
#3911=DIRECTION('',(0.,-1.,0.));
#3912=DIRECTION('',(-0.342020143325668,0.,0.939692620785908));
#3913=DIRECTION('',(0.,-1.,0.));
#3914=DIRECTION('',(-0.116092914125231,0.,0.993238357741943));
#3915=DIRECTION('',(0.,-1.,0.));
#3916=DIRECTION('',(-0.116092914125231,0.,0.993238357741943));
#3917=DIRECTION('',(0.,-1.,0.));
#3918=DIRECTION('',(-0.116092914125231,0.,0.993238357741943));
#3919=DIRECTION('',(0.,-1.,0.));
#3920=DIRECTION('',(0.11609291412523,0.,0.993238357741943));
#3921=DIRECTION('',(0.,-1.,0.));
#3922=DIRECTION('',(0.11609291412523,0.,0.993238357741943));
#3923=DIRECTION('',(0.,-1.,0.));
#3924=DIRECTION('',(0.11609291412523,0.,0.993238357741943));
#3925=DIRECTION('',(0.,-1.,0.));
#3926=DIRECTION('',(0.342020143325669,0.,0.939692620785908));
#3927=DIRECTION('',(0.,-1.,0.));
#3928=DIRECTION('',(0.342020143325669,0.,0.939692620785908));
#3929=DIRECTION('',(0.,-1.,0.));
#3930=DIRECTION('',(0.342020143325669,0.,0.939692620785908));
#3931=DIRECTION('',(0.,-1.,0.));
#3932=DIRECTION('',(0.549508978070806,0.,0.835487811412937));
#3933=DIRECTION('',(0.,-1.,0.));
#3934=DIRECTION('',(0.549508978070806,0.,0.835487811412937));
#3935=DIRECTION('',(0.,-1.,0.));
#3936=DIRECTION('',(0.549508978070806,0.,0.835487811412937));
#3937=DIRECTION('',(0.,-1.,0.));
#3938=DIRECTION('',(0.727373641573049,0.,0.686241637868734));
#3939=DIRECTION('',(0.,-1.,0.));
#3940=DIRECTION('',(0.727373641573049,0.,0.686241637868734));
#3941=DIRECTION('',(0.,-1.,0.));
#3942=DIRECTION('',(0.727373641573049,0.,0.686241637868734));
#3943=DIRECTION('',(0.,-1.,0.));
#3944=DIRECTION('',(0.866025403784439,0.,0.5));
#3945=DIRECTION('',(0.,-1.,0.));
#3946=DIRECTION('',(0.866025403784439,0.,0.5));
#3947=DIRECTION('',(0.,-1.,0.));
#3948=DIRECTION('',(0.866025403784439,0.,0.5));
#3949=DIRECTION('',(0.,-1.,0.));
#3950=DIRECTION('',(0.957989512315489,0.,0.28680323271109));
#3951=DIRECTION('',(0.,-1.,0.));
#3952=DIRECTION('',(0.957989512315489,0.,0.28680323271109));
#3953=DIRECTION('',(0.,-1.,0.));
#3954=DIRECTION('',(0.957989512315489,0.,0.28680323271109));
#3955=DIRECTION('',(0.,-1.,0.));
#3956=DIRECTION('',(0.998308158271268,0.,0.058144828910476));
#3957=DIRECTION('',(0.,-1.,0.));
#3958=DIRECTION('',(0.998308158271268,0.,0.058144828910476));
#3959=DIRECTION('',(0.,-1.,0.));
#3960=DIRECTION('',(0.998308158271268,0.,0.058144828910476));
#3961=DIRECTION('',(0.,-1.,0.));
#3962=DIRECTION('',(0.984807753012208,0.,-0.17364817766693));
#3963=DIRECTION('',(0.,-1.,0.));
#3964=DIRECTION('',(0.984807753012208,0.,-0.17364817766693));
#3965=DIRECTION('',(0.,-1.,0.));
#3966=DIRECTION('',(0.984807753012208,0.,-0.17364817766693));
#3967=DIRECTION('',(0.,-1.,0.));
#3968=DIRECTION('',(0.918216106880274,0.,-0.396079766039157));
#3969=DIRECTION('',(0.,-1.,0.));
#3970=DIRECTION('',(0.918216106880274,0.,-0.396079766039157));
#3971=DIRECTION('',(0.,-1.,0.));
#3972=DIRECTION('',(0.918216106880274,0.,-0.396079766039157));
#3973=DIRECTION('',(0.,-1.,0.));
#3974=DIRECTION('',(0.802123192755044,0.,-0.597158591702786));
#3975=DIRECTION('',(0.,-1.,0.));
#3976=DIRECTION('',(0.802123192755044,0.,-0.597158591702786));
#3977=DIRECTION('',(0.,-1.,0.));
#3978=DIRECTION('',(0.802123192755044,0.,-0.597158591702786));
#3979=DIRECTION('',(0.,-1.,0.));
#3980=DIRECTION('',(0.642787609686539,0.,-0.766044443118978));
#3981=DIRECTION('',(0.,-1.,0.));
#3982=DIRECTION('',(0.642787609686539,0.,-0.766044443118978));
#3983=DIRECTION('',(0.,1.,0.));
#3984=DIRECTION('',(0.,1.,0.));
#3985=DIRECTION('',(0.,0.,1.));
#3986=DIRECTION('',(0.,1.,0.));
#3987=DIRECTION('',(0.,1.,0.));
#3988=DIRECTION('',(0.,1.,0.));
#3989=DIRECTION('',(0.,1.,0.));
#3990=DIRECTION('',(0.,0.,1.));
#3991=DIRECTION('',(0.,1.,0.));
#3992=DIRECTION('',(0.,0.,1.));
#3993=DIRECTION('',(0.,1.,0.));
#3994=DIRECTION('',(0.,1.,0.));
#3995=DIRECTION('',(0.866025403784438,0.,-0.5));
#3996=DIRECTION('',(0.,1.,0.));
#3997=DIRECTION('',(0.,1.,0.));
#3998=DIRECTION('',(0.,1.,0.));
#3999=DIRECTION('',(0.,1.,0.));
#4000=DIRECTION('',(0.866025403784438,0.,-0.5));
#4001=DIRECTION('',(0.,1.,0.));
#4002=DIRECTION('',(0.866025403784438,0.,-0.5));
#4003=DIRECTION('',(0.,1.,0.));
#4004=DIRECTION('',(0.,1.,0.));
#4005=DIRECTION('',(0.727373641573049,0.,-0.686241637868733));
#4006=DIRECTION('',(0.,1.,0.));
#4007=DIRECTION('',(0.,1.,0.));
#4008=DIRECTION('',(0.,1.,0.));
#4009=DIRECTION('',(0.,1.,0.));
#4010=DIRECTION('',(0.727373641573049,0.,-0.686241637868733));
#4011=DIRECTION('',(0.,1.,0.));
#4012=DIRECTION('',(0.727373641573049,0.,-0.686241637868733));
#4013=DIRECTION('',(0.,1.,0.));
#4014=DIRECTION('',(0.,1.,0.));
#4015=DIRECTION('',(0.957989512315489,0.,-0.28680323271109));
#4016=DIRECTION('',(0.,1.,0.));
#4017=DIRECTION('',(0.,1.,0.));
#4018=DIRECTION('',(0.,1.,0.));
#4019=DIRECTION('',(0.,1.,0.));
#4020=DIRECTION('',(0.957989512315489,0.,-0.28680323271109));
#4021=DIRECTION('',(0.,1.,0.));
#4022=DIRECTION('',(0.957989512315489,0.,-0.28680323271109));
#4023=DIRECTION('',(0.,1.,0.));
#4024=DIRECTION('',(0.,1.,0.));
#4025=DIRECTION('',(0.998308158271268,0.,-0.0581448289104754));
#4026=DIRECTION('',(0.,1.,0.));
#4027=DIRECTION('',(0.,1.,0.));
#4028=DIRECTION('',(0.,1.,0.));
#4029=DIRECTION('',(0.,1.,0.));
#4030=DIRECTION('',(0.998308158271268,0.,-0.0581448289104754));
#4031=DIRECTION('',(0.,1.,0.));
#4032=DIRECTION('',(0.998308158271268,0.,-0.0581448289104754));
#4033=DIRECTION('',(0.,1.,0.));
#4034=DIRECTION('',(0.,1.,0.));
#4035=DIRECTION('',(0.984807753012208,0.,0.17364817766693));
#4036=DIRECTION('',(0.,1.,0.));
#4037=DIRECTION('',(0.,1.,0.));
#4038=DIRECTION('',(0.,1.,0.));
#4039=DIRECTION('',(0.,1.,0.));
#4040=DIRECTION('',(0.984807753012208,0.,0.17364817766693));
#4041=DIRECTION('',(0.,1.,0.));
#4042=DIRECTION('',(0.984807753012208,0.,0.17364817766693));
#4043=DIRECTION('',(0.,1.,0.));
#4044=DIRECTION('',(0.,1.,0.));
#4045=DIRECTION('',(0.918216106880274,0.,0.396079766039158));
#4046=DIRECTION('',(0.,1.,0.));
#4047=DIRECTION('',(0.,1.,0.));
#4048=DIRECTION('',(0.,1.,0.));
#4049=DIRECTION('',(0.,1.,0.));
#4050=DIRECTION('',(0.918216106880274,0.,0.396079766039158));
#4051=DIRECTION('',(0.,1.,0.));
#4052=DIRECTION('',(0.918216106880274,0.,0.396079766039158));
#4053=DIRECTION('',(0.,1.,0.));
#4054=DIRECTION('',(0.,1.,0.));
#4055=DIRECTION('',(0.64278760968654,0.,0.766044443118978));
#4056=DIRECTION('',(0.,1.,0.));
#4057=DIRECTION('',(0.,1.,0.));
#4058=DIRECTION('',(0.,1.,0.));
#4059=DIRECTION('',(0.,1.,0.));
#4060=DIRECTION('',(0.64278760968654,0.,0.766044443118978));
#4061=DIRECTION('',(0.,1.,0.));
#4062=DIRECTION('',(0.64278760968654,0.,0.766044443118978));
#4063=DIRECTION('',(0.,1.,0.));
#4064=DIRECTION('',(0.,1.,0.));
#4065=DIRECTION('',(0.802123192755044,0.,0.597158591702787));
#4066=DIRECTION('',(0.,1.,0.));
#4067=DIRECTION('',(0.,1.,0.));
#4068=DIRECTION('',(0.,1.,0.));
#4069=DIRECTION('',(0.,1.,0.));
#4070=DIRECTION('',(0.802123192755044,0.,0.597158591702787));
#4071=DIRECTION('',(0.,1.,0.));
#4072=DIRECTION('',(0.802123192755044,0.,0.597158591702787));
#4073=DIRECTION('',(0.,1.,0.));
#4074=DIRECTION('',(0.,1.,0.));
#4075=DIRECTION('',(0.448799180200462,0.,0.893632640323413));
#4076=DIRECTION('',(0.,1.,0.));
#4077=DIRECTION('',(0.,1.,0.));
#4078=DIRECTION('',(0.,1.,0.));
#4079=DIRECTION('',(0.,1.,0.));
#4080=DIRECTION('',(0.448799180200462,0.,0.893632640323413));
#4081=DIRECTION('',(0.,1.,0.));
#4082=DIRECTION('',(0.448799180200462,0.,0.893632640323413));
#4083=DIRECTION('',(0.,1.,0.));
#4084=DIRECTION('',(0.,1.,0.));
#4085=DIRECTION('',(0.230615870742439,0.,0.973044870579824));
#4086=DIRECTION('',(0.,1.,0.));
#4087=DIRECTION('',(0.,1.,0.));
#4088=DIRECTION('',(0.,1.,0.));
#4089=DIRECTION('',(0.,1.,0.));
#4090=DIRECTION('',(0.230615870742439,0.,0.973044870579824));
#4091=DIRECTION('',(0.,1.,0.));
#4092=DIRECTION('',(0.230615870742439,0.,0.973044870579824));
#4093=DIRECTION('',(0.,1.,0.));
#4094=DIRECTION('',(0.,1.,0.));
#4095=DIRECTION('',(0.549508978070806,0.,-0.835487811412937));
#4096=DIRECTION('',(0.,1.,0.));
#4097=DIRECTION('',(0.,1.,0.));
#4098=DIRECTION('',(0.,1.,0.));
#4099=DIRECTION('',(0.,1.,0.));
#4100=DIRECTION('',(0.549508978070806,0.,-0.835487811412937));
#4101=DIRECTION('',(0.,1.,0.));
#4102=DIRECTION('',(0.549508978070806,0.,-0.835487811412937));
#4103=DIRECTION('',(0.,1.,0.));
#4104=DIRECTION('',(0.,1.,0.));
#4105=DIRECTION('',(0.342020143325668,0.,-0.939692620785908));
#4106=DIRECTION('',(0.,1.,0.));
#4107=DIRECTION('',(0.,1.,0.));
#4108=DIRECTION('',(0.,1.,0.));
#4109=DIRECTION('',(0.,1.,0.));
#4110=DIRECTION('',(0.342020143325668,0.,-0.939692620785908));
#4111=DIRECTION('',(0.,1.,0.));
#4112=DIRECTION('',(0.342020143325668,0.,-0.939692620785908));
#4113=DIRECTION('',(0.,1.,0.));
#4114=DIRECTION('',(0.,1.,0.));
#4115=DIRECTION('',(0.116092914125231,0.,-0.993238357741943));
#4116=DIRECTION('',(0.,1.,0.));
#4117=DIRECTION('',(0.,1.,0.));
#4118=DIRECTION('',(0.,1.,0.));
#4119=DIRECTION('',(0.,1.,0.));
#4120=DIRECTION('',(0.116092914125231,0.,-0.993238357741943));
#4121=DIRECTION('',(0.,1.,0.));
#4122=DIRECTION('',(0.116092914125231,0.,-0.993238357741943));
#4123=DIRECTION('',(0.,1.,0.));
#4124=DIRECTION('',(0.,1.,0.));
#4125=DIRECTION('',(-0.11609291412523,0.,-0.993238357741943));
#4126=DIRECTION('',(0.,1.,0.));
#4127=DIRECTION('',(0.,1.,0.));
#4128=DIRECTION('',(0.,1.,0.));
#4129=DIRECTION('',(0.,1.,0.));
#4130=DIRECTION('',(-0.11609291412523,0.,-0.993238357741943));
#4131=DIRECTION('',(0.,1.,0.));
#4132=DIRECTION('',(-0.11609291412523,0.,-0.993238357741943));
#4133=DIRECTION('',(0.,1.,0.));
#4134=DIRECTION('',(0.,1.,0.));
#4135=DIRECTION('',(-0.727373641573049,0.,-0.686241637868734));
#4136=DIRECTION('',(0.,1.,0.));
#4137=DIRECTION('',(0.,1.,0.));
#4138=DIRECTION('',(0.,1.,0.));
#4139=DIRECTION('',(0.,1.,0.));
#4140=DIRECTION('',(-0.727373641573049,0.,-0.686241637868734));
#4141=DIRECTION('',(0.,1.,0.));
#4142=DIRECTION('',(-0.727373641573049,0.,-0.686241637868734));
#4143=DIRECTION('',(0.,1.,0.));
#4144=DIRECTION('',(0.,1.,0.));
#4145=DIRECTION('',(-0.866025403784439,0.,-0.5));
#4146=DIRECTION('',(0.,1.,0.));
#4147=DIRECTION('',(0.,1.,0.));
#4148=DIRECTION('',(0.,1.,0.));
#4149=DIRECTION('',(0.,1.,0.));
#4150=DIRECTION('',(-0.866025403784439,0.,-0.5));
#4151=DIRECTION('',(0.,1.,0.));
#4152=DIRECTION('',(-0.866025403784439,0.,-0.5));
#4153=DIRECTION('',(0.,1.,0.));
#4154=DIRECTION('',(0.,1.,0.));
#4155=DIRECTION('',(-0.549508978070806,0.,-0.835487811412937));
#4156=DIRECTION('',(0.,1.,0.));
#4157=DIRECTION('',(0.,1.,0.));
#4158=DIRECTION('',(0.,1.,0.));
#4159=DIRECTION('',(0.,1.,0.));
#4160=DIRECTION('',(-0.549508978070806,0.,-0.835487811412937));
#4161=DIRECTION('',(0.,1.,0.));
#4162=DIRECTION('',(-0.549508978070806,0.,-0.835487811412937));
#4163=DIRECTION('',(0.,1.,0.));
#4164=DIRECTION('',(0.,1.,0.));
#4165=DIRECTION('',(-0.342020143325669,0.,-0.939692620785908));
#4166=DIRECTION('',(0.,1.,0.));
#4167=DIRECTION('',(0.,1.,0.));
#4168=DIRECTION('',(0.,1.,0.));
#4169=DIRECTION('',(0.,1.,0.));
#4170=DIRECTION('',(-0.342020143325669,0.,-0.939692620785908));
#4171=DIRECTION('',(0.,1.,0.));
#4172=DIRECTION('',(-0.342020143325669,0.,-0.939692620785908));
#4173=DIRECTION('',(0.,1.,0.));
#4174=DIRECTION('',(0.,1.,0.));
#4175=DIRECTION('',(-0.957989512315489,0.,-0.28680323271109));
#4176=DIRECTION('',(0.,1.,0.));
#4177=DIRECTION('',(0.,1.,0.));
#4178=DIRECTION('',(0.,1.,0.));
#4179=DIRECTION('',(0.,1.,0.));
#4180=DIRECTION('',(-0.957989512315489,0.,-0.28680323271109));
#4181=DIRECTION('',(0.,1.,0.));
#4182=DIRECTION('',(-0.957989512315489,0.,-0.28680323271109));
#4183=DIRECTION('',(0.,1.,0.));
#4184=DIRECTION('',(0.,1.,0.));
#4185=DIRECTION('',(-0.998308158271268,0.,-0.058144828910476));
#4186=DIRECTION('',(0.,1.,0.));
#4187=DIRECTION('',(0.,1.,0.));
#4188=DIRECTION('',(0.,1.,0.));
#4189=DIRECTION('',(0.,1.,0.));
#4190=DIRECTION('',(-0.998308158271268,0.,-0.058144828910476));
#4191=DIRECTION('',(0.,1.,0.));
#4192=DIRECTION('',(-0.998308158271268,0.,-0.058144828910476));
#4193=DIRECTION('',(0.,1.,0.));
#4194=DIRECTION('',(0.,1.,0.));
#4195=DIRECTION('',(-0.984807753012208,0.,0.17364817766693));
#4196=DIRECTION('',(0.,1.,0.));
#4197=DIRECTION('',(0.,1.,0.));
#4198=DIRECTION('',(0.,1.,0.));
#4199=DIRECTION('',(0.,1.,0.));
#4200=DIRECTION('',(-0.984807753012208,0.,0.17364817766693));
#4201=DIRECTION('',(0.,1.,0.));
#4202=DIRECTION('',(-0.984807753012208,0.,0.17364817766693));
#4203=DIRECTION('',(0.,1.,0.));
#4204=DIRECTION('',(0.,1.,0.));
#4205=DIRECTION('',(-0.918216106880274,0.,0.396079766039157));
#4206=DIRECTION('',(0.,1.,0.));
#4207=DIRECTION('',(0.,1.,0.));
#4208=DIRECTION('',(0.,1.,0.));
#4209=DIRECTION('',(0.,1.,0.));
#4210=DIRECTION('',(-0.918216106880274,0.,0.396079766039157));
#4211=DIRECTION('',(0.,1.,0.));
#4212=DIRECTION('',(-0.918216106880274,0.,0.396079766039157));
#4213=DIRECTION('',(0.,1.,0.));
#4214=DIRECTION('',(0.,1.,0.));
#4215=DIRECTION('',(-0.23061587074244,0.,0.973044870579824));
#4216=DIRECTION('',(0.,1.,0.));
#4217=DIRECTION('',(0.,1.,0.));
#4218=DIRECTION('',(0.,1.,0.));
#4219=DIRECTION('',(0.,1.,0.));
#4220=DIRECTION('',(-0.23061587074244,0.,0.973044870579824));
#4221=DIRECTION('',(0.,1.,0.));
#4222=DIRECTION('',(-0.23061587074244,0.,0.973044870579824));
#4223=DIRECTION('',(0.,1.,0.));
#4224=DIRECTION('',(0.,1.,0.));
#4225=DIRECTION('',(-0.448799180200462,0.,0.893632640323412));
#4226=DIRECTION('',(0.,1.,0.));
#4227=DIRECTION('',(0.,1.,0.));
#4228=DIRECTION('',(0.,1.,0.));
#4229=DIRECTION('',(0.,1.,0.));
#4230=DIRECTION('',(-0.448799180200462,0.,0.893632640323412));
#4231=DIRECTION('',(0.,1.,0.));
#4232=DIRECTION('',(-0.448799180200462,0.,0.893632640323412));
#4233=DIRECTION('',(0.,1.,0.));
#4234=DIRECTION('',(0.,1.,0.));
#4235=DIRECTION('',(-0.802123192755044,0.,0.597158591702786));
#4236=DIRECTION('',(0.,1.,0.));
#4237=DIRECTION('',(0.,1.,0.));
#4238=DIRECTION('',(0.,1.,0.));
#4239=DIRECTION('',(0.,1.,0.));
#4240=DIRECTION('',(-0.802123192755044,0.,0.597158591702786));
#4241=DIRECTION('',(0.,1.,0.));
#4242=DIRECTION('',(-0.802123192755044,0.,0.597158591702786));
#4243=DIRECTION('',(0.,1.,0.));
#4244=DIRECTION('',(0.,1.,0.));
#4245=DIRECTION('',(-0.642787609686539,0.,0.766044443118978));
#4246=DIRECTION('',(0.,1.,0.));
#4247=DIRECTION('',(0.,1.,0.));
#4248=DIRECTION('',(0.,1.,0.));
#4249=DIRECTION('',(0.,1.,0.));
#4250=DIRECTION('',(-0.642787609686539,0.,0.766044443118978));
#4251=DIRECTION('',(0.,1.,0.));
#4252=DIRECTION('',(-0.642787609686539,0.,0.766044443118978));
#4253=CARTESIAN_POINT('',(0.,0.,0.));
#4254=CARTESIAN_POINT('',(0.,-0.00635,9.39661283595771E-19));
#4255=CARTESIAN_POINT('',(0.0126057689975559,-0.00635,0.00875152493424453));
#4256=CARTESIAN_POINT('',(0.0126057689975559,-0.00635,0.00875152493424453));
#4257=CARTESIAN_POINT('',(0.0126057689975559,0.,0.00875152493424453));
#4258=CARTESIAN_POINT('',(0.,-0.00635,9.39661283595771E-19));
#4259=CARTESIAN_POINT('',(0.0130286811896832,-0.00635,0.00810851818472639));
#4260=CARTESIAN_POINT('',(0.0130286811896832,-0.00635,0.00810851818472639));
#4261=CARTESIAN_POINT('',(0.0130286811896832,0.,0.00810851818472639));
#4262=CARTESIAN_POINT('',(0.,0.,9.39661283595771E-19));
#4263=CARTESIAN_POINT('',(0.,-0.00635,9.39661283595771E-19));
#4264=CARTESIAN_POINT('',(0.,-0.00635,9.39661283595771E-19));
#4265=CARTESIAN_POINT('',(0.0108075384204395,-0.00635,0.0108945726848357));
#4266=CARTESIAN_POINT('',(0.0102477383197509,-0.00635,0.0114227168407675));
#4267=CARTESIAN_POINT('',(0.0108075384204395,-0.00635,0.0108945726848357));
#4268=CARTESIAN_POINT('',(0.0108075384204395,0.,0.0108945726848357));
#4269=CARTESIAN_POINT('',(0.,0.,9.39661283595771E-19));
#4270=CARTESIAN_POINT('',(0.0102477383197509,0.,0.0114227168407675));
#4271=CARTESIAN_POINT('',(0.0102477383197509,-0.00635,0.0114227168407675));
#4272=CARTESIAN_POINT('',(0.,-0.00635,9.39661283595771E-19));
#4273=CARTESIAN_POINT('',(0.0142842194058209,-0.00635,0.00560853605326866));
#4274=CARTESIAN_POINT('',(0.0142842194058209,-0.00635,0.00560853605326866));
#4275=CARTESIAN_POINT('',(0.0142842194058209,0.,0.00560853605326866));
#4276=CARTESIAN_POINT('',(0.,-0.00635,9.39661283595771E-19));
#4277=CARTESIAN_POINT('',(0.0145474443836427,-0.00635,0.00488533137046679));
#4278=CARTESIAN_POINT('',(0.0145474443836427,-0.00635,0.00488533137046679));
#4279=CARTESIAN_POINT('',(0.0145474443836427,0.,0.00488533137046679));
#4280=CARTESIAN_POINT('',(0.,0.,9.39661283595771E-19));
#4281=CARTESIAN_POINT('',(0.,-0.00635,9.39661283595771E-19));
#4282=CARTESIAN_POINT('',(0.0151926038485857,-0.00635,0.00216318954194563));
#4283=CARTESIAN_POINT('',(0.0151926038485857,-0.00635,0.00216318954194563));
#4284=CARTESIAN_POINT('',(0.0151926038485857,0.,0.00216318954194563));
#4285=CARTESIAN_POINT('',(0.,-0.00635,9.39661283595771E-19));
#4286=CARTESIAN_POINT('',(0.0152819510854143,-0.00635,0.00139877507750442));
#4287=CARTESIAN_POINT('',(0.0152819510854143,-0.00635,0.00139877507750442));
#4288=CARTESIAN_POINT('',(0.0152819510854143,0.,0.00139877507750442));
#4289=CARTESIAN_POINT('',(0.,0.,9.39661283595771E-19));
#4290=CARTESIAN_POINT('',(0.,-0.00635,9.39661283595771E-19));
#4291=CARTESIAN_POINT('',(0.,-0.00635,9.39661283595771E-19));
#4292=CARTESIAN_POINT('',(0.00800375845752287,-0.00635,0.0130932979515505));
#4293=CARTESIAN_POINT('',(0.00733724941660002,-0.00635,0.0134781071257446));
#4294=CARTESIAN_POINT('',(0.00800375845752287,-0.00635,0.0130932979515505));
#4295=CARTESIAN_POINT('',(0.00800375845752287,0.,0.0130932979515505));
#4296=CARTESIAN_POINT('',(0.,0.,9.39661283595771E-19));
#4297=CARTESIAN_POINT('',(0.00733724941660002,0.,0.0134781071257446));
#4298=CARTESIAN_POINT('',(0.00733724941660002,-0.00635,0.0134781071257446));
#4299=CARTESIAN_POINT('',(0.,-0.00635,9.39661283595771E-19));
#4300=CARTESIAN_POINT('',(0.,-0.00635,9.39661283595771E-19));
#4301=CARTESIAN_POINT('',(0.00476849380446549,-0.00635,0.0145861601366233));
#4302=CARTESIAN_POINT('',(0.00403120749822398,-0.00635,0.0148068891668948));
#4303=CARTESIAN_POINT('',(0.00476849380446549,-0.00635,0.0145861601366233));
#4304=CARTESIAN_POINT('',(0.00476849380446549,0.,0.0145861601366233));
#4305=CARTESIAN_POINT('',(0.,0.,9.39661283595771E-19));
#4306=CARTESIAN_POINT('',(0.00403120749822398,0.,0.0148068891668948));
#4307=CARTESIAN_POINT('',(0.00403120749822398,-0.00635,0.0148068891668948));
#4308=CARTESIAN_POINT('',(0.,-0.00635,9.39661283595771E-19));
#4309=CARTESIAN_POINT('',(0.,-0.00635,9.39661283595771E-19));
#4310=CARTESIAN_POINT('',(0.00127615841613076,-0.00635,0.015292678653244));
#4311=CARTESIAN_POINT('',(0.000507842140179512,-0.00635,0.0153374279804374));
#4312=CARTESIAN_POINT('',(0.00127615841613076,-0.00635,0.015292678653244));
#4313=CARTESIAN_POINT('',(0.00127615841613076,0.,0.015292678653244));
#4314=CARTESIAN_POINT('',(0.,0.,9.39661283595771E-19));
#4315=CARTESIAN_POINT('',(0.000507842140179512,0.,0.0153374279804374));
#4316=CARTESIAN_POINT('',(0.000507842140179512,-0.00635,0.0153374279804374));
#4317=CARTESIAN_POINT('',(0.,-0.00635,9.39661283595771E-19));
#4318=CARTESIAN_POINT('',(0.,-0.00635,9.39661283595771E-19));
#4319=CARTESIAN_POINT('',(-0.00228497500273887,-0.00635,0.0151747649053059));
#4320=CARTESIAN_POINT('',(-0.00304290111909207,-0.00635,0.0150411220816092));
#4321=CARTESIAN_POINT('',(-0.00228497500273887,-0.00635,0.0151747649053059));
#4322=CARTESIAN_POINT('',(-0.00228497500273887,0.,0.0151747649053059));
#4323=CARTESIAN_POINT('',(0.,0.,9.39661283595771E-19));
#4324=CARTESIAN_POINT('',(-0.00304290111909207,0.,0.0150411220816092));
#4325=CARTESIAN_POINT('',(-0.00304290111909207,-0.00635,0.0150411220816092));
#4326=CARTESIAN_POINT('',(0.,-0.00635,9.39661283595771E-19));
#4327=CARTESIAN_POINT('',(-0.0138819274136866,-0.00635,0.00654115371899943));
#4328=CARTESIAN_POINT('',(-0.0138819274136866,-0.00635,0.00654115371899943));
#4329=CARTESIAN_POINT('',(-0.0138819274136866,0.,0.00654115371899943));
#4330=CARTESIAN_POINT('',(0.,-0.00635,9.39661283595771E-19));
#4331=CARTESIAN_POINT('',(-0.0135365233298628,-0.00635,0.00722890979571096));
#4332=CARTESIAN_POINT('',(-0.0135365233298628,-0.00635,0.00722890979571096));
#4333=CARTESIAN_POINT('',(-0.0135365233298628,0.,0.00722890979571096));
#4334=CARTESIAN_POINT('',(0.,0.,9.39661283595771E-19));
#4335=CARTESIAN_POINT('',(0.,-0.00635,9.39661283595771E-19));
#4336=CARTESIAN_POINT('',(-0.011999244403082,-0.00635,0.00956622885203722));
#4337=CARTESIAN_POINT('',(-0.011999244403082,-0.00635,0.00956622885203722));
#4338=CARTESIAN_POINT('',(-0.011999244403082,0.,0.00956622885203722));
#4339=CARTESIAN_POINT('',(0.,-0.00635,9.39661283595771E-19));
#4340=CARTESIAN_POINT('',(-0.0115045432645506,-0.00635,0.0101557907111424));
#4341=CARTESIAN_POINT('',(-0.0115045432645506,-0.00635,0.0101557907111424));
#4342=CARTESIAN_POINT('',(-0.0115045432645506,0.,0.0101557907111424));
#4343=CARTESIAN_POINT('',(0.,0.,9.39661283595771E-19));
#4344=CARTESIAN_POINT('',(0.,-0.00635,9.39661283595771E-19));
#4345=CARTESIAN_POINT('',(0.,-0.00635,9.39661283595771E-19));
#4346=CARTESIAN_POINT('',(-0.00572292482776711,-0.00635,0.0142387756534813));
#4347=CARTESIAN_POINT('',(-0.0064296007914078,-0.00635,0.0139339453981122));
#4348=CARTESIAN_POINT('',(-0.00572292482776711,-0.00635,0.0142387756534813));
#4349=CARTESIAN_POINT('',(-0.00572292482776711,0.,0.0142387756534813));
#4350=CARTESIAN_POINT('',(0.,0.,9.39661283595771E-19));
#4351=CARTESIAN_POINT('',(-0.0064296007914078,0.,0.0139339453981122));
#4352=CARTESIAN_POINT('',(-0.0064296007914078,-0.00635,0.0139339453981122));
#4353=CARTESIAN_POINT('',(0.,-0.00635,9.39661283595771E-19));
#4354=CARTESIAN_POINT('',(0.,-0.00635,9.39661283595771E-19));
#4355=CARTESIAN_POINT('',(-0.00885235029400655,-0.00635,0.0125351703206078));
#4356=CARTESIAN_POINT('',(-0.00946967902081861,-0.00635,0.0120755861115356));
#4357=CARTESIAN_POINT('',(-0.00885235029400655,-0.00635,0.0125351703206078));
#4358=CARTESIAN_POINT('',(-0.00885235029400655,0.,0.0125351703206078));
#4359=CARTESIAN_POINT('',(0.,0.,9.39661283595771E-19));
#4360=CARTESIAN_POINT('',(-0.00946967902081861,0.,0.0120755861115356));
#4361=CARTESIAN_POINT('',(-0.00946967902081861,-0.00635,0.0120755861115356));
#4362=CARTESIAN_POINT('',(0.,-0.00635,9.39661283595771E-19));
#4363=CARTESIAN_POINT('',(0.,-0.00635,9.39661283595771E-19));
#4364=CARTESIAN_POINT('',(-0.0148387459186635,-0.00635,0.00391231648205914));
#4365=CARTESIAN_POINT('',(-0.0150162321242165,-0.00635,0.00316344329585583));
#4366=CARTESIAN_POINT('',(-0.0148387459186635,-0.00635,0.00391231648205914));
#4367=CARTESIAN_POINT('',(-0.0148387459186635,0.,0.00391231648205914));
#4368=CARTESIAN_POINT('',(0.,0.,9.39661283595771E-19));
#4369=CARTESIAN_POINT('',(-0.0150162321242165,0.,0.00316344329585583));
#4370=CARTESIAN_POINT('',(-0.0150162321242165,-0.00635,0.00316344329585583));
#4371=CARTESIAN_POINT('',(0.,-0.00635,9.39661283595771E-19));
#4372=CARTESIAN_POINT('',(0.,-0.00635,9.39661283595771E-19));
#4373=CARTESIAN_POINT('',(-0.0153410078741229,-0.00635,0.000384809174194122));
#4374=CARTESIAN_POINT('',(-0.0153410078741229,-0.00635,-0.000384809174194129));
#4375=CARTESIAN_POINT('',(-0.0153410078741229,-0.00635,0.000384809174194122));
#4376=CARTESIAN_POINT('',(-0.0153410078741229,0.,0.000384809174194122));
#4377=CARTESIAN_POINT('',(0.,0.,9.39661283595771E-19));
#4378=CARTESIAN_POINT('',(-0.0153410078741229,0.,-0.000384809174194129));
#4379=CARTESIAN_POINT('',(-0.0153410078741229,-0.00635,-0.000384809174194129));
#4380=CARTESIAN_POINT('',(0.,-0.00635,9.39661283595771E-19));
#4381=CARTESIAN_POINT('',(0.,-0.00635,9.39661283595771E-19));
#4382=CARTESIAN_POINT('',(-0.0150162321242165,-0.00635,-0.00316344329585583));
#4383=CARTESIAN_POINT('',(-0.0148387459186635,-0.00635,-0.00391231648205913));
#4384=CARTESIAN_POINT('',(-0.0150162321242165,-0.00635,-0.00316344329585583));
#4385=CARTESIAN_POINT('',(-0.0150162321242165,0.,-0.00316344329585583));
#4386=CARTESIAN_POINT('',(0.,0.,9.39661283595771E-19));
#4387=CARTESIAN_POINT('',(-0.0148387459186635,0.,-0.00391231648205913));
#4388=CARTESIAN_POINT('',(-0.0148387459186635,-0.00635,-0.00391231648205913));
#4389=CARTESIAN_POINT('',(0.,-0.00635,9.39661283595771E-19));
#4390=CARTESIAN_POINT('',(0.,-0.00635,9.39661283595771E-19));
#4391=CARTESIAN_POINT('',(-0.0138819274136866,-0.00635,-0.00654115371899942));
#4392=CARTESIAN_POINT('',(-0.0135365233298628,-0.00635,-0.00722890979571096));
#4393=CARTESIAN_POINT('',(-0.0138819274136866,-0.00635,-0.00654115371899942));
#4394=CARTESIAN_POINT('',(-0.0138819274136866,0.,-0.00654115371899942));
#4395=CARTESIAN_POINT('',(0.,0.,9.39661283595771E-19));
#4396=CARTESIAN_POINT('',(-0.0135365233298628,0.,-0.00722890979571096));
#4397=CARTESIAN_POINT('',(-0.0135365233298628,-0.00635,-0.00722890979571096));
#4398=CARTESIAN_POINT('',(0.,-0.00635,9.39661283595771E-19));
#4399=CARTESIAN_POINT('',(0.0145474443836427,-0.00635,-0.00488533137046678));
#4400=CARTESIAN_POINT('',(0.0145474443836427,-0.00635,-0.00488533137046678));
#4401=CARTESIAN_POINT('',(0.0145474443836427,0.,-0.00488533137046678));
#4402=CARTESIAN_POINT('',(0.,-0.00635,9.39661283595771E-19));
#4403=CARTESIAN_POINT('',(0.0142842194058209,-0.00635,-0.00560853605326866));
#4404=CARTESIAN_POINT('',(0.0142842194058209,-0.00635,-0.00560853605326866));
#4405=CARTESIAN_POINT('',(0.0142842194058209,0.,-0.00560853605326866));
#4406=CARTESIAN_POINT('',(0.,0.,9.39661283595771E-19));
#4407=CARTESIAN_POINT('',(0.,-0.00635,9.39661283595771E-19));
#4408=CARTESIAN_POINT('',(0.0130286811896832,-0.00635,-0.00810851818472638));
#4409=CARTESIAN_POINT('',(0.0130286811896832,-0.00635,-0.00810851818472638));
#4410=CARTESIAN_POINT('',(0.0130286811896832,0.,-0.00810851818472638));
#4411=CARTESIAN_POINT('',(0.,-0.00635,9.39661283595771E-19));
#4412=CARTESIAN_POINT('',(0.0126057689975559,-0.00635,-0.00875152493424453));
#4413=CARTESIAN_POINT('',(0.0126057689975559,-0.00635,-0.00875152493424453));
#4414=CARTESIAN_POINT('',(0.0126057689975559,0.,-0.00875152493424453));
#4415=CARTESIAN_POINT('',(0.,0.,9.39661283595771E-19));
#4416=CARTESIAN_POINT('',(0.,-0.00635,9.39661283595771E-19));
#4417=CARTESIAN_POINT('',(0.00800375845752288,-0.00635,-0.0130932979515505));
#4418=CARTESIAN_POINT('',(0.00800375845752288,-0.00635,-0.0130932979515505));
#4419=CARTESIAN_POINT('',(0.00800375845752288,0.,-0.0130932979515505));
#4420=CARTESIAN_POINT('',(0.,-0.00635,9.39661283595771E-19));
#4421=CARTESIAN_POINT('',(0.00733724941660003,-0.00635,-0.0134781071257446));
#4422=CARTESIAN_POINT('',(0.00733724941660003,-0.00635,-0.0134781071257446));
#4423=CARTESIAN_POINT('',(0.00733724941660003,0.,-0.0134781071257446));
#4424=CARTESIAN_POINT('',(0.,0.,9.39661283595771E-19));
#4425=CARTESIAN_POINT('',(0.,-0.00635,9.39661283595771E-19));
#4426=CARTESIAN_POINT('',(0.,-0.00635,9.39661283595771E-19));
#4427=CARTESIAN_POINT('',(0.0102477383197509,-0.00635,-0.0114227168407675));
#4428=CARTESIAN_POINT('',(0.0108075384204395,-0.00635,-0.0108945726848357));
#4429=CARTESIAN_POINT('',(0.0102477383197509,-0.00635,-0.0114227168407675));
#4430=CARTESIAN_POINT('',(0.0102477383197509,0.,-0.0114227168407675));
#4431=CARTESIAN_POINT('',(0.,0.,9.39661283595771E-19));
#4432=CARTESIAN_POINT('',(0.0108075384204395,0.,-0.0108945726848357));
#4433=CARTESIAN_POINT('',(0.0108075384204395,-0.00635,-0.0108945726848357));
#4434=CARTESIAN_POINT('',(0.,-0.00635,9.39661283595771E-19));
#4435=CARTESIAN_POINT('',(0.0047684938044655,-0.00635,-0.0145861601366233));
#4436=CARTESIAN_POINT('',(0.0047684938044655,-0.00635,-0.0145861601366233));
#4437=CARTESIAN_POINT('',(0.0047684938044655,0.,-0.0145861601366233));
#4438=CARTESIAN_POINT('',(0.,-0.00635,9.39661283595771E-19));
#4439=CARTESIAN_POINT('',(0.00403120749822398,-0.00635,-0.0148068891668948));
#4440=CARTESIAN_POINT('',(0.00403120749822398,-0.00635,-0.0148068891668948));
#4441=CARTESIAN_POINT('',(0.00403120749822398,0.,-0.0148068891668948));
#4442=CARTESIAN_POINT('',(0.,0.,9.39661283595771E-19));
#4443=CARTESIAN_POINT('',(0.,-0.00635,9.39661283595771E-19));
#4444=CARTESIAN_POINT('',(0.00127615841613076,-0.00635,-0.015292678653244));
#4445=CARTESIAN_POINT('',(0.00127615841613076,-0.00635,-0.015292678653244));
#4446=CARTESIAN_POINT('',(0.00127615841613076,0.,-0.015292678653244));
#4447=CARTESIAN_POINT('',(0.,-0.00635,9.39661283595771E-19));
#4448=CARTESIAN_POINT('',(0.00050784214017952,-0.00635,-0.0153374279804374));
#4449=CARTESIAN_POINT('',(0.00050784214017952,-0.00635,-0.0153374279804374));
#4450=CARTESIAN_POINT('',(0.00050784214017952,0.,-0.0153374279804374));
#4451=CARTESIAN_POINT('',(0.,0.,9.39661283595771E-19));
#4452=CARTESIAN_POINT('',(0.,-0.00635,9.39661283595771E-19));
#4453=CARTESIAN_POINT('',(-0.00228497500273886,-0.00635,-0.0151747649053059));
#4454=CARTESIAN_POINT('',(-0.00228497500273886,-0.00635,-0.0151747649053059));
#4455=CARTESIAN_POINT('',(-0.00228497500273886,0.,-0.0151747649053059));
#4456=CARTESIAN_POINT('',(0.,-0.00635,9.39661283595771E-19));
#4457=CARTESIAN_POINT('',(-0.00304290111909207,-0.00635,-0.0150411220816092));
#4458=CARTESIAN_POINT('',(-0.00304290111909207,-0.00635,-0.0150411220816092));
#4459=CARTESIAN_POINT('',(-0.00304290111909207,0.,-0.0150411220816092));
#4460=CARTESIAN_POINT('',(0.,0.,9.39661283595771E-19));
#4461=CARTESIAN_POINT('',(0.,-0.00635,9.39661283595771E-19));
#4462=CARTESIAN_POINT('',(-0.00572292482776711,-0.00635,-0.0142387756534813));
#4463=CARTESIAN_POINT('',(-0.00572292482776711,-0.00635,-0.0142387756534813));
#4464=CARTESIAN_POINT('',(-0.00572292482776711,0.,-0.0142387756534813));
#4465=CARTESIAN_POINT('',(0.,-0.00635,9.39661283595771E-19));
#4466=CARTESIAN_POINT('',(-0.00642960079140781,-0.00635,-0.0139339453981122));
#4467=CARTESIAN_POINT('',(-0.00642960079140781,-0.00635,-0.0139339453981122));
#4468=CARTESIAN_POINT('',(-0.00642960079140781,0.,-0.0139339453981122));
#4469=CARTESIAN_POINT('',(0.,0.,9.39661283595771E-19));
#4470=CARTESIAN_POINT('',(0.,-0.00635,9.39661283595771E-19));
#4471=CARTESIAN_POINT('',(0.,-0.00635,9.39661283595771E-19));
#4472=CARTESIAN_POINT('',(-0.011999244403082,-0.00635,-0.00956622885203722));
#4473=CARTESIAN_POINT('',(-0.0115045432645506,-0.00635,-0.0101557907111424));
#4474=CARTESIAN_POINT('',(-0.011999244403082,-0.00635,-0.00956622885203722));
#4475=CARTESIAN_POINT('',(-0.011999244403082,0.,-0.00956622885203722));
#4476=CARTESIAN_POINT('',(0.,0.,9.39661283595771E-19));
#4477=CARTESIAN_POINT('',(-0.0115045432645506,0.,-0.0101557907111424));
#4478=CARTESIAN_POINT('',(-0.0115045432645506,-0.00635,-0.0101557907111424));
#4479=CARTESIAN_POINT('',(0.,-0.00635,9.39661283595771E-19));
#4480=CARTESIAN_POINT('',(0.,-0.00635,9.39661283595771E-19));
#4481=CARTESIAN_POINT('',(-0.0094696790208186,-0.00635,-0.0120755861115356));
#4482=CARTESIAN_POINT('',(-0.00885235029400656,-0.00635,-0.0125351703206078));
#4483=CARTESIAN_POINT('',(-0.0094696790208186,-0.00635,-0.0120755861115356));
#4484=CARTESIAN_POINT('',(-0.0094696790208186,0.,-0.0120755861115356));
#4485=CARTESIAN_POINT('',(0.,0.,9.39661283595771E-19));
#4486=CARTESIAN_POINT('',(-0.00885235029400656,0.,-0.0125351703206078));
#4487=CARTESIAN_POINT('',(-0.00885235029400656,-0.00635,-0.0125351703206078));
#4488=CARTESIAN_POINT('',(0.,-0.00635,0.));
#4489=CARTESIAN_POINT('',(0.0101165017997958,-0.00635,0.00872613193602493));
#4490=CARTESIAN_POINT('',(0.0098477341364437,-0.00635,0.00901613219075231));
#4491=CARTESIAN_POINT('',(0.0098170999821135,-0.00635,0.00846787865690881));
#4492=CARTESIAN_POINT('',(0.00956164576919797,-0.00635,0.0087553041746888));
#4493=CARTESIAN_POINT('',(0.00971156712728745,-0.00635,0.00889123444366034));
#4494=CARTESIAN_POINT('',(0.00991013962560829,-0.00635,0.00907127558957229));
#4495=CARTESIAN_POINT('',(0.00994620395300331,-0.00635,0.00911303850917696));
#4496=CARTESIAN_POINT('',(0.0100064897328198,-0.00635,0.00918257984302977));
#4497=CARTESIAN_POINT('',(0.010075891676613,-0.00635,0.00927380642945666));
#4498=CARTESIAN_POINT('',(0.0101624158870605,-0.00635,0.00939875347206421));
#4499=CARTESIAN_POINT('',(0.0102594068489234,-0.00635,0.00955554899679239));
#4500=CARTESIAN_POINT('',(0.0103649391419338,-0.00635,0.0097466610169844));
#4501=CARTESIAN_POINT('',(0.0104754299515101,-0.00635,0.00997291632311404));
#4502=CARTESIAN_POINT('',(0.0105877720380291,-0.00635,0.0102352233963442));
#4503=CARTESIAN_POINT('',(0.0106982556541115,-0.00635,0.0105346270791862));
#4504=CARTESIAN_POINT('',(0.0107701650644024,-0.00635,0.0107610755028969));
#4505=CARTESIAN_POINT('',(0.0108051547903733,-0.00635,0.0108859927934933));
#4506=CARTESIAN_POINT('',(0.0108075384204395,-0.00635,0.0108945726848357));
#4507=CARTESIAN_POINT('',(0.00818453132838573,-0.00635,0.0100545446411867));
#4508=CARTESIAN_POINT('',(0.00831151447313989,-0.00635,0.0102121159982997));
#4509=CARTESIAN_POINT('',(0.00847970505398711,-0.00635,0.0104208210050076));
#4510=CARTESIAN_POINT('',(0.00851930036319552,-0.00635,0.0104592526150838));
#4511=CARTESIAN_POINT('',(0.00858521873776468,-0.00635,0.0105234798698615));
#4512=CARTESIAN_POINT('',(0.00867225561909798,-0.00635,0.01059806875081));
#4513=CARTESIAN_POINT('',(0.00879196033567188,-0.00635,0.010691711600403));
#4514=CARTESIAN_POINT('',(0.00894285106430507,-0.00635,0.0107976553178685));
#4515=CARTESIAN_POINT('',(0.00912750359608482,-0.00635,0.0109141212426587));
#4516=CARTESIAN_POINT('',(0.00934695164482721,-0.00635,0.0110375806953377));
#4517=CARTESIAN_POINT('',(0.00960228282460504,-0.00635,0.0111649845167218));
#4518=CARTESIAN_POINT('',(0.00989475591284814,-0.00635,0.0112926899879261));
#4519=CARTESIAN_POINT('',(0.0101166400613078,-0.00635,0.0113776445437298));
#4520=CARTESIAN_POINT('',(0.0102393115399891,-0.00635,0.0114198383671119));
#4521=CARTESIAN_POINT('',(0.0102477383197509,-0.00635,0.0114227168407675));
#4522=CARTESIAN_POINT('',(0.00842828350556087,-0.00635,0.0103553147925637));
#4523=CARTESIAN_POINT('',(0.0081231464355635,-0.00635,0.0106067657283725));
#4524=CARTESIAN_POINT('',(0.00788273874758619,-0.00635,0.0102928543584493));
#4525=CARTESIAN_POINT('',(-5.22096134065668E-16,-0.00635,-7.01296814281213E-16));
#4526=CARTESIAN_POINT('',(0.00759965157176047,-0.00635,0.0105036049523382));
#4527=CARTESIAN_POINT('',(0.00783142566986305,-0.00635,0.0108239437917792));
#4528=CARTESIAN_POINT('',(0.00750302401240108,-0.00635,0.0110441449633972));
#4529=CARTESIAN_POINT('',(0.00728479827415858,-0.00635,0.0107243710823414));
#4530=CARTESIAN_POINT('',(0.00739933080529878,-0.00635,0.0108912115778594));
#4531=CARTESIAN_POINT('',(0.00755103041059415,-0.00635,0.0111121936609881));
#4532=CARTESIAN_POINT('',(0.0075764914273074,-0.00635,0.0111611478619548));
#4533=CARTESIAN_POINT('',(0.00761911486086773,-0.00635,0.0112427175577593));
#4534=CARTESIAN_POINT('',(0.00766560776762024,-0.00635,0.0113474903094416));
#4535=CARTESIAN_POINT('',(0.00772098493574956,-0.00635,0.0114890232444777));
#4536=CARTESIAN_POINT('',(0.00777920195721908,-0.00635,0.0116639599806684));
#4537=CARTESIAN_POINT('',(0.00783781614866749,-0.00635,0.0118742579732665));
#4538=CARTESIAN_POINT('',(0.00789315059973874,-0.00635,0.0121198954725969));
#4539=CARTESIAN_POINT('',(0.00794197231668142,-0.00635,0.0124010398928239));
#4540=CARTESIAN_POINT('',(0.00798043059157135,-0.00635,0.0127178523859716));
#4541=CARTESIAN_POINT('',(0.0079981790739891,-0.00635,0.012954780314383));
#4542=CARTESIAN_POINT('',(0.0080034177376264,-0.00635,0.0130843996293664));
#4543=CARTESIAN_POINT('',(0.00800375845752287,-0.00635,0.0130932979515505));
#4544=CARTESIAN_POINT('',(0.00564517865983959,-0.00635,0.0116710059080371));
#4545=CARTESIAN_POINT('',(0.00573240050176805,-0.00635,0.0118536142373232));
#4546=CARTESIAN_POINT('',(0.00584792679689103,-0.00635,0.0120954809908174));
#4547=CARTESIAN_POINT('',(0.00587759187019353,-0.00635,0.0121420079785806));
#4548=CARTESIAN_POINT('',(0.00592692158215907,-0.00635,0.0122197058027427));
#4549=CARTESIAN_POINT('',(0.00599441099336405,-0.00635,0.0123123562169273));
#4550=CARTESIAN_POINT('',(0.0060892935265128,-0.00635,0.0124310807188349));
#4551=CARTESIAN_POINT('',(0.00621168467337438,-0.00635,0.0125689665064556));
#4552=CARTESIAN_POINT('',(0.00636450098160493,-0.00635,0.0127248768815712));
#4553=CARTESIAN_POINT('',(0.00654956207061151,-0.00635,0.0128956166715686));
#4554=CARTESIAN_POINT('',(0.00676862942218901,-0.00635,0.0130784697288108));
#4555=CARTESIAN_POINT('',(0.00702376795204624,-0.00635,0.0132701818184251));
#4556=CARTESIAN_POINT('',(0.00722007931570769,-0.00635,0.0134040164192832));
#4557=CARTESIAN_POINT('',(0.00732971360348578,-0.00635,0.0134733628925666));
#4558=CARTESIAN_POINT('',(0.00733724941660002,-0.00635,0.0134781071257446));
#4559=CARTESIAN_POINT('',(0.00581299809517938,-0.00635,0.0120198818816426));
#4560=CARTESIAN_POINT('',(0.00545809745788414,-0.00635,0.0121941854738406));
#4561=CARTESIAN_POINT('',(0.00529656293416067,-0.00635,0.011833293797224));
#4562=CARTESIAN_POINT('',(-3.46292789727794E-16,-0.00635,-8.02796922459121E-16));
#4563=CARTESIAN_POINT('',(0.00497250397807734,-0.00635,0.0119730791860302));
#4564=CARTESIAN_POINT('',(0.00512415535497901,-0.00635,0.0123382340360453));
#4565=CARTESIAN_POINT('',(0.00475382392176454,-0.00635,0.0124767650223949));
#4566=CARTESIAN_POINT('',(0.00461522541855955,-0.00635,0.012115284369045));
#4567=CARTESIAN_POINT('',(0.00468819464435106,-0.00635,0.012304040676811));
#4568=CARTESIAN_POINT('',(0.0047848431916335,-0.00635,0.0125540504958559));
#4569=CARTESIAN_POINT('',(0.00479832828766364,-0.00635,0.0126075568445392));
#4570=CARTESIAN_POINT('',(0.00482099153463186,-0.00635,0.0126967574588811));
#4571=CARTESIAN_POINT('',(0.00484206895970645,-0.00635,0.0128094280496562));
#4572=CARTESIAN_POINT('',(0.00486331368804984,-0.00635,0.0129599167999585));
#4573=CARTESIAN_POINT('',(0.00487961827442972,-0.00635,0.0131435638628831));
#4574=CARTESIAN_POINT('',(0.0048881544580834,-0.00635,0.0133617106086726));
#4575=CARTESIAN_POINT('',(0.00488534945606956,-0.00635,0.013613487920034));
#4576=CARTESIAN_POINT('',(0.00486801881203851,-0.00635,0.0138983131187919));
#4577=CARTESIAN_POINT('',(0.00483237845018216,-0.00635,0.0142154549787358));
#4578=CARTESIAN_POINT('',(0.00479500917944551,-0.00635,0.0144500895659008));
#4579=CARTESIAN_POINT('',(0.00477021436303655,-0.00635,0.0145774230944497));
#4580=CARTESIAN_POINT('',(0.00476849380446549,-0.00635,0.0145861601366233));
#4581=CARTESIAN_POINT('',(0.00280149294854146,-0.00635,0.0126582802254578));
#4582=CARTESIAN_POINT('',(0.00284425133556933,-0.00635,0.012856081064619));
#4583=CARTESIAN_POINT('',(0.00290088529249512,-0.00635,0.0131180704656137));
#4584=CARTESIAN_POINT('',(0.00291902087811146,-0.00635,0.0131701845491105));
#4585=CARTESIAN_POINT('',(0.00294910254993278,-0.00635,0.013257164232845));
#4586=CARTESIAN_POINT('',(0.00299340611938243,-0.00635,0.0133628813724554));
#4587=CARTESIAN_POINT('',(0.00305835132718454,-0.00635,0.0135002870580491));
#4588=CARTESIAN_POINT('',(0.00314564475386743,-0.00635,0.0136626814573239));
#4589=CARTESIAN_POINT('',(0.00325838647181705,-0.00635,0.0138496311140866));
#4590=CARTESIAN_POINT('',(0.0033990839098782,-0.00635,0.0140584466151292));
#4591=CARTESIAN_POINT('',(0.00357007745562835,-0.00635,0.0142868912525839));
#4592=CARTESIAN_POINT('',(0.00377412684291496,-0.00635,0.0145322747122341));
#4593=CARTESIAN_POINT('',(0.00393428222534991,-0.00635,0.0147077743001726));
#4594=CARTESIAN_POINT('',(0.00402496890939286,-0.00635,0.0148005349370331));
#4595=CARTESIAN_POINT('',(0.00403120749822398,-0.00635,0.0148068891668948));
#4596=CARTESIAN_POINT('',(0.0028843324528483,-0.00635,0.0130364540272516));
#4597=CARTESIAN_POINT('',(0.00249880103347438,-0.00635,0.0131242135240666));
#4598=CARTESIAN_POINT('',(0.00242484804199034,-0.00635,0.0127357973044564));
#4599=CARTESIAN_POINT('',(-1.51820711461145E-16,-0.00635,-8.6101804075102E-16));
#4600=CARTESIAN_POINT('',(0.00207728740785138,-0.00635,0.0127970816216873));
#4601=CARTESIAN_POINT('',(0.00214064049856987,-0.00635,0.0131873668897953));
#4602=CARTESIAN_POINT('',(0.00174834395302422,-0.00635,0.0132367594495451));
#4603=CARTESIAN_POINT('',(0.0016968445660394,-0.00635,0.0128530595394889));
#4604=CARTESIAN_POINT('',(0.00172431669663243,-0.00635,0.0130535557580935));
#4605=CARTESIAN_POINT('',(0.0017607038377014,-0.00635,0.0133191152189973));
#4606=CARTESIAN_POINT('',(0.00176148602803095,-0.00635,0.0133742891742901));
#4607=CARTESIAN_POINT('',(0.00176296730689685,-0.00635,0.0134663118789615));
#4608=CARTESIAN_POINT('',(0.00175749296085206,-0.00635,0.0135808062081169));
#4609=CARTESIAN_POINT('',(0.00174345994060554,-0.00635,0.0137321378862041));
#4610=CARTESIAN_POINT('',(0.00171697310742375,-0.00635,0.0139145948151651));
#4611=CARTESIAN_POINT('',(0.00167497109541241,-0.00635,0.0141288299666153));
#4612=CARTESIAN_POINT('',(0.0016141778586981,-0.00635,0.014373173709982));
#4613=CARTESIAN_POINT('',(0.00153162915319889,-0.00635,0.0146463246870815));
#4614=CARTESIAN_POINT('',(0.0014238115357291,-0.00635,0.0149466987140631));
#4615=CARTESIAN_POINT('',(0.00133333909889616,-0.00635,0.0151663907486547));
#4616=CARTESIAN_POINT('',(0.00127984749741144,-0.00635,0.0152845739072859));
#4617=CARTESIAN_POINT('',(0.00127615841613076,-0.00635,0.015292678653244));
#4618=CARTESIAN_POINT('',(-0.00019322197275196,-0.00635,0.0129631433794505));
#4619=CARTESIAN_POINT('',(-0.000197232156336948,-0.00635,0.0131654732340485));
#4620=CARTESIAN_POINT('',(-0.000202543688885373,-0.00635,0.0134334613661228));
#4621=CARTESIAN_POINT('',(-0.000196915285069995,-0.00635,0.0134883530616227));
#4622=CARTESIAN_POINT('',(-0.000187703364107118,-0.00635,0.0135799255076657));
#4623=CARTESIAN_POINT('',(-0.000168974053309412,-0.00635,0.0136930101343415));
#4624=CARTESIAN_POINT('',(-0.000137467383816989,-0.00635,0.0138416894275448));
#4625=CARTESIAN_POINT('',(-8.99776885403108E-5,-0.00635,0.0140198377143746));
#4626=CARTESIAN_POINT('',(-2.33884960683972E-5,-0.00635,0.0142277481483981));
#4627=CARTESIAN_POINT('',(6.53602557432586E-5,-0.00635,0.0144633820627749));
#4628=CARTESIAN_POINT('',(0.000179061689354646,-0.00635,0.0147251027709062));
#4629=CARTESIAN_POINT('',(0.000321021578785805,-0.00635,0.0150109289147675));
#4630=CARTESIAN_POINT('',(0.000436386961872502,-0.00635,0.0152186322615743));
#4631=CARTESIAN_POINT('',(0.000503237099570198,-0.00635,0.0153298063120684));
#4632=CARTESIAN_POINT('',(0.000507842140179512,-0.00635,0.0153374279804374));
#4633=CARTESIAN_POINT('',(-0.000199828298597462,-0.00635,0.0133502275618912));
#4634=CARTESIAN_POINT('',(-0.000595206401440526,-0.00635,0.0133467118261342));
#4635=CARTESIAN_POINT('',(-0.000577591035772225,-0.00635,0.0129517106824674));
#4636=CARTESIAN_POINT('',(5.08360606576995E-17,-0.00635,-8.72821453599819E-16));
#4637=CARTESIAN_POINT('',(-0.000929916264217647,-0.00635,0.0129311900747181));
#4638=CARTESIAN_POINT('',(-0.000958276841201315,-0.00635,0.0133255653810937));
#4639=CARTESIAN_POINT('',(-0.00135138969076561,-0.00635,0.0132831567485629));
#4640=CARTESIAN_POINT('',(-0.00131301361624778,-0.00635,0.0128979229432685));
#4641=CARTESIAN_POINT('',(-0.00133251961052441,-0.00635,0.0130993502696702));
#4642=CARTESIAN_POINT('',(-0.0013583555158624,-0.00635,0.013366142993158));
#4643=CARTESIAN_POINT('',(-0.00137031839931655,-0.00635,0.0134200101128492));
#4644=CARTESIAN_POINT('',(-0.00139009894468007,-0.00635,0.0135098939400221));
#4645=CARTESIAN_POINT('',(-0.00142182993843198,-0.00635,0.0136200395886374));
#4646=CARTESIAN_POINT('',(-0.00147038418351461,-0.00635,0.0137640558645731));
#4647=CARTESIAN_POINT('',(-0.00153823452422537,-0.00635,0.0139354863593029));
#4648=CARTESIAN_POINT('',(-0.00162851039256237,-0.00635,0.0141342604439465));
#4649=CARTESIAN_POINT('',(-0.00174401448485015,-0.00635,0.0143579979848676));
#4650=CARTESIAN_POINT('',(-0.00188733102973711,-0.00635,0.0146047491004308));
#4651=CARTESIAN_POINT('',(-0.00206151342715499,-0.00635,0.0148721620529064));
#4652=CARTESIAN_POINT('',(-0.00220021163759665,-0.00635,0.0150650678804746));
#4653=CARTESIAN_POINT('',(-0.0022795162780753,-0.00635,0.0151677293845158));
#4654=CARTESIAN_POINT('',(-0.00228497500273887,-0.00635,0.0151747649053059));
#4655=CARTESIAN_POINT('',(-0.00317752024748067,-0.00635,0.0125691601184723));
#4656=CARTESIAN_POINT('',(-0.00322808281164346,-0.00635,0.0127651113336749));
#4657=CARTESIAN_POINT('',(-0.00329505348757157,-0.00635,0.0130246508872624));
#4658=CARTESIAN_POINT('',(-0.0033022356942637,-0.00635,0.0130793609692527));
#4659=CARTESIAN_POINT('',(-0.0033143901412028,-0.00635,0.0131705894833353));
#4660=CARTESIAN_POINT('',(-0.00332224479105003,-0.00635,0.0132849451755817));
#4661=CARTESIAN_POINT('',(-0.00332587519257482,-0.00635,0.0134368827372138));
#4662=CARTESIAN_POINT('',(-0.00332074941046898,-0.00635,0.0136211808913437));
#4663=CARTESIAN_POINT('',(-0.0033039025840769,-0.00635,0.0138388435973142));
#4664=CARTESIAN_POINT('',(-0.00327188698669666,-0.00635,0.0140885928397095));
#4665=CARTESIAN_POINT('',(-0.00322160733894054,-0.00635,0.0143694801873981));
#4666=CARTESIAN_POINT('',(-0.00314939004174902,-0.00635,0.0146803400540717));
#4667=CARTESIAN_POINT('',(-0.00308503403567399,-0.00635,0.0149090498185584));
#4668=CARTESIAN_POINT('',(-0.00304562435254836,-0.00635,0.0150326438608477));
#4669=CARTESIAN_POINT('',(-0.00304290111909207,-0.00635,0.0150411220816092));
#4670=CARTESIAN_POINT('',(-0.0032732162547422,-0.00635,0.0129442868730915));
#4671=CARTESIAN_POINT('',(-0.00365712610519034,-0.00635,0.0128496854389873));
#4672=CARTESIAN_POINT('',(-0.00354889203129243,-0.00635,0.0124693939851612));
#4673=CARTESIAN_POINT('',(2.50752247588064E-16,-0.00635,-8.37570835963639E-16));
#4674=CARTESIAN_POINT('',(-0.00388698790978285,-0.00635,0.0123681747237071));
#4675=CARTESIAN_POINT('',(-0.00400553322842262,-0.00635,0.0127453791935033));
#4676=CARTESIAN_POINT('',(-0.00437826956653207,-0.00635,0.0126134556290486));
#4677=CARTESIAN_POINT('',(-0.00425208689462213,-0.00635,0.0122474559826736));
#4678=CARTESIAN_POINT('',(-0.00431751944056802,-0.00635,0.0124389554175686));
#4679=CARTESIAN_POINT('',(-0.00440418557196882,-0.00635,0.0126925985388605));
#4680=CARTESIAN_POINT('',(-0.00442824860706319,-0.00635,0.0127422548325845));
#4681=CARTESIAN_POINT('',(-0.00446822460233557,-0.00635,0.0128251541218704));
#4682=CARTESIAN_POINT('',(-0.00452450161770818,-0.00635,0.0129250131095186));
#4683=CARTESIAN_POINT('',(-0.00460495951570671,-0.00635,0.0130539500285899));
#4684=CARTESIAN_POINT('',(-0.00471051553451632,-0.00635,0.0132051122267445));
#4685=CARTESIAN_POINT('',(-0.0048441984637499,-0.00635,0.0133777092822276));
#4686=CARTESIAN_POINT('',(-0.0050081865560988,-0.00635,0.0135687788719597));
#4687=CARTESIAN_POINT('',(-0.00520454470834255,-0.00635,0.0137758277094774));
#4688=CARTESIAN_POINT('',(-0.00543570166757829,-0.00635,0.0139958632859619));
#4689=CARTESIAN_POINT('',(-0.00561514839520306,-0.00635,0.0141515833034106));
#4690=CARTESIAN_POINT('',(-0.00571599074098019,-0.00635,0.0142331886446061));
#4691=CARTESIAN_POINT('',(-0.00572292482776712,-0.00635,0.0142387756534813));
#4692=CARTESIAN_POINT('',(-0.00599051758319725,-0.00635,0.0114975701821015));
#4693=CARTESIAN_POINT('',(-0.00608490668701618,-0.00635,0.0116765789771768));
#4694=CARTESIAN_POINT('',(-0.00620992609984998,-0.00635,0.0119136781077644));
#4695=CARTESIAN_POINT('',(-0.0062295317224278,-0.00635,0.0119652571415639));
#4696=CARTESIAN_POINT('',(-0.00626239728788832,-0.00635,0.0120512235708784));
#4697=CARTESIAN_POINT('',(-0.00629641245217412,-0.00635,0.0121606853837264));
#4698=CARTESIAN_POINT('',(-0.00633498420883025,-0.00635,0.0123076902205122));
#4699=CARTESIAN_POINT('',(-0.00637249867213532,-0.00635,0.0124882026807491));
#4700=CARTESIAN_POINT('',(-0.00640630242859452,-0.00635,0.0127038834058479));
#4701=CARTESIAN_POINT('',(-0.00643274595478738,-0.00635,0.0129542839299591));
#4702=CARTESIAN_POINT('',(-0.00644859868171147,-0.00635,0.0132391952075861));
#4703=CARTESIAN_POINT('',(-0.00645001722994394,-0.00635,0.0135583302611965));
#4704=CARTESIAN_POINT('',(-0.00644014004982601,-0.00635,0.0137957166407603));
#4705=CARTESIAN_POINT('',(-0.00643029540749055,-0.00635,0.0139250676880337));
#4706=CARTESIAN_POINT('',(-0.0064296007914078,-0.00635,0.0139339453981122));
#4707=CARTESIAN_POINT('',(-0.00617014427535335,-0.00635,0.0118405163284598));
#4708=CARTESIAN_POINT('',(-0.00652188919399752,-0.00635,0.0116599291838074));
#4709=CARTESIAN_POINT('',(-0.0063288713388092,-0.00635,0.0113148490305326));
#4710=CARTESIAN_POINT('',(4.37150315946155E-16,-0.00635,-7.57166557763528E-16));
#4711=CARTESIAN_POINT('',(-0.00663451103102234,-0.00635,0.0111383878719583));
#4712=CARTESIAN_POINT('',(-0.00683685028250602,-0.00635,0.0114780863145728));
#4713=CARTESIAN_POINT('',(-0.00716911579669395,-0.00635,0.011263759851701));
#4714=CARTESIAN_POINT('',(-0.00696192906789574,-0.00635,0.0109367254999169));
#4715=CARTESIAN_POINT('',(-0.00706976068002236,-0.00635,0.0111079732592022));
#4716=CARTESIAN_POINT('',(-0.00721258484390946,-0.00635,0.0113347928119763));
#4717=CARTESIAN_POINT('',(-0.00724745078619364,-0.00635,0.0113775612960855));
#4718=CARTESIAN_POINT('',(-0.00730546711512233,-0.00635,0.0114490069253412));
#4719=CARTESIAN_POINT('',(-0.00738325624365014,-0.00635,0.0115331958281507));
#4720=CARTESIAN_POINT('',(-0.00749128028845772,-0.00635,0.0116401023676763));
#4721=CARTESIAN_POINT('',(-0.00762885143307,-0.00635,0.0117628470760264));
#4722=CARTESIAN_POINT('',(-0.00779873454188264,-0.00635,0.0118999623504128));
#4723=CARTESIAN_POINT('',(-0.00800236599378739,-0.00635,0.012048063377917));
#4724=CARTESIAN_POINT('',(-0.00824118003457506,-0.00635,0.0122042478809661));
#4725=CARTESIAN_POINT('',(-0.00851684982412351,-0.00635,0.012365043906577));
#4726=CARTESIAN_POINT('',(-0.00872737104939709,-0.00635,0.012475183207459));
#4727=CARTESIAN_POINT('',(-0.00884431466350979,-0.00635,0.0125313330207421));
#4728=CARTESIAN_POINT('',(-0.00885235029400656,-0.00635,0.0125351703206078));
#4729=CARTESIAN_POINT('',(-0.00848056456541598,-0.00635,0.00980614326117845));
#4730=CARTESIAN_POINT('',(-0.00861369166787247,-0.00635,0.00995855922564938));
#4731=CARTESIAN_POINT('',(-0.00879001998870602,-0.00635,0.0101604358577361));
#4732=CARTESIAN_POINT('',(-0.00882099208298163,-0.00635,0.010206103204282));
#4733=CARTESIAN_POINT('',(-0.00887279697582268,-0.00635,0.0102821730763724));
#4734=CARTESIAN_POINT('',(-0.0089311388882359,-0.00635,0.0103808398951584));
#4735=CARTESIAN_POINT('',(-0.00900257258663809,-0.00635,0.0105149869382958));
#4736=CARTESIAN_POINT('',(-0.00908070488092705,-0.00635,0.0106819822311846));
#4737=CARTESIAN_POINT('',(-0.00916333685097703,-0.00635,0.0108840535716948));
#4738=CARTESIAN_POINT('',(-0.00924681392340129,-0.00635,0.0111216062204531));
#4739=CARTESIAN_POINT('',(-0.00932794440039379,-0.00635,0.0113951817872952));
#4740=CARTESIAN_POINT('',(-0.00940292231974785,-0.00635,0.0117053873744972));
#4741=CARTESIAN_POINT('',(-0.00944805644692379,-0.00635,0.0119386528079706));
#4742=CARTESIAN_POINT('',(-0.009468307572595,-0.00635,0.0120667875117885));
#4743=CARTESIAN_POINT('',(-0.00946967902081861,-0.00635,0.0120755861115356));
#4744=CARTESIAN_POINT('',(-0.00873443822099788,-0.00635,0.0100984204837573));
#4745=CARTESIAN_POINT('',(-0.00903505554822822,-0.00635,0.00984158312826836));
#4746=CARTESIAN_POINT('',(-0.00876765955428349,-0.00635,0.00955031763592846));
#4747=CARTESIAN_POINT('',(5.99981497619448E-16,-0.00635,-6.35943234449128E-16));
#4748=CARTESIAN_POINT('',(-0.00902436594530024,-0.00635,0.00930812764696799));
#4749=CARTESIAN_POINT('',(-0.0092995909682068,-0.00635,0.0095920068314317));
#4750=CARTESIAN_POINT('',(-0.00957347313859961,-0.00635,0.00930683186523268));
#4751=CARTESIAN_POINT('',(-0.00929645184309091,-0.00635,0.00903639331459383));
#4752=CARTESIAN_POINT('',(-0.00944086929127735,-0.00635,0.00917815738724056));
#4753=CARTESIAN_POINT('',(-0.00963215180000695,-0.00635,0.00936592547069667));
#4754=CARTESIAN_POINT('',(-0.00967594101750767,-0.00635,0.00939950048514247));
#4755=CARTESIAN_POINT('',(-0.00974887000478317,-0.00635,0.00945564080200198));
#4756=CARTESIAN_POINT('',(-0.00984397761441228,-0.00635,0.0095196209744307));
#4757=CARTESIAN_POINT('',(-0.00997374420181235,-0.00635,0.00959873377519318));
#4758=CARTESIAN_POINT('',(-0.0101359139762123,-0.00635,0.00968644379474017));
#4759=CARTESIAN_POINT('',(-0.0103328388222353,-0.00635,0.00978068536809676));
#4760=CARTESIAN_POINT('',(-0.0105651358094157,-0.00635,0.00987783366864579));
#4761=CARTESIAN_POINT('',(-0.0108335312119937,-0.00635,0.00997473389023996));
#4762=CARTESIAN_POINT('',(-0.0111388524021458,-0.00635,0.0100676218096162));
#4763=CARTESIAN_POINT('',(-0.0113690988713223,-0.00635,0.0101262427557125));
#4764=CARTESIAN_POINT('',(-0.0114958392932641,-0.00635,0.0101539099901152));
#4765=CARTESIAN_POINT('',(-0.0115045432645506,-0.00635,0.0101557907111424));
#4766=CARTESIAN_POINT('',(-0.0105134221168008,-0.00635,0.0075860646188197));
#4767=CARTESIAN_POINT('',(-0.0106781103013428,-0.00635,0.0077036709685902));
#4768=CARTESIAN_POINT('',(-0.010896241624759,-0.00635,0.00785944188068657));
#4769=CARTESIAN_POINT('',(-0.0109369104771132,-0.00635,0.00789673560150596));
#4770=CARTESIAN_POINT('',(-0.0110048618821525,-0.00635,0.00795880796987791));
#4771=CARTESIAN_POINT('',(-0.0110843853150937,-0.00635,0.00804136064086205));
#4772=CARTESIAN_POINT('',(-0.0111848299460712,-0.00635,0.00815541798853305));
#4773=CARTESIAN_POINT('',(-0.0112993679391351,-0.00635,0.00829989335460888));
#4774=CARTESIAN_POINT('',(-0.011426373411882,-0.00635,0.00847746159225923));
#4775=CARTESIAN_POINT('',(-0.0115623837599561,-0.00635,0.00868935984088207));
#4776=CARTESIAN_POINT('',(-0.0117044182220025,-0.00635,0.00893685116731838));
#4777=CARTESIAN_POINT('',(-0.0118489134334384,-0.00635,0.00922140402461216));
#4778=CARTESIAN_POINT('',(-0.0119466256754296,-0.00635,0.00943797311209814));
#4779=CARTESIAN_POINT('',(-0.0119958808256808,-0.00635,0.00955798369741128));
#4780=CARTESIAN_POINT('',(-0.011999244403082,-0.00635,0.00956622885203722));
#4781=CARTESIAN_POINT('',(-0.0108278563413233,-0.00635,0.00781191617689684));
#4782=CARTESIAN_POINT('',(-0.011061139719217,-0.00635,0.00749267477888549));
#4783=CARTESIAN_POINT('',(-0.0107337809737623,-0.00635,0.00727092614556386));
#4784=CARTESIAN_POINT('',(7.30467521456654E-16,-0.00635,-4.80436046757803E-16));
#4785=CARTESIAN_POINT('',(-0.0109277149555969,-0.00635,0.00697606385121061));
#4786=CARTESIAN_POINT('',(-0.0112609882977021,-0.00635,0.0071888197772097));
#4787=CARTESIAN_POINT('',(-0.0114617220656022,-0.00635,0.006848170163926));
#4788=CARTESIAN_POINT('',(-0.0111298004931282,-0.00635,0.00664890682669777));
#4789=CARTESIAN_POINT('',(-0.0113030181953616,-0.00635,0.00675354467485525));
#4790=CARTESIAN_POINT('',(-0.0115324469593765,-0.00635,0.00689213866301235));
#4791=CARTESIAN_POINT('',(-0.0115827987640439,-0.00635,0.00691471017007542));
#4792=CARTESIAN_POINT('',(-0.0116667087890852,-0.00635,0.00695251863552539));
#4793=CARTESIAN_POINT('',(-0.0117740076039628,-0.00635,0.00699284088991713));
#4794=CARTESIAN_POINT('',(-0.0119185209836398,-0.00635,0.00703989496034971));
#4795=CARTESIAN_POINT('',(-0.0120965467733134,-0.00635,0.00708784182123702));
#4796=CARTESIAN_POINT('',(-0.0123098970871256,-0.00635,0.00713412910595061));
#4797=CARTESIAN_POINT('',(-0.0125583364188749,-0.00635,0.00717508738951594));
#4798=CARTESIAN_POINT('',(-0.0128418439176187,-0.00635,0.0072074794136274));
#4799=CARTESIAN_POINT('',(-0.013160356563984,-0.00635,0.00722745161499228));
#4800=CARTESIAN_POINT('',(-0.013397915630313,-0.00635,0.00723139393592525));
#4801=CARTESIAN_POINT('',(-0.0135276202511314,-0.00635,0.0072290870436796));
#4802=CARTESIAN_POINT('',(-0.0135365233298628,-0.00635,0.00722890979571095));
#4803=CARTESIAN_POINT('',(-0.011979498360571,-0.00635,0.00495701926928076));
#4804=CARTESIAN_POINT('',(-0.0121668692445418,-0.00635,0.00503347581559342));
#4805=CARTESIAN_POINT('',(-0.0124150440544343,-0.00635,0.00513474335750849));
#4806=CARTESIAN_POINT('',(-0.0124632171965099,-0.00635,0.00516165293845888));
#4807=CARTESIAN_POINT('',(-0.0125436518359132,-0.00635,0.00520638146566663));
#4808=CARTESIAN_POINT('',(-0.0126400696605287,-0.00635,0.00526836955298824));
#4809=CARTESIAN_POINT('',(-0.0127641102280263,-0.00635,0.00535618834405718));
#4810=CARTESIAN_POINT('',(-0.0129088791470121,-0.00635,0.00547035507893888));
#4811=CARTESIAN_POINT('',(-0.0130734112245459,-0.00635,0.00561384746407588));
#4812=CARTESIAN_POINT('',(-0.0132546224952001,-0.00635,0.0057886678231321));
#4813=CARTESIAN_POINT('',(-0.0134499038276872,-0.00635,0.00599673258769369));
#4814=CARTESIAN_POINT('',(-0.0136561265569554,-0.00635,0.00624029239688881));
#4815=CARTESIAN_POINT('',(-0.0138011492215043,-0.00635,0.0064284898428242));
#4816=CARTESIAN_POINT('',(-0.0138767530384361,-0.00635,0.00653390650791471));
#4817=CARTESIAN_POINT('',(-0.0138819274136866,-0.00635,0.00654115371899943));
#4818=CARTESIAN_POINT('',(-0.0123375419236019,-0.00635,0.00510426944690069));
#4819=CARTESIAN_POINT('',(-0.0124909149848734,-0.00635,0.00473983439276634));
#4820=CARTESIAN_POINT('',(-0.0121212414826098,-0.00635,0.00459955714468282));
#4821=CARTESIAN_POINT('',(8.21573852137661E-16,-0.00635,-2.99028427429531E-16));
#4822=CARTESIAN_POINT('',(-0.0122419480241038,-0.00635,0.00426791864754764));
#4823=CARTESIAN_POINT('',(-0.0126153028332702,-0.00635,0.00439808158804169));
#4824=CARTESIAN_POINT('',(-0.012732066589292,-0.00635,0.00402032183649929));
#4825=CARTESIAN_POINT('',(-0.0123631387177394,-0.00635,0.00390297605076905));
#4826=CARTESIAN_POINT('',(-0.0125558184628568,-0.00635,0.00396484662095862));
#4827=CARTESIAN_POINT('',(-0.0128110249181034,-0.00635,0.00404679487604145));
#4828=CARTESIAN_POINT('',(-0.0128652248311148,-0.00635,0.00405714603993359));
#4829=CARTESIAN_POINT('',(-0.0129555922827526,-0.00635,0.00407458438981526));
#4830=CARTESIAN_POINT('',(-0.0130692977959954,-0.00635,0.00408907494299872));
#4831=CARTESIAN_POINT('',(-0.0132207672142451,-0.00635,0.0041015335859849));
#4832=CARTESIAN_POINT('',(-0.0134050516027908,-0.00635,0.00410713246053151));
#4833=CARTESIAN_POINT('',(-0.0136233256137509,-0.00635,0.00410297009710217));
#4834=CARTESIAN_POINT('',(-0.0138745138613883,-0.00635,0.00408553029201514));
#4835=CARTESIAN_POINT('',(-0.0141578494936575,-0.00635,0.00405166785623967));
#4836=CARTESIAN_POINT('',(-0.0144723824970264,-0.00635,0.00399764763304795));
#4837=CARTESIAN_POINT('',(-0.0147044472897523,-0.00635,0.00394669879727572));
#4838=CARTESIAN_POINT('',(-0.0148301236997662,-0.00635,0.00391454214353978));
#4839=CARTESIAN_POINT('',(-0.0148387459186635,-0.00635,0.00391231648205913));
#4840=CARTESIAN_POINT('',(-0.0127997567469453,-0.00635,0.00206073972785826));
#4841=CARTESIAN_POINT('',(-0.012999709117491,-0.00635,0.00209192467851134));
#4842=CARTESIAN_POINT('',(-0.0132645482456206,-0.00635,0.00213322949084833));
#4843=CARTESIAN_POINT('',(-0.0133176286508592,-0.00635,0.0021483042294554));
#4844=CARTESIAN_POINT('',(-0.0134062102723965,-0.00635,0.00217327758901964));
#4845=CARTESIAN_POINT('',(-0.0135143245788044,-0.00635,0.00221135929884621));
#4846=CARTESIAN_POINT('',(-0.0136552740237217,-0.00635,0.0022682051995555));
#4847=CARTESIAN_POINT('',(-0.0138224693387348,-0.00635,0.00234590854501464));
#4848=CARTESIAN_POINT('',(-0.0140156580541682,-0.00635,0.00244758936601392));
#4849=CARTESIAN_POINT('',(-0.0142323011008968,-0.00635,0.00257590722469625));
#4850=CARTESIAN_POINT('',(-0.0144703016366435,-0.00635,0.00273332860207004));
#4851=CARTESIAN_POINT('',(-0.0147271343630303,-0.00635,0.0029227649908097));
#4852=CARTESIAN_POINT('',(-0.0149116492407533,-0.00635,0.00307244502217102));
#4853=CARTESIAN_POINT('',(-0.0150095259030257,-0.00635,0.00315758472733779));
#4854=CARTESIAN_POINT('',(-0.0150162321242165,-0.00635,0.00316344329585583));
#4855=CARTESIAN_POINT('',(-0.0131821074273254,-0.00635,0.0021214502298312));
#4856=CARTESIAN_POINT('',(-0.0132473017905425,-0.00635,0.00173146830767274));
#4857=CARTESIAN_POINT('',(-0.0128552427256635,-0.00635,0.00168022482758094));
#4858=CARTESIAN_POINT('',(8.68388923793462E-16,-0.00635,-1.01500108177908E-16));
#4859=CARTESIAN_POINT('',(-0.0128962145059211,-0.00635,0.00132968884488581));
#4860=CARTESIAN_POINT('',(-0.0132895231277472,-0.00635,0.00137024168206135));
#4861=CARTESIAN_POINT('',(-0.0133160221075805,-0.00635,0.000975736918245387));
#4862=CARTESIAN_POINT('',(-0.0129299769339982,-0.00635,0.000946634825695659));
#4863=CARTESIAN_POINT('',(-0.0131317313070668,-0.00635,0.000962402659463805));
#4864=CARTESIAN_POINT('',(-0.0133989572074852,-0.00635,0.000983287329829318));
#4865=CARTESIAN_POINT('',(-0.0134540832975009,-0.00635,0.000980860116625827));
#4866=CARTESIAN_POINT('',(-0.0135460364430268,-0.00635,0.000976988244983319));
#4867=CARTESIAN_POINT('',(-0.0136600187609843,-0.00635,0.000964865907485642));
#4868=CARTESIAN_POINT('',(-0.0138102784622623,-0.00635,0.000942057474357238));
#4869=CARTESIAN_POINT('',(-0.0139908866305935,-0.00635,0.000905006525787126));
#4870=CARTESIAN_POINT('',(-0.0142023171302724,-0.00635,0.000850618908304719));
#4871=CARTESIAN_POINT('',(-0.0144427126703503,-0.00635,0.000775721198971694));
#4872=CARTESIAN_POINT('',(-0.0147106017388704,-0.00635,0.000677429835986927));
#4873=CARTESIAN_POINT('',(-0.0150041985436176,-0.00635,0.000552329432453475));
#4874=CARTESIAN_POINT('',(-0.0152182583896968,-0.00635,0.000449236104900147));
#4875=CARTESIAN_POINT('',(-0.0153331313411122,-0.00635,0.000388963263200243));
#4876=CARTESIAN_POINT('',(-0.0153410078741229,-0.00635,0.00038480917419412));
#4877=CARTESIAN_POINT('',(-0.0129299769339982,-0.00635,-0.000946634825695667));
#4878=CARTESIAN_POINT('',(-0.0131317313070668,-0.00635,-0.000962402659463814));
#4879=CARTESIAN_POINT('',(-0.0133989572074852,-0.00635,-0.000983287329829327));
#4880=CARTESIAN_POINT('',(-0.0134540832975009,-0.00635,-0.000980860116625836));
#4881=CARTESIAN_POINT('',(-0.0135460364430268,-0.00635,-0.000976988244983328));
#4882=CARTESIAN_POINT('',(-0.0136600187609843,-0.00635,-0.000964865907485651));
#4883=CARTESIAN_POINT('',(-0.0138102784622623,-0.00635,-0.000942057474357246));
#4884=CARTESIAN_POINT('',(-0.0139908866305935,-0.00635,-0.000905006525787135));
#4885=CARTESIAN_POINT('',(-0.0142023171302724,-0.00635,-0.000850618908304728));
#4886=CARTESIAN_POINT('',(-0.0144427126703502,-0.00635,-0.000775721198971703));
#4887=CARTESIAN_POINT('',(-0.0147106017388704,-0.00635,-0.000677429835986937));
#4888=CARTESIAN_POINT('',(-0.0150041985436176,-0.00635,-0.000552329432453485));
#4889=CARTESIAN_POINT('',(-0.0152182583896968,-0.00635,-0.000449236104900157));
#4890=CARTESIAN_POINT('',(-0.0153331313411122,-0.00635,-0.000388963263200253));
#4891=CARTESIAN_POINT('',(-0.0153410078741229,-0.00635,-0.000384809174194129));
#4892=CARTESIAN_POINT('',(-0.0133160221075805,-0.00635,-0.000975736918245395));
#4893=CARTESIAN_POINT('',(-0.0132895231277472,-0.00635,-0.00137024168206136));
#4894=CARTESIAN_POINT('',(-0.0128962145059211,-0.00635,-0.00132968884488581));
#4895=CARTESIAN_POINT('',(8.68388923793462E-16,-0.00635,1.01500108177909E-16));
#4896=CARTESIAN_POINT('',(-0.0128552427256635,-0.00635,-0.00168022482758095));
#4897=CARTESIAN_POINT('',(-0.0132473017905425,-0.00635,-0.00173146830767275));
#4898=CARTESIAN_POINT('',(-0.0131821074273254,-0.00635,-0.00212145022983121));
#4899=CARTESIAN_POINT('',(-0.0127997567469453,-0.00635,-0.00206073972785827));
#4900=CARTESIAN_POINT('',(-0.0129997091174909,-0.00635,-0.00209192467851134));
#4901=CARTESIAN_POINT('',(-0.0132645482456206,-0.00635,-0.00213322949084834));
#4902=CARTESIAN_POINT('',(-0.0133176286508592,-0.00635,-0.00214830422945541));
#4903=CARTESIAN_POINT('',(-0.0134062102723965,-0.00635,-0.00217327758901965));
#4904=CARTESIAN_POINT('',(-0.0135143245788044,-0.00635,-0.00221135929884621));
#4905=CARTESIAN_POINT('',(-0.0136552740237217,-0.00635,-0.0022682051995555));
#4906=CARTESIAN_POINT('',(-0.0138224693387348,-0.00635,-0.00234590854501464));
#4907=CARTESIAN_POINT('',(-0.0140156580541682,-0.00635,-0.00244758936601393));
#4908=CARTESIAN_POINT('',(-0.0142323011008968,-0.00635,-0.00257590722469626));
#4909=CARTESIAN_POINT('',(-0.0144703016366435,-0.00635,-0.00273332860207005));
#4910=CARTESIAN_POINT('',(-0.0147271343630303,-0.00635,-0.00292276499080971));
#4911=CARTESIAN_POINT('',(-0.0149116492407533,-0.00635,-0.00307244502217103));
#4912=CARTESIAN_POINT('',(-0.0150095259030257,-0.00635,-0.0031575847273378));
#4913=CARTESIAN_POINT('',(-0.0150162321242165,-0.00635,-0.00316344329585584));
#4914=CARTESIAN_POINT('',(-0.0123631387177394,-0.00635,-0.00390297605076905));
#4915=CARTESIAN_POINT('',(-0.0125558184628568,-0.00635,-0.00396484662095862));
#4916=CARTESIAN_POINT('',(-0.0128110249181034,-0.00635,-0.00404679487604144));
#4917=CARTESIAN_POINT('',(-0.0128652248311148,-0.00635,-0.00405714603993359));
#4918=CARTESIAN_POINT('',(-0.0129555922827526,-0.00635,-0.00407458438981526));
#4919=CARTESIAN_POINT('',(-0.0130692977959954,-0.00635,-0.00408907494299872));
#4920=CARTESIAN_POINT('',(-0.0132207672142451,-0.00635,-0.0041015335859849));
#4921=CARTESIAN_POINT('',(-0.0134050516027908,-0.00635,-0.00410713246053151));
#4922=CARTESIAN_POINT('',(-0.0136233256137509,-0.00635,-0.00410297009710217));
#4923=CARTESIAN_POINT('',(-0.0138745138613883,-0.00635,-0.00408553029201514));
#4924=CARTESIAN_POINT('',(-0.0141578494936575,-0.00635,-0.00405166785623967));
#4925=CARTESIAN_POINT('',(-0.0144723824970264,-0.00635,-0.00399764763304795));
#4926=CARTESIAN_POINT('',(-0.0147044472897523,-0.00635,-0.00394669879727572));
#4927=CARTESIAN_POINT('',(-0.0148301236997662,-0.00635,-0.00391454214353977));
#4928=CARTESIAN_POINT('',(-0.0148387459186635,-0.00635,-0.00391231648205913));
#4929=CARTESIAN_POINT('',(-0.012732066589292,-0.00635,-0.00402032183649929));
#4930=CARTESIAN_POINT('',(-0.0126153028332702,-0.00635,-0.00439808158804169));
#4931=CARTESIAN_POINT('',(-0.0122419480241038,-0.00635,-0.00426791864754764));
#4932=CARTESIAN_POINT('',(8.21573852137661E-16,-0.00635,2.99028427429531E-16));
#4933=CARTESIAN_POINT('',(-0.0121212414826098,-0.00635,-0.00459955714468282));
#4934=CARTESIAN_POINT('',(-0.0124909149848734,-0.00635,-0.00473983439276634));
#4935=CARTESIAN_POINT('',(-0.0123375419236019,-0.00635,-0.00510426944690068));
#4936=CARTESIAN_POINT('',(-0.011979498360571,-0.00635,-0.00495701926928076));
#4937=CARTESIAN_POINT('',(-0.0121668692445418,-0.00635,-0.00503347581559342));
#4938=CARTESIAN_POINT('',(-0.0124150440544343,-0.00635,-0.00513474335750848));
#4939=CARTESIAN_POINT('',(-0.0124632171965099,-0.00635,-0.00516165293845888));
#4940=CARTESIAN_POINT('',(-0.0125436518359132,-0.00635,-0.00520638146566663));
#4941=CARTESIAN_POINT('',(-0.0126400696605287,-0.00635,-0.00526836955298824));
#4942=CARTESIAN_POINT('',(-0.0127641102280263,-0.00635,-0.00535618834405718));
#4943=CARTESIAN_POINT('',(-0.0129088791470121,-0.00635,-0.00547035507893888));
#4944=CARTESIAN_POINT('',(-0.0130734112245459,-0.00635,-0.00561384746407588));
#4945=CARTESIAN_POINT('',(-0.0132546224952001,-0.00635,-0.0057886678231321));
#4946=CARTESIAN_POINT('',(-0.0134499038276872,-0.00635,-0.00599673258769369));
#4947=CARTESIAN_POINT('',(-0.0136561265569554,-0.00635,-0.00624029239688881));
#4948=CARTESIAN_POINT('',(-0.0138011492215043,-0.00635,-0.00642848984282419));
#4949=CARTESIAN_POINT('',(-0.0138767530384361,-0.00635,-0.00653390650791471));
#4950=CARTESIAN_POINT('',(-0.0138819274136866,-0.00635,-0.00654115371899942));
#4951=CARTESIAN_POINT('',(-0.0111298004931282,-0.00635,-0.00664890682669777));
#4952=CARTESIAN_POINT('',(-0.0113030181953616,-0.00635,-0.00675354467485525));
#4953=CARTESIAN_POINT('',(-0.0115324469593765,-0.00635,-0.00689213866301236));
#4954=CARTESIAN_POINT('',(-0.0115827987640439,-0.00635,-0.00691471017007542));
#4955=CARTESIAN_POINT('',(-0.0116667087890852,-0.00635,-0.0069525186355254));
#4956=CARTESIAN_POINT('',(-0.0117740076039628,-0.00635,-0.00699284088991713));
#4957=CARTESIAN_POINT('',(-0.0119185209836398,-0.00635,-0.00703989496034971));
#4958=CARTESIAN_POINT('',(-0.0120965467733134,-0.00635,-0.00708784182123702));
#4959=CARTESIAN_POINT('',(-0.0123098970871256,-0.00635,-0.00713412910595061));
#4960=CARTESIAN_POINT('',(-0.0125583364188749,-0.00635,-0.00717508738951594));
#4961=CARTESIAN_POINT('',(-0.0128418439176187,-0.00635,-0.0072074794136274));
#4962=CARTESIAN_POINT('',(-0.013160356563984,-0.00635,-0.00722745161499228));
#4963=CARTESIAN_POINT('',(-0.013397915630313,-0.00635,-0.00723139393592525));
#4964=CARTESIAN_POINT('',(-0.0135276202511314,-0.00635,-0.0072290870436796));
#4965=CARTESIAN_POINT('',(-0.0135365233298628,-0.00635,-0.00722890979571096));
#4966=CARTESIAN_POINT('',(-0.0114617220656022,-0.00635,-0.006848170163926));
#4967=CARTESIAN_POINT('',(-0.0112609882977021,-0.00635,-0.0071888197772097));
#4968=CARTESIAN_POINT('',(-0.0109277149555969,-0.00635,-0.00697606385121061));
#4969=CARTESIAN_POINT('',(7.30467521456654E-16,-0.00635,4.80436046757804E-16));
#4970=CARTESIAN_POINT('',(-0.0107337809737622,-0.00635,-0.00727092614556386));
#4971=CARTESIAN_POINT('',(-0.011061139719217,-0.00635,-0.0074926747788855));
#4972=CARTESIAN_POINT('',(-0.0108278563413233,-0.00635,-0.00781191617689684));
#4973=CARTESIAN_POINT('',(-0.0105134221168008,-0.00635,-0.00758606461881971));
#4974=CARTESIAN_POINT('',(-0.0106781103013428,-0.00635,-0.00770367096859021));
#4975=CARTESIAN_POINT('',(-0.010896241624759,-0.00635,-0.00785944188068657));
#4976=CARTESIAN_POINT('',(-0.0109369104771132,-0.00635,-0.00789673560150597));
#4977=CARTESIAN_POINT('',(-0.0110048618821525,-0.00635,-0.00795880796987791));
#4978=CARTESIAN_POINT('',(-0.0110843853150937,-0.00635,-0.00804136064086205));
#4979=CARTESIAN_POINT('',(-0.0111848299460712,-0.00635,-0.00815541798853305));
#4980=CARTESIAN_POINT('',(-0.0112993679391351,-0.00635,-0.00829989335460889));
#4981=CARTESIAN_POINT('',(-0.011426373411882,-0.00635,-0.00847746159225924));
#4982=CARTESIAN_POINT('',(-0.0115623837599561,-0.00635,-0.00868935984088208));
#4983=CARTESIAN_POINT('',(-0.0117044182220025,-0.00635,-0.00893685116731839));
#4984=CARTESIAN_POINT('',(-0.0118489134334384,-0.00635,-0.00922140402461216));
#4985=CARTESIAN_POINT('',(-0.0119466256754296,-0.00635,-0.00943797311209814));
#4986=CARTESIAN_POINT('',(-0.0119958808256808,-0.00635,-0.00955798369741128));
#4987=CARTESIAN_POINT('',(-0.011999244403082,-0.00635,-0.00956622885203722));
#4988=CARTESIAN_POINT('',(-0.00929645184309091,-0.00635,-0.00903639331459384));
#4989=CARTESIAN_POINT('',(-0.00944086929127735,-0.00635,-0.00917815738724057));
#4990=CARTESIAN_POINT('',(-0.00963215180000694,-0.00635,-0.00936592547069668));
#4991=CARTESIAN_POINT('',(-0.00967594101750766,-0.00635,-0.00939950048514247));
#4992=CARTESIAN_POINT('',(-0.00974887000478317,-0.00635,-0.00945564080200199));
#4993=CARTESIAN_POINT('',(-0.00984397761441227,-0.00635,-0.00951962097443071));
#4994=CARTESIAN_POINT('',(-0.00997374420181235,-0.00635,-0.00959873377519318));
#4995=CARTESIAN_POINT('',(-0.0101359139762123,-0.00635,-0.00968644379474018));
#4996=CARTESIAN_POINT('',(-0.0103328388222353,-0.00635,-0.00978068536809677));
#4997=CARTESIAN_POINT('',(-0.0105651358094157,-0.00635,-0.0098778336686458));
#4998=CARTESIAN_POINT('',(-0.0108335312119937,-0.00635,-0.00997473389023997));
#4999=CARTESIAN_POINT('',(-0.0111388524021458,-0.00635,-0.0100676218096163));
#5000=CARTESIAN_POINT('',(-0.0113690988713223,-0.00635,-0.0101262427557125));
#5001=CARTESIAN_POINT('',(-0.0114958392932641,-0.00635,-0.0101539099901152));
#5002=CARTESIAN_POINT('',(-0.0115045432645506,-0.00635,-0.0101557907111424));
#5003=CARTESIAN_POINT('',(-0.00957347313859961,-0.00635,-0.00930683186523268));
#5004=CARTESIAN_POINT('',(-0.00929959096820679,-0.00635,-0.00959200683143171));
#5005=CARTESIAN_POINT('',(-0.00902436594530024,-0.00635,-0.009308127646968));
#5006=CARTESIAN_POINT('',(5.99981497619448E-16,-0.00635,6.35943234449128E-16));
#5007=CARTESIAN_POINT('',(-0.00876765955428348,-0.00635,-0.00955031763592846));
#5008=CARTESIAN_POINT('',(-0.00903505554822821,-0.00635,-0.00984158312826836));
#5009=CARTESIAN_POINT('',(-0.00873443822099787,-0.00635,-0.0100984204837574));
#5010=CARTESIAN_POINT('',(-0.00848056456541597,-0.00635,-0.00980614326117845));
#5011=CARTESIAN_POINT('',(-0.00861369166787247,-0.00635,-0.00995855922564939));
#5012=CARTESIAN_POINT('',(-0.00879001998870602,-0.00635,-0.0101604358577361));
#5013=CARTESIAN_POINT('',(-0.00882099208298163,-0.00635,-0.010206103204282));
#5014=CARTESIAN_POINT('',(-0.00887279697582267,-0.00635,-0.0102821730763724));
#5015=CARTESIAN_POINT('',(-0.00893113888823589,-0.00635,-0.0103808398951584));
#5016=CARTESIAN_POINT('',(-0.00900257258663808,-0.00635,-0.0105149869382958));
#5017=CARTESIAN_POINT('',(-0.00908070488092705,-0.00635,-0.0106819822311846));
#5018=CARTESIAN_POINT('',(-0.00916333685097702,-0.00635,-0.0108840535716948));
#5019=CARTESIAN_POINT('',(-0.00924681392340129,-0.00635,-0.0111216062204531));
#5020=CARTESIAN_POINT('',(-0.00932794440039378,-0.00635,-0.0113951817872952));
#5021=CARTESIAN_POINT('',(-0.00940292231974784,-0.00635,-0.0117053873744972));
#5022=CARTESIAN_POINT('',(-0.00944805644692379,-0.00635,-0.0119386528079706));
#5023=CARTESIAN_POINT('',(-0.009468307572595,-0.00635,-0.0120667875117885));
#5024=CARTESIAN_POINT('',(-0.0094696790208186,-0.00635,-0.0120755861115356));
#5025=CARTESIAN_POINT('',(-0.00696192906789574,-0.00635,-0.0109367254999169));
#5026=CARTESIAN_POINT('',(-0.00706976068002237,-0.00635,-0.0111079732592022));
#5027=CARTESIAN_POINT('',(-0.00721258484390947,-0.00635,-0.0113347928119763));
#5028=CARTESIAN_POINT('',(-0.00724745078619364,-0.00635,-0.0113775612960855));
#5029=CARTESIAN_POINT('',(-0.00730546711512234,-0.00635,-0.0114490069253412));
#5030=CARTESIAN_POINT('',(-0.00738325624365015,-0.00635,-0.0115331958281507));
#5031=CARTESIAN_POINT('',(-0.00749128028845773,-0.00635,-0.0116401023676763));
#5032=CARTESIAN_POINT('',(-0.00762885143307001,-0.00635,-0.0117628470760263));
#5033=CARTESIAN_POINT('',(-0.00779873454188265,-0.00635,-0.0118999623504128));
#5034=CARTESIAN_POINT('',(-0.0080023659937874,-0.00635,-0.012048063377917));
#5035=CARTESIAN_POINT('',(-0.00824118003457507,-0.00635,-0.012204247880966));
#5036=CARTESIAN_POINT('',(-0.00851684982412352,-0.00635,-0.012365043906577));
#5037=CARTESIAN_POINT('',(-0.0087273710493971,-0.00635,-0.012475183207459));
#5038=CARTESIAN_POINT('',(-0.0088443146635098,-0.00635,-0.0125313330207421));
#5039=CARTESIAN_POINT('',(-0.00885235029400656,-0.00635,-0.0125351703206078));
#5040=CARTESIAN_POINT('',(-0.00716911579669396,-0.00635,-0.011263759851701));
#5041=CARTESIAN_POINT('',(-0.00683685028250603,-0.00635,-0.0114780863145728));
#5042=CARTESIAN_POINT('',(-0.00663451103102234,-0.00635,-0.0111383878719583));
#5043=CARTESIAN_POINT('',(4.37150315946156E-16,-0.00635,7.57166557763528E-16));
#5044=CARTESIAN_POINT('',(-0.00632887133880921,-0.00635,-0.0113148490305326));
#5045=CARTESIAN_POINT('',(-0.00652188919399753,-0.00635,-0.0116599291838074));
#5046=CARTESIAN_POINT('',(-0.00617014427535336,-0.00635,-0.0118405163284598));
#5047=CARTESIAN_POINT('',(-0.00599051758319725,-0.00635,-0.0114975701821015));
#5048=CARTESIAN_POINT('',(-0.00608490668701619,-0.00635,-0.0116765789771768));
#5049=CARTESIAN_POINT('',(-0.00620992609984999,-0.00635,-0.0119136781077644));
#5050=CARTESIAN_POINT('',(-0.00622953172242781,-0.00635,-0.0119652571415639));
#5051=CARTESIAN_POINT('',(-0.00626239728788833,-0.00635,-0.0120512235708784));
#5052=CARTESIAN_POINT('',(-0.00629641245217413,-0.00635,-0.0121606853837264));
#5053=CARTESIAN_POINT('',(-0.00633498420883026,-0.00635,-0.0123076902205122));
#5054=CARTESIAN_POINT('',(-0.00637249867213533,-0.00635,-0.0124882026807491));
#5055=CARTESIAN_POINT('',(-0.00640630242859453,-0.00635,-0.0127038834058479));
#5056=CARTESIAN_POINT('',(-0.00643274595478739,-0.00635,-0.0129542839299591));
#5057=CARTESIAN_POINT('',(-0.00644859868171149,-0.00635,-0.0132391952075861));
#5058=CARTESIAN_POINT('',(-0.00645001722994395,-0.00635,-0.0135583302611965));
#5059=CARTESIAN_POINT('',(-0.00644014004982602,-0.00635,-0.0137957166407602));
#5060=CARTESIAN_POINT('',(-0.00643029540749056,-0.00635,-0.0139250676880337));
#5061=CARTESIAN_POINT('',(-0.00642960079140781,-0.00635,-0.0139339453981122));
#5062=CARTESIAN_POINT('',(-0.00425208689462213,-0.00635,-0.0122474559826736));
#5063=CARTESIAN_POINT('',(-0.00431751944056801,-0.00635,-0.0124389554175686));
#5064=CARTESIAN_POINT('',(-0.00440418557196881,-0.00635,-0.0126925985388605));
#5065=CARTESIAN_POINT('',(-0.00442824860706319,-0.00635,-0.0127422548325845));
#5066=CARTESIAN_POINT('',(-0.00446822460233556,-0.00635,-0.0128251541218704));
#5067=CARTESIAN_POINT('',(-0.00452450161770817,-0.00635,-0.0129250131095186));
#5068=CARTESIAN_POINT('',(-0.0046049595157067,-0.00635,-0.0130539500285899));
#5069=CARTESIAN_POINT('',(-0.00471051553451632,-0.00635,-0.0132051122267445));
#5070=CARTESIAN_POINT('',(-0.00484419846374989,-0.00635,-0.0133777092822276));
#5071=CARTESIAN_POINT('',(-0.0050081865560988,-0.00635,-0.0135687788719597));
#5072=CARTESIAN_POINT('',(-0.00520454470834255,-0.00635,-0.0137758277094774));
#5073=CARTESIAN_POINT('',(-0.00543570166757828,-0.00635,-0.0139958632859619));
#5074=CARTESIAN_POINT('',(-0.00561514839520306,-0.00635,-0.0141515833034106));
#5075=CARTESIAN_POINT('',(-0.00571599074098019,-0.00635,-0.0142331886446061));
#5076=CARTESIAN_POINT('',(-0.00572292482776711,-0.00635,-0.0142387756534813));
#5077=CARTESIAN_POINT('',(-0.00437826956653206,-0.00635,-0.0126134556290486));
#5078=CARTESIAN_POINT('',(-0.00400553322842261,-0.00635,-0.0127453791935033));
#5079=CARTESIAN_POINT('',(-0.00388698790978285,-0.00635,-0.0123681747237071));
#5080=CARTESIAN_POINT('',(2.50752247588064E-16,-0.00635,8.37570835963639E-16));
#5081=CARTESIAN_POINT('',(-0.00354889203129242,-0.00635,-0.0124693939851612));
#5082=CARTESIAN_POINT('',(-0.00365712610519033,-0.00635,-0.0128496854389873));
#5083=CARTESIAN_POINT('',(-0.0032732162547422,-0.00635,-0.0129442868730915));
#5084=CARTESIAN_POINT('',(-0.00317752024748067,-0.00635,-0.0125691601184723));
#5085=CARTESIAN_POINT('',(-0.00322808281164345,-0.00635,-0.0127651113336749));
#5086=CARTESIAN_POINT('',(-0.00329505348757156,-0.00635,-0.0130246508872624));
#5087=CARTESIAN_POINT('',(-0.00330223569426369,-0.00635,-0.0130793609692527));
#5088=CARTESIAN_POINT('',(-0.00331439014120279,-0.00635,-0.0131705894833353));
#5089=CARTESIAN_POINT('',(-0.00332224479105002,-0.00635,-0.0132849451755817));
#5090=CARTESIAN_POINT('',(-0.00332587519257482,-0.00635,-0.0134368827372138));
#5091=CARTESIAN_POINT('',(-0.00332074941046898,-0.00635,-0.0136211808913437));
#5092=CARTESIAN_POINT('',(-0.0033039025840769,-0.00635,-0.0138388435973142));
#5093=CARTESIAN_POINT('',(-0.00327188698669665,-0.00635,-0.0140885928397095));
#5094=CARTESIAN_POINT('',(-0.00322160733894054,-0.00635,-0.0143694801873981));
#5095=CARTESIAN_POINT('',(-0.00314939004174902,-0.00635,-0.0146803400540717));
#5096=CARTESIAN_POINT('',(-0.00308503403567399,-0.00635,-0.0149090498185584));
#5097=CARTESIAN_POINT('',(-0.00304562435254835,-0.00635,-0.0150326438608477));
#5098=CARTESIAN_POINT('',(-0.00304290111909206,-0.00635,-0.0150411220816092));
#5099=CARTESIAN_POINT('',(-0.00131301361624777,-0.00635,-0.0128979229432685));
#5100=CARTESIAN_POINT('',(-0.0013325196105244,-0.00635,-0.0130993502696702));
#5101=CARTESIAN_POINT('',(-0.00135835551586239,-0.00635,-0.013366142993158));
#5102=CARTESIAN_POINT('',(-0.00137031839931654,-0.00635,-0.0134200101128492));
#5103=CARTESIAN_POINT('',(-0.00139009894468006,-0.00635,-0.0135098939400221));
#5104=CARTESIAN_POINT('',(-0.00142182993843197,-0.00635,-0.0136200395886374));
#5105=CARTESIAN_POINT('',(-0.0014703841835146,-0.00635,-0.0137640558645731));
#5106=CARTESIAN_POINT('',(-0.00153823452422536,-0.00635,-0.0139354863593029));
#5107=CARTESIAN_POINT('',(-0.00162851039256236,-0.00635,-0.0141342604439465));
#5108=CARTESIAN_POINT('',(-0.00174401448485014,-0.00635,-0.0143579979848676));
#5109=CARTESIAN_POINT('',(-0.0018873310297371,-0.00635,-0.0146047491004308));
#5110=CARTESIAN_POINT('',(-0.00206151342715498,-0.00635,-0.0148721620529064));
#5111=CARTESIAN_POINT('',(-0.00220021163759664,-0.00635,-0.0150650678804746));
#5112=CARTESIAN_POINT('',(-0.00227951627807528,-0.00635,-0.0151677293845158));
#5113=CARTESIAN_POINT('',(-0.00228497500273886,-0.00635,-0.0151747649053059));
#5114=CARTESIAN_POINT('',(-0.0013513896907656,-0.00635,-0.0132831567485629));
#5115=CARTESIAN_POINT('',(-0.000958276841201306,-0.00635,-0.0133255653810937));
#5116=CARTESIAN_POINT('',(-0.000929916264217639,-0.00635,-0.0129311900747181));
#5117=CARTESIAN_POINT('',(5.08360606576989E-17,-0.00635,8.72821453599819E-16));
#5118=CARTESIAN_POINT('',(-0.000577591035772216,-0.00635,-0.0129517106824674));
#5119=CARTESIAN_POINT('',(-0.000595206401440518,-0.00635,-0.0133467118261342));
#5120=CARTESIAN_POINT('',(-0.000199828298597453,-0.00635,-0.0133502275618912));
#5121=CARTESIAN_POINT('',(-0.000193221972751952,-0.00635,-0.0129631433794505));
#5122=CARTESIAN_POINT('',(-0.000197232156336939,-0.00635,-0.0131654732340485));
#5123=CARTESIAN_POINT('',(-0.000202543688885364,-0.00635,-0.0134334613661228));
#5124=CARTESIAN_POINT('',(-0.000196915285069986,-0.00635,-0.0134883530616227));
#5125=CARTESIAN_POINT('',(-0.000187703364107109,-0.00635,-0.0135799255076657));
#5126=CARTESIAN_POINT('',(-0.000168974053309403,-0.00635,-0.0136930101343415));
#5127=CARTESIAN_POINT('',(-0.00013746738381698,-0.00635,-0.0138416894275448));
#5128=CARTESIAN_POINT('',(-8.99776885403017E-5,-0.00635,-0.0140198377143746));
#5129=CARTESIAN_POINT('',(-2.33884960683879E-5,-0.00635,-0.0142277481483981));
#5130=CARTESIAN_POINT('',(6.5360255743268E-5,-0.00635,-0.0144633820627749));
#5131=CARTESIAN_POINT('',(0.000179061689354656,-0.00635,-0.0147251027709062));
#5132=CARTESIAN_POINT('',(0.000321021578785815,-0.00635,-0.0150109289147675));
#5133=CARTESIAN_POINT('',(0.000436386961872512,-0.00635,-0.0152186322615743));
#5134=CARTESIAN_POINT('',(0.000503237099570208,-0.00635,-0.0153298063120684));
#5135=CARTESIAN_POINT('',(0.000507842140179522,-0.00635,-0.0153374279804374));
#5136=CARTESIAN_POINT('',(0.0016968445660394,-0.00635,-0.0128530595394889));
#5137=CARTESIAN_POINT('',(0.00172431669663242,-0.00635,-0.0130535557580935));
#5138=CARTESIAN_POINT('',(0.00176070383770139,-0.00635,-0.0133191152189973));
#5139=CARTESIAN_POINT('',(0.00176148602803095,-0.00635,-0.0133742891742901));
#5140=CARTESIAN_POINT('',(0.00176296730689684,-0.00635,-0.0134663118789615));
#5141=CARTESIAN_POINT('',(0.00175749296085205,-0.00635,-0.0135808062081169));
#5142=CARTESIAN_POINT('',(0.00174345994060553,-0.00635,-0.0137321378862041));
#5143=CARTESIAN_POINT('',(0.00171697310742374,-0.00635,-0.0139145948151651));
#5144=CARTESIAN_POINT('',(0.00167497109541241,-0.00635,-0.0141288299666153));
#5145=CARTESIAN_POINT('',(0.00161417785869809,-0.00635,-0.014373173709982));
#5146=CARTESIAN_POINT('',(0.00153162915319889,-0.00635,-0.0146463246870815));
#5147=CARTESIAN_POINT('',(0.0014238115357291,-0.00635,-0.0149466987140631));
#5148=CARTESIAN_POINT('',(0.00133333909889616,-0.00635,-0.0151663907486547));
#5149=CARTESIAN_POINT('',(0.00127984749741144,-0.00635,-0.0152845739072859));
#5150=CARTESIAN_POINT('',(0.00127615841613076,-0.00635,-0.015292678653244));
#5151=CARTESIAN_POINT('',(0.00174834395302421,-0.00635,-0.0132367594495451));
#5152=CARTESIAN_POINT('',(0.00214064049856986,-0.00635,-0.0131873668897953));
#5153=CARTESIAN_POINT('',(0.00207728740785138,-0.00635,-0.0127970816216873));
#5154=CARTESIAN_POINT('',(-1.51820711461145E-16,-0.00635,8.6101804075102E-16));
#5155=CARTESIAN_POINT('',(0.00242484804199033,-0.00635,-0.0127357973044564));
#5156=CARTESIAN_POINT('',(0.00249880103347437,-0.00635,-0.0131242135240666));
#5157=CARTESIAN_POINT('',(0.00288433245284829,-0.00635,-0.0130364540272516));
#5158=CARTESIAN_POINT('',(0.00280149294854146,-0.00635,-0.0126582802254578));
#5159=CARTESIAN_POINT('',(0.00284425133556933,-0.00635,-0.012856081064619));
#5160=CARTESIAN_POINT('',(0.00290088529249511,-0.00635,-0.0131180704656137));
#5161=CARTESIAN_POINT('',(0.00291902087811146,-0.00635,-0.0131701845491105));
#5162=CARTESIAN_POINT('',(0.00294910254993278,-0.00635,-0.013257164232845));
#5163=CARTESIAN_POINT('',(0.00299340611938242,-0.00635,-0.0133628813724554));
#5164=CARTESIAN_POINT('',(0.00305835132718453,-0.00635,-0.0135002870580491));
#5165=CARTESIAN_POINT('',(0.00314564475386743,-0.00635,-0.0136626814573239));
#5166=CARTESIAN_POINT('',(0.00325838647181705,-0.00635,-0.0138496311140866));
#5167=CARTESIAN_POINT('',(0.00339908390987819,-0.00635,-0.0140584466151292));
#5168=CARTESIAN_POINT('',(0.00357007745562834,-0.00635,-0.0142868912525839));
#5169=CARTESIAN_POINT('',(0.00377412684291496,-0.00635,-0.0145322747122341));
#5170=CARTESIAN_POINT('',(0.0039342822253499,-0.00635,-0.0147077743001726));
#5171=CARTESIAN_POINT('',(0.00402496890939286,-0.00635,-0.0148005349370331));
#5172=CARTESIAN_POINT('',(0.00403120749822398,-0.00635,-0.0148068891668948));
#5173=CARTESIAN_POINT('',(0.00461522541855956,-0.00635,-0.012115284369045));
#5174=CARTESIAN_POINT('',(0.00468819464435107,-0.00635,-0.012304040676811));
#5175=CARTESIAN_POINT('',(0.00478484319163351,-0.00635,-0.0125540504958559));
#5176=CARTESIAN_POINT('',(0.00479832828766365,-0.00635,-0.0126075568445392));
#5177=CARTESIAN_POINT('',(0.00482099153463187,-0.00635,-0.0126967574588811));
#5178=CARTESIAN_POINT('',(0.00484206895970646,-0.00635,-0.0128094280496562));
#5179=CARTESIAN_POINT('',(0.00486331368804985,-0.00635,-0.0129599167999585));
#5180=CARTESIAN_POINT('',(0.00487961827442973,-0.00635,-0.0131435638628831));
#5181=CARTESIAN_POINT('',(0.00488815445808341,-0.00635,-0.0133617106086726));
#5182=CARTESIAN_POINT('',(0.00488534945606957,-0.00635,-0.013613487920034));
#5183=CARTESIAN_POINT('',(0.00486801881203852,-0.00635,-0.0138983131187919));
#5184=CARTESIAN_POINT('',(0.00483237845018217,-0.00635,-0.0142154549787358));
#5185=CARTESIAN_POINT('',(0.00479500917944552,-0.00635,-0.0144500895659008));
#5186=CARTESIAN_POINT('',(0.00477021436303656,-0.00635,-0.0145774230944497));
#5187=CARTESIAN_POINT('',(0.0047684938044655,-0.00635,-0.0145861601366233));
#5188=CARTESIAN_POINT('',(0.00475382392176455,-0.00635,-0.0124767650223949));
#5189=CARTESIAN_POINT('',(0.00512415535497901,-0.00635,-0.0123382340360453));
#5190=CARTESIAN_POINT('',(0.00497250397807735,-0.00635,-0.0119730791860302));
#5191=CARTESIAN_POINT('',(-3.46292789727794E-16,-0.00635,8.02796922459121E-16));
#5192=CARTESIAN_POINT('',(0.00529656293416068,-0.00635,-0.011833293797224));
#5193=CARTESIAN_POINT('',(0.00545809745788415,-0.00635,-0.0121941854738406));
#5194=CARTESIAN_POINT('',(0.00581299809517939,-0.00635,-0.0120198818816426));
#5195=CARTESIAN_POINT('',(0.00564517865983959,-0.00635,-0.0116710059080371));
#5196=CARTESIAN_POINT('',(0.00573240050176806,-0.00635,-0.0118536142373232));
#5197=CARTESIAN_POINT('',(0.00584792679689103,-0.00635,-0.0120954809908174));
#5198=CARTESIAN_POINT('',(0.00587759187019354,-0.00635,-0.0121420079785806));
#5199=CARTESIAN_POINT('',(0.00592692158215907,-0.00635,-0.0122197058027427));
#5200=CARTESIAN_POINT('',(0.00599441099336406,-0.00635,-0.0123123562169272));
#5201=CARTESIAN_POINT('',(0.0060892935265128,-0.00635,-0.0124310807188349));
#5202=CARTESIAN_POINT('',(0.00621168467337438,-0.00635,-0.0125689665064556));
#5203=CARTESIAN_POINT('',(0.00636450098160494,-0.00635,-0.0127248768815712));
#5204=CARTESIAN_POINT('',(0.00654956207061152,-0.00635,-0.0128956166715685));
#5205=CARTESIAN_POINT('',(0.00676862942218902,-0.00635,-0.0130784697288108));
#5206=CARTESIAN_POINT('',(0.00702376795204625,-0.00635,-0.013270181818425));
#5207=CARTESIAN_POINT('',(0.0072200793157077,-0.00635,-0.0134040164192831));
#5208=CARTESIAN_POINT('',(0.00732971360348579,-0.00635,-0.0134733628925666));
#5209=CARTESIAN_POINT('',(0.00733724941660003,-0.00635,-0.0134781071257446));
#5210=CARTESIAN_POINT('',(0.00728479827415859,-0.00635,-0.0107243710823414));
#5211=CARTESIAN_POINT('',(0.00739933080529879,-0.00635,-0.0108912115778594));
#5212=CARTESIAN_POINT('',(0.00755103041059415,-0.00635,-0.0111121936609881));
#5213=CARTESIAN_POINT('',(0.00757649142730741,-0.00635,-0.0111611478619548));
#5214=CARTESIAN_POINT('',(0.00761911486086774,-0.00635,-0.0112427175577593));
#5215=CARTESIAN_POINT('',(0.00766560776762025,-0.00635,-0.0113474903094416));
#5216=CARTESIAN_POINT('',(0.00772098493574956,-0.00635,-0.0114890232444777));
#5217=CARTESIAN_POINT('',(0.00777920195721909,-0.00635,-0.0116639599806684));
#5218=CARTESIAN_POINT('',(0.00783781614866749,-0.00635,-0.0118742579732665));
#5219=CARTESIAN_POINT('',(0.00789315059973875,-0.00635,-0.0121198954725968));
#5220=CARTESIAN_POINT('',(0.00794197231668143,-0.00635,-0.0124010398928239));
#5221=CARTESIAN_POINT('',(0.00798043059157136,-0.00635,-0.0127178523859716));
#5222=CARTESIAN_POINT('',(0.0079981790739891,-0.00635,-0.012954780314383));
#5223=CARTESIAN_POINT('',(0.0080034177376264,-0.00635,-0.0130843996293664));
#5224=CARTESIAN_POINT('',(0.00800375845752288,-0.00635,-0.0130932979515505));
#5225=CARTESIAN_POINT('',(0.00750302401240109,-0.00635,-0.0110441449633972));
#5226=CARTESIAN_POINT('',(0.00783142566986306,-0.00635,-0.0108239437917792));
#5227=CARTESIAN_POINT('',(0.00759965157176048,-0.00635,-0.0105036049523382));
#5228=CARTESIAN_POINT('',(-5.22096134065669E-16,-0.00635,7.01296814281212E-16));
#5229=CARTESIAN_POINT('',(0.0078827387475862,-0.00635,-0.0102928543584492));
#5230=CARTESIAN_POINT('',(0.00812314643556351,-0.00635,-0.0106067657283725));
#5231=CARTESIAN_POINT('',(0.00842828350556087,-0.00635,-0.0103553147925637));
#5232=CARTESIAN_POINT('',(0.00818453132838573,-0.00635,-0.0100545446411867));
#5233=CARTESIAN_POINT('',(0.0083115144731399,-0.00635,-0.0102121159982997));
#5234=CARTESIAN_POINT('',(0.00847970505398711,-0.00635,-0.0104208210050076));
#5235=CARTESIAN_POINT('',(0.00851930036319552,-0.00635,-0.0104592526150838));
#5236=CARTESIAN_POINT('',(0.00858521873776469,-0.00635,-0.0105234798698615));
#5237=CARTESIAN_POINT('',(0.00867225561909798,-0.00635,-0.01059806875081));
#5238=CARTESIAN_POINT('',(0.00879196033567188,-0.00635,-0.010691711600403));
#5239=CARTESIAN_POINT('',(0.00894285106430507,-0.00635,-0.0107976553178685));
#5240=CARTESIAN_POINT('',(0.00912750359608483,-0.00635,-0.0109141212426587));
#5241=CARTESIAN_POINT('',(0.00934695164482722,-0.00635,-0.0110375806953377));
#5242=CARTESIAN_POINT('',(0.00960228282460505,-0.00635,-0.0111649845167218));
#5243=CARTESIAN_POINT('',(0.00989475591284815,-0.00635,-0.0112926899879261));
#5244=CARTESIAN_POINT('',(0.0101166400613078,-0.00635,-0.0113776445437298));
#5245=CARTESIAN_POINT('',(0.0102393115399891,-0.00635,-0.0114198383671119));
#5246=CARTESIAN_POINT('',(0.0102477383197509,-0.00635,-0.0114227168407675));
#5247=CARTESIAN_POINT('',(0.00956164576919797,-0.00635,-0.0087553041746888));
#5248=CARTESIAN_POINT('',(0.00971156712728744,-0.00635,-0.00889123444366035));
#5249=CARTESIAN_POINT('',(0.00991013962560829,-0.00635,-0.00907127558957229));
#5250=CARTESIAN_POINT('',(0.0099462039530033,-0.00635,-0.00911303850917696));
#5251=CARTESIAN_POINT('',(0.0100064897328198,-0.00635,-0.00918257984302978));
#5252=CARTESIAN_POINT('',(0.010075891676613,-0.00635,-0.00927380642945666));
#5253=CARTESIAN_POINT('',(0.0101624158870605,-0.00635,-0.00939875347206422));
#5254=CARTESIAN_POINT('',(0.0102594068489234,-0.00635,-0.0095555489967924));
#5255=CARTESIAN_POINT('',(0.0103649391419338,-0.00635,-0.0097466610169844));
#5256=CARTESIAN_POINT('',(0.0104754299515101,-0.00635,-0.00997291632311404));
#5257=CARTESIAN_POINT('',(0.0105877720380291,-0.00635,-0.0102352233963442));
#5258=CARTESIAN_POINT('',(0.0106982556541115,-0.00635,-0.0105346270791862));
#5259=CARTESIAN_POINT('',(0.0107701650644024,-0.00635,-0.0107610755028969));
#5260=CARTESIAN_POINT('',(0.0108051547903733,-0.00635,-0.0108859927934933));
#5261=CARTESIAN_POINT('',(0.0108075384204395,-0.00635,-0.0108945726848357));
#5262=CARTESIAN_POINT('',(0.00984773413644369,-0.00635,-0.00901613219075232));
#5263=CARTESIAN_POINT('',(0.0101165017997958,-0.00635,-0.00872613193602494));
#5264=CARTESIAN_POINT('',(0.0098170999821135,-0.00635,-0.00846787865690882));
#5265=CARTESIAN_POINT('',(-6.69753140676516E-16,-0.00635,5.6198961332149E-16));
#5266=CARTESIAN_POINT('',(0.0100439540747585,-0.00635,-0.00819752447700448));
#5267=CARTESIAN_POINT('',(0.0103502744863035,-0.00635,-0.00844753249702893));
#5268=CARTESIAN_POINT('',(0.0105891979705777,-0.00635,-0.00813249000264445));
#5269=CARTESIAN_POINT('',(0.0102826537945316,-0.00635,-0.00789604027020817));
#5270=CARTESIAN_POINT('',(0.0104425525479094,-0.00635,-0.00802007994250012));
#5271=CARTESIAN_POINT('',(0.0106543402167329,-0.00635,-0.00818437186148881));
#5272=CARTESIAN_POINT('',(0.0107017311684789,-0.00635,-0.00821263623583119));
#5273=CARTESIAN_POINT('',(0.0107806845290164,-0.00635,-0.00825993041329484));
#5274=CARTESIAN_POINT('',(0.0108825766996766,-0.00635,-0.00831243665512866));
#5275=CARTESIAN_POINT('',(0.0110206502874208,-0.00635,-0.00837594954214698));
#5276=CARTESIAN_POINT('',(0.0111919060395883,-0.00635,-0.00844423973622623));
#5277=CARTESIAN_POINT('',(0.0113984401291335,-0.00635,-0.00851498250253948));
#5278=CARTESIAN_POINT('',(0.011640444636502,-0.00635,-0.00858450588684994));
#5279=CARTESIAN_POINT('',(0.0119182746744883,-0.00635,-0.00864959209938787));
#5280=CARTESIAN_POINT('',(0.0122323150212263,-0.00635,-0.00870640631717429));
#5281=CARTESIAN_POINT('',(0.0124678101226081,-0.00635,-0.00873790090583046));
#5282=CARTESIAN_POINT('',(0.0125969055410247,-0.00635,-0.00875066739937121));
#5283=CARTESIAN_POINT('',(0.0126057689975559,-0.00635,-0.00875152493424453));
#5284=CARTESIAN_POINT('',(0.0113230224658801,-0.00635,-0.00631423655275269));
#5285=CARTESIAN_POINT('',(0.0115002503516986,-0.00635,-0.00641192855919329));
#5286=CARTESIAN_POINT('',(0.0117349906482619,-0.00635,-0.00654132270311046));
#5287=CARTESIAN_POINT('',(0.0117797140491139,-0.00635,-0.00657364289154728));
#5288=CARTESIAN_POINT('',(0.0118544121531923,-0.00635,-0.00662740687214026));
#5289=CARTESIAN_POINT('',(0.0119429816572722,-0.00635,-0.00670016924442437));
#5290=CARTESIAN_POINT('',(0.0120559883674568,-0.00635,-0.00680179446719511));
#5291=CARTESIAN_POINT('',(0.0121865244618537,-0.00635,-0.00693199589313759));
#5292=CARTESIAN_POINT('',(0.012333285583194,-0.00635,-0.00709361904244752));
#5293=CARTESIAN_POINT('',(0.0124929761631316,-0.00635,-0.00728829467325896));
#5294=CARTESIAN_POINT('',(0.012662782228264,-0.00635,-0.00751762335727876));
#5295=CARTESIAN_POINT('',(0.0128393349851982,-0.00635,-0.00778347729977527));
#5296=CARTESIAN_POINT('',(0.0129615286684405,-0.00635,-0.00798723832564904));
#5297=CARTESIAN_POINT('',(0.0130243831515612,-0.00635,-0.00810071926838878));
#5298=CARTESIAN_POINT('',(0.0130286811896832,-0.00635,-0.00810851818472638));
#5299=CARTESIAN_POINT('',(0.0116615503641997,-0.00635,-0.00650205739796515));
#5300=CARTESIAN_POINT('',(0.0118561946991427,-0.00635,-0.00615789204892447));
#5301=CARTESIAN_POINT('',(0.0115053059913692,-0.00635,-0.00597564683125678));
#5302=CARTESIAN_POINT('',(-7.81303582114354E-16,-0.00635,3.92385406842015E-16));
#5303=CARTESIAN_POINT('',(0.0116636972379799,-0.00635,-0.00566026392915424));
#5304=CARTESIAN_POINT('',(0.0120194165604183,-0.00635,-0.0058328906022082));
#5305=CARTESIAN_POINT('',(0.0121792460320889,-0.00635,-0.00547124057166601));
#5306=CARTESIAN_POINT('',(0.0118264357330486,-0.00635,-0.00531185832444881));
#5307=CARTESIAN_POINT('',(0.0120106299118672,-0.00635,-0.00539567930108004));
#5308=CARTESIAN_POINT('',(0.0122545971406214,-0.00635,-0.00550670111247147));
#5309=CARTESIAN_POINT('',(0.0123072288764298,-0.00635,-0.00552327451134325));
#5310=CARTESIAN_POINT('',(0.0123949608268326,-0.00635,-0.00555108597014416));
#5311=CARTESIAN_POINT('',(0.0125062152535257,-0.00635,-0.00557867894777533));
#5312=CARTESIAN_POINT('',(0.0126552141295858,-0.00635,-0.00560863787604007));
#5313=CARTESIAN_POINT('',(0.0128376024633605,-0.00635,-0.00563559300469401));
#5314=CARTESIAN_POINT('',(0.0130548838044444,-0.00635,-0.00565679885168728));
#5315=CARTESIAN_POINT('',(0.0133063982448062,-0.00635,-0.00566863814398554));
#5316=CARTESIAN_POINT('',(0.0135917492517396,-0.00635,-0.00566789793311242));
#5317=CARTESIAN_POINT('',(0.0139104268605934,-0.00635,-0.00565075802829428));
#5318=CARTESIAN_POINT('',(0.0141468373130263,-0.00635,-0.00562709476837642));
#5319=CARTESIAN_POINT('',(0.0142753971037561,-0.00635,-0.00560974568710456));
#5320=CARTESIAN_POINT('',(0.0142842194058209,-0.00635,-0.00560853605326865));
#5321=CARTESIAN_POINT('',(0.0124739720905716,-0.00635,-0.00353276680387847));
#5322=CARTESIAN_POINT('',(0.0126689521029208,-0.00635,-0.00358695394643429));
#5323=CARTESIAN_POINT('',(0.0129272052875785,-0.00635,-0.00365872541656568));
#5324=CARTESIAN_POINT('',(0.0129781767117714,-0.00635,-0.00367986048411025));
#5325=CARTESIAN_POINT('',(0.013063260145986,-0.00635,-0.00371494868133334));
#5326=CARTESIAN_POINT('',(0.0131662224054623,-0.00635,-0.00376532420115101));
#5327=CARTESIAN_POINT('',(0.0132996193943872,-0.00635,-0.00383814896202064));
#5328=CARTESIAN_POINT('',(0.0134566633866813,-0.00635,-0.00393473709660349));
#5329=CARTESIAN_POINT('',(0.0136367414063122,-0.00635,-0.00405815822921745));
#5330=CARTESIAN_POINT('',(0.0138370227961123,-0.00635,-0.00421075917106373));
#5331=CARTESIAN_POINT('',(0.0140551385509342,-0.00635,-0.00439474629715816));
#5332=CARTESIAN_POINT('',(0.0142882424438949,-0.00635,-0.00461271824445547));
#5333=CARTESIAN_POINT('',(0.0144541329069963,-0.00635,-0.00478280706284587));
#5334=CARTESIAN_POINT('',(0.0145414636458124,-0.00635,-0.0048787338707324));
#5335=CARTESIAN_POINT('',(0.0145474443836427,-0.00635,-0.00488533137046678));
#5336=CARTESIAN_POINT('',(0.0128466893933418,-0.00635,-0.00363745500785886));
#5337=CARTESIAN_POINT('',(0.0129567170733971,-0.00635,-0.00325767860755555));
#5338=CARTESIAN_POINT('',(0.0125732579765927,-0.00635,-0.00316126633819317));
#5339=CARTESIAN_POINT('',(-8.50733745207512E-16,-0.00635,2.0162760151451E-16));
#5340=CARTESIAN_POINT('',(0.0126546474640663,-0.00635,-0.00281785708777861));
#5341=CARTESIAN_POINT('',(0.0130405887766508,-0.00635,-0.00290379606523499));
#5342=CARTESIAN_POINT('',(0.0131127077875299,-0.00635,-0.00251503514529123));
#5343=CARTESIAN_POINT('',(0.0127326514600381,-0.00635,-0.00244131272149514));
#5344=CARTESIAN_POINT('',(0.0129312111084405,-0.00635,-0.00248039619191921));
#5345=CARTESIAN_POINT('',(0.0131942055606748,-0.00635,-0.00253216268112434));
#5346=CARTESIAN_POINT('',(0.0132492406900448,-0.00635,-0.00253615162830248));
#5347=CARTESIAN_POINT('',(0.0133410215781582,-0.00635,-0.00254298104549796));
#5348=CARTESIAN_POINT('',(0.0134556405059441,-0.00635,-0.00254417321436021));
#5349=CARTESIAN_POINT('',(0.0136075321023448,-0.00635,-0.00253896309029404));
#5350=CARTESIAN_POINT('',(0.0137912204154434,-0.00635,-0.00252312999555986));
#5351=CARTESIAN_POINT('',(0.0140075353147269,-0.00635,-0.00249365571053282));
#5352=CARTESIAN_POINT('',(0.0142550004795001,-0.00635,-0.0024471726515066));
#5353=CARTESIAN_POINT('',(0.0145324891087363,-0.00635,-0.00238064592218219));
#5354=CARTESIAN_POINT('',(0.0148386239873261,-0.00635,-0.00229047591146473));
#5355=CARTESIAN_POINT('',(0.0150632048421269,-0.00635,-0.00221293049544004));
#5356=CARTESIAN_POINT('',(0.0151842983135752,-0.00635,-0.00216640113281757));
#5357=CARTESIAN_POINT('',(0.0151926038485857,-0.00635,-0.00216318954194562));
#5358=CARTESIAN_POINT('',(0.0151926038485857,-0.00635,-0.00216318954194563));
#5359=CARTESIAN_POINT('',(0.,-0.00635,9.39661283595771E-19));
#5360=CARTESIAN_POINT('',(0.0152819510854143,-0.00635,-0.00139877507750442));
#5361=CARTESIAN_POINT('',(0.012952446651093,-0.00635,-0.000560844682184567));
#5362=CARTESIAN_POINT('',(0.0131546673670385,-0.00635,-0.000568605717974595));
#5363=CARTESIAN_POINT('',(0.0134225109437594,-0.00635,-0.000578885295788075));
#5364=CARTESIAN_POINT('',(0.0134769825086214,-0.00635,-0.000587695845478459));
#5365=CARTESIAN_POINT('',(0.0135678644030107,-0.00635,-0.00060221664553713));
#5366=CARTESIAN_POINT('',(0.0136796686958243,-0.00635,-0.000627489555575751));
#5367=CARTESIAN_POINT('',(0.013826264497288,-0.00635,-0.00066758785283583));
#5368=CARTESIAN_POINT('',(0.0140013501052053,-0.00635,-0.000725355604722768));
#5369=CARTESIAN_POINT('',(0.0142050369704772,-0.00635,-0.000803921055435175));
#5370=CARTESIAN_POINT('',(0.0144351119485748,-0.00635,-0.000906220552042086));
#5371=CARTESIAN_POINT('',(0.0146897787162865,-0.00635,-0.00103494732662009));
#5372=CARTESIAN_POINT('',(0.0149668670540674,-0.00635,-0.00119328635461947));
#5373=CARTESIAN_POINT('',(0.0151675110992231,-0.00635,-0.00132053343330122));
#5374=CARTESIAN_POINT('',(0.0152746100710004,-0.00635,-0.00139373466729165));
#5375=CARTESIAN_POINT('',(0.0152819510854143,-0.00635,-0.00139877507750442));
#5376=CARTESIAN_POINT('',(0.0133392600720473,-0.00635,-0.00057675647675877));
#5377=CARTESIAN_POINT('',(0.0133587394765035,-0.00635,-0.000181842869234638));
#5378=CARTESIAN_POINT('',(0.0129633823698315,-0.00635,-0.000176461158574288));
#5379=CARTESIAN_POINT('',(-8.74300631892311E-16,-0.00635,0.));
#5380=CARTESIAN_POINT('',(0.0129633823698315,-0.00635,0.000176461158574288));
#5381=CARTESIAN_POINT('',(0.0133587394765035,-0.00635,0.000181842869234638));
#5382=CARTESIAN_POINT('',(0.0133392600720473,-0.00635,0.00057675647675877));
#5383=CARTESIAN_POINT('',(0.012952446651093,-0.00635,0.000560844682184567));
#5384=CARTESIAN_POINT('',(0.0131546673670385,-0.00635,0.000568605717974595));
#5385=CARTESIAN_POINT('',(0.0134225109437594,-0.00635,0.000578885295788075));
#5386=CARTESIAN_POINT('',(0.0134769825086214,-0.00635,0.000587695845478459));
#5387=CARTESIAN_POINT('',(0.0135678644030107,-0.00635,0.00060221664553713));
#5388=CARTESIAN_POINT('',(0.0136796686958243,-0.00635,0.000627489555575751));
#5389=CARTESIAN_POINT('',(0.013826264497288,-0.00635,0.00066758785283583));
#5390=CARTESIAN_POINT('',(0.0140013501052053,-0.00635,0.000725355604722768));
#5391=CARTESIAN_POINT('',(0.0142050369704772,-0.00635,0.000803921055435175));
#5392=CARTESIAN_POINT('',(0.0144351119485748,-0.00635,0.000906220552042086));
#5393=CARTESIAN_POINT('',(0.0146897787162865,-0.00635,0.00103494732662009));
#5394=CARTESIAN_POINT('',(0.0149668670540674,-0.00635,0.00119328635461947));
#5395=CARTESIAN_POINT('',(0.0151675110992231,-0.00635,0.00132053343330122));
#5396=CARTESIAN_POINT('',(0.0152746100710004,-0.00635,0.00139373466729165));
#5397=CARTESIAN_POINT('',(0.0152819510854143,-0.00635,0.00139877507750442));
#5398=CARTESIAN_POINT('',(0.0127326514600381,-0.00635,0.00244131272149515));
#5399=CARTESIAN_POINT('',(0.0129312111084405,-0.00635,0.00248039619191922));
#5400=CARTESIAN_POINT('',(0.0131942055606748,-0.00635,0.00253216268112434));
#5401=CARTESIAN_POINT('',(0.0132492406900448,-0.00635,0.00253615162830248));
#5402=CARTESIAN_POINT('',(0.0133410215781582,-0.00635,0.00254298104549797));
#5403=CARTESIAN_POINT('',(0.0134556405059441,-0.00635,0.00254417321436021));
#5404=CARTESIAN_POINT('',(0.0136075321023448,-0.00635,0.00253896309029405));
#5405=CARTESIAN_POINT('',(0.0137912204154434,-0.00635,0.00252312999555987));
#5406=CARTESIAN_POINT('',(0.0140075353147269,-0.00635,0.00249365571053283));
#5407=CARTESIAN_POINT('',(0.0142550004795001,-0.00635,0.00244717265150661));
#5408=CARTESIAN_POINT('',(0.0145324891087363,-0.00635,0.0023806459221822));
#5409=CARTESIAN_POINT('',(0.0148386239873261,-0.00635,0.00229047591146474));
#5410=CARTESIAN_POINT('',(0.0150632048421269,-0.00635,0.00221293049544004));
#5411=CARTESIAN_POINT('',(0.0151842983135752,-0.00635,0.00216640113281757));
#5412=CARTESIAN_POINT('',(0.0151926038485857,-0.00635,0.00216318954194563));
#5413=CARTESIAN_POINT('',(0.0131127077875299,-0.00635,0.00251503514529124));
#5414=CARTESIAN_POINT('',(0.0130405887766508,-0.00635,0.002903796065235));
#5415=CARTESIAN_POINT('',(0.0126546474640663,-0.00635,0.00281785708777862));
#5416=CARTESIAN_POINT('',(-8.50733745207512E-16,-0.00635,-2.01627601514511E-16));
#5417=CARTESIAN_POINT('',(0.0125732579765927,-0.00635,0.00316126633819318));
#5418=CARTESIAN_POINT('',(0.0129567170733971,-0.00635,0.00325767860755556));
#5419=CARTESIAN_POINT('',(0.0128466893933418,-0.00635,0.00363745500785886));
#5420=CARTESIAN_POINT('',(0.0124739720905716,-0.00635,0.00353276680387847));
#5421=CARTESIAN_POINT('',(0.0126689521029208,-0.00635,0.0035869539464343));
#5422=CARTESIAN_POINT('',(0.0129272052875785,-0.00635,0.00365872541656569));
#5423=CARTESIAN_POINT('',(0.0129781767117714,-0.00635,0.00367986048411025));
#5424=CARTESIAN_POINT('',(0.013063260145986,-0.00635,0.00371494868133335));
#5425=CARTESIAN_POINT('',(0.0131662224054623,-0.00635,0.00376532420115101));
#5426=CARTESIAN_POINT('',(0.0132996193943872,-0.00635,0.00383814896202065));
#5427=CARTESIAN_POINT('',(0.0134566633866813,-0.00635,0.0039347370966035));
#5428=CARTESIAN_POINT('',(0.0136367414063122,-0.00635,0.00405815822921746));
#5429=CARTESIAN_POINT('',(0.0138370227961123,-0.00635,0.00421075917106374));
#5430=CARTESIAN_POINT('',(0.0140551385509342,-0.00635,0.00439474629715817));
#5431=CARTESIAN_POINT('',(0.0142882424438948,-0.00635,0.00461271824445548));
#5432=CARTESIAN_POINT('',(0.0144541329069963,-0.00635,0.00478280706284588));
#5433=CARTESIAN_POINT('',(0.0145414636458124,-0.00635,0.00487873387073241));
#5434=CARTESIAN_POINT('',(0.0145474443836427,-0.00635,0.00488533137046679));
#5435=CARTESIAN_POINT('',(0.0118264357330486,-0.00635,0.00531185832444881));
#5436=CARTESIAN_POINT('',(0.0120106299118672,-0.00635,0.00539567930108004));
#5437=CARTESIAN_POINT('',(0.0122545971406214,-0.00635,0.00550670111247148));
#5438=CARTESIAN_POINT('',(0.0123072288764298,-0.00635,0.00552327451134325));
#5439=CARTESIAN_POINT('',(0.0123949608268326,-0.00635,0.00555108597014416));
#5440=CARTESIAN_POINT('',(0.0125062152535257,-0.00635,0.00557867894777533));
#5441=CARTESIAN_POINT('',(0.0126552141295858,-0.00635,0.00560863787604008));
#5442=CARTESIAN_POINT('',(0.0128376024633605,-0.00635,0.00563559300469402));
#5443=CARTESIAN_POINT('',(0.0130548838044444,-0.00635,0.00565679885168729));
#5444=CARTESIAN_POINT('',(0.0133063982448062,-0.00635,0.00566863814398555));
#5445=CARTESIAN_POINT('',(0.0135917492517396,-0.00635,0.00566789793311243));
#5446=CARTESIAN_POINT('',(0.0139104268605934,-0.00635,0.00565075802829428));
#5447=CARTESIAN_POINT('',(0.0141468373130263,-0.00635,0.00562709476837643));
#5448=CARTESIAN_POINT('',(0.0142753971037561,-0.00635,0.00560974568710457));
#5449=CARTESIAN_POINT('',(0.0142842194058209,-0.00635,0.00560853605326866));
#5450=CARTESIAN_POINT('',(0.0121792460320889,-0.00635,0.00547124057166602));
#5451=CARTESIAN_POINT('',(0.0120194165604183,-0.00635,0.00583289060220821));
#5452=CARTESIAN_POINT('',(0.0116636972379799,-0.00635,0.00566026392915425));
#5453=CARTESIAN_POINT('',(-7.81303582114353E-16,-0.00635,-3.92385406842015E-16));
#5454=CARTESIAN_POINT('',(0.0115053059913692,-0.00635,0.00597564683125679));
#5455=CARTESIAN_POINT('',(0.0118561946991427,-0.00635,0.00615789204892448));
#5456=CARTESIAN_POINT('',(0.0116615503641997,-0.00635,0.00650205739796516));
#5457=CARTESIAN_POINT('',(0.0113230224658801,-0.00635,0.00631423655275269));
#5458=CARTESIAN_POINT('',(0.0115002503516986,-0.00635,0.0064119285591933));
#5459=CARTESIAN_POINT('',(0.0117349906482619,-0.00635,0.00654132270311047));
#5460=CARTESIAN_POINT('',(0.0117797140491139,-0.00635,0.00657364289154728));
#5461=CARTESIAN_POINT('',(0.0118544121531923,-0.00635,0.00662740687214027));
#5462=CARTESIAN_POINT('',(0.0119429816572722,-0.00635,0.00670016924442438));
#5463=CARTESIAN_POINT('',(0.0120559883674568,-0.00635,0.00680179446719512));
#5464=CARTESIAN_POINT('',(0.0121865244618537,-0.00635,0.0069319958931376));
#5465=CARTESIAN_POINT('',(0.012333285583194,-0.00635,0.00709361904244753));
#5466=CARTESIAN_POINT('',(0.0124929761631316,-0.00635,0.00728829467325897));
#5467=CARTESIAN_POINT('',(0.012662782228264,-0.00635,0.00751762335727877));
#5468=CARTESIAN_POINT('',(0.0128393349851982,-0.00635,0.00778347729977527));
#5469=CARTESIAN_POINT('',(0.0129615286684405,-0.00635,0.00798723832564905));
#5470=CARTESIAN_POINT('',(0.0130243831515612,-0.00635,0.00810071926838879));
#5471=CARTESIAN_POINT('',(0.0130286811896832,-0.00635,0.00810851818472639));
#5472=CARTESIAN_POINT('',(0.0102826537945316,-0.00635,0.00789604027020816));
#5473=CARTESIAN_POINT('',(0.0104425525479094,-0.00635,0.00802007994250011));
#5474=CARTESIAN_POINT('',(0.0106543402167329,-0.00635,0.00818437186148881));
#5475=CARTESIAN_POINT('',(0.0107017311684789,-0.00635,0.00821263623583119));
#5476=CARTESIAN_POINT('',(0.0107806845290164,-0.00635,0.00825993041329484));
#5477=CARTESIAN_POINT('',(0.0108825766996766,-0.00635,0.00831243665512866));
#5478=CARTESIAN_POINT('',(0.0110206502874208,-0.00635,0.00837594954214698));
#5479=CARTESIAN_POINT('',(0.0111919060395883,-0.00635,0.00844423973622623));
#5480=CARTESIAN_POINT('',(0.0113984401291335,-0.00635,0.00851498250253947));
#5481=CARTESIAN_POINT('',(0.011640444636502,-0.00635,0.00858450588684993));
#5482=CARTESIAN_POINT('',(0.0119182746744883,-0.00635,0.00864959209938786));
#5483=CARTESIAN_POINT('',(0.0122323150212263,-0.00635,0.00870640631717429));
#5484=CARTESIAN_POINT('',(0.0124678101226081,-0.00635,0.00873790090583045));
#5485=CARTESIAN_POINT('',(0.0125969055410247,-0.00635,0.00875066739937121));
#5486=CARTESIAN_POINT('',(0.0126057689975559,-0.00635,0.00875152493424453));
#5487=CARTESIAN_POINT('',(0.0105891979705777,-0.00635,0.00813249000264445));
#5488=CARTESIAN_POINT('',(0.0103502744863035,-0.00635,0.00844753249702892));
#5489=CARTESIAN_POINT('',(0.0100439540747585,-0.00635,0.00819752447700447));
#5490=CARTESIAN_POINT('',(-6.69753140676516E-16,-0.00635,-5.61989613321489E-16));
#5491=CARTESIAN_POINT('',(0.,-0.00635,9.39661283595771E-19));
#5492=CARTESIAN_POINT('',(0.0151926038485857,-0.00635,-0.00216318954194563));
#5493=CARTESIAN_POINT('',(0.0151926038485857,0.,-0.00216318954194563));
#5494=CARTESIAN_POINT('',(0.,0.,9.39661283595771E-19));
#5495=CARTESIAN_POINT('',(0.0152819510854143,0.,-0.00139877507750442));
#5496=CARTESIAN_POINT('',(0.0152819510854143,-0.00635,-0.00139877507750442));
#5497=CARTESIAN_POINT('',(0.,0.,0.));
#5498=CARTESIAN_POINT('',(0.0103502744863035,0.,0.00844753249702892));
#5499=CARTESIAN_POINT('',(0.0105891979705777,0.,0.00813249000264445));
#5500=CARTESIAN_POINT('',(0.0100439540747585,0.,0.00819752447700447));
#5501=CARTESIAN_POINT('',(0.0102826537945316,0.,0.00789604027020816));
#5502=CARTESIAN_POINT('',(0.0104425525479094,0.,0.00802007994250011));
#5503=CARTESIAN_POINT('',(0.0106543402167329,0.,0.00818437186148881));
#5504=CARTESIAN_POINT('',(0.0107017311684789,0.,0.00821263623583119));
#5505=CARTESIAN_POINT('',(0.0107806845290164,0.,0.00825993041329484));
#5506=CARTESIAN_POINT('',(0.0108825766996766,0.,0.00831243665512866));
#5507=CARTESIAN_POINT('',(0.0110206502874208,0.,0.00837594954214698));
#5508=CARTESIAN_POINT('',(0.0111919060395883,0.,0.00844423973622623));
#5509=CARTESIAN_POINT('',(0.0113984401291335,0.,0.00851498250253947));
#5510=CARTESIAN_POINT('',(0.011640444636502,0.,0.00858450588684993));
#5511=CARTESIAN_POINT('',(0.0119182746744883,0.,0.00864959209938786));
#5512=CARTESIAN_POINT('',(0.0122323150212263,0.,0.00870640631717429));
#5513=CARTESIAN_POINT('',(0.0124678101226081,0.,0.00873790090583045));
#5514=CARTESIAN_POINT('',(0.0125969055410247,0.,0.00875066739937121));
#5515=CARTESIAN_POINT('',(0.0126057689975559,0.,0.00875152493424453));
#5516=CARTESIAN_POINT('',(0.0113230224658801,0.,0.00631423655275269));
#5517=CARTESIAN_POINT('',(0.0115002503516986,0.,0.0064119285591933));
#5518=CARTESIAN_POINT('',(0.0117349906482619,0.,0.00654132270311047));
#5519=CARTESIAN_POINT('',(0.0117797140491139,0.,0.00657364289154728));
#5520=CARTESIAN_POINT('',(0.0118544121531923,0.,0.00662740687214027));
#5521=CARTESIAN_POINT('',(0.0119429816572722,0.,0.00670016924442438));
#5522=CARTESIAN_POINT('',(0.0120559883674568,0.,0.00680179446719512));
#5523=CARTESIAN_POINT('',(0.0121865244618537,0.,0.0069319958931376));
#5524=CARTESIAN_POINT('',(0.012333285583194,0.,0.00709361904244753));
#5525=CARTESIAN_POINT('',(0.0124929761631316,0.,0.00728829467325897));
#5526=CARTESIAN_POINT('',(0.012662782228264,0.,0.00751762335727877));
#5527=CARTESIAN_POINT('',(0.0128393349851982,0.,0.00778347729977527));
#5528=CARTESIAN_POINT('',(0.0129615286684405,0.,0.00798723832564905));
#5529=CARTESIAN_POINT('',(0.0130243831515612,0.,0.00810071926838879));
#5530=CARTESIAN_POINT('',(0.0130286811896832,0.,0.00810851818472639));
#5531=CARTESIAN_POINT('',(0.0116615503641997,0.,0.00650205739796516));
#5532=CARTESIAN_POINT('',(0.0118561946991427,0.,0.00615789204892448));
#5533=CARTESIAN_POINT('',(0.0115053059913692,0.,0.00597564683125679));
#5534=CARTESIAN_POINT('',(-7.81303582114353E-16,0.,-3.92385406842015E-16));
#5535=CARTESIAN_POINT('',(0.0116636972379799,0.,0.00566026392915425));
#5536=CARTESIAN_POINT('',(0.0120194165604183,0.,0.00583289060220821));
#5537=CARTESIAN_POINT('',(0.0121792460320889,0.,0.00547124057166602));
#5538=CARTESIAN_POINT('',(0.0118264357330486,0.,0.00531185832444881));
#5539=CARTESIAN_POINT('',(0.0120106299118672,0.,0.00539567930108004));
#5540=CARTESIAN_POINT('',(0.0122545971406214,0.,0.00550670111247148));
#5541=CARTESIAN_POINT('',(0.0123072288764298,0.,0.00552327451134325));
#5542=CARTESIAN_POINT('',(0.0123949608268326,0.,0.00555108597014416));
#5543=CARTESIAN_POINT('',(0.0125062152535257,0.,0.00557867894777533));
#5544=CARTESIAN_POINT('',(0.0126552141295858,0.,0.00560863787604008));
#5545=CARTESIAN_POINT('',(0.0128376024633605,0.,0.00563559300469402));
#5546=CARTESIAN_POINT('',(0.0130548838044444,0.,0.00565679885168729));
#5547=CARTESIAN_POINT('',(0.0133063982448062,0.,0.00566863814398555));
#5548=CARTESIAN_POINT('',(0.0135917492517396,0.,0.00566789793311243));
#5549=CARTESIAN_POINT('',(0.0139104268605934,0.,0.00565075802829428));
#5550=CARTESIAN_POINT('',(0.0141468373130263,0.,0.00562709476837643));
#5551=CARTESIAN_POINT('',(0.0142753971037561,0.,0.00560974568710457));
#5552=CARTESIAN_POINT('',(0.0142842194058209,0.,0.00560853605326866));
#5553=CARTESIAN_POINT('',(0.0124739720905716,0.,0.00353276680387847));
#5554=CARTESIAN_POINT('',(0.0126689521029208,0.,0.0035869539464343));
#5555=CARTESIAN_POINT('',(0.0129272052875785,0.,0.00365872541656569));
#5556=CARTESIAN_POINT('',(0.0129781767117714,0.,0.00367986048411025));
#5557=CARTESIAN_POINT('',(0.013063260145986,0.,0.00371494868133335));
#5558=CARTESIAN_POINT('',(0.0131662224054623,0.,0.00376532420115101));
#5559=CARTESIAN_POINT('',(0.0132996193943872,0.,0.00383814896202065));
#5560=CARTESIAN_POINT('',(0.0134566633866813,0.,0.0039347370966035));
#5561=CARTESIAN_POINT('',(0.0136367414063122,0.,0.00405815822921746));
#5562=CARTESIAN_POINT('',(0.0138370227961123,0.,0.00421075917106374));
#5563=CARTESIAN_POINT('',(0.0140551385509342,0.,0.00439474629715817));
#5564=CARTESIAN_POINT('',(0.0142882424438948,0.,0.00461271824445548));
#5565=CARTESIAN_POINT('',(0.0144541329069963,0.,0.00478280706284588));
#5566=CARTESIAN_POINT('',(0.0145414636458124,0.,0.00487873387073241));
#5567=CARTESIAN_POINT('',(0.0145474443836427,0.,0.00488533137046679));
#5568=CARTESIAN_POINT('',(0.0128466893933418,0.,0.00363745500785886));
#5569=CARTESIAN_POINT('',(0.0129567170733971,0.,0.00325767860755556));
#5570=CARTESIAN_POINT('',(0.0125732579765927,0.,0.00316126633819318));
#5571=CARTESIAN_POINT('',(-8.50733745207512E-16,0.,-2.01627601514511E-16));
#5572=CARTESIAN_POINT('',(0.0126546474640663,0.,0.00281785708777862));
#5573=CARTESIAN_POINT('',(0.0130405887766508,0.,0.002903796065235));
#5574=CARTESIAN_POINT('',(0.0131127077875299,0.,0.00251503514529124));
#5575=CARTESIAN_POINT('',(0.0127326514600381,0.,0.00244131272149515));
#5576=CARTESIAN_POINT('',(0.0129312111084405,0.,0.00248039619191922));
#5577=CARTESIAN_POINT('',(0.0131942055606748,0.,0.00253216268112434));
#5578=CARTESIAN_POINT('',(0.0132492406900448,0.,0.00253615162830248));
#5579=CARTESIAN_POINT('',(0.0133410215781582,0.,0.00254298104549797));
#5580=CARTESIAN_POINT('',(0.0134556405059441,0.,0.00254417321436021));
#5581=CARTESIAN_POINT('',(0.0136075321023448,0.,0.00253896309029405));
#5582=CARTESIAN_POINT('',(0.0137912204154434,0.,0.00252312999555987));
#5583=CARTESIAN_POINT('',(0.0140075353147269,0.,0.00249365571053283));
#5584=CARTESIAN_POINT('',(0.0142550004795001,0.,0.00244717265150661));
#5585=CARTESIAN_POINT('',(0.0145324891087363,0.,0.0023806459221822));
#5586=CARTESIAN_POINT('',(0.0148386239873261,0.,0.00229047591146474));
#5587=CARTESIAN_POINT('',(0.0150632048421269,0.,0.00221293049544004));
#5588=CARTESIAN_POINT('',(0.0151842983135752,0.,0.00216640113281757));
#5589=CARTESIAN_POINT('',(0.0151926038485857,0.,0.00216318954194563));
#5590=CARTESIAN_POINT('',(0.012952446651093,0.,0.000560844682184567));
#5591=CARTESIAN_POINT('',(0.0131546673670385,0.,0.000568605717974595));
#5592=CARTESIAN_POINT('',(0.0134225109437594,0.,0.000578885295788075));
#5593=CARTESIAN_POINT('',(0.0134769825086214,0.,0.000587695845478459));
#5594=CARTESIAN_POINT('',(0.0135678644030107,0.,0.00060221664553713));
#5595=CARTESIAN_POINT('',(0.0136796686958243,0.,0.000627489555575751));
#5596=CARTESIAN_POINT('',(0.013826264497288,0.,0.00066758785283583));
#5597=CARTESIAN_POINT('',(0.0140013501052053,0.,0.000725355604722768));
#5598=CARTESIAN_POINT('',(0.0142050369704772,0.,0.000803921055435175));
#5599=CARTESIAN_POINT('',(0.0144351119485748,0.,0.000906220552042086));
#5600=CARTESIAN_POINT('',(0.0146897787162865,0.,0.00103494732662009));
#5601=CARTESIAN_POINT('',(0.0149668670540674,0.,0.00119328635461947));
#5602=CARTESIAN_POINT('',(0.0151675110992231,0.,0.00132053343330122));
#5603=CARTESIAN_POINT('',(0.0152746100710004,0.,0.00139373466729165));
#5604=CARTESIAN_POINT('',(0.0152819510854143,0.,0.00139877507750442));
#5605=CARTESIAN_POINT('',(0.0133392600720473,0.,0.00057675647675877));
#5606=CARTESIAN_POINT('',(0.0133587394765035,0.,0.000181842869234638));
#5607=CARTESIAN_POINT('',(0.0129633823698315,0.,0.000176461158574288));
#5608=CARTESIAN_POINT('',(-8.74300631892311E-16,0.,0.));
#5609=CARTESIAN_POINT('',(0.0129633823698315,0.,-0.000176461158574288));
#5610=CARTESIAN_POINT('',(0.0133587394765035,0.,-0.000181842869234638));
#5611=CARTESIAN_POINT('',(0.0133392600720473,0.,-0.000576756476758769));
#5612=CARTESIAN_POINT('',(0.012952446651093,0.,-0.000560844682184567));
#5613=CARTESIAN_POINT('',(0.0131546673670385,0.,-0.000568605717974595));
#5614=CARTESIAN_POINT('',(0.0134225109437594,0.,-0.000578885295788075));
#5615=CARTESIAN_POINT('',(0.0134769825086214,0.,-0.000587695845478459));
#5616=CARTESIAN_POINT('',(0.0135678644030107,0.,-0.00060221664553713));
#5617=CARTESIAN_POINT('',(0.0136796686958243,0.,-0.000627489555575751));
#5618=CARTESIAN_POINT('',(0.013826264497288,0.,-0.00066758785283583));
#5619=CARTESIAN_POINT('',(0.0140013501052053,0.,-0.000725355604722768));
#5620=CARTESIAN_POINT('',(0.0142050369704772,0.,-0.000803921055435175));
#5621=CARTESIAN_POINT('',(0.0144351119485748,0.,-0.000906220552042086));
#5622=CARTESIAN_POINT('',(0.0146897787162865,0.,-0.00103494732662009));
#5623=CARTESIAN_POINT('',(0.0149668670540674,0.,-0.00119328635461947));
#5624=CARTESIAN_POINT('',(0.0151675110992231,0.,-0.00132053343330122));
#5625=CARTESIAN_POINT('',(0.0152746100710004,0.,-0.00139373466729165));
#5626=CARTESIAN_POINT('',(0.0152819510854143,0.,-0.00139877507750442));
#5627=CARTESIAN_POINT('',(0.0127326514600381,0.,-0.00244131272149514));
#5628=CARTESIAN_POINT('',(0.0129312111084405,0.,-0.00248039619191921));
#5629=CARTESIAN_POINT('',(0.0131942055606748,0.,-0.00253216268112434));
#5630=CARTESIAN_POINT('',(0.0132492406900448,0.,-0.00253615162830248));
#5631=CARTESIAN_POINT('',(0.0133410215781582,0.,-0.00254298104549796));
#5632=CARTESIAN_POINT('',(0.0134556405059441,0.,-0.00254417321436021));
#5633=CARTESIAN_POINT('',(0.0136075321023448,0.,-0.00253896309029404));
#5634=CARTESIAN_POINT('',(0.0137912204154434,0.,-0.00252312999555986));
#5635=CARTESIAN_POINT('',(0.0140075353147269,0.,-0.00249365571053282));
#5636=CARTESIAN_POINT('',(0.0142550004795001,0.,-0.0024471726515066));
#5637=CARTESIAN_POINT('',(0.0145324891087363,0.,-0.00238064592218219));
#5638=CARTESIAN_POINT('',(0.0148386239873261,0.,-0.00229047591146473));
#5639=CARTESIAN_POINT('',(0.0150632048421269,0.,-0.00221293049544004));
#5640=CARTESIAN_POINT('',(0.0151842983135752,0.,-0.00216640113281757));
#5641=CARTESIAN_POINT('',(0.0151926038485857,0.,-0.00216318954194562));
#5642=CARTESIAN_POINT('',(0.0131127077875299,0.,-0.00251503514529123));
#5643=CARTESIAN_POINT('',(0.0130405887766508,0.,-0.00290379606523499));
#5644=CARTESIAN_POINT('',(0.0126546474640663,0.,-0.00281785708777861));
#5645=CARTESIAN_POINT('',(-8.50733745207512E-16,0.,2.0162760151451E-16));
#5646=CARTESIAN_POINT('',(0.0125732579765927,0.,-0.00316126633819317));
#5647=CARTESIAN_POINT('',(0.0129567170733971,0.,-0.00325767860755555));
#5648=CARTESIAN_POINT('',(0.0128466893933418,0.,-0.00363745500785886));
#5649=CARTESIAN_POINT('',(0.0124739720905716,0.,-0.00353276680387847));
#5650=CARTESIAN_POINT('',(0.0126689521029208,0.,-0.00358695394643429));
#5651=CARTESIAN_POINT('',(0.0129272052875785,0.,-0.00365872541656568));
#5652=CARTESIAN_POINT('',(0.0129781767117714,0.,-0.00367986048411025));
#5653=CARTESIAN_POINT('',(0.013063260145986,0.,-0.00371494868133334));
#5654=CARTESIAN_POINT('',(0.0131662224054623,0.,-0.00376532420115101));
#5655=CARTESIAN_POINT('',(0.0132996193943872,0.,-0.00383814896202064));
#5656=CARTESIAN_POINT('',(0.0134566633866813,0.,-0.00393473709660349));
#5657=CARTESIAN_POINT('',(0.0136367414063122,0.,-0.00405815822921745));
#5658=CARTESIAN_POINT('',(0.0138370227961123,0.,-0.00421075917106373));
#5659=CARTESIAN_POINT('',(0.0140551385509342,0.,-0.00439474629715816));
#5660=CARTESIAN_POINT('',(0.0142882424438949,0.,-0.00461271824445547));
#5661=CARTESIAN_POINT('',(0.0144541329069963,0.,-0.00478280706284587));
#5662=CARTESIAN_POINT('',(0.0145414636458124,0.,-0.0048787338707324));
#5663=CARTESIAN_POINT('',(0.0145474443836427,0.,-0.00488533137046678));
#5664=CARTESIAN_POINT('',(0.0118264357330486,0.,-0.00531185832444881));
#5665=CARTESIAN_POINT('',(0.0120106299118672,0.,-0.00539567930108004));
#5666=CARTESIAN_POINT('',(0.0122545971406214,0.,-0.00550670111247147));
#5667=CARTESIAN_POINT('',(0.0123072288764298,0.,-0.00552327451134325));
#5668=CARTESIAN_POINT('',(0.0123949608268326,0.,-0.00555108597014416));
#5669=CARTESIAN_POINT('',(0.0125062152535257,0.,-0.00557867894777533));
#5670=CARTESIAN_POINT('',(0.0126552141295858,0.,-0.00560863787604007));
#5671=CARTESIAN_POINT('',(0.0128376024633605,0.,-0.00563559300469401));
#5672=CARTESIAN_POINT('',(0.0130548838044444,0.,-0.00565679885168728));
#5673=CARTESIAN_POINT('',(0.0133063982448062,0.,-0.00566863814398554));
#5674=CARTESIAN_POINT('',(0.0135917492517396,0.,-0.00566789793311242));
#5675=CARTESIAN_POINT('',(0.0139104268605934,0.,-0.00565075802829428));
#5676=CARTESIAN_POINT('',(0.0141468373130263,0.,-0.00562709476837642));
#5677=CARTESIAN_POINT('',(0.0142753971037561,0.,-0.00560974568710456));
#5678=CARTESIAN_POINT('',(0.0142842194058209,0.,-0.00560853605326865));
#5679=CARTESIAN_POINT('',(0.0121792460320889,0.,-0.00547124057166601));
#5680=CARTESIAN_POINT('',(0.0120194165604183,0.,-0.0058328906022082));
#5681=CARTESIAN_POINT('',(0.0116636972379799,0.,-0.00566026392915424));
#5682=CARTESIAN_POINT('',(-7.81303582114354E-16,0.,3.92385406842015E-16));
#5683=CARTESIAN_POINT('',(0.0115053059913692,0.,-0.00597564683125678));
#5684=CARTESIAN_POINT('',(0.0118561946991427,0.,-0.00615789204892447));
#5685=CARTESIAN_POINT('',(0.0116615503641997,0.,-0.00650205739796515));
#5686=CARTESIAN_POINT('',(0.0113230224658801,0.,-0.00631423655275269));
#5687=CARTESIAN_POINT('',(0.0115002503516986,0.,-0.00641192855919329));
#5688=CARTESIAN_POINT('',(0.0117349906482619,0.,-0.00654132270311046));
#5689=CARTESIAN_POINT('',(0.0117797140491139,0.,-0.00657364289154728));
#5690=CARTESIAN_POINT('',(0.0118544121531923,0.,-0.00662740687214026));
#5691=CARTESIAN_POINT('',(0.0119429816572722,0.,-0.00670016924442437));
#5692=CARTESIAN_POINT('',(0.0120559883674568,0.,-0.00680179446719511));
#5693=CARTESIAN_POINT('',(0.0121865244618537,0.,-0.00693199589313759));
#5694=CARTESIAN_POINT('',(0.012333285583194,0.,-0.00709361904244752));
#5695=CARTESIAN_POINT('',(0.0124929761631316,0.,-0.00728829467325896));
#5696=CARTESIAN_POINT('',(0.012662782228264,0.,-0.00751762335727876));
#5697=CARTESIAN_POINT('',(0.0128393349851982,0.,-0.00778347729977527));
#5698=CARTESIAN_POINT('',(0.0129615286684405,0.,-0.00798723832564904));
#5699=CARTESIAN_POINT('',(0.0130243831515612,0.,-0.00810071926838878));
#5700=CARTESIAN_POINT('',(0.0130286811896832,0.,-0.00810851818472638));
#5701=CARTESIAN_POINT('',(0.0102826537945316,0.,-0.00789604027020817));
#5702=CARTESIAN_POINT('',(0.0104425525479094,0.,-0.00802007994250012));
#5703=CARTESIAN_POINT('',(0.0106543402167329,0.,-0.00818437186148881));
#5704=CARTESIAN_POINT('',(0.0107017311684789,0.,-0.00821263623583119));
#5705=CARTESIAN_POINT('',(0.0107806845290164,0.,-0.00825993041329484));
#5706=CARTESIAN_POINT('',(0.0108825766996766,0.,-0.00831243665512866));
#5707=CARTESIAN_POINT('',(0.0110206502874208,0.,-0.00837594954214698));
#5708=CARTESIAN_POINT('',(0.0111919060395883,0.,-0.00844423973622623));
#5709=CARTESIAN_POINT('',(0.0113984401291335,0.,-0.00851498250253948));
#5710=CARTESIAN_POINT('',(0.011640444636502,0.,-0.00858450588684994));
#5711=CARTESIAN_POINT('',(0.0119182746744883,0.,-0.00864959209938787));
#5712=CARTESIAN_POINT('',(0.0122323150212263,0.,-0.00870640631717429));
#5713=CARTESIAN_POINT('',(0.0124678101226081,0.,-0.00873790090583046));
#5714=CARTESIAN_POINT('',(0.0125969055410247,0.,-0.00875066739937121));
#5715=CARTESIAN_POINT('',(0.0126057689975559,0.,-0.00875152493424453));
#5716=CARTESIAN_POINT('',(0.0105891979705777,0.,-0.00813249000264445));
#5717=CARTESIAN_POINT('',(0.0103502744863035,0.,-0.00844753249702893));
#5718=CARTESIAN_POINT('',(0.0100439540747585,0.,-0.00819752447700448));
#5719=CARTESIAN_POINT('',(-6.69753140676516E-16,0.,5.6198961332149E-16));
#5720=CARTESIAN_POINT('',(0.0098170999821135,0.,-0.00846787865690882));
#5721=CARTESIAN_POINT('',(0.0101165017997958,0.,-0.00872613193602494));
#5722=CARTESIAN_POINT('',(0.00984773413644369,0.,-0.00901613219075232));
#5723=CARTESIAN_POINT('',(0.00956164576919797,0.,-0.0087553041746888));
#5724=CARTESIAN_POINT('',(0.00971156712728744,0.,-0.00889123444366035));
#5725=CARTESIAN_POINT('',(0.00991013962560829,0.,-0.00907127558957229));
#5726=CARTESIAN_POINT('',(0.0099462039530033,0.,-0.00911303850917696));
#5727=CARTESIAN_POINT('',(0.0100064897328198,0.,-0.00918257984302978));
#5728=CARTESIAN_POINT('',(0.010075891676613,0.,-0.00927380642945666));
#5729=CARTESIAN_POINT('',(0.0101624158870605,0.,-0.00939875347206422));
#5730=CARTESIAN_POINT('',(0.0102594068489234,0.,-0.0095555489967924));
#5731=CARTESIAN_POINT('',(0.0103649391419338,0.,-0.0097466610169844));
#5732=CARTESIAN_POINT('',(0.0104754299515101,0.,-0.00997291632311404));
#5733=CARTESIAN_POINT('',(0.0105877720380291,0.,-0.0102352233963442));
#5734=CARTESIAN_POINT('',(0.0106982556541115,0.,-0.0105346270791862));
#5735=CARTESIAN_POINT('',(0.0107701650644024,0.,-0.0107610755028969));
#5736=CARTESIAN_POINT('',(0.0108051547903733,0.,-0.0108859927934933));
#5737=CARTESIAN_POINT('',(0.0108075384204395,0.,-0.0108945726848357));
#5738=CARTESIAN_POINT('',(0.00818453132838573,0.,-0.0100545446411867));
#5739=CARTESIAN_POINT('',(0.0083115144731399,0.,-0.0102121159982997));
#5740=CARTESIAN_POINT('',(0.00847970505398711,0.,-0.0104208210050076));
#5741=CARTESIAN_POINT('',(0.00851930036319552,0.,-0.0104592526150838));
#5742=CARTESIAN_POINT('',(0.00858521873776469,0.,-0.0105234798698615));
#5743=CARTESIAN_POINT('',(0.00867225561909798,0.,-0.01059806875081));
#5744=CARTESIAN_POINT('',(0.00879196033567188,0.,-0.010691711600403));
#5745=CARTESIAN_POINT('',(0.00894285106430507,0.,-0.0107976553178685));
#5746=CARTESIAN_POINT('',(0.00912750359608483,0.,-0.0109141212426587));
#5747=CARTESIAN_POINT('',(0.00934695164482722,0.,-0.0110375806953377));
#5748=CARTESIAN_POINT('',(0.00960228282460505,0.,-0.0111649845167218));
#5749=CARTESIAN_POINT('',(0.00989475591284815,0.,-0.0112926899879261));
#5750=CARTESIAN_POINT('',(0.0101166400613078,0.,-0.0113776445437298));
#5751=CARTESIAN_POINT('',(0.0102393115399891,0.,-0.0114198383671119));
#5752=CARTESIAN_POINT('',(0.0102477383197509,0.,-0.0114227168407675));
#5753=CARTESIAN_POINT('',(0.00842828350556087,0.,-0.0103553147925637));
#5754=CARTESIAN_POINT('',(0.00812314643556351,0.,-0.0106067657283725));
#5755=CARTESIAN_POINT('',(0.0078827387475862,0.,-0.0102928543584492));
#5756=CARTESIAN_POINT('',(-5.22096134065669E-16,0.,7.01296814281212E-16));
#5757=CARTESIAN_POINT('',(0.00759965157176048,0.,-0.0105036049523382));
#5758=CARTESIAN_POINT('',(0.00783142566986306,0.,-0.0108239437917792));
#5759=CARTESIAN_POINT('',(0.00750302401240109,0.,-0.0110441449633972));
#5760=CARTESIAN_POINT('',(0.00728479827415859,0.,-0.0107243710823414));
#5761=CARTESIAN_POINT('',(0.00739933080529879,0.,-0.0108912115778594));
#5762=CARTESIAN_POINT('',(0.00755103041059415,0.,-0.0111121936609881));
#5763=CARTESIAN_POINT('',(0.00757649142730741,0.,-0.0111611478619548));
#5764=CARTESIAN_POINT('',(0.00761911486086774,0.,-0.0112427175577593));
#5765=CARTESIAN_POINT('',(0.00766560776762025,0.,-0.0113474903094416));
#5766=CARTESIAN_POINT('',(0.00772098493574956,0.,-0.0114890232444777));
#5767=CARTESIAN_POINT('',(0.00777920195721909,0.,-0.0116639599806684));
#5768=CARTESIAN_POINT('',(0.00783781614866749,0.,-0.0118742579732665));
#5769=CARTESIAN_POINT('',(0.00789315059973875,0.,-0.0121198954725968));
#5770=CARTESIAN_POINT('',(0.00794197231668143,0.,-0.0124010398928239));
#5771=CARTESIAN_POINT('',(0.00798043059157136,0.,-0.0127178523859716));
#5772=CARTESIAN_POINT('',(0.0079981790739891,0.,-0.012954780314383));
#5773=CARTESIAN_POINT('',(0.0080034177376264,0.,-0.0130843996293664));
#5774=CARTESIAN_POINT('',(0.00800375845752288,0.,-0.0130932979515505));
#5775=CARTESIAN_POINT('',(0.00564517865983959,0.,-0.0116710059080371));
#5776=CARTESIAN_POINT('',(0.00573240050176806,0.,-0.0118536142373232));
#5777=CARTESIAN_POINT('',(0.00584792679689103,0.,-0.0120954809908174));
#5778=CARTESIAN_POINT('',(0.00587759187019354,0.,-0.0121420079785806));
#5779=CARTESIAN_POINT('',(0.00592692158215907,0.,-0.0122197058027427));
#5780=CARTESIAN_POINT('',(0.00599441099336406,0.,-0.0123123562169272));
#5781=CARTESIAN_POINT('',(0.0060892935265128,0.,-0.0124310807188349));
#5782=CARTESIAN_POINT('',(0.00621168467337438,0.,-0.0125689665064556));
#5783=CARTESIAN_POINT('',(0.00636450098160494,0.,-0.0127248768815712));
#5784=CARTESIAN_POINT('',(0.00654956207061152,0.,-0.0128956166715685));
#5785=CARTESIAN_POINT('',(0.00676862942218902,0.,-0.0130784697288108));
#5786=CARTESIAN_POINT('',(0.00702376795204625,0.,-0.013270181818425));
#5787=CARTESIAN_POINT('',(0.0072200793157077,0.,-0.0134040164192831));
#5788=CARTESIAN_POINT('',(0.00732971360348579,0.,-0.0134733628925666));
#5789=CARTESIAN_POINT('',(0.00733724941660003,0.,-0.0134781071257446));
#5790=CARTESIAN_POINT('',(0.00581299809517939,0.,-0.0120198818816426));
#5791=CARTESIAN_POINT('',(0.00545809745788415,0.,-0.0121941854738406));
#5792=CARTESIAN_POINT('',(0.00529656293416068,0.,-0.011833293797224));
#5793=CARTESIAN_POINT('',(-3.46292789727794E-16,0.,8.02796922459121E-16));
#5794=CARTESIAN_POINT('',(0.00497250397807735,0.,-0.0119730791860302));
#5795=CARTESIAN_POINT('',(0.00512415535497901,0.,-0.0123382340360453));
#5796=CARTESIAN_POINT('',(0.00475382392176455,0.,-0.0124767650223949));
#5797=CARTESIAN_POINT('',(0.00461522541855956,0.,-0.012115284369045));
#5798=CARTESIAN_POINT('',(0.00468819464435107,0.,-0.012304040676811));
#5799=CARTESIAN_POINT('',(0.00478484319163351,0.,-0.0125540504958559));
#5800=CARTESIAN_POINT('',(0.00479832828766365,0.,-0.0126075568445392));
#5801=CARTESIAN_POINT('',(0.00482099153463187,0.,-0.0126967574588811));
#5802=CARTESIAN_POINT('',(0.00484206895970646,0.,-0.0128094280496562));
#5803=CARTESIAN_POINT('',(0.00486331368804985,0.,-0.0129599167999585));
#5804=CARTESIAN_POINT('',(0.00487961827442973,0.,-0.0131435638628831));
#5805=CARTESIAN_POINT('',(0.00488815445808341,0.,-0.0133617106086726));
#5806=CARTESIAN_POINT('',(0.00488534945606957,0.,-0.013613487920034));
#5807=CARTESIAN_POINT('',(0.00486801881203852,0.,-0.0138983131187919));
#5808=CARTESIAN_POINT('',(0.00483237845018217,0.,-0.0142154549787358));
#5809=CARTESIAN_POINT('',(0.00479500917944552,0.,-0.0144500895659008));
#5810=CARTESIAN_POINT('',(0.00477021436303656,0.,-0.0145774230944497));
#5811=CARTESIAN_POINT('',(0.0047684938044655,0.,-0.0145861601366233));
#5812=CARTESIAN_POINT('',(0.00280149294854146,0.,-0.0126582802254578));
#5813=CARTESIAN_POINT('',(0.00284425133556933,0.,-0.012856081064619));
#5814=CARTESIAN_POINT('',(0.00290088529249511,0.,-0.0131180704656137));
#5815=CARTESIAN_POINT('',(0.00291902087811146,0.,-0.0131701845491105));
#5816=CARTESIAN_POINT('',(0.00294910254993278,0.,-0.013257164232845));
#5817=CARTESIAN_POINT('',(0.00299340611938242,0.,-0.0133628813724554));
#5818=CARTESIAN_POINT('',(0.00305835132718453,0.,-0.0135002870580491));
#5819=CARTESIAN_POINT('',(0.00314564475386743,0.,-0.0136626814573239));
#5820=CARTESIAN_POINT('',(0.00325838647181705,0.,-0.0138496311140866));
#5821=CARTESIAN_POINT('',(0.00339908390987819,0.,-0.0140584466151292));
#5822=CARTESIAN_POINT('',(0.00357007745562834,0.,-0.0142868912525839));
#5823=CARTESIAN_POINT('',(0.00377412684291496,0.,-0.0145322747122341));
#5824=CARTESIAN_POINT('',(0.0039342822253499,0.,-0.0147077743001726));
#5825=CARTESIAN_POINT('',(0.00402496890939286,0.,-0.0148005349370331));
#5826=CARTESIAN_POINT('',(0.00403120749822398,0.,-0.0148068891668948));
#5827=CARTESIAN_POINT('',(0.00288433245284829,0.,-0.0130364540272516));
#5828=CARTESIAN_POINT('',(0.00249880103347437,0.,-0.0131242135240666));
#5829=CARTESIAN_POINT('',(0.00242484804199033,0.,-0.0127357973044564));
#5830=CARTESIAN_POINT('',(-1.51820711461145E-16,0.,8.6101804075102E-16));
#5831=CARTESIAN_POINT('',(0.00207728740785138,0.,-0.0127970816216873));
#5832=CARTESIAN_POINT('',(0.00214064049856986,0.,-0.0131873668897953));
#5833=CARTESIAN_POINT('',(0.00174834395302421,0.,-0.0132367594495451));
#5834=CARTESIAN_POINT('',(0.0016968445660394,0.,-0.0128530595394889));
#5835=CARTESIAN_POINT('',(0.00172431669663242,0.,-0.0130535557580935));
#5836=CARTESIAN_POINT('',(0.00176070383770139,0.,-0.0133191152189973));
#5837=CARTESIAN_POINT('',(0.00176148602803095,0.,-0.0133742891742901));
#5838=CARTESIAN_POINT('',(0.00176296730689684,0.,-0.0134663118789615));
#5839=CARTESIAN_POINT('',(0.00175749296085205,0.,-0.0135808062081169));
#5840=CARTESIAN_POINT('',(0.00174345994060553,0.,-0.0137321378862041));
#5841=CARTESIAN_POINT('',(0.00171697310742374,0.,-0.0139145948151651));
#5842=CARTESIAN_POINT('',(0.00167497109541241,0.,-0.0141288299666153));
#5843=CARTESIAN_POINT('',(0.00161417785869809,0.,-0.014373173709982));
#5844=CARTESIAN_POINT('',(0.00153162915319889,0.,-0.0146463246870815));
#5845=CARTESIAN_POINT('',(0.0014238115357291,0.,-0.0149466987140631));
#5846=CARTESIAN_POINT('',(0.00133333909889616,0.,-0.0151663907486547));
#5847=CARTESIAN_POINT('',(0.00127984749741144,0.,-0.0152845739072859));
#5848=CARTESIAN_POINT('',(0.00127615841613076,0.,-0.015292678653244));
#5849=CARTESIAN_POINT('',(-0.000193221972751952,0.,-0.0129631433794505));
#5850=CARTESIAN_POINT('',(-0.000197232156336939,0.,-0.0131654732340485));
#5851=CARTESIAN_POINT('',(-0.000202543688885364,0.,-0.0134334613661228));
#5852=CARTESIAN_POINT('',(-0.000196915285069986,0.,-0.0134883530616227));
#5853=CARTESIAN_POINT('',(-0.000187703364107109,0.,-0.0135799255076657));
#5854=CARTESIAN_POINT('',(-0.000168974053309403,0.,-0.0136930101343415));
#5855=CARTESIAN_POINT('',(-0.00013746738381698,0.,-0.0138416894275448));
#5856=CARTESIAN_POINT('',(-8.99776885403017E-5,0.,-0.0140198377143746));
#5857=CARTESIAN_POINT('',(-2.33884960683879E-5,0.,-0.0142277481483981));
#5858=CARTESIAN_POINT('',(6.5360255743268E-5,0.,-0.0144633820627749));
#5859=CARTESIAN_POINT('',(0.000179061689354656,0.,-0.0147251027709062));
#5860=CARTESIAN_POINT('',(0.000321021578785815,0.,-0.0150109289147675));
#5861=CARTESIAN_POINT('',(0.000436386961872512,0.,-0.0152186322615743));
#5862=CARTESIAN_POINT('',(0.000503237099570208,0.,-0.0153298063120684));
#5863=CARTESIAN_POINT('',(0.000507842140179522,0.,-0.0153374279804374));
#5864=CARTESIAN_POINT('',(-0.000199828298597453,0.,-0.0133502275618912));
#5865=CARTESIAN_POINT('',(-0.000595206401440518,0.,-0.0133467118261342));
#5866=CARTESIAN_POINT('',(-0.000577591035772216,0.,-0.0129517106824674));
#5867=CARTESIAN_POINT('',(5.08360606576989E-17,0.,8.72821453599819E-16));
#5868=CARTESIAN_POINT('',(-0.000929916264217639,0.,-0.0129311900747181));
#5869=CARTESIAN_POINT('',(-0.000958276841201306,0.,-0.0133255653810937));
#5870=CARTESIAN_POINT('',(-0.0013513896907656,0.,-0.0132831567485629));
#5871=CARTESIAN_POINT('',(-0.00131301361624777,0.,-0.0128979229432685));
#5872=CARTESIAN_POINT('',(-0.0013325196105244,0.,-0.0130993502696702));
#5873=CARTESIAN_POINT('',(-0.00135835551586239,0.,-0.013366142993158));
#5874=CARTESIAN_POINT('',(-0.00137031839931654,0.,-0.0134200101128492));
#5875=CARTESIAN_POINT('',(-0.00139009894468006,0.,-0.0135098939400221));
#5876=CARTESIAN_POINT('',(-0.00142182993843197,0.,-0.0136200395886374));
#5877=CARTESIAN_POINT('',(-0.0014703841835146,0.,-0.0137640558645731));
#5878=CARTESIAN_POINT('',(-0.00153823452422536,0.,-0.0139354863593029));
#5879=CARTESIAN_POINT('',(-0.00162851039256236,0.,-0.0141342604439465));
#5880=CARTESIAN_POINT('',(-0.00174401448485014,0.,-0.0143579979848676));
#5881=CARTESIAN_POINT('',(-0.0018873310297371,0.,-0.0146047491004308));
#5882=CARTESIAN_POINT('',(-0.00206151342715498,0.,-0.0148721620529064));
#5883=CARTESIAN_POINT('',(-0.00220021163759664,0.,-0.0150650678804746));
#5884=CARTESIAN_POINT('',(-0.00227951627807528,0.,-0.0151677293845158));
#5885=CARTESIAN_POINT('',(-0.00228497500273886,0.,-0.0151747649053059));
#5886=CARTESIAN_POINT('',(-0.00317752024748067,0.,-0.0125691601184723));
#5887=CARTESIAN_POINT('',(-0.00322808281164345,0.,-0.0127651113336749));
#5888=CARTESIAN_POINT('',(-0.00329505348757156,0.,-0.0130246508872624));
#5889=CARTESIAN_POINT('',(-0.00330223569426369,0.,-0.0130793609692527));
#5890=CARTESIAN_POINT('',(-0.00331439014120279,0.,-0.0131705894833353));
#5891=CARTESIAN_POINT('',(-0.00332224479105002,0.,-0.0132849451755817));
#5892=CARTESIAN_POINT('',(-0.00332587519257482,0.,-0.0134368827372138));
#5893=CARTESIAN_POINT('',(-0.00332074941046898,0.,-0.0136211808913437));
#5894=CARTESIAN_POINT('',(-0.0033039025840769,0.,-0.0138388435973142));
#5895=CARTESIAN_POINT('',(-0.00327188698669665,0.,-0.0140885928397095));
#5896=CARTESIAN_POINT('',(-0.00322160733894054,0.,-0.0143694801873981));
#5897=CARTESIAN_POINT('',(-0.00314939004174902,0.,-0.0146803400540717));
#5898=CARTESIAN_POINT('',(-0.00308503403567399,0.,-0.0149090498185584));
#5899=CARTESIAN_POINT('',(-0.00304562435254835,0.,-0.0150326438608477));
#5900=CARTESIAN_POINT('',(-0.00304290111909206,0.,-0.0150411220816092));
#5901=CARTESIAN_POINT('',(-0.0032732162547422,0.,-0.0129442868730915));
#5902=CARTESIAN_POINT('',(-0.00365712610519033,0.,-0.0128496854389873));
#5903=CARTESIAN_POINT('',(-0.00354889203129242,0.,-0.0124693939851612));
#5904=CARTESIAN_POINT('',(2.50752247588064E-16,0.,8.37570835963639E-16));
#5905=CARTESIAN_POINT('',(-0.00388698790978285,0.,-0.0123681747237071));
#5906=CARTESIAN_POINT('',(-0.00400553322842261,0.,-0.0127453791935033));
#5907=CARTESIAN_POINT('',(-0.00437826956653206,0.,-0.0126134556290486));
#5908=CARTESIAN_POINT('',(-0.00425208689462213,0.,-0.0122474559826736));
#5909=CARTESIAN_POINT('',(-0.00431751944056801,0.,-0.0124389554175686));
#5910=CARTESIAN_POINT('',(-0.00440418557196881,0.,-0.0126925985388605));
#5911=CARTESIAN_POINT('',(-0.00442824860706319,0.,-0.0127422548325845));
#5912=CARTESIAN_POINT('',(-0.00446822460233556,0.,-0.0128251541218704));
#5913=CARTESIAN_POINT('',(-0.00452450161770817,0.,-0.0129250131095186));
#5914=CARTESIAN_POINT('',(-0.0046049595157067,0.,-0.0130539500285899));
#5915=CARTESIAN_POINT('',(-0.00471051553451632,0.,-0.0132051122267445));
#5916=CARTESIAN_POINT('',(-0.00484419846374989,0.,-0.0133777092822276));
#5917=CARTESIAN_POINT('',(-0.0050081865560988,0.,-0.0135687788719597));
#5918=CARTESIAN_POINT('',(-0.00520454470834255,0.,-0.0137758277094774));
#5919=CARTESIAN_POINT('',(-0.00543570166757828,0.,-0.0139958632859619));
#5920=CARTESIAN_POINT('',(-0.00561514839520306,0.,-0.0141515833034106));
#5921=CARTESIAN_POINT('',(-0.00571599074098019,0.,-0.0142331886446061));
#5922=CARTESIAN_POINT('',(-0.00572292482776711,0.,-0.0142387756534813));
#5923=CARTESIAN_POINT('',(-0.00599051758319725,0.,-0.0114975701821015));
#5924=CARTESIAN_POINT('',(-0.00608490668701619,0.,-0.0116765789771768));
#5925=CARTESIAN_POINT('',(-0.00620992609984999,0.,-0.0119136781077644));
#5926=CARTESIAN_POINT('',(-0.00622953172242781,0.,-0.0119652571415639));
#5927=CARTESIAN_POINT('',(-0.00626239728788833,0.,-0.0120512235708784));
#5928=CARTESIAN_POINT('',(-0.00629641245217413,0.,-0.0121606853837264));
#5929=CARTESIAN_POINT('',(-0.00633498420883026,0.,-0.0123076902205122));
#5930=CARTESIAN_POINT('',(-0.00637249867213533,0.,-0.0124882026807491));
#5931=CARTESIAN_POINT('',(-0.00640630242859453,0.,-0.0127038834058479));
#5932=CARTESIAN_POINT('',(-0.00643274595478739,0.,-0.0129542839299591));
#5933=CARTESIAN_POINT('',(-0.00644859868171149,0.,-0.0132391952075861));
#5934=CARTESIAN_POINT('',(-0.00645001722994395,0.,-0.0135583302611965));
#5935=CARTESIAN_POINT('',(-0.00644014004982602,0.,-0.0137957166407602));
#5936=CARTESIAN_POINT('',(-0.00643029540749056,0.,-0.0139250676880337));
#5937=CARTESIAN_POINT('',(-0.00642960079140781,0.,-0.0139339453981122));
#5938=CARTESIAN_POINT('',(-0.00617014427535336,0.,-0.0118405163284598));
#5939=CARTESIAN_POINT('',(-0.00652188919399753,0.,-0.0116599291838074));
#5940=CARTESIAN_POINT('',(-0.00632887133880921,0.,-0.0113148490305326));
#5941=CARTESIAN_POINT('',(4.37150315946156E-16,0.,7.57166557763528E-16));
#5942=CARTESIAN_POINT('',(-0.00663451103102234,0.,-0.0111383878719583));
#5943=CARTESIAN_POINT('',(-0.00683685028250603,0.,-0.0114780863145728));
#5944=CARTESIAN_POINT('',(-0.00716911579669396,0.,-0.011263759851701));
#5945=CARTESIAN_POINT('',(-0.00696192906789574,0.,-0.0109367254999169));
#5946=CARTESIAN_POINT('',(-0.00706976068002237,0.,-0.0111079732592022));
#5947=CARTESIAN_POINT('',(-0.00721258484390947,0.,-0.0113347928119763));
#5948=CARTESIAN_POINT('',(-0.00724745078619364,0.,-0.0113775612960855));
#5949=CARTESIAN_POINT('',(-0.00730546711512234,0.,-0.0114490069253412));
#5950=CARTESIAN_POINT('',(-0.00738325624365015,0.,-0.0115331958281507));
#5951=CARTESIAN_POINT('',(-0.00749128028845773,0.,-0.0116401023676763));
#5952=CARTESIAN_POINT('',(-0.00762885143307001,0.,-0.0117628470760263));
#5953=CARTESIAN_POINT('',(-0.00779873454188265,0.,-0.0118999623504128));
#5954=CARTESIAN_POINT('',(-0.0080023659937874,0.,-0.012048063377917));
#5955=CARTESIAN_POINT('',(-0.00824118003457507,0.,-0.012204247880966));
#5956=CARTESIAN_POINT('',(-0.00851684982412352,0.,-0.012365043906577));
#5957=CARTESIAN_POINT('',(-0.0087273710493971,0.,-0.012475183207459));
#5958=CARTESIAN_POINT('',(-0.0088443146635098,0.,-0.0125313330207421));
#5959=CARTESIAN_POINT('',(-0.00885235029400656,0.,-0.0125351703206078));
#5960=CARTESIAN_POINT('',(-0.00848056456541597,0.,-0.00980614326117845));
#5961=CARTESIAN_POINT('',(-0.00861369166787247,0.,-0.00995855922564939));
#5962=CARTESIAN_POINT('',(-0.00879001998870602,0.,-0.0101604358577361));
#5963=CARTESIAN_POINT('',(-0.00882099208298163,0.,-0.010206103204282));
#5964=CARTESIAN_POINT('',(-0.00887279697582267,0.,-0.0102821730763724));
#5965=CARTESIAN_POINT('',(-0.00893113888823589,0.,-0.0103808398951584));
#5966=CARTESIAN_POINT('',(-0.00900257258663808,0.,-0.0105149869382958));
#5967=CARTESIAN_POINT('',(-0.00908070488092705,0.,-0.0106819822311846));
#5968=CARTESIAN_POINT('',(-0.00916333685097702,0.,-0.0108840535716948));
#5969=CARTESIAN_POINT('',(-0.00924681392340129,0.,-0.0111216062204531));
#5970=CARTESIAN_POINT('',(-0.00932794440039378,0.,-0.0113951817872952));
#5971=CARTESIAN_POINT('',(-0.00940292231974784,0.,-0.0117053873744972));
#5972=CARTESIAN_POINT('',(-0.00944805644692379,0.,-0.0119386528079706));
#5973=CARTESIAN_POINT('',(-0.009468307572595,0.,-0.0120667875117885));
#5974=CARTESIAN_POINT('',(-0.0094696790208186,0.,-0.0120755861115356));
#5975=CARTESIAN_POINT('',(-0.00873443822099787,0.,-0.0100984204837574));
#5976=CARTESIAN_POINT('',(-0.00903505554822821,0.,-0.00984158312826836));
#5977=CARTESIAN_POINT('',(-0.00876765955428348,0.,-0.00955031763592846));
#5978=CARTESIAN_POINT('',(5.99981497619448E-16,0.,6.35943234449128E-16));
#5979=CARTESIAN_POINT('',(-0.00902436594530024,0.,-0.009308127646968));
#5980=CARTESIAN_POINT('',(-0.00929959096820679,0.,-0.00959200683143171));
#5981=CARTESIAN_POINT('',(-0.00957347313859961,0.,-0.00930683186523268));
#5982=CARTESIAN_POINT('',(-0.00929645184309091,0.,-0.00903639331459384));
#5983=CARTESIAN_POINT('',(-0.00944086929127735,0.,-0.00917815738724057));
#5984=CARTESIAN_POINT('',(-0.00963215180000694,0.,-0.00936592547069668));
#5985=CARTESIAN_POINT('',(-0.00967594101750766,0.,-0.00939950048514247));
#5986=CARTESIAN_POINT('',(-0.00974887000478317,0.,-0.00945564080200199));
#5987=CARTESIAN_POINT('',(-0.00984397761441227,0.,-0.00951962097443071));
#5988=CARTESIAN_POINT('',(-0.00997374420181235,0.,-0.00959873377519318));
#5989=CARTESIAN_POINT('',(-0.0101359139762123,0.,-0.00968644379474018));
#5990=CARTESIAN_POINT('',(-0.0103328388222353,0.,-0.00978068536809677));
#5991=CARTESIAN_POINT('',(-0.0105651358094157,0.,-0.0098778336686458));
#5992=CARTESIAN_POINT('',(-0.0108335312119937,0.,-0.00997473389023997));
#5993=CARTESIAN_POINT('',(-0.0111388524021458,0.,-0.0100676218096163));
#5994=CARTESIAN_POINT('',(-0.0113690988713223,0.,-0.0101262427557125));
#5995=CARTESIAN_POINT('',(-0.0114958392932641,0.,-0.0101539099901152));
#5996=CARTESIAN_POINT('',(-0.0115045432645506,0.,-0.0101557907111424));
#5997=CARTESIAN_POINT('',(-0.0105134221168008,0.,-0.00758606461881971));
#5998=CARTESIAN_POINT('',(-0.0106781103013428,0.,-0.00770367096859021));
#5999=CARTESIAN_POINT('',(-0.010896241624759,0.,-0.00785944188068657));
#6000=CARTESIAN_POINT('',(-0.0109369104771132,0.,-0.00789673560150597));
#6001=CARTESIAN_POINT('',(-0.0110048618821525,0.,-0.00795880796987791));
#6002=CARTESIAN_POINT('',(-0.0110843853150937,0.,-0.00804136064086205));
#6003=CARTESIAN_POINT('',(-0.0111848299460712,0.,-0.00815541798853305));
#6004=CARTESIAN_POINT('',(-0.0112993679391351,0.,-0.00829989335460889));
#6005=CARTESIAN_POINT('',(-0.011426373411882,0.,-0.00847746159225924));
#6006=CARTESIAN_POINT('',(-0.0115623837599561,0.,-0.00868935984088208));
#6007=CARTESIAN_POINT('',(-0.0117044182220025,0.,-0.00893685116731839));
#6008=CARTESIAN_POINT('',(-0.0118489134334384,0.,-0.00922140402461216));
#6009=CARTESIAN_POINT('',(-0.0119466256754296,0.,-0.00943797311209814));
#6010=CARTESIAN_POINT('',(-0.0119958808256808,0.,-0.00955798369741128));
#6011=CARTESIAN_POINT('',(-0.011999244403082,0.,-0.00956622885203722));
#6012=CARTESIAN_POINT('',(-0.0108278563413233,0.,-0.00781191617689684));
#6013=CARTESIAN_POINT('',(-0.011061139719217,0.,-0.0074926747788855));
#6014=CARTESIAN_POINT('',(-0.0107337809737622,0.,-0.00727092614556386));
#6015=CARTESIAN_POINT('',(7.30467521456654E-16,0.,4.80436046757804E-16));
#6016=CARTESIAN_POINT('',(-0.0109277149555969,0.,-0.00697606385121061));
#6017=CARTESIAN_POINT('',(-0.0112609882977021,0.,-0.0071888197772097));
#6018=CARTESIAN_POINT('',(-0.0114617220656022,0.,-0.006848170163926));
#6019=CARTESIAN_POINT('',(-0.0111298004931282,0.,-0.00664890682669777));
#6020=CARTESIAN_POINT('',(-0.0113030181953616,0.,-0.00675354467485525));
#6021=CARTESIAN_POINT('',(-0.0115324469593765,0.,-0.00689213866301236));
#6022=CARTESIAN_POINT('',(-0.0115827987640439,0.,-0.00691471017007542));
#6023=CARTESIAN_POINT('',(-0.0116667087890852,0.,-0.0069525186355254));
#6024=CARTESIAN_POINT('',(-0.0117740076039628,0.,-0.00699284088991713));
#6025=CARTESIAN_POINT('',(-0.0119185209836398,0.,-0.00703989496034971));
#6026=CARTESIAN_POINT('',(-0.0120965467733134,0.,-0.00708784182123702));
#6027=CARTESIAN_POINT('',(-0.0123098970871256,0.,-0.00713412910595061));
#6028=CARTESIAN_POINT('',(-0.0125583364188749,0.,-0.00717508738951594));
#6029=CARTESIAN_POINT('',(-0.0128418439176187,0.,-0.0072074794136274));
#6030=CARTESIAN_POINT('',(-0.013160356563984,0.,-0.00722745161499228));
#6031=CARTESIAN_POINT('',(-0.013397915630313,0.,-0.00723139393592525));
#6032=CARTESIAN_POINT('',(-0.0135276202511314,0.,-0.0072290870436796));
#6033=CARTESIAN_POINT('',(-0.0135365233298628,0.,-0.00722890979571096));
#6034=CARTESIAN_POINT('',(-0.011979498360571,0.,-0.00495701926928076));
#6035=CARTESIAN_POINT('',(-0.0121668692445418,0.,-0.00503347581559342));
#6036=CARTESIAN_POINT('',(-0.0124150440544343,0.,-0.00513474335750848));
#6037=CARTESIAN_POINT('',(-0.0124632171965099,0.,-0.00516165293845888));
#6038=CARTESIAN_POINT('',(-0.0125436518359132,0.,-0.00520638146566663));
#6039=CARTESIAN_POINT('',(-0.0126400696605287,0.,-0.00526836955298824));
#6040=CARTESIAN_POINT('',(-0.0127641102280263,0.,-0.00535618834405718));
#6041=CARTESIAN_POINT('',(-0.0129088791470121,0.,-0.00547035507893888));
#6042=CARTESIAN_POINT('',(-0.0130734112245459,0.,-0.00561384746407588));
#6043=CARTESIAN_POINT('',(-0.0132546224952001,0.,-0.0057886678231321));
#6044=CARTESIAN_POINT('',(-0.0134499038276872,0.,-0.00599673258769369));
#6045=CARTESIAN_POINT('',(-0.0136561265569554,0.,-0.00624029239688881));
#6046=CARTESIAN_POINT('',(-0.0138011492215043,0.,-0.00642848984282419));
#6047=CARTESIAN_POINT('',(-0.0138767530384361,0.,-0.00653390650791471));
#6048=CARTESIAN_POINT('',(-0.0138819274136866,0.,-0.00654115371899942));
#6049=CARTESIAN_POINT('',(-0.0123375419236019,0.,-0.00510426944690068));
#6050=CARTESIAN_POINT('',(-0.0124909149848734,0.,-0.00473983439276634));
#6051=CARTESIAN_POINT('',(-0.0121212414826098,0.,-0.00459955714468282));
#6052=CARTESIAN_POINT('',(8.21573852137661E-16,0.,2.99028427429531E-16));
#6053=CARTESIAN_POINT('',(-0.0122419480241038,0.,-0.00426791864754764));
#6054=CARTESIAN_POINT('',(-0.0126153028332702,0.,-0.00439808158804169));
#6055=CARTESIAN_POINT('',(-0.012732066589292,0.,-0.00402032183649929));
#6056=CARTESIAN_POINT('',(-0.0123631387177394,0.,-0.00390297605076905));
#6057=CARTESIAN_POINT('',(-0.0125558184628568,0.,-0.00396484662095862));
#6058=CARTESIAN_POINT('',(-0.0128110249181034,0.,-0.00404679487604144));
#6059=CARTESIAN_POINT('',(-0.0128652248311148,0.,-0.00405714603993359));
#6060=CARTESIAN_POINT('',(-0.0129555922827526,0.,-0.00407458438981526));
#6061=CARTESIAN_POINT('',(-0.0130692977959954,0.,-0.00408907494299872));
#6062=CARTESIAN_POINT('',(-0.0132207672142451,0.,-0.0041015335859849));
#6063=CARTESIAN_POINT('',(-0.0134050516027908,0.,-0.00410713246053151));
#6064=CARTESIAN_POINT('',(-0.0136233256137509,0.,-0.00410297009710217));
#6065=CARTESIAN_POINT('',(-0.0138745138613883,0.,-0.00408553029201514));
#6066=CARTESIAN_POINT('',(-0.0141578494936575,0.,-0.00405166785623967));
#6067=CARTESIAN_POINT('',(-0.0144723824970264,0.,-0.00399764763304795));
#6068=CARTESIAN_POINT('',(-0.0147044472897523,0.,-0.00394669879727572));
#6069=CARTESIAN_POINT('',(-0.0148301236997662,0.,-0.00391454214353977));
#6070=CARTESIAN_POINT('',(-0.0148387459186635,0.,-0.00391231648205913));
#6071=CARTESIAN_POINT('',(-0.0127997567469453,0.,-0.00206073972785827));
#6072=CARTESIAN_POINT('',(-0.0129997091174909,0.,-0.00209192467851134));
#6073=CARTESIAN_POINT('',(-0.0132645482456206,0.,-0.00213322949084834));
#6074=CARTESIAN_POINT('',(-0.0133176286508592,0.,-0.00214830422945541));
#6075=CARTESIAN_POINT('',(-0.0134062102723965,0.,-0.00217327758901965));
#6076=CARTESIAN_POINT('',(-0.0135143245788044,0.,-0.00221135929884621));
#6077=CARTESIAN_POINT('',(-0.0136552740237217,0.,-0.0022682051995555));
#6078=CARTESIAN_POINT('',(-0.0138224693387348,0.,-0.00234590854501464));
#6079=CARTESIAN_POINT('',(-0.0140156580541682,0.,-0.00244758936601393));
#6080=CARTESIAN_POINT('',(-0.0142323011008968,0.,-0.00257590722469626));
#6081=CARTESIAN_POINT('',(-0.0144703016366435,0.,-0.00273332860207005));
#6082=CARTESIAN_POINT('',(-0.0147271343630303,0.,-0.00292276499080971));
#6083=CARTESIAN_POINT('',(-0.0149116492407533,0.,-0.00307244502217103));
#6084=CARTESIAN_POINT('',(-0.0150095259030257,0.,-0.0031575847273378));
#6085=CARTESIAN_POINT('',(-0.0150162321242165,0.,-0.00316344329585584));
#6086=CARTESIAN_POINT('',(-0.0131821074273254,0.,-0.00212145022983121));
#6087=CARTESIAN_POINT('',(-0.0132473017905425,0.,-0.00173146830767275));
#6088=CARTESIAN_POINT('',(-0.0128552427256635,0.,-0.00168022482758095));
#6089=CARTESIAN_POINT('',(8.68388923793462E-16,0.,1.01500108177909E-16));
#6090=CARTESIAN_POINT('',(-0.0128962145059211,0.,-0.00132968884488581));
#6091=CARTESIAN_POINT('',(-0.0132895231277472,0.,-0.00137024168206136));
#6092=CARTESIAN_POINT('',(-0.0133160221075805,0.,-0.000975736918245395));
#6093=CARTESIAN_POINT('',(-0.0129299769339982,0.,-0.000946634825695667));
#6094=CARTESIAN_POINT('',(-0.0131317313070668,0.,-0.000962402659463814));
#6095=CARTESIAN_POINT('',(-0.0133989572074852,0.,-0.000983287329829327));
#6096=CARTESIAN_POINT('',(-0.0134540832975009,0.,-0.000980860116625836));
#6097=CARTESIAN_POINT('',(-0.0135460364430268,0.,-0.000976988244983328));
#6098=CARTESIAN_POINT('',(-0.0136600187609843,0.,-0.000964865907485651));
#6099=CARTESIAN_POINT('',(-0.0138102784622623,0.,-0.000942057474357246));
#6100=CARTESIAN_POINT('',(-0.0139908866305935,0.,-0.000905006525787135));
#6101=CARTESIAN_POINT('',(-0.0142023171302724,0.,-0.000850618908304728));
#6102=CARTESIAN_POINT('',(-0.0144427126703502,0.,-0.000775721198971703));
#6103=CARTESIAN_POINT('',(-0.0147106017388704,0.,-0.000677429835986937));
#6104=CARTESIAN_POINT('',(-0.0150041985436176,0.,-0.000552329432453485));
#6105=CARTESIAN_POINT('',(-0.0152182583896968,0.,-0.000449236104900157));
#6106=CARTESIAN_POINT('',(-0.0153331313411122,0.,-0.000388963263200253));
#6107=CARTESIAN_POINT('',(-0.0153410078741229,0.,-0.000384809174194129));
#6108=CARTESIAN_POINT('',(-0.0129299769339982,0.,0.000946634825695659));
#6109=CARTESIAN_POINT('',(-0.0131317313070668,0.,0.000962402659463805));
#6110=CARTESIAN_POINT('',(-0.0133989572074852,0.,0.000983287329829318));
#6111=CARTESIAN_POINT('',(-0.0134540832975009,0.,0.000980860116625827));
#6112=CARTESIAN_POINT('',(-0.0135460364430268,0.,0.000976988244983319));
#6113=CARTESIAN_POINT('',(-0.0136600187609843,0.,0.000964865907485642));
#6114=CARTESIAN_POINT('',(-0.0138102784622623,0.,0.000942057474357238));
#6115=CARTESIAN_POINT('',(-0.0139908866305935,0.,0.000905006525787126));
#6116=CARTESIAN_POINT('',(-0.0142023171302724,0.,0.000850618908304719));
#6117=CARTESIAN_POINT('',(-0.0144427126703503,0.,0.000775721198971694));
#6118=CARTESIAN_POINT('',(-0.0147106017388704,0.,0.000677429835986927));
#6119=CARTESIAN_POINT('',(-0.0150041985436176,0.,0.000552329432453475));
#6120=CARTESIAN_POINT('',(-0.0152182583896968,0.,0.000449236104900147));
#6121=CARTESIAN_POINT('',(-0.0153331313411122,0.,0.000388963263200243));
#6122=CARTESIAN_POINT('',(-0.0153410078741229,0.,0.00038480917419412));
#6123=CARTESIAN_POINT('',(-0.0133160221075805,0.,0.000975736918245387));
#6124=CARTESIAN_POINT('',(-0.0132895231277472,0.,0.00137024168206135));
#6125=CARTESIAN_POINT('',(-0.0128962145059211,0.,0.00132968884488581));
#6126=CARTESIAN_POINT('',(8.68388923793462E-16,0.,-1.01500108177908E-16));
#6127=CARTESIAN_POINT('',(-0.0128552427256635,0.,0.00168022482758094));
#6128=CARTESIAN_POINT('',(-0.0132473017905425,0.,0.00173146830767274));
#6129=CARTESIAN_POINT('',(-0.0131821074273254,0.,0.0021214502298312));
#6130=CARTESIAN_POINT('',(-0.0127997567469453,0.,0.00206073972785826));
#6131=CARTESIAN_POINT('',(-0.012999709117491,0.,0.00209192467851134));
#6132=CARTESIAN_POINT('',(-0.0132645482456206,0.,0.00213322949084833));
#6133=CARTESIAN_POINT('',(-0.0133176286508592,0.,0.0021483042294554));
#6134=CARTESIAN_POINT('',(-0.0134062102723965,0.,0.00217327758901964));
#6135=CARTESIAN_POINT('',(-0.0135143245788044,0.,0.00221135929884621));
#6136=CARTESIAN_POINT('',(-0.0136552740237217,0.,0.0022682051995555));
#6137=CARTESIAN_POINT('',(-0.0138224693387348,0.,0.00234590854501464));
#6138=CARTESIAN_POINT('',(-0.0140156580541682,0.,0.00244758936601392));
#6139=CARTESIAN_POINT('',(-0.0142323011008968,0.,0.00257590722469625));
#6140=CARTESIAN_POINT('',(-0.0144703016366435,0.,0.00273332860207004));
#6141=CARTESIAN_POINT('',(-0.0147271343630303,0.,0.0029227649908097));
#6142=CARTESIAN_POINT('',(-0.0149116492407533,0.,0.00307244502217102));
#6143=CARTESIAN_POINT('',(-0.0150095259030257,0.,0.00315758472733779));
#6144=CARTESIAN_POINT('',(-0.0150162321242165,0.,0.00316344329585583));
#6145=CARTESIAN_POINT('',(-0.0123631387177394,0.,0.00390297605076905));
#6146=CARTESIAN_POINT('',(-0.0125558184628568,0.,0.00396484662095862));
#6147=CARTESIAN_POINT('',(-0.0128110249181034,0.,0.00404679487604145));
#6148=CARTESIAN_POINT('',(-0.0128652248311148,0.,0.00405714603993359));
#6149=CARTESIAN_POINT('',(-0.0129555922827526,0.,0.00407458438981526));
#6150=CARTESIAN_POINT('',(-0.0130692977959954,0.,0.00408907494299872));
#6151=CARTESIAN_POINT('',(-0.0132207672142451,0.,0.0041015335859849));
#6152=CARTESIAN_POINT('',(-0.0134050516027908,0.,0.00410713246053151));
#6153=CARTESIAN_POINT('',(-0.0136233256137509,0.,0.00410297009710217));
#6154=CARTESIAN_POINT('',(-0.0138745138613883,0.,0.00408553029201514));
#6155=CARTESIAN_POINT('',(-0.0141578494936575,0.,0.00405166785623967));
#6156=CARTESIAN_POINT('',(-0.0144723824970264,0.,0.00399764763304795));
#6157=CARTESIAN_POINT('',(-0.0147044472897523,0.,0.00394669879727572));
#6158=CARTESIAN_POINT('',(-0.0148301236997662,0.,0.00391454214353978));
#6159=CARTESIAN_POINT('',(-0.0148387459186635,0.,0.00391231648205913));
#6160=CARTESIAN_POINT('',(-0.012732066589292,0.,0.00402032183649929));
#6161=CARTESIAN_POINT('',(-0.0126153028332702,0.,0.00439808158804169));
#6162=CARTESIAN_POINT('',(-0.0122419480241038,0.,0.00426791864754764));
#6163=CARTESIAN_POINT('',(8.21573852137661E-16,0.,-2.99028427429531E-16));
#6164=CARTESIAN_POINT('',(-0.0121212414826098,0.,0.00459955714468282));
#6165=CARTESIAN_POINT('',(-0.0124909149848734,0.,0.00473983439276634));
#6166=CARTESIAN_POINT('',(-0.0123375419236019,0.,0.00510426944690069));
#6167=CARTESIAN_POINT('',(-0.011979498360571,0.,0.00495701926928076));
#6168=CARTESIAN_POINT('',(-0.0121668692445418,0.,0.00503347581559342));
#6169=CARTESIAN_POINT('',(-0.0124150440544343,0.,0.00513474335750849));
#6170=CARTESIAN_POINT('',(-0.0124632171965099,0.,0.00516165293845888));
#6171=CARTESIAN_POINT('',(-0.0125436518359132,0.,0.00520638146566663));
#6172=CARTESIAN_POINT('',(-0.0126400696605287,0.,0.00526836955298824));
#6173=CARTESIAN_POINT('',(-0.0127641102280263,0.,0.00535618834405718));
#6174=CARTESIAN_POINT('',(-0.0129088791470121,0.,0.00547035507893888));
#6175=CARTESIAN_POINT('',(-0.0130734112245459,0.,0.00561384746407588));
#6176=CARTESIAN_POINT('',(-0.0132546224952001,0.,0.0057886678231321));
#6177=CARTESIAN_POINT('',(-0.0134499038276872,0.,0.00599673258769369));
#6178=CARTESIAN_POINT('',(-0.0136561265569554,0.,0.00624029239688881));
#6179=CARTESIAN_POINT('',(-0.0138011492215043,0.,0.0064284898428242));
#6180=CARTESIAN_POINT('',(-0.0138767530384361,0.,0.00653390650791471));
#6181=CARTESIAN_POINT('',(-0.0138819274136866,0.,0.00654115371899943));
#6182=CARTESIAN_POINT('',(-0.0111298004931282,0.,0.00664890682669777));
#6183=CARTESIAN_POINT('',(-0.0113030181953616,0.,0.00675354467485525));
#6184=CARTESIAN_POINT('',(-0.0115324469593765,0.,0.00689213866301235));
#6185=CARTESIAN_POINT('',(-0.0115827987640439,0.,0.00691471017007542));
#6186=CARTESIAN_POINT('',(-0.0116667087890852,0.,0.00695251863552539));
#6187=CARTESIAN_POINT('',(-0.0117740076039628,0.,0.00699284088991713));
#6188=CARTESIAN_POINT('',(-0.0119185209836398,0.,0.00703989496034971));
#6189=CARTESIAN_POINT('',(-0.0120965467733134,0.,0.00708784182123702));
#6190=CARTESIAN_POINT('',(-0.0123098970871256,0.,0.00713412910595061));
#6191=CARTESIAN_POINT('',(-0.0125583364188749,0.,0.00717508738951594));
#6192=CARTESIAN_POINT('',(-0.0128418439176187,0.,0.0072074794136274));
#6193=CARTESIAN_POINT('',(-0.013160356563984,0.,0.00722745161499228));
#6194=CARTESIAN_POINT('',(-0.013397915630313,0.,0.00723139393592525));
#6195=CARTESIAN_POINT('',(-0.0135276202511314,0.,0.0072290870436796));
#6196=CARTESIAN_POINT('',(-0.0135365233298628,0.,0.00722890979571095));
#6197=CARTESIAN_POINT('',(-0.0114617220656022,0.,0.006848170163926));
#6198=CARTESIAN_POINT('',(-0.0112609882977021,0.,0.0071888197772097));
#6199=CARTESIAN_POINT('',(-0.0109277149555969,0.,0.00697606385121061));
#6200=CARTESIAN_POINT('',(7.30467521456654E-16,0.,-4.80436046757803E-16));
#6201=CARTESIAN_POINT('',(-0.0107337809737623,0.,0.00727092614556386));
#6202=CARTESIAN_POINT('',(-0.011061139719217,0.,0.00749267477888549));
#6203=CARTESIAN_POINT('',(-0.0108278563413233,0.,0.00781191617689684));
#6204=CARTESIAN_POINT('',(-0.0105134221168008,0.,0.0075860646188197));
#6205=CARTESIAN_POINT('',(-0.0106781103013428,0.,0.0077036709685902));
#6206=CARTESIAN_POINT('',(-0.010896241624759,0.,0.00785944188068657));
#6207=CARTESIAN_POINT('',(-0.0109369104771132,0.,0.00789673560150596));
#6208=CARTESIAN_POINT('',(-0.0110048618821525,0.,0.00795880796987791));
#6209=CARTESIAN_POINT('',(-0.0110843853150937,0.,0.00804136064086205));
#6210=CARTESIAN_POINT('',(-0.0111848299460712,0.,0.00815541798853305));
#6211=CARTESIAN_POINT('',(-0.0112993679391351,0.,0.00829989335460888));
#6212=CARTESIAN_POINT('',(-0.011426373411882,0.,0.00847746159225923));
#6213=CARTESIAN_POINT('',(-0.0115623837599561,0.,0.00868935984088207));
#6214=CARTESIAN_POINT('',(-0.0117044182220025,0.,0.00893685116731838));
#6215=CARTESIAN_POINT('',(-0.0118489134334384,0.,0.00922140402461216));
#6216=CARTESIAN_POINT('',(-0.0119466256754296,0.,0.00943797311209814));
#6217=CARTESIAN_POINT('',(-0.0119958808256808,0.,0.00955798369741128));
#6218=CARTESIAN_POINT('',(-0.011999244403082,0.,0.00956622885203722));
#6219=CARTESIAN_POINT('',(-0.00929645184309091,0.,0.00903639331459383));
#6220=CARTESIAN_POINT('',(-0.00944086929127735,0.,0.00917815738724056));
#6221=CARTESIAN_POINT('',(-0.00963215180000695,0.,0.00936592547069667));
#6222=CARTESIAN_POINT('',(-0.00967594101750767,0.,0.00939950048514247));
#6223=CARTESIAN_POINT('',(-0.00974887000478317,0.,0.00945564080200198));
#6224=CARTESIAN_POINT('',(-0.00984397761441228,0.,0.0095196209744307));
#6225=CARTESIAN_POINT('',(-0.00997374420181235,0.,0.00959873377519318));
#6226=CARTESIAN_POINT('',(-0.0101359139762123,0.,0.00968644379474017));
#6227=CARTESIAN_POINT('',(-0.0103328388222353,0.,0.00978068536809676));
#6228=CARTESIAN_POINT('',(-0.0105651358094157,0.,0.00987783366864579));
#6229=CARTESIAN_POINT('',(-0.0108335312119937,0.,0.00997473389023996));
#6230=CARTESIAN_POINT('',(-0.0111388524021458,0.,0.0100676218096162));
#6231=CARTESIAN_POINT('',(-0.0113690988713223,0.,0.0101262427557125));
#6232=CARTESIAN_POINT('',(-0.0114958392932641,0.,0.0101539099901152));
#6233=CARTESIAN_POINT('',(-0.0115045432645506,0.,0.0101557907111424));
#6234=CARTESIAN_POINT('',(-0.00957347313859961,0.,0.00930683186523268));
#6235=CARTESIAN_POINT('',(-0.0092995909682068,0.,0.0095920068314317));
#6236=CARTESIAN_POINT('',(-0.00902436594530024,0.,0.00930812764696799));
#6237=CARTESIAN_POINT('',(5.99981497619448E-16,0.,-6.35943234449128E-16));
#6238=CARTESIAN_POINT('',(-0.00876765955428349,0.,0.00955031763592846));
#6239=CARTESIAN_POINT('',(-0.00903505554822822,0.,0.00984158312826836));
#6240=CARTESIAN_POINT('',(-0.00873443822099788,0.,0.0100984204837573));
#6241=CARTESIAN_POINT('',(-0.00848056456541598,0.,0.00980614326117845));
#6242=CARTESIAN_POINT('',(-0.00861369166787247,0.,0.00995855922564938));
#6243=CARTESIAN_POINT('',(-0.00879001998870602,0.,0.0101604358577361));
#6244=CARTESIAN_POINT('',(-0.00882099208298163,0.,0.010206103204282));
#6245=CARTESIAN_POINT('',(-0.00887279697582268,0.,0.0102821730763724));
#6246=CARTESIAN_POINT('',(-0.0089311388882359,0.,0.0103808398951584));
#6247=CARTESIAN_POINT('',(-0.00900257258663809,0.,0.0105149869382958));
#6248=CARTESIAN_POINT('',(-0.00908070488092705,0.,0.0106819822311846));
#6249=CARTESIAN_POINT('',(-0.00916333685097703,0.,0.0108840535716948));
#6250=CARTESIAN_POINT('',(-0.00924681392340129,0.,0.0111216062204531));
#6251=CARTESIAN_POINT('',(-0.00932794440039379,0.,0.0113951817872952));
#6252=CARTESIAN_POINT('',(-0.00940292231974785,0.,0.0117053873744972));
#6253=CARTESIAN_POINT('',(-0.00944805644692379,0.,0.0119386528079706));
#6254=CARTESIAN_POINT('',(-0.009468307572595,0.,0.0120667875117885));
#6255=CARTESIAN_POINT('',(-0.00946967902081861,0.,0.0120755861115356));
#6256=CARTESIAN_POINT('',(-0.00696192906789574,0.,0.0109367254999169));
#6257=CARTESIAN_POINT('',(-0.00706976068002236,0.,0.0111079732592022));
#6258=CARTESIAN_POINT('',(-0.00721258484390946,0.,0.0113347928119763));
#6259=CARTESIAN_POINT('',(-0.00724745078619364,0.,0.0113775612960855));
#6260=CARTESIAN_POINT('',(-0.00730546711512233,0.,0.0114490069253412));
#6261=CARTESIAN_POINT('',(-0.00738325624365014,0.,0.0115331958281507));
#6262=CARTESIAN_POINT('',(-0.00749128028845772,0.,0.0116401023676763));
#6263=CARTESIAN_POINT('',(-0.00762885143307,0.,0.0117628470760264));
#6264=CARTESIAN_POINT('',(-0.00779873454188264,0.,0.0118999623504128));
#6265=CARTESIAN_POINT('',(-0.00800236599378739,0.,0.012048063377917));
#6266=CARTESIAN_POINT('',(-0.00824118003457506,0.,0.0122042478809661));
#6267=CARTESIAN_POINT('',(-0.00851684982412351,0.,0.012365043906577));
#6268=CARTESIAN_POINT('',(-0.00872737104939709,0.,0.012475183207459));
#6269=CARTESIAN_POINT('',(-0.00884431466350979,0.,0.0125313330207421));
#6270=CARTESIAN_POINT('',(-0.00885235029400656,0.,0.0125351703206078));
#6271=CARTESIAN_POINT('',(-0.00716911579669395,0.,0.011263759851701));
#6272=CARTESIAN_POINT('',(-0.00683685028250602,0.,0.0114780863145728));
#6273=CARTESIAN_POINT('',(-0.00663451103102234,0.,0.0111383878719583));
#6274=CARTESIAN_POINT('',(4.37150315946155E-16,0.,-7.57166557763528E-16));
#6275=CARTESIAN_POINT('',(-0.0063288713388092,0.,0.0113148490305326));
#6276=CARTESIAN_POINT('',(-0.00652188919399752,0.,0.0116599291838074));
#6277=CARTESIAN_POINT('',(-0.00617014427535335,0.,0.0118405163284598));
#6278=CARTESIAN_POINT('',(-0.00599051758319725,0.,0.0114975701821015));
#6279=CARTESIAN_POINT('',(-0.00608490668701618,0.,0.0116765789771768));
#6280=CARTESIAN_POINT('',(-0.00620992609984998,0.,0.0119136781077644));
#6281=CARTESIAN_POINT('',(-0.0062295317224278,0.,0.0119652571415639));
#6282=CARTESIAN_POINT('',(-0.00626239728788832,0.,0.0120512235708784));
#6283=CARTESIAN_POINT('',(-0.00629641245217412,0.,0.0121606853837264));
#6284=CARTESIAN_POINT('',(-0.00633498420883025,0.,0.0123076902205122));
#6285=CARTESIAN_POINT('',(-0.00637249867213532,0.,0.0124882026807491));
#6286=CARTESIAN_POINT('',(-0.00640630242859452,0.,0.0127038834058479));
#6287=CARTESIAN_POINT('',(-0.00643274595478738,0.,0.0129542839299591));
#6288=CARTESIAN_POINT('',(-0.00644859868171147,0.,0.0132391952075861));
#6289=CARTESIAN_POINT('',(-0.00645001722994394,0.,0.0135583302611965));
#6290=CARTESIAN_POINT('',(-0.00644014004982601,0.,0.0137957166407603));
#6291=CARTESIAN_POINT('',(-0.00643029540749055,0.,0.0139250676880337));
#6292=CARTESIAN_POINT('',(-0.0064296007914078,0.,0.0139339453981122));
#6293=CARTESIAN_POINT('',(-0.00425208689462213,0.,0.0122474559826736));
#6294=CARTESIAN_POINT('',(-0.00431751944056802,0.,0.0124389554175686));
#6295=CARTESIAN_POINT('',(-0.00440418557196882,0.,0.0126925985388605));
#6296=CARTESIAN_POINT('',(-0.00442824860706319,0.,0.0127422548325845));
#6297=CARTESIAN_POINT('',(-0.00446822460233557,0.,0.0128251541218704));
#6298=CARTESIAN_POINT('',(-0.00452450161770818,0.,0.0129250131095186));
#6299=CARTESIAN_POINT('',(-0.00460495951570671,0.,0.0130539500285899));
#6300=CARTESIAN_POINT('',(-0.00471051553451632,0.,0.0132051122267445));
#6301=CARTESIAN_POINT('',(-0.0048441984637499,0.,0.0133777092822276));
#6302=CARTESIAN_POINT('',(-0.0050081865560988,0.,0.0135687788719597));
#6303=CARTESIAN_POINT('',(-0.00520454470834255,0.,0.0137758277094774));
#6304=CARTESIAN_POINT('',(-0.00543570166757829,0.,0.0139958632859619));
#6305=CARTESIAN_POINT('',(-0.00561514839520306,0.,0.0141515833034106));
#6306=CARTESIAN_POINT('',(-0.00571599074098019,0.,0.0142331886446061));
#6307=CARTESIAN_POINT('',(-0.00572292482776712,0.,0.0142387756534813));
#6308=CARTESIAN_POINT('',(-0.00437826956653207,0.,0.0126134556290486));
#6309=CARTESIAN_POINT('',(-0.00400553322842262,0.,0.0127453791935033));
#6310=CARTESIAN_POINT('',(-0.00388698790978285,0.,0.0123681747237071));
#6311=CARTESIAN_POINT('',(2.50752247588064E-16,0.,-8.37570835963639E-16));
#6312=CARTESIAN_POINT('',(-0.00354889203129243,0.,0.0124693939851612));
#6313=CARTESIAN_POINT('',(-0.00365712610519034,0.,0.0128496854389873));
#6314=CARTESIAN_POINT('',(-0.0032732162547422,0.,0.0129442868730915));
#6315=CARTESIAN_POINT('',(-0.00317752024748067,0.,0.0125691601184723));
#6316=CARTESIAN_POINT('',(-0.00322808281164346,0.,0.0127651113336749));
#6317=CARTESIAN_POINT('',(-0.00329505348757157,0.,0.0130246508872624));
#6318=CARTESIAN_POINT('',(-0.0033022356942637,0.,0.0130793609692527));
#6319=CARTESIAN_POINT('',(-0.0033143901412028,0.,0.0131705894833353));
#6320=CARTESIAN_POINT('',(-0.00332224479105003,0.,0.0132849451755817));
#6321=CARTESIAN_POINT('',(-0.00332587519257482,0.,0.0134368827372138));
#6322=CARTESIAN_POINT('',(-0.00332074941046898,0.,0.0136211808913437));
#6323=CARTESIAN_POINT('',(-0.0033039025840769,0.,0.0138388435973142));
#6324=CARTESIAN_POINT('',(-0.00327188698669666,0.,0.0140885928397095));
#6325=CARTESIAN_POINT('',(-0.00322160733894054,0.,0.0143694801873981));
#6326=CARTESIAN_POINT('',(-0.00314939004174902,0.,0.0146803400540717));
#6327=CARTESIAN_POINT('',(-0.00308503403567399,0.,0.0149090498185584));
#6328=CARTESIAN_POINT('',(-0.00304562435254836,0.,0.0150326438608477));
#6329=CARTESIAN_POINT('',(-0.00304290111909207,0.,0.0150411220816092));
#6330=CARTESIAN_POINT('',(-0.00131301361624778,0.,0.0128979229432685));
#6331=CARTESIAN_POINT('',(-0.00133251961052441,0.,0.0130993502696702));
#6332=CARTESIAN_POINT('',(-0.0013583555158624,0.,0.013366142993158));
#6333=CARTESIAN_POINT('',(-0.00137031839931655,0.,0.0134200101128492));
#6334=CARTESIAN_POINT('',(-0.00139009894468007,0.,0.0135098939400221));
#6335=CARTESIAN_POINT('',(-0.00142182993843198,0.,0.0136200395886374));
#6336=CARTESIAN_POINT('',(-0.00147038418351461,0.,0.0137640558645731));
#6337=CARTESIAN_POINT('',(-0.00153823452422537,0.,0.0139354863593029));
#6338=CARTESIAN_POINT('',(-0.00162851039256237,0.,0.0141342604439465));
#6339=CARTESIAN_POINT('',(-0.00174401448485015,0.,0.0143579979848676));
#6340=CARTESIAN_POINT('',(-0.00188733102973711,0.,0.0146047491004308));
#6341=CARTESIAN_POINT('',(-0.00206151342715499,0.,0.0148721620529064));
#6342=CARTESIAN_POINT('',(-0.00220021163759665,0.,0.0150650678804746));
#6343=CARTESIAN_POINT('',(-0.0022795162780753,0.,0.0151677293845158));
#6344=CARTESIAN_POINT('',(-0.00228497500273887,0.,0.0151747649053059));
#6345=CARTESIAN_POINT('',(-0.00135138969076561,0.,0.0132831567485629));
#6346=CARTESIAN_POINT('',(-0.000958276841201315,0.,0.0133255653810937));
#6347=CARTESIAN_POINT('',(-0.000929916264217647,0.,0.0129311900747181));
#6348=CARTESIAN_POINT('',(5.08360606576995E-17,0.,-8.72821453599819E-16));
#6349=CARTESIAN_POINT('',(-0.000577591035772225,0.,0.0129517106824674));
#6350=CARTESIAN_POINT('',(-0.000595206401440526,0.,0.0133467118261342));
#6351=CARTESIAN_POINT('',(-0.000199828298597462,0.,0.0133502275618912));
#6352=CARTESIAN_POINT('',(-0.00019322197275196,0.,0.0129631433794505));
#6353=CARTESIAN_POINT('',(-0.000197232156336948,0.,0.0131654732340485));
#6354=CARTESIAN_POINT('',(-0.000202543688885373,0.,0.0134334613661228));
#6355=CARTESIAN_POINT('',(-0.000196915285069995,0.,0.0134883530616227));
#6356=CARTESIAN_POINT('',(-0.000187703364107118,0.,0.0135799255076657));
#6357=CARTESIAN_POINT('',(-0.000168974053309412,0.,0.0136930101343415));
#6358=CARTESIAN_POINT('',(-0.000137467383816989,0.,0.0138416894275448));
#6359=CARTESIAN_POINT('',(-8.99776885403108E-5,0.,0.0140198377143746));
#6360=CARTESIAN_POINT('',(-2.33884960683972E-5,0.,0.0142277481483981));
#6361=CARTESIAN_POINT('',(6.53602557432586E-5,0.,0.0144633820627749));
#6362=CARTESIAN_POINT('',(0.000179061689354646,0.,0.0147251027709062));
#6363=CARTESIAN_POINT('',(0.000321021578785805,0.,0.0150109289147675));
#6364=CARTESIAN_POINT('',(0.000436386961872502,0.,0.0152186322615743));
#6365=CARTESIAN_POINT('',(0.000503237099570198,0.,0.0153298063120684));
#6366=CARTESIAN_POINT('',(0.000507842140179512,0.,0.0153374279804374));
#6367=CARTESIAN_POINT('',(0.0016968445660394,0.,0.0128530595394889));
#6368=CARTESIAN_POINT('',(0.00172431669663243,0.,0.0130535557580935));
#6369=CARTESIAN_POINT('',(0.0017607038377014,0.,0.0133191152189973));
#6370=CARTESIAN_POINT('',(0.00176148602803095,0.,0.0133742891742901));
#6371=CARTESIAN_POINT('',(0.00176296730689685,0.,0.0134663118789615));
#6372=CARTESIAN_POINT('',(0.00175749296085206,0.,0.0135808062081169));
#6373=CARTESIAN_POINT('',(0.00174345994060554,0.,0.0137321378862041));
#6374=CARTESIAN_POINT('',(0.00171697310742375,0.,0.0139145948151651));
#6375=CARTESIAN_POINT('',(0.00167497109541241,0.,0.0141288299666153));
#6376=CARTESIAN_POINT('',(0.0016141778586981,0.,0.014373173709982));
#6377=CARTESIAN_POINT('',(0.00153162915319889,0.,0.0146463246870815));
#6378=CARTESIAN_POINT('',(0.0014238115357291,0.,0.0149466987140631));
#6379=CARTESIAN_POINT('',(0.00133333909889616,0.,0.0151663907486547));
#6380=CARTESIAN_POINT('',(0.00127984749741144,0.,0.0152845739072859));
#6381=CARTESIAN_POINT('',(0.00127615841613076,0.,0.015292678653244));
#6382=CARTESIAN_POINT('',(0.00174834395302422,0.,0.0132367594495451));
#6383=CARTESIAN_POINT('',(0.00214064049856987,0.,0.0131873668897953));
#6384=CARTESIAN_POINT('',(0.00207728740785138,0.,0.0127970816216873));
#6385=CARTESIAN_POINT('',(-1.51820711461145E-16,0.,-8.6101804075102E-16));
#6386=CARTESIAN_POINT('',(0.00242484804199034,0.,0.0127357973044564));
#6387=CARTESIAN_POINT('',(0.00249880103347438,0.,0.0131242135240666));
#6388=CARTESIAN_POINT('',(0.0028843324528483,0.,0.0130364540272516));
#6389=CARTESIAN_POINT('',(0.00280149294854146,0.,0.0126582802254578));
#6390=CARTESIAN_POINT('',(0.00284425133556933,0.,0.012856081064619));
#6391=CARTESIAN_POINT('',(0.00290088529249512,0.,0.0131180704656137));
#6392=CARTESIAN_POINT('',(0.00291902087811146,0.,0.0131701845491105));
#6393=CARTESIAN_POINT('',(0.00294910254993278,0.,0.013257164232845));
#6394=CARTESIAN_POINT('',(0.00299340611938243,0.,0.0133628813724554));
#6395=CARTESIAN_POINT('',(0.00305835132718454,0.,0.0135002870580491));
#6396=CARTESIAN_POINT('',(0.00314564475386743,0.,0.0136626814573239));
#6397=CARTESIAN_POINT('',(0.00325838647181705,0.,0.0138496311140866));
#6398=CARTESIAN_POINT('',(0.0033990839098782,0.,0.0140584466151292));
#6399=CARTESIAN_POINT('',(0.00357007745562835,0.,0.0142868912525839));
#6400=CARTESIAN_POINT('',(0.00377412684291496,0.,0.0145322747122341));
#6401=CARTESIAN_POINT('',(0.00393428222534991,0.,0.0147077743001726));
#6402=CARTESIAN_POINT('',(0.00402496890939286,0.,0.0148005349370331));
#6403=CARTESIAN_POINT('',(0.00403120749822398,0.,0.0148068891668948));
#6404=CARTESIAN_POINT('',(0.00461522541855955,0.,0.012115284369045));
#6405=CARTESIAN_POINT('',(0.00468819464435106,0.,0.012304040676811));
#6406=CARTESIAN_POINT('',(0.0047848431916335,0.,0.0125540504958559));
#6407=CARTESIAN_POINT('',(0.00479832828766364,0.,0.0126075568445392));
#6408=CARTESIAN_POINT('',(0.00482099153463186,0.,0.0126967574588811));
#6409=CARTESIAN_POINT('',(0.00484206895970645,0.,0.0128094280496562));
#6410=CARTESIAN_POINT('',(0.00486331368804984,0.,0.0129599167999585));
#6411=CARTESIAN_POINT('',(0.00487961827442972,0.,0.0131435638628831));
#6412=CARTESIAN_POINT('',(0.0048881544580834,0.,0.0133617106086726));
#6413=CARTESIAN_POINT('',(0.00488534945606956,0.,0.013613487920034));
#6414=CARTESIAN_POINT('',(0.00486801881203851,0.,0.0138983131187919));
#6415=CARTESIAN_POINT('',(0.00483237845018216,0.,0.0142154549787358));
#6416=CARTESIAN_POINT('',(0.00479500917944551,0.,0.0144500895659008));
#6417=CARTESIAN_POINT('',(0.00477021436303655,0.,0.0145774230944497));
#6418=CARTESIAN_POINT('',(0.00476849380446549,0.,0.0145861601366233));
#6419=CARTESIAN_POINT('',(0.00475382392176454,0.,0.0124767650223949));
#6420=CARTESIAN_POINT('',(0.00512415535497901,0.,0.0123382340360453));
#6421=CARTESIAN_POINT('',(0.00497250397807734,0.,0.0119730791860302));
#6422=CARTESIAN_POINT('',(-3.46292789727794E-16,0.,-8.02796922459121E-16));
#6423=CARTESIAN_POINT('',(0.00529656293416067,0.,0.011833293797224));
#6424=CARTESIAN_POINT('',(0.00545809745788414,0.,0.0121941854738406));
#6425=CARTESIAN_POINT('',(0.00581299809517938,0.,0.0120198818816426));
#6426=CARTESIAN_POINT('',(0.00564517865983959,0.,0.0116710059080371));
#6427=CARTESIAN_POINT('',(0.00573240050176805,0.,0.0118536142373232));
#6428=CARTESIAN_POINT('',(0.00584792679689103,0.,0.0120954809908174));
#6429=CARTESIAN_POINT('',(0.00587759187019353,0.,0.0121420079785806));
#6430=CARTESIAN_POINT('',(0.00592692158215907,0.,0.0122197058027427));
#6431=CARTESIAN_POINT('',(0.00599441099336405,0.,0.0123123562169273));
#6432=CARTESIAN_POINT('',(0.0060892935265128,0.,0.0124310807188349));
#6433=CARTESIAN_POINT('',(0.00621168467337438,0.,0.0125689665064556));
#6434=CARTESIAN_POINT('',(0.00636450098160493,0.,0.0127248768815712));
#6435=CARTESIAN_POINT('',(0.00654956207061151,0.,0.0128956166715686));
#6436=CARTESIAN_POINT('',(0.00676862942218901,0.,0.0130784697288108));
#6437=CARTESIAN_POINT('',(0.00702376795204624,0.,0.0132701818184251));
#6438=CARTESIAN_POINT('',(0.00722007931570769,0.,0.0134040164192832));
#6439=CARTESIAN_POINT('',(0.00732971360348578,0.,0.0134733628925666));
#6440=CARTESIAN_POINT('',(0.00733724941660002,0.,0.0134781071257446));
#6441=CARTESIAN_POINT('',(0.00728479827415858,0.,0.0107243710823414));
#6442=CARTESIAN_POINT('',(0.00739933080529878,0.,0.0108912115778594));
#6443=CARTESIAN_POINT('',(0.00755103041059415,0.,0.0111121936609881));
#6444=CARTESIAN_POINT('',(0.0075764914273074,0.,0.0111611478619548));
#6445=CARTESIAN_POINT('',(0.00761911486086773,0.,0.0112427175577593));
#6446=CARTESIAN_POINT('',(0.00766560776762024,0.,0.0113474903094416));
#6447=CARTESIAN_POINT('',(0.00772098493574956,0.,0.0114890232444777));
#6448=CARTESIAN_POINT('',(0.00777920195721908,0.,0.0116639599806684));
#6449=CARTESIAN_POINT('',(0.00783781614866749,0.,0.0118742579732665));
#6450=CARTESIAN_POINT('',(0.00789315059973874,0.,0.0121198954725969));
#6451=CARTESIAN_POINT('',(0.00794197231668142,0.,0.0124010398928239));
#6452=CARTESIAN_POINT('',(0.00798043059157135,0.,0.0127178523859716));
#6453=CARTESIAN_POINT('',(0.0079981790739891,0.,0.012954780314383));
#6454=CARTESIAN_POINT('',(0.0080034177376264,0.,0.0130843996293664));
#6455=CARTESIAN_POINT('',(0.00800375845752287,0.,0.0130932979515505));
#6456=CARTESIAN_POINT('',(0.00750302401240108,0.,0.0110441449633972));
#6457=CARTESIAN_POINT('',(0.00783142566986305,0.,0.0108239437917792));
#6458=CARTESIAN_POINT('',(0.00759965157176047,0.,0.0105036049523382));
#6459=CARTESIAN_POINT('',(-5.22096134065668E-16,0.,-7.01296814281213E-16));
#6460=CARTESIAN_POINT('',(0.00788273874758619,0.,0.0102928543584493));
#6461=CARTESIAN_POINT('',(0.0081231464355635,0.,0.0106067657283725));
#6462=CARTESIAN_POINT('',(0.00842828350556087,0.,0.0103553147925637));
#6463=CARTESIAN_POINT('',(0.00818453132838573,0.,0.0100545446411867));
#6464=CARTESIAN_POINT('',(0.00831151447313989,0.,0.0102121159982997));
#6465=CARTESIAN_POINT('',(0.00847970505398711,0.,0.0104208210050076));
#6466=CARTESIAN_POINT('',(0.00851930036319552,0.,0.0104592526150838));
#6467=CARTESIAN_POINT('',(0.00858521873776468,0.,0.0105234798698615));
#6468=CARTESIAN_POINT('',(0.00867225561909798,0.,0.01059806875081));
#6469=CARTESIAN_POINT('',(0.00879196033567188,0.,0.010691711600403));
#6470=CARTESIAN_POINT('',(0.00894285106430507,0.,0.0107976553178685));
#6471=CARTESIAN_POINT('',(0.00912750359608482,0.,0.0109141212426587));
#6472=CARTESIAN_POINT('',(0.00934695164482721,0.,0.0110375806953377));
#6473=CARTESIAN_POINT('',(0.00960228282460504,0.,0.0111649845167218));
#6474=CARTESIAN_POINT('',(0.00989475591284814,0.,0.0112926899879261));
#6475=CARTESIAN_POINT('',(0.0101166400613078,0.,0.0113776445437298));
#6476=CARTESIAN_POINT('',(0.0102393115399891,0.,0.0114198383671119));
#6477=CARTESIAN_POINT('',(0.0102477383197509,0.,0.0114227168407675));
#6478=CARTESIAN_POINT('',(0.00956164576919797,0.,0.0087553041746888));
#6479=CARTESIAN_POINT('',(0.00971156712728745,0.,0.00889123444366034));
#6480=CARTESIAN_POINT('',(0.00991013962560829,0.,0.00907127558957229));
#6481=CARTESIAN_POINT('',(0.00994620395300331,0.,0.00911303850917696));
#6482=CARTESIAN_POINT('',(0.0100064897328198,0.,0.00918257984302977));
#6483=CARTESIAN_POINT('',(0.010075891676613,0.,0.00927380642945666));
#6484=CARTESIAN_POINT('',(0.0101624158870605,0.,0.00939875347206421));
#6485=CARTESIAN_POINT('',(0.0102594068489234,0.,0.00955554899679239));
#6486=CARTESIAN_POINT('',(0.0103649391419338,0.,0.0097466610169844));
#6487=CARTESIAN_POINT('',(0.0104754299515101,0.,0.00997291632311404));
#6488=CARTESIAN_POINT('',(0.0105877720380291,0.,0.0102352233963442));
#6489=CARTESIAN_POINT('',(0.0106982556541115,0.,0.0105346270791862));
#6490=CARTESIAN_POINT('',(0.0107701650644024,0.,0.0107610755028969));
#6491=CARTESIAN_POINT('',(0.0108051547903733,0.,0.0108859927934933));
#6492=CARTESIAN_POINT('',(0.0108075384204395,0.,0.0108945726848357));
#6493=CARTESIAN_POINT('',(0.0098477341364437,0.,0.00901613219075231));
#6494=CARTESIAN_POINT('',(0.0101165017997958,0.,0.00872613193602493));
#6495=CARTESIAN_POINT('',(0.0098170999821135,0.,0.00846787865690881));
#6496=CARTESIAN_POINT('',(-6.69753140676516E-16,0.,-5.61989613321489E-16));
#6497=CARTESIAN_POINT('',(0.0133392600725639,-0.00635,0.000576756476784249));
#6498=CARTESIAN_POINT('',(0.0133392600725639,0.,0.000576756476784249));
#6499=CARTESIAN_POINT('',(0.013451885265883,-0.00635,0.000582311797374332));
#6500=CARTESIAN_POINT('',(0.013451885265883,-8.67361737988404E-19,0.000582311797374332));
#6501=CARTESIAN_POINT('',(0.0134939147258872,-0.00635,0.00058908078829527));
#6502=CARTESIAN_POINT('',(0.0134939147258872,-8.67361737988404E-19,0.00058908078829527));
#6503=CARTESIAN_POINT('',(0.0137091183023616,-0.00635,0.000632277764318465));
#6504=CARTESIAN_POINT('',(0.0137091183023616,3.46944695195361E-18,0.000632277764318465));
#6505=CARTESIAN_POINT('',(0.0139285163713151,-0.00635,0.000699235360463904));
#6506=CARTESIAN_POINT('',(0.0139285163713151,-1.73472347597681E-18,0.000699235360463904));
#6507=CARTESIAN_POINT('',(0.0142594875324922,-0.00635,0.000821996346813689));
#6508=CARTESIAN_POINT('',(0.0142594875324922,0.,0.000821996346813689));
#6509=CARTESIAN_POINT('',(0.0147088160009722,-0.00635,0.00103636793093527));
#6510=CARTESIAN_POINT('',(0.0147088160009722,-4.33680868994202E-18,0.00103636793093527));
#6511=CARTESIAN_POINT('',(0.0150895955861857,-0.00635,0.00126670196497291));
#6512=CARTESIAN_POINT('',(0.0150895955861857,-8.67361737988404E-19,0.00126670196497291));
#6513=CARTESIAN_POINT('',(0.0152819510854144,-0.00635,0.00139877507750442));
#6514=CARTESIAN_POINT('',(0.0152819510854144,-8.67361737988404E-19,0.00139877507750442));
#6515=CARTESIAN_POINT('',(0.0133392600720473,-1.7347234759768E-18,0.00057675647675877));
#6516=CARTESIAN_POINT('',(-8.74300631892311E-16,-0.00635,0.));
#6517=CARTESIAN_POINT('',(0.0129633823698315,-0.00635,-0.000176461158574288));
#6518=CARTESIAN_POINT('',(0.0129633823698315,-0.00635,0.000176461158574288));
#6519=CARTESIAN_POINT('',(0.0133392600725639,-0.00635,-0.000576756476784249));
#6520=CARTESIAN_POINT('',(0.0133392600725639,0.,-0.000576756476784249));
#6521=CARTESIAN_POINT('',(0.013451885265883,-0.00635,-0.000582311797374332));
#6522=CARTESIAN_POINT('',(0.013451885265883,-8.67361737988404E-19,-0.000582311797374332));
#6523=CARTESIAN_POINT('',(0.0134939147258872,-0.00635,-0.00058908078829527));
#6524=CARTESIAN_POINT('',(0.0134939147258872,-8.67361737988404E-19,-0.00058908078829527));
#6525=CARTESIAN_POINT('',(0.0137091183023616,-0.00635,-0.000632277764318465));
#6526=CARTESIAN_POINT('',(0.0137091183023616,3.46944695195361E-18,-0.000632277764318465));
#6527=CARTESIAN_POINT('',(0.0139285163713151,-0.00635,-0.000699235360463904));
#6528=CARTESIAN_POINT('',(0.0139285163713151,-1.73472347597681E-18,-0.000699235360463904));
#6529=CARTESIAN_POINT('',(0.0142594875324922,-0.00635,-0.000821996346813689));
#6530=CARTESIAN_POINT('',(0.0142594875324922,0.,-0.000821996346813689));
#6531=CARTESIAN_POINT('',(0.0147088160009722,-0.00635,-0.00103636793093527));
#6532=CARTESIAN_POINT('',(0.0147088160009722,-4.33680868994202E-18,-0.00103636793093527));
#6533=CARTESIAN_POINT('',(0.0150895955861857,-0.00635,-0.00126670196497291));
#6534=CARTESIAN_POINT('',(0.0150895955861857,-8.67361737988404E-19,-0.00126670196497291));
#6535=CARTESIAN_POINT('',(0.0152819510854144,-0.00635,-0.00139877507750442));
#6536=CARTESIAN_POINT('',(0.0152819510854144,-8.67361737988404E-19,-0.00139877507750442));
#6537=CARTESIAN_POINT('',(0.0133392600720473,-0.00635,-0.00057675647675877));
#6538=CARTESIAN_POINT('',(0.0133587394765035,-0.003175,0.000181842869234638));
#6539=CARTESIAN_POINT('',(0.0133587394765035,-0.003175,-0.000181842869234638));
#6540=CARTESIAN_POINT('',(-0.00617014427558958,-0.00635,-0.0118405163289199));
#6541=CARTESIAN_POINT('',(-0.00617014427558958,0.,-0.0118405163289199));
#6542=CARTESIAN_POINT('',(-0.00622164582349196,-0.00635,-0.0119408302677354));
#6543=CARTESIAN_POINT('',(-0.00622164582349196,0.,-0.0119408302677354));
#6544=CARTESIAN_POINT('',(-0.00623679843539851,-0.00635,-0.0119806133432668));
#6545=CARTESIAN_POINT('',(-0.00623679843539851,3.46944695195361E-18,-0.0119806133432668));
#6546=CARTESIAN_POINT('',(-0.00630699054503299,-0.00635,-0.0121885835954906));
#6547=CARTESIAN_POINT('',(-0.00630699054503299,-1.73472347597681E-18,-0.0121885835954906));
#6548=CARTESIAN_POINT('',(-0.00635870260027144,-0.00635,-0.0124120666948183));
#6549=CARTESIAN_POINT('',(-0.00635870260027144,0.,-0.0124120666948183));
#6550=CARTESIAN_POINT('',(-0.00641787404808744,-0.00635,-0.0127600766214925));
#6551=CARTESIAN_POINT('',(-0.00641787404808744,-8.67361737988404E-19,-0.0127600766214925));
#6552=CARTESIAN_POINT('',(-0.00645688704462873,-0.00635,-0.0132563922819009));
#6553=CARTESIAN_POINT('',(-0.00645688704462873,2.60208521396521E-18,-0.0132563922819009));
#6554=CARTESIAN_POINT('',(-0.00644780171240246,-0.00635,-0.0137013240929562));
#6555=CARTESIAN_POINT('',(-0.00644780171240246,0.,-0.0137013240929562));
#6556=CARTESIAN_POINT('',(-0.00642960079140781,-0.00635,-0.0139339453981122));
#6557=CARTESIAN_POINT('',(-0.00642960079140781,0.,-0.0139339453981122));
#6558=CARTESIAN_POINT('',(-0.00617014427535336,-1.7347234759768E-18,-0.0118405163284598));
#6559=CARTESIAN_POINT('',(4.37150315946156E-16,-0.00635,7.57166557763528E-16));
#6560=CARTESIAN_POINT('',(-0.00663451103102234,-0.00635,-0.0111383878719583));
#6561=CARTESIAN_POINT('',(-0.00632887133880921,-0.00635,-0.0113148490305326));
#6562=CARTESIAN_POINT('',(-0.00716911579697431,-0.00635,-0.0112637598521356));
#6563=CARTESIAN_POINT('',(-0.00716911579697431,0.,-0.0112637598521356));
#6564=CARTESIAN_POINT('',(-0.00723023944239105,-0.00635,-0.0113585184703611));
#6565=CARTESIAN_POINT('',(-0.00723023944239105,0.,-0.0113585184703611));
#6566=CARTESIAN_POINT('',(-0.00725711629048865,-0.00635,-0.0113915325549716));
#6567=CARTESIAN_POINT('',(-0.00725711629048865,0.,-0.0113915325549716));
#6568=CARTESIAN_POINT('',(-0.00740212775732864,-0.00635,-0.0115563058311721));
#6569=CARTESIAN_POINT('',(-0.00740212775732864,0.,-0.0115563058311721));
#6570=CARTESIAN_POINT('',(-0.00756981377104366,-0.00635,-0.0117128313343543));
#6571=CARTESIAN_POINT('',(-0.00756981377104366,-1.73472347597681E-18,-0.0117128313343543));
#6572=CARTESIAN_POINT('',(-0.00784161348440476,-0.00635,-0.0119380802746788));
#6573=CARTESIAN_POINT('',(-0.00784161348440476,8.67361737988404E-19,-0.0119380802746788));
#6574=CARTESIAN_POINT('',(-0.00825192895634363,-0.00635,-0.0122200243509655));
#6575=CARTESIAN_POINT('',(-0.00825192895634363,-8.67361737988404E-19,-0.0122200243509655));
#6576=CARTESIAN_POINT('',(-0.00864179387378293,-0.00635,-0.0124346221279835));
#6577=CARTESIAN_POINT('',(-0.00864179387378293,0.,-0.0124346221279835));
#6578=CARTESIAN_POINT('',(-0.00885235029400656,-0.00635,-0.0125351703206078));
#6579=CARTESIAN_POINT('',(-0.00885235029400656,0.,-0.0125351703206078));
#6580=CARTESIAN_POINT('',(-0.00716911579669397,-0.00635,-0.011263759851701));
#6581=CARTESIAN_POINT('',(-0.00652188919399753,-0.003175,-0.0116599291838074));
#6582=CARTESIAN_POINT('',(-0.00683685028250603,-0.003175,-0.0114780863145728));
#6583=CARTESIAN_POINT('',(-0.00873443822133383,-0.00635,-0.0100984204841506));
#6584=CARTESIAN_POINT('',(-0.00873443822133383,0.,-0.0100984204841506));
#6585=CARTESIAN_POINT('',(-0.00880768552469471,-0.00635,-0.0101841533734486));
#6586=CARTESIAN_POINT('',(-0.00880768552469471,0.,-0.0101841533734486));
#6587=CARTESIAN_POINT('',(-0.00883160430459077,-0.00635,-0.0102193696582415));
#6588=CARTESIAN_POINT('',(-0.00883160430459077,8.67361737988404E-19,-0.0102193696582415));
#6589=CARTESIAN_POINT('',(-0.00894786561763086,-0.00635,-0.0104055466309184));
#6590=CARTESIAN_POINT('',(-0.00894786561763086,8.67361737988404E-19,-0.0104055466309184));
#6591=CARTESIAN_POINT('',(-0.00904972251727545,-0.00635,-0.0106110800937338));
#6592=CARTESIAN_POINT('',(-0.00904972251727545,-1.73472347597681E-18,-0.0106110800937338));
#6593=CARTESIAN_POINT('',(-0.00918755560332461,-0.00635,-0.0109360634928339));
#6594=CARTESIAN_POINT('',(-0.00918755560332461,-8.67361737988404E-19,-0.0109360634928339));
#6595=CARTESIAN_POINT('',(-0.00933997526768315,-0.00635,-0.0114100038842148));
#6596=CARTESIAN_POINT('',(-0.00933997526768315,2.60208521396521E-18,-0.0114100038842148));
#6597=CARTESIAN_POINT('',(-0.00943374316879063,-0.00635,-0.0118450377225229));
#6598=CARTESIAN_POINT('',(-0.00943374316879063,-8.67361737988404E-19,-0.0118450377225229));
#6599=CARTESIAN_POINT('',(-0.0094696790208186,-0.00635,-0.0120755861115356));
#6600=CARTESIAN_POINT('',(-0.0094696790208186,0.,-0.0120755861115356));
#6601=CARTESIAN_POINT('',(-0.00873443822099788,-1.7347234759768E-18,-0.0100984204837574));
#6602=CARTESIAN_POINT('',(5.99981497619448E-16,-0.00635,6.35943234449128E-16));
#6603=CARTESIAN_POINT('',(-0.00902436594530024,-0.00635,-0.009308127646968));
#6604=CARTESIAN_POINT('',(-0.00876765955428348,-0.00635,-0.00955031763592846));
#6605=CARTESIAN_POINT('',(-0.00957347313897263,-0.00635,-0.00930683186559093));
#6606=CARTESIAN_POINT('',(-0.00957347313897263,0.,-0.00930683186559093));
#6607=CARTESIAN_POINT('',(-0.00965480202986893,-0.00635,-0.0093849401702877));
#6608=CARTESIAN_POINT('',(-0.00965480202986893,0.,-0.0093849401702877));
#6609=CARTESIAN_POINT('',(-0.00968856798091687,-0.00635,-0.00941086612824798));
#6610=CARTESIAN_POINT('',(-0.00968856798091687,8.67361737988404E-19,-0.00941086612824798));
#6611=CARTESIAN_POINT('',(-0.00986766997746684,-0.00635,-0.0095377559737706));
#6612=CARTESIAN_POINT('',(-0.00986766997746684,8.67361737988404E-19,-0.0095377559737706));
#6613=CARTESIAN_POINT('',(-0.01006693325819,-0.00635,-0.0096513912556928));
#6614=CARTESIAN_POINT('',(-0.01006693325819,8.67361737988404E-19,-0.0096513912556928));
#6615=CARTESIAN_POINT('',(-0.0103833525556079,-0.00635,-0.00980788725411478));
#6616=CARTESIAN_POINT('',(-0.0103833525556079,8.67361737988404E-19,-0.00980788725411478));
#6617=CARTESIAN_POINT('',(-0.0108476286995508,-0.00635,-0.00998760623149561));
#6618=CARTESIAN_POINT('',(-0.0108476286995508,-8.67361737988404E-19,-0.00998760623149561));
#6619=CARTESIAN_POINT('',(-0.0112764744108911,-0.00635,-0.0101065104602536));
#6620=CARTESIAN_POINT('',(-0.0112764744108911,0.,-0.0101065104602536));
#6621=CARTESIAN_POINT('',(-0.0115045432645506,-0.00635,-0.0101557907111424));
#6622=CARTESIAN_POINT('',(-0.0115045432645506,0.,-0.0101557907111424));
#6623=CARTESIAN_POINT('',(-0.00957347313859961,-0.00635,-0.00930683186523269));
#6624=CARTESIAN_POINT('',(-0.00903505554822821,-0.003175,-0.00984158312826836));
#6625=CARTESIAN_POINT('',(-0.00929959096820679,-0.003175,-0.00959200683143171));
#6626=CARTESIAN_POINT('',(-0.00327321625486594,-0.00635,-0.0129442868735937));
#6627=CARTESIAN_POINT('',(-0.00327321625486594,0.,-0.0129442868735937));
#6628=CARTESIAN_POINT('',(-0.00330019558553173,-0.00635,-0.0130537739115199));
#6629=CARTESIAN_POINT('',(-0.00330019558553173,0.,-0.0130537739115199));
#6630=CARTESIAN_POINT('',(-0.00330576514821881,-0.00635,-0.0130959790618905));
#6631=CARTESIAN_POINT('',(-0.00330576514821881,1.73472347597681E-18,-0.0130959790618905));
#6632=CARTESIAN_POINT('',(-0.0033261039796487,-0.00635,-0.0133145308635326));
#6633=CARTESIAN_POINT('',(-0.0033261039796487,-8.67361737988404E-19,-0.0133145308635326));
#6634=CARTESIAN_POINT('',(-0.00332488338019794,-0.00635,-0.0135439155676414));
#6635=CARTESIAN_POINT('',(-0.00332488338019794,-1.73472347597681E-18,-0.0135439155676414));
#6636=CARTESIAN_POINT('',(-0.00330220324171308,-0.00635,-0.0138961907166638));
#6637=CARTESIAN_POINT('',(-0.00330220324171308,-1.73472347597681E-18,-0.0138961907166638));
#6638=CARTESIAN_POINT('',(-0.00322570636969536,-0.00635,-0.0143881251403802));
#6639=CARTESIAN_POINT('',(-0.00322570636969536,2.60208521396521E-18,-0.0143881251403802));
#6640=CARTESIAN_POINT('',(-0.00311425759674752,-0.00635,-0.0148189685350832));
#6641=CARTESIAN_POINT('',(-0.00311425759674752,-8.67361737988404E-19,-0.0148189685350832));
#6642=CARTESIAN_POINT('',(-0.00304290111909206,-0.00635,-0.0150411220816093));
#6643=CARTESIAN_POINT('',(-0.00304290111909206,-8.67361737988404E-19,-0.0150411220816093));
#6644=CARTESIAN_POINT('',(-0.0032732162547422,-1.7347234759768E-18,-0.0129442868730915));
#6645=CARTESIAN_POINT('',(2.50752247588064E-16,-0.00635,8.37570835963639E-16));
#6646=CARTESIAN_POINT('',(-0.00388698790978284,-0.00635,-0.0123681747237071));
#6647=CARTESIAN_POINT('',(-0.00354889203129242,-0.00635,-0.0124693939851612));
#6648=CARTESIAN_POINT('',(-0.00437826956670463,-0.00635,-0.0126134556295362));
#6649=CARTESIAN_POINT('',(-0.00437826956670463,0.,-0.0126134556295362));
#6650=CARTESIAN_POINT('',(-0.00441589277509611,-0.00635,-0.0127197560996544));
#6651=CARTESIAN_POINT('',(-0.00441589277509611,0.,-0.0127197560996544));
#6652=CARTESIAN_POINT('',(-0.00443443158240563,-0.00635,-0.0127580785130683));
#6653=CARTESIAN_POINT('',(-0.00443443158240563,2.60208521396521E-18,-0.0127580785130683));
#6654=CARTESIAN_POINT('',(-0.00453753491382344,-0.00635,-0.0129518522499769));
#6655=CARTESIAN_POINT('',(-0.00453753491382344,0.,-0.0129518522499769));
#6656=CARTESIAN_POINT('',(-0.00466460366412706,-0.00635,-0.0131428296440275));
#6657=CARTESIAN_POINT('',(-0.00466460366412706,1.73472347597681E-18,-0.0131428296440275));
#6658=CARTESIAN_POINT('',(-0.0048771310005314,-0.00635,-0.0134246882975781));
#6659=CARTESIAN_POINT('',(-0.0048771310005314,1.73472347597681E-18,-0.0134246882975781));
#6660=CARTESIAN_POINT('',(-0.00521136558716754,-0.00635,-0.0137936577946396));
#6661=CARTESIAN_POINT('',(-0.00521136558716754,1.73472347597681E-18,-0.0137936577946396));
#6662=CARTESIAN_POINT('',(-0.00554123199209448,-0.00635,-0.0140923800982115));
#6663=CARTESIAN_POINT('',(-0.00554123199209448,8.67361737988404E-19,-0.0140923800982115));
#6664=CARTESIAN_POINT('',(-0.00572292482776711,-0.00635,-0.0142387756534813));
#6665=CARTESIAN_POINT('',(-0.00572292482776711,8.67361737988404E-19,-0.0142387756534813));
#6666=CARTESIAN_POINT('',(-0.00437826956653207,-0.00635,-0.0126134556290486));
#6667=CARTESIAN_POINT('',(-0.00365712610519033,-0.003175,-0.0128496854389873));
#6668=CARTESIAN_POINT('',(-0.00400553322842261,-0.003175,-0.0127453791935033));
#6669=CARTESIAN_POINT('',(-0.000199828298602052,-0.00635,-0.0133502275624083));
#6670=CARTESIAN_POINT('',(-0.000199828298602052,-1.73472347597681E-18,-0.0133502275624083));
#6671=CARTESIAN_POINT('',(-0.000200830949331709,-0.00635,-0.0134629852248909));
#6672=CARTESIAN_POINT('',(-0.000200830949331709,-1.73472347597681E-18,-0.0134629852248909));
#6673=CARTESIAN_POINT('',(-0.000196517206233213,-0.00635,-0.0135053371595198));
#6674=CARTESIAN_POINT('',(-0.000196517206233213,-8.67361737988404E-19,-0.0135053371595198));
#6675=CARTESIAN_POINT('',(-0.000165906287791638,-0.00635,-0.0137226883263837));
#6676=CARTESIAN_POINT('',(-0.000165906287791638,-2.60208521396521E-18,-0.0137226883263837));
#6677=CARTESIAN_POINT('',(-0.000111818836484002,-0.00635,-0.0139456084465011));
#6678=CARTESIAN_POINT('',(-0.000111818836484002,0.,-0.0139456084465011));
#6679=CARTESIAN_POINT('',(-8.5098038345273E-6,-0.00635,-0.0142831575734049));
#6680=CARTESIAN_POINT('',(-8.5098038345273E-6,-8.67361737988404E-19,-0.0142831575734049));
#6681=CARTESIAN_POINT('',(0.000179372970571196,-0.00635,-0.0147441904483142));
#6682=CARTESIAN_POINT('',(0.000179372970571196,1.73472347597681E-18,-0.0147441904483142));
#6683=CARTESIAN_POINT('',(0.000387176952043694,-0.00635,-0.0151377185477369));
#6684=CARTESIAN_POINT('',(0.000387176952043694,-8.67361737988404E-19,-0.0151377185477369));
#6685=CARTESIAN_POINT('',(0.000507842140179522,-0.00635,-0.0153374279804374));
#6686=CARTESIAN_POINT('',(0.000507842140179522,-8.67361737988404E-19,-0.0153374279804374));
#6687=CARTESIAN_POINT('',(-0.000199828298597453,-1.7347234759768E-18,-0.0133502275618912));
#6688=CARTESIAN_POINT('',(5.08360606576989E-17,-0.00635,8.72821453599819E-16));
#6689=CARTESIAN_POINT('',(-0.000929916264217639,-0.00635,-0.0129311900747181));
#6690=CARTESIAN_POINT('',(-0.000577591035772216,-0.00635,-0.0129517106824674));
#6691=CARTESIAN_POINT('',(-0.00135138969082107,-0.00635,-0.0132831567490771));
#6692=CARTESIAN_POINT('',(-0.00135138969082107,0.,-0.0132831567490771));
#6693=CARTESIAN_POINT('',(-0.00136348418528451,-0.00635,-0.0133952683852292));
#6694=CARTESIAN_POINT('',(-0.00136348418528451,0.,-0.0133952683852292));
#6695=CARTESIAN_POINT('',(-0.00137268551990529,-0.00635,-0.0134368331562201));
#6696=CARTESIAN_POINT('',(-0.00137268551990529,1.73472347597681E-18,-0.0134368331562201));
#6697=CARTESIAN_POINT('',(-0.00142832238861692,-0.00635,-0.0136491609615234));
#6698=CARTESIAN_POINT('',(-0.00142832238861692,8.67361737988404E-19,-0.0136491609615234));
#6699=CARTESIAN_POINT('',(-0.00150792356628974,-0.00635,-0.0138642946056964));
#6700=CARTESIAN_POINT('',(-0.00150792356628974,-8.67361737988404E-19,-0.0138642946056964));
#6701=CARTESIAN_POINT('',(-0.0016497211220211,-0.00635,-0.0141875678995038));
#6702=CARTESIAN_POINT('',(-0.0016497211220211,8.67361737988404E-19,-0.0141875678995038));
#6703=CARTESIAN_POINT('',(-0.00188985615027562,-0.00635,-0.0146236715762493));
#6704=CARTESIAN_POINT('',(-0.00188985615027562,1.73472347597681E-18,-0.0146236715762493));
#6705=CARTESIAN_POINT('',(-0.00214194085941766,-0.00635,-0.0149904142096686));
#6706=CARTESIAN_POINT('',(-0.00214194085941766,0.,-0.0149904142096686));
#6707=CARTESIAN_POINT('',(-0.00228497500273886,-0.00635,-0.0151747649053059));
#6708=CARTESIAN_POINT('',(-0.00228497500273886,0.,-0.0151747649053059));
#6709=CARTESIAN_POINT('',(-0.0013513896907656,-0.00635,-0.0132831567485629));
#6710=CARTESIAN_POINT('',(-0.000595206401440518,-0.003175,-0.0133467118261342));
#6711=CARTESIAN_POINT('',(-0.000958276841201306,-0.003175,-0.0133255653810937));
#6712=CARTESIAN_POINT('',(0.00288433245296309,-0.00635,-0.0130364540277559));
#6713=CARTESIAN_POINT('',(0.00288433245296309,1.73472347597681E-18,-0.0130364540277559));
#6714=CARTESIAN_POINT('',(0.00290936053532992,-0.00635,-0.0131464035200242));
#6715=CARTESIAN_POINT('',(0.00290936053532992,1.73472347597681E-18,-0.0131464035200242));
#6716=CARTESIAN_POINT('',(0.00292332502920698,-0.00635,-0.0131866190351532));
#6717=CARTESIAN_POINT('',(0.00292332502920698,8.67361737988404E-19,-0.0131866190351532));
#6718=CARTESIAN_POINT('',(0.00300323545498349,-0.00635,-0.013391052109574));
#6719=CARTESIAN_POINT('',(0.00300323545498349,8.67361737988404E-19,-0.013391052109574));
#6720=CARTESIAN_POINT('',(0.003107273889648,-0.00635,-0.0135954899643237));
#6721=CARTESIAN_POINT('',(0.003107273889648,3.46944695195361E-18,-0.0135954899643237));
#6722=CARTESIAN_POINT('',(0.00328564239977141,-0.00635,-0.0139001157083062));
#6723=CARTESIAN_POINT('',(0.00328564239977141,8.67361737988404E-19,-0.0139001157083062));
#6724=CARTESIAN_POINT('',(0.00357478226756528,-0.00635,-0.0143053926327881));
#6725=CARTESIAN_POINT('',(0.00357478226756528,3.46944695195361E-18,-0.0143053926327881));
#6726=CARTESIAN_POINT('',(0.0038677386911332,-0.00635,-0.0146403902352298));
#6727=CARTESIAN_POINT('',(0.0038677386911332,1.73472347597681E-18,-0.0146403902352298));
#6728=CARTESIAN_POINT('',(0.00403120749822398,-0.00635,-0.0148068891668948));
#6729=CARTESIAN_POINT('',(0.00403120749822398,1.73472347597681E-18,-0.0148068891668948));
#6730=CARTESIAN_POINT('',(0.0028843324528483,-1.7347234759768E-18,-0.0130364540272516));
#6731=CARTESIAN_POINT('',(-1.51820711461145E-16,-0.00635,8.6101804075102E-16));
#6732=CARTESIAN_POINT('',(0.00207728740785138,-0.00635,-0.0127970816216873));
#6733=CARTESIAN_POINT('',(0.00242484804199033,-0.00635,-0.0127357973044564));
#6734=CARTESIAN_POINT('',(0.00174834395308882,-0.00635,-0.0132367594500583));
#6735=CARTESIAN_POINT('',(0.00174834395308882,0.,-0.0132367594500583));
#6736=CARTESIAN_POINT('',(0.00176243018988049,-0.00635,-0.0133486382849203));
#6737=CARTESIAN_POINT('',(0.00176243018988049,0.,-0.0133486382849203));
#6738=CARTESIAN_POINT('',(0.00176306237427953,-0.00635,-0.0133912046459253));
#6739=CARTESIAN_POINT('',(0.00176306237427953,0.,-0.0133912046459253));
#6740=CARTESIAN_POINT('',(0.0017578913662674,-0.00635,-0.0136106398726805));
#6741=CARTESIAN_POINT('',(0.0017578913662674,-8.67361737988404E-19,-0.0136106398726805));
#6742=CARTESIAN_POINT('',(0.00173004908131773,-0.00635,-0.0138383318565334));
#6743=CARTESIAN_POINT('',(0.00173004908131773,-8.67361737988404E-19,-0.0138383318565334));
#6744=CARTESIAN_POINT('',(0.00166662564919174,-0.00635,-0.0141855920436523));
#6745=CARTESIAN_POINT('',(0.00166662564919174,1.73472347597681E-18,-0.0141855920436523));
#6746=CARTESIAN_POINT('',(0.00153353592084876,-0.00635,-0.0146653194379872));
#6747=CARTESIAN_POINT('',(0.00153353592084876,-1.73472347597681E-18,-0.0146653194379872));
#6748=CARTESIAN_POINT('',(0.00137282285941091,-0.00635,-0.0150803112109584));
#6749=CARTESIAN_POINT('',(0.00137282285941091,0.,-0.0150803112109584));
#6750=CARTESIAN_POINT('',(0.00127615841613076,-0.00635,-0.015292678653244));
#6751=CARTESIAN_POINT('',(0.00127615841613076,0.,-0.015292678653244));
#6752=CARTESIAN_POINT('',(0.00174834395302421,-0.00635,-0.0132367594495451));
#6753=CARTESIAN_POINT('',(0.00249880103347437,-0.003175,-0.0131242135240666));
#6754=CARTESIAN_POINT('',(0.00214064049856986,-0.003175,-0.0131873668897953));
#6755=CARTESIAN_POINT('',(0.00581299809540739,-0.00635,-0.0120198818821068));
#6756=CARTESIAN_POINT('',(0.00581299809540739,8.67361737988404E-19,-0.0120198818821068));
#6757=CARTESIAN_POINT('',(0.00586270764047204,-0.00635,-0.0121210957985733));
#6758=CARTESIAN_POINT('',(0.00586270764047204,0.,-0.0121210957985733));
#6759=CARTESIAN_POINT('',(0.00588557005564817,-0.00635,-0.0121570068653723));
#6760=CARTESIAN_POINT('',(0.00588557005564817,0.,-0.0121570068653723));
#6761=CARTESIAN_POINT('',(0.00601047199702198,-0.00635,-0.0123375008073925));
#6762=CARTESIAN_POINT('',(0.00601047199702198,8.67361737988404E-19,-0.0123375008073925));
#6763=CARTESIAN_POINT('',(0.00615885267610124,-0.00635,-0.0125124350991082));
#6764=CARTESIAN_POINT('',(0.00615885267610124,-8.67361737988404E-19,-0.0125124350991082));
#6765=CARTESIAN_POINT('',(0.00640266477114886,-0.00635,-0.0127677150074618));
#6766=CARTESIAN_POINT('',(0.00640266477114886,1.73472347597681E-18,-0.0127677150074618));
#6767=CARTESIAN_POINT('',(0.00677747412721705,-0.00635,-0.0130953873976159));
#6768=CARTESIAN_POINT('',(0.00677747412721705,-1.73472347597681E-18,-0.0130953873976159));
#6769=CARTESIAN_POINT('',(0.00713978963625691,-0.00635,-0.0133537946956168));
#6770=CARTESIAN_POINT('',(0.00713978963625691,8.67361737988404E-19,-0.0133537946956168));
#6771=CARTESIAN_POINT('',(0.00733724941660003,-0.00635,-0.0134781071257446));
#6772=CARTESIAN_POINT('',(0.00733724941660003,8.67361737988404E-19,-0.0134781071257446));
#6773=CARTESIAN_POINT('',(0.00581299809517939,-1.7347234759768E-18,-0.0120198818816426));
#6774=CARTESIAN_POINT('',(-3.46292789727794E-16,-0.00635,8.02796922459121E-16));
#6775=CARTESIAN_POINT('',(0.00497250397807735,-0.00635,-0.0119730791860302));
#6776=CARTESIAN_POINT('',(0.00529656293416068,-0.00635,-0.011833293797224));
#6777=CARTESIAN_POINT('',(0.00475382392194575,-0.00635,-0.0124767650228793));
#6778=CARTESIAN_POINT('',(0.00475382392194575,1.73472347597681E-18,-0.0124767650228793));
#6779=CARTESIAN_POINT('',(0.00479333149732101,-0.00635,-0.0125823796395051));
#6780=CARTESIAN_POINT('',(0.00479333149732101,1.73472347597681E-18,-0.0125823796395051));
#6781=CARTESIAN_POINT('',(0.00480376311951527,-0.00635,-0.0126236528269846));
#6782=CARTESIAN_POINT('',(0.00480376311951527,2.60208521396521E-18,-0.0126236528269846));
#6783=CARTESIAN_POINT('',(0.00484933674258305,-0.00635,-0.0128383656653186));
#6784=CARTESIAN_POINT('',(0.00484933674258305,0.,-0.0128383656653186));
#6785=CARTESIAN_POINT('',(0.00487475433514486,-0.00635,-0.0130663410550659));
#6786=CARTESIAN_POINT('',(0.00487475433514486,3.46944695195361E-18,-0.0130663410550659));
#6787=CARTESIAN_POINT('',(0.00489312420026671,-0.00635,-0.0134188672489238));
#6788=CARTESIAN_POINT('',(0.00489312420026671,2.60208521396521E-18,-0.0134188672489238));
#6789=CARTESIAN_POINT('',(0.00487425467353922,-0.00635,-0.0139163561328464));
#6790=CARTESIAN_POINT('',(0.00487425467353922,3.46944695195361E-18,-0.0139163561328464));
#6791=CARTESIAN_POINT('',(0.00481357734254675,-0.00635,-0.0143572247314727));
#6792=CARTESIAN_POINT('',(0.00481357734254675,8.67361737988404E-19,-0.0143572247314727));
#6793=CARTESIAN_POINT('',(0.0047684938044655,-0.00635,-0.0145861601366233));
#6794=CARTESIAN_POINT('',(0.0047684938044655,1.73472347597681E-18,-0.0145861601366233));
#6795=CARTESIAN_POINT('',(0.00475382392176455,-0.00635,-0.0124767650223949));
#6796=CARTESIAN_POINT('',(0.00545809745788415,-0.003175,-0.0121941854738406));
#6797=CARTESIAN_POINT('',(0.00512415535497901,-0.003175,-0.0123382340360453));
#6798=CARTESIAN_POINT('',(0.0105891979709898,-0.00635,-0.00813249000295697));
#6799=CARTESIAN_POINT('',(0.0105891979709898,0.,-0.00813249000295697));
#6800=CARTESIAN_POINT('',(0.0106790447657302,-0.00635,-0.00820062845929327));
#6801=CARTESIAN_POINT('',(0.0106790447657302,-8.67361737988404E-19,-0.00820062845929327));
#6802=CARTESIAN_POINT('',(0.0107155922235078,-0.00635,-0.00822245912754526));
#6803=CARTESIAN_POINT('',(0.0107155922235078,8.67361737988404E-19,-0.00822245912754526));
#6804=CARTESIAN_POINT('',(0.010908214208369,-0.00635,-0.00832769851662115));
#6805=CARTESIAN_POINT('',(0.010908214208369,-3.46944695195361E-18,-0.00832769851662115));
#6806=CARTESIAN_POINT('',(0.0111193223930985,-0.00635,-0.00841743238248179));
#6807=CARTESIAN_POINT('',(0.0111193223930985,-1.73472347597681E-18,-0.00841743238248179));
#6808=CARTESIAN_POINT('',(0.0114517702529294,-0.00635,-0.00853613617262494));
#6809=CARTESIAN_POINT('',(0.0114517702529294,8.67361737988404E-19,-0.00853613617262494));
#6810=CARTESIAN_POINT('',(0.0119337712274858,-0.00635,-0.00866074078406447));
#6811=CARTESIAN_POINT('',(0.0119337712274858,8.67361737988404E-19,-0.00866074078406447));
#6812=CARTESIAN_POINT('',(0.0123735211759605,-0.00635,-0.00872905507662525));
#6813=CARTESIAN_POINT('',(0.0123735211759605,-8.67361737988404E-19,-0.00872905507662525));
#6814=CARTESIAN_POINT('',(0.0126057689975559,-0.00635,-0.00875152493424453));
#6815=CARTESIAN_POINT('',(0.0126057689975559,0.,-0.00875152493424453));
#6816=CARTESIAN_POINT('',(0.0105891979705777,-1.7347234759768E-18,-0.00813249000264445));
#6817=CARTESIAN_POINT('',(-6.69753140676516E-16,-0.00635,5.6198961332149E-16));
#6818=CARTESIAN_POINT('',(0.00981709998211349,-0.00635,-0.00846787865690881));
#6819=CARTESIAN_POINT('',(0.0100439540747585,-0.00635,-0.00819752447700448));
#6820=CARTESIAN_POINT('',(0.00984773413682303,-0.00635,-0.00901613219110388));
#6821=CARTESIAN_POINT('',(0.00984773413682303,0.,-0.00901613219110388));
#6822=CARTESIAN_POINT('',(0.0099304391490772,-0.00635,-0.00909278189237574));
#6823=CARTESIAN_POINT('',(0.0099304391490772,0.,-0.00909278189237574));
#6824=CARTESIAN_POINT('',(0.00995828455986661,-0.00635,-0.00912498325638873));
#6825=CARTESIAN_POINT('',(0.00995828455986661,3.46944695195361E-18,-0.00912498325638873));
#6826=CARTESIAN_POINT('',(0.0100953735828006,-0.00635,-0.00929640425234886));
#6827=CARTESIAN_POINT('',(0.0100953735828006,-2.60208521396521E-18,-0.00929640425234886));
#6828=CARTESIAN_POINT('',(0.0102204027411767,-0.00635,-0.00948872310711313));
#6829=CARTESIAN_POINT('',(0.0102204027411767,-1.73472347597681E-18,-0.00948872310711313));
#6830=CARTESIAN_POINT('',(0.0103950321190505,-0.00635,-0.00979550764010637));
#6831=CARTESIAN_POINT('',(0.0103950321190505,1.73472347597681E-18,-0.00979550764010637));
#6832=CARTESIAN_POINT('',(0.0106014422973227,-0.00635,-0.0102485485731039));
#6833=CARTESIAN_POINT('',(0.0106014422973227,-1.73472347597681E-18,-0.0102485485731039));
#6834=CARTESIAN_POINT('',(0.0107450805194598,-0.00635,-0.0106697550793358));
#6835=CARTESIAN_POINT('',(0.0107450805194598,-8.67361737988404E-19,-0.0106697550793358));
#6836=CARTESIAN_POINT('',(0.0108075384204395,-0.00635,-0.0108945726848357));
#6837=CARTESIAN_POINT('',(0.0108075384204395,-8.67361737988404E-19,-0.0108945726848357));
#6838=CARTESIAN_POINT('',(0.0098477341364437,-0.00635,-0.00901613219075232));
#6839=CARTESIAN_POINT('',(0.0103502744863035,-0.003175,-0.00844753249702893));
#6840=CARTESIAN_POINT('',(0.0101165017997958,-0.003175,-0.00872613193602494));
#6841=CARTESIAN_POINT('',(0.00842828350588978,-0.00635,-0.0103553147929629));
#6842=CARTESIAN_POINT('',(0.00842828350588978,0.,-0.0103553147929629));
#6843=CARTESIAN_POINT('',(0.00849999465921097,-0.00635,-0.0104423366651926));
#6844=CARTESIAN_POINT('',(0.00849999465921097,0.,-0.0104423366651926));
#6845=CARTESIAN_POINT('',(0.00853052247696632,-0.00635,-0.0104720073087553));
#6846=CARTESIAN_POINT('',(0.00853052247696632,-8.67361737988404E-19,-0.0104720073087553));
#6847=CARTESIAN_POINT('',(0.0086936824379483,-0.00635,-0.0106188316432415));
#6848=CARTESIAN_POINT('',(0.0086936824379483,1.73472347597681E-18,-0.0106188316432415));
#6849=CARTESIAN_POINT('',(0.00887840612062625,-0.00635,-0.0107548316189767));
#6850=CARTESIAN_POINT('',(0.00887840612062625,-1.73472347597681E-18,-0.0107548316189767));
#6851=CARTESIAN_POINT('',(0.00917451782744567,-0.00635,-0.0109470034857653));
#6852=CARTESIAN_POINT('',(0.00917451782744567,0.,-0.0109470034857653));
#6853=CARTESIAN_POINT('',(0.00961479060238674,-0.00635,-0.0111794064382231));
#6854=CARTESIAN_POINT('',(0.00961479060238674,-1.73472347597681E-18,-0.0111794064382231));
#6855=CARTESIAN_POINT('',(0.0100269326740243,-0.00635,-0.0113472926274631));
#6856=CARTESIAN_POINT('',(0.0100269326740243,-8.67361737988404E-19,-0.0113472926274631));
#6857=CARTESIAN_POINT('',(0.0102477383197509,-0.00635,-0.0114227168407675));
#6858=CARTESIAN_POINT('',(0.0102477383197509,-8.67361737988404E-19,-0.0114227168407675));
#6859=CARTESIAN_POINT('',(0.00842828350556088,-1.7347234759768E-18,-0.0103553147925637));
#6860=CARTESIAN_POINT('',(-5.22096134065669E-16,-0.00635,7.01296814281212E-16));
#6861=CARTESIAN_POINT('',(0.00759965157176047,-0.00635,-0.0105036049523382));
#6862=CARTESIAN_POINT('',(0.0078827387475862,-0.00635,-0.0102928543584492));
#6863=CARTESIAN_POINT('',(0.00750302401268912,-0.00635,-0.0110441449638267));
#6864=CARTESIAN_POINT('',(0.00750302401268912,0.,-0.0110441449638267));
#6865=CARTESIAN_POINT('',(0.00756582306303332,-0.00635,-0.0111378016508966));
#6866=CARTESIAN_POINT('',(0.00756582306303332,-8.67361737988404E-19,-0.0111378016508966));
#6867=CARTESIAN_POINT('',(0.0075854917515702,-0.00635,-0.0111755566166305));
#6868=CARTESIAN_POINT('',(0.0075854917515702,-8.67361737988404E-19,-0.0111755566166305));
#6869=CARTESIAN_POINT('',(0.007679353119902,-0.00635,-0.0113739718418523));
#6870=CARTESIAN_POINT('',(0.007679353119902,3.46944695195361E-18,-0.0113739718418523));
#6871=CARTESIAN_POINT('',(0.0077566603209812,-0.00635,-0.0115899404252236));
#6872=CARTESIAN_POINT('',(0.0077566603209812,-1.73472347597681E-18,-0.0115899404252236));
#6873=CARTESIAN_POINT('',(0.00785583315916728,-0.00635,-0.0119287278474615));
#6874=CARTESIAN_POINT('',(0.00785583315916728,0.,-0.0119287278474615));
#6875=CARTESIAN_POINT('',(0.0079522010951254,-0.00635,-0.0124171584664698));
#6876=CARTESIAN_POINT('',(0.0079522010951254,-4.33680868994202E-18,-0.0124171584664698));
#6877=CARTESIAN_POINT('',(0.00799483062519773,-0.00635,-0.0128601365504835));
#6878=CARTESIAN_POINT('',(0.00799483062519773,-8.67361737988404E-19,-0.0128601365504835));
#6879=CARTESIAN_POINT('',(0.00800375845752288,-0.00635,-0.0130932979515505));
#6880=CARTESIAN_POINT('',(0.00800375845752288,-8.67361737988404E-19,-0.0130932979515505));
#6881=CARTESIAN_POINT('',(0.00750302401240109,-0.00635,-0.0110441449633972));
#6882=CARTESIAN_POINT('',(0.00812314643556351,-0.003175,-0.0106067657283725));
#6883=CARTESIAN_POINT('',(0.00783142566986306,-0.003175,-0.0108239437917792));
#6884=CARTESIAN_POINT('',(0.012179246032562,-0.00635,-0.00547124057187508));
#6885=CARTESIAN_POINT('',(0.012179246032562,0.,-0.00547124057187508));
#6886=CARTESIAN_POINT('',(0.0122823848047613,-0.00635,-0.00551682225049986));
#6887=CARTESIAN_POINT('',(0.0122823848047613,0.,-0.00551682225049986));
#6888=CARTESIAN_POINT('',(0.0123229816196523,-0.00635,-0.00552963604646499));
#6889=CARTESIAN_POINT('',(0.0123229816196523,-8.67361737988404E-19,-0.00552963604646499));
#6890=CARTESIAN_POINT('',(0.0125346813273305,-0.00635,-0.00558761700742534));
#6891=CARTESIAN_POINT('',(0.0125346813273305,1.73472347597681E-18,-0.00558761700742534));
#6892=CARTESIAN_POINT('',(0.0127607931172295,-0.00635,-0.00562624718747607));
#6893=CARTESIAN_POINT('',(0.0127607931172295,-1.73472347597681E-18,-0.00562624718747607));
#6894=CARTESIAN_POINT('',(0.0131116547798975,-0.00635,-0.00566508354892188));
#6895=CARTESIAN_POINT('',(0.0131116547798975,0.,-0.00566508354892188));
#6896=CARTESIAN_POINT('',(0.01360939915677,-0.00635,-0.00567517235248759));
#6897=CARTESIAN_POINT('',(0.01360939915677,-1.73472347597681E-18,-0.00567517235248759));
#6898=CARTESIAN_POINT('',(0.0140530499485333,-0.00635,-0.00564023190717499));
#6899=CARTESIAN_POINT('',(0.0140530499485333,-8.67361737988404E-19,-0.00564023190717499));
#6900=CARTESIAN_POINT('',(0.0142842194058209,-0.00635,-0.00560853605326865));
#6901=CARTESIAN_POINT('',(0.0142842194058209,-8.67361737988404E-19,-0.00560853605326865));
#6902=CARTESIAN_POINT('',(0.012179246032089,-1.7347234759768E-18,-0.00547124057166602));
#6903=CARTESIAN_POINT('',(-7.81303582114354E-16,-0.00635,3.92385406842015E-16));
#6904=CARTESIAN_POINT('',(0.0115053059913692,-0.00635,-0.00597564683125678));
#6905=CARTESIAN_POINT('',(0.0116636972379799,-0.00635,-0.00566026392915424));
#6906=CARTESIAN_POINT('',(0.0116615503646498,-0.00635,-0.00650205739821975));
#6907=CARTESIAN_POINT('',(0.0116615503646498,0.,-0.00650205739821975));
#6908=CARTESIAN_POINT('',(0.011759702690196,-0.00635,-0.00655756790845805));
#6909=CARTESIAN_POINT('',(0.011759702690196,0.,-0.00655756790845805));
#6910=CARTESIAN_POINT('',(0.0117942236699348,-0.00635,-0.00658247968688119));
#6911=CARTESIAN_POINT('',(0.0117942236699348,-8.67361737988404E-19,-0.00658247968688119));
#6912=CARTESIAN_POINT('',(0.0119671498427603,-0.00635,-0.00671766510331672));
#6913=CARTESIAN_POINT('',(0.0119671498427603,8.67361737988404E-19,-0.00671766510331672));
#6914=CARTESIAN_POINT('',(0.0121331606041428,-0.00635,-0.00687596627023376));
#6915=CARTESIAN_POINT('',(0.0121331606041428,-8.67361737988404E-19,-0.00687596627023376));
#6916=CARTESIAN_POINT('',(0.012373832206742,-0.00635,-0.00713420908040052));
#6917=CARTESIAN_POINT('',(0.012373832206742,-8.67361737988404E-19,-0.00713420908040052));
#6918=CARTESIAN_POINT('',(0.0126791570011904,-0.00635,-0.00752743677342401));
#6919=CARTESIAN_POINT('',(0.0126791570011904,0.,-0.00752743677342401));
#6920=CARTESIAN_POINT('',(0.0129160603416571,-0.00635,-0.00790416435009811));
#6921=CARTESIAN_POINT('',(0.0129160603416571,-8.67361737988404E-19,-0.00790416435009811));
#6922=CARTESIAN_POINT('',(0.0130286811896832,-0.00635,-0.00810851818472638));
#6923=CARTESIAN_POINT('',(0.0130286811896832,-8.67361737988404E-19,-0.00810851818472638));
#6924=CARTESIAN_POINT('',(0.0116615503641997,-0.00635,-0.00650205739796515));
#6925=CARTESIAN_POINT('',(0.0120194165604183,-0.003175,-0.0058328906022082));
#6926=CARTESIAN_POINT('',(0.0118561946991427,-0.003175,-0.00615789204892447));
#6927=CARTESIAN_POINT('',(0.0131127077880385,-0.00635,-0.00251503514538557));
#6928=CARTESIAN_POINT('',(0.0131127077880385,0.,-0.00251503514538557));
#6929=CARTESIAN_POINT('',(0.0132235782997908,-0.00635,-0.00253560272620579));
#6930=CARTESIAN_POINT('',(0.0132235782997908,0.,-0.00253560272620579));
#6931=CARTESIAN_POINT('',(0.0132660358869964,-0.00635,-0.00253870885482686));
#6932=CARTESIAN_POINT('',(0.0132660358869964,1.73472347597681E-18,-0.00253870885482686));
#6933=CARTESIAN_POINT('',(0.0134854005314543,-0.00635,-0.00254630561905848));
#6934=CARTESIAN_POINT('',(0.0134854005314543,8.67361737988404E-19,-0.00254630561905848));
#6935=CARTESIAN_POINT('',(0.0137143261814025,-0.00635,-0.00253174955029371));
#6936=CARTESIAN_POINT('',(0.0137143261814025,-8.67361737988404E-19,-0.00253174955029371));
#6937=CARTESIAN_POINT('',(0.014064686603856,-0.00635,-0.00248862480474424));
#6938=CARTESIAN_POINT('',(0.014064686603856,1.73472347597681E-18,-0.00248862480474424));
#6939=CARTESIAN_POINT('',(0.0145513408548505,-0.00635,-0.00238365391042455));
#6940=CARTESIAN_POINT('',(0.0145513408548505,-1.73472347597681E-18,-0.00238365391042455));
#6941=CARTESIAN_POINT('',(0.0149749751608856,-0.00635,-0.0022473423756892));
#6942=CARTESIAN_POINT('',(0.0149749751608856,0.,-0.0022473423756892));
#6943=CARTESIAN_POINT('',(0.0151926038485857,-0.00635,-0.00216318954194563));
#6944=CARTESIAN_POINT('',(0.0151926038485857,0.,-0.00216318954194563));
#6945=CARTESIAN_POINT('',(0.01311270778753,-1.7347234759768E-18,-0.00251503514529123));
#6946=CARTESIAN_POINT('',(-8.50733745207512E-16,-0.00635,2.0162760151451E-16));
#6947=CARTESIAN_POINT('',(0.0125732579765927,-0.00635,-0.00316126633819317));
#6948=CARTESIAN_POINT('',(0.0126546474640663,-0.00635,-0.00281785708777861));
#6949=CARTESIAN_POINT('',(0.0128466893938386,-0.00635,-0.00363745500800278));
#6950=CARTESIAN_POINT('',(0.0128466893938386,-1.73472347597681E-18,-0.00363745500800278));
#6951=CARTESIAN_POINT('',(0.0129549976154007,-0.00635,-0.00366883374123221));
#6952=CARTESIAN_POINT('',(0.0129549976154007,-1.73472347597681E-18,-0.00366883374123221));
#6953=CARTESIAN_POINT('',(0.0129943331291357,-0.00635,-0.00368511293364253));
#6954=CARTESIAN_POINT('',(0.0129943331291357,-3.46944695195361E-18,-0.00368511293364253));
#6955=CARTESIAN_POINT('',(0.0131937739571156,-0.00635,-0.003776774889762));
#6956=CARTESIAN_POINT('',(0.0131937739571156,-3.46944695195361E-18,-0.003776774889762));
#6957=CARTESIAN_POINT('',(0.013391816638388,-0.00635,-0.00389252431194859));
#6958=CARTESIAN_POINT('',(0.013391816638388,-4.33680868994202E-18,-0.00389252431194859));
#6959=CARTESIAN_POINT('',(0.0136855557973209,-0.00635,-0.00408830346254906));
#6960=CARTESIAN_POINT('',(0.0136855557973209,-2.60208521396521E-18,-0.00408830346254906));
#6961=CARTESIAN_POINT('',(0.0140733350692463,-0.00635,-0.00440051890888459));
#6962=CARTESIAN_POINT('',(0.0140733350692463,-1.73472347597681E-18,-0.00440051890888459));
#6963=CARTESIAN_POINT('',(0.0143907320076384,-0.00635,-0.00471245807482961));
#6964=CARTESIAN_POINT('',(0.0143907320076384,-2.60208521396521E-18,-0.00471245807482961));
#6965=CARTESIAN_POINT('',(0.0145474443836427,-0.00635,-0.00488533137046678));
#6966=CARTESIAN_POINT('',(0.0145474443836427,-2.60208521396521E-18,-0.00488533137046678));
#6967=CARTESIAN_POINT('',(0.0128466893933418,-0.00635,-0.00363745500785886));
#6968=CARTESIAN_POINT('',(0.0130405887766508,-0.003175,-0.00290379606523499));
#6969=CARTESIAN_POINT('',(0.0129567170733971,-0.003175,-0.00325767860755555));
#6970=CARTESIAN_POINT('',(-0.0108278563417409,-0.00635,-0.00781191617720199));
#6971=CARTESIAN_POINT('',(-0.0108278563417409,-8.67361737988404E-19,-0.00781191617720199));
#6972=CARTESIAN_POINT('',(-0.0109189006194768,-0.00635,-0.0078784461347293));
#6973=CARTESIAN_POINT('',(-0.0109189006194768,-8.67361737988404E-19,-0.0078784461347293));
#6974=CARTESIAN_POINT('',(-0.010950296099747,-0.00635,-0.00790719710975508));
#6975=CARTESIAN_POINT('',(-0.010950296099747,-8.67361737988404E-19,-0.00790719710975508));
#6976=CARTESIAN_POINT('',(-0.0111063589387136,-0.00635,-0.008061543954098));
#6977=CARTESIAN_POINT('',(-0.0111063589387136,8.67361737988404E-19,-0.008061543954098));
#6978=CARTESIAN_POINT('',(-0.0112528695509398,-0.00635,-0.00823804741822037));
#6979=CARTESIAN_POINT('',(-0.0112528695509398,-1.73472347597681E-18,-0.00823804741822037));
#6980=CARTESIAN_POINT('',(-0.0114619336578764,-0.00635,-0.00852248435058199));
#6981=CARTESIAN_POINT('',(-0.0114619336578764,0.,-0.00852248435058199));
#6982=CARTESIAN_POINT('',(-0.0117195430064942,-0.00635,-0.0089484992237615));
#6983=CARTESIAN_POINT('',(-0.0117195430064942,-8.67361737988404E-19,-0.0089484992237615));
#6984=CARTESIAN_POINT('',(-0.0119111090891161,-0.00635,-0.00935018230249415));
#6985=CARTESIAN_POINT('',(-0.0119111090891161,0.,-0.00935018230249415));
#6986=CARTESIAN_POINT('',(-0.011999244403082,-0.00635,-0.00956622885203722));
#6987=CARTESIAN_POINT('',(-0.011999244403082,0.,-0.00956622885203722));
#6988=CARTESIAN_POINT('',(-0.0108278563413233,-1.7347234759768E-18,-0.00781191617689685));
#6989=CARTESIAN_POINT('',(7.30467521456654E-16,-0.00635,4.80436046757804E-16));
#6990=CARTESIAN_POINT('',(-0.0109277149555969,-0.00635,-0.00697606385121061));
#6991=CARTESIAN_POINT('',(-0.0107337809737622,-0.00635,-0.00727092614556386));
#6992=CARTESIAN_POINT('',(-0.0114617220660478,-0.00635,-0.00684817016418857));
#6993=CARTESIAN_POINT('',(-0.0114617220660478,1.73472347597681E-18,-0.00684817016418857));
#6994=CARTESIAN_POINT('',(-0.0115588717408643,-0.00635,-0.00690541731643288));
#6995=CARTESIAN_POINT('',(-0.0115588717408643,1.73472347597681E-18,-0.00690541731643288));
#6996=CARTESIAN_POINT('',(-0.0115977064637015,-0.00635,-0.00692285747263862));
#6997=CARTESIAN_POINT('',(-0.0115977064637015,3.46944695195361E-18,-0.00692285747263862));
#6998=CARTESIAN_POINT('',(-0.0118012435549686,-0.00635,-0.00700502322306701));
#6999=CARTESIAN_POINT('',(-0.0118012435549686,8.67361737988404E-19,-0.00700502322306701));
#7000=CARTESIAN_POINT('',(-0.0120213417676588,-0.00635,-0.00706964217626732));
#7001=CARTESIAN_POINT('',(-0.0120213417676588,2.60208521396521E-18,-0.00706964217626732));
#7002=CARTESIAN_POINT('',(-0.0123653224029075,-0.00635,-0.00714894849300437));
#7003=CARTESIAN_POINT('',(-0.0123653224029075,1.73472347597681E-18,-0.00714894849300437));
#7004=CARTESIAN_POINT('',(-0.0128585299717617,-0.00635,-0.00721675367489027));
#7005=CARTESIAN_POINT('',(-0.0128585299717617,1.73472347597681E-18,-0.00721675367489027));
#7006=CARTESIAN_POINT('',(-0.0133032372937007,-0.00635,-0.00723355419763858));
#7007=CARTESIAN_POINT('',(-0.0133032372937007,8.67361737988404E-19,-0.00723355419763858));
#7008=CARTESIAN_POINT('',(-0.0135365233298628,-0.00635,-0.00722890979571096));
#7009=CARTESIAN_POINT('',(-0.0135365233298628,8.67361737988404E-19,-0.00722890979571096));
#7010=CARTESIAN_POINT('',(-0.0114617220656022,-0.00635,-0.006848170163926));
#7011=CARTESIAN_POINT('',(-0.011061139719217,-0.003175,-0.0074926747788855));
#7012=CARTESIAN_POINT('',(-0.0112609882977021,-0.003175,-0.0071888197772097));
#7013=CARTESIAN_POINT('',(-0.0123375419240786,-0.00635,-0.0051042694471013));
#7014=CARTESIAN_POINT('',(-0.0123375419240786,-1.73472347597681E-18,-0.0051042694471013));
#7015=CARTESIAN_POINT('',(-0.0124414749556107,-0.00635,-0.00514800982562699));
#7016=CARTESIAN_POINT('',(-0.0124414749556107,-1.73472347597681E-18,-0.00514800982562699));
#7017=CARTESIAN_POINT('',(-0.0124786545977873,-0.00635,-0.00516874551838009));
#7018=CARTESIAN_POINT('',(-0.0124786545977873,0.,-0.00516874551838009));
#7019=CARTESIAN_POINT('',(-0.0126661055746364,-0.00635,-0.00528294135605934));
#7020=CARTESIAN_POINT('',(-0.0126661055746364,-5.20417042793042E-18,-0.00528294135605934));
#7021=CARTESIAN_POINT('',(-0.0128493714744163,-0.00635,-0.00542089947405162));
#7022=CARTESIAN_POINT('',(-0.0128493714744163,8.67361737988404E-19,-0.00542089947405162));
#7023=CARTESIAN_POINT('',(-0.0131183959021212,-0.00635,-0.00564945587102737));
#7024=CARTESIAN_POINT('',(-0.0131183959021212,0.,-0.00564945587102737));
#7025=CARTESIAN_POINT('',(-0.0134673071483348,-0.00635,-0.00600457865392246));
#7026=CARTESIAN_POINT('',(-0.0134673071483348,8.67361737988404E-19,-0.00600457865392246));
#7027=CARTESIAN_POINT('',(-0.013746344035371,-0.00635,-0.00635125613433362));
#7028=CARTESIAN_POINT('',(-0.013746344035371,-1.73472347597681E-18,-0.00635125613433362));
#7029=CARTESIAN_POINT('',(-0.0138819274136866,-0.00635,-0.00654115371899942));
#7030=CARTESIAN_POINT('',(-0.0138819274136866,-8.67361737988404E-19,-0.00654115371899942));
#7031=CARTESIAN_POINT('',(-0.0123375419236019,-1.7347234759768E-18,-0.00510426944690069));
#7032=CARTESIAN_POINT('',(8.21573852137661E-16,-0.00635,2.99028427429531E-16));
#7033=CARTESIAN_POINT('',(-0.0122419480241038,-0.00635,-0.00426791864754764));
#7034=CARTESIAN_POINT('',(-0.0121212414826098,-0.00635,-0.00459955714468282));
#7035=CARTESIAN_POINT('',(-0.0127320665897861,-0.00635,-0.00402032183665203));
#7036=CARTESIAN_POINT('',(-0.0127320665897861,8.67361737988404E-19,-0.00402032183665203));
#7037=CARTESIAN_POINT('',(-0.0128397996844071,-0.00635,-0.00405362162764851));
#7038=CARTESIAN_POINT('',(-0.0128397996844071,8.67361737988404E-19,-0.00405362162764851));
#7039=CARTESIAN_POINT('',(-0.0128816095890736,-0.00635,-0.00406163577876447));
#7040=CARTESIAN_POINT('',(-0.0128816095890736,0.,-0.00406163577876447));
#7041=CARTESIAN_POINT('',(-0.0130986090377841,-0.00635,-0.00409464785722519));
#7042=CARTESIAN_POINT('',(-0.0130986090377841,1.73472347597681E-18,-0.00409464785722519));
#7043=CARTESIAN_POINT('',(-0.0133276766308247,-0.00635,-0.0041067668572106));
#7044=CARTESIAN_POINT('',(-0.0133276766308247,-8.67361737988404E-19,-0.0041067668572106));
#7045=CARTESIAN_POINT('',(-0.013680674518822,-0.00635,-0.00410460806819977));
#7046=CARTESIAN_POINT('',(-0.013680674518822,0.,-0.00410460806819977));
#7047=CARTESIAN_POINT('',(-0.0141762245648878,-0.00635,-0.00405684405968443));
#7048=CARTESIAN_POINT('',(-0.0141762245648878,1.73472347597681E-18,-0.00405684405968443));
#7049=CARTESIAN_POINT('',(-0.0146128192105935,-0.00635,-0.00397063515589341));
#7050=CARTESIAN_POINT('',(-0.0146128192105935,8.67361737988404E-19,-0.00397063515589341));
#7051=CARTESIAN_POINT('',(-0.0148387459186635,-0.00635,-0.00391231648205913));
#7052=CARTESIAN_POINT('',(-0.0148387459186635,8.67361737988404E-19,-0.00391231648205913));
#7053=CARTESIAN_POINT('',(-0.012732066589292,-0.00635,-0.00402032183649929));
#7054=CARTESIAN_POINT('',(-0.0124909149848734,-0.003175,-0.00473983439276634));
#7055=CARTESIAN_POINT('',(-0.0126153028332702,-0.003175,-0.00439808158804169));
#7056=CARTESIAN_POINT('',(-0.0131821074278355,-0.00635,-0.00212145022991649));
#7057=CARTESIAN_POINT('',(-0.0131821074278355,0.,-0.00212145022991649));
#7058=CARTESIAN_POINT('',(-0.013293326156532,-0.00635,-0.00214004297431245));
#7059=CARTESIAN_POINT('',(-0.013293326156532,-8.67361737988404E-19,-0.00214004297431245));
#7060=CARTESIAN_POINT('',(-0.0133342855964816,-0.00635,-0.00215164551822932));
#7061=CARTESIAN_POINT('',(-0.0133342855964816,1.73472347597681E-18,-0.00215164551822932));
#7062=CARTESIAN_POINT('',(-0.0135430191805313,-0.00635,-0.00221953402207711));
#7063=CARTESIAN_POINT('',(-0.0135430191805313,-2.60208521396521E-18,-0.00221953402207711));
#7064=CARTESIAN_POINT('',(-0.0137531604557711,-0.00635,-0.00231150943608921));
#7065=CARTESIAN_POINT('',(-0.0137531604557711,-1.73472347597681E-18,-0.00231150943608921));
#7066=CARTESIAN_POINT('',(-0.0140676420277123,-0.00635,-0.00247186376315852));
#7067=CARTESIAN_POINT('',(-0.0140676420277123,-1.73472347597681E-18,-0.00247186376315852));
#7068=CARTESIAN_POINT('',(-0.014489045275926,-0.00635,-0.00273694969462327));
#7069=CARTESIAN_POINT('',(-0.014489045275926,2.60208521396521E-18,-0.00273694969462327));
#7070=CARTESIAN_POINT('',(-0.0148405100165708,-0.00635,-0.00300993210400964));
#7071=CARTESIAN_POINT('',(-0.0148405100165708,-8.67361737988404E-19,-0.00300993210400964));
#7072=CARTESIAN_POINT('',(-0.0150162321242165,-0.00635,-0.00316344329585584));
#7073=CARTESIAN_POINT('',(-0.0150162321242165,-8.67361737988404E-19,-0.00316344329585584));
#7074=CARTESIAN_POINT('',(-0.0131821074273254,-1.7347234759768E-18,-0.00212145022983121));
#7075=CARTESIAN_POINT('',(8.68388923793462E-16,-0.00635,1.01500108177909E-16));
#7076=CARTESIAN_POINT('',(-0.0128962145059211,-0.00635,-0.00132968884488581));
#7077=CARTESIAN_POINT('',(-0.0128552427256635,-0.00635,-0.00168022482758095));
#7078=CARTESIAN_POINT('',(-0.0133160221080965,-0.00635,-0.000975736918280058));
#7079=CARTESIAN_POINT('',(-0.0133160221080965,0.,-0.000975736918280058));
#7080=CARTESIAN_POINT('',(-0.0134285307035053,-0.00635,-0.000983294147676768));
#7081=CARTESIAN_POINT('',(-0.0134285307035053,0.,-0.000983294147676768));
#7082=CARTESIAN_POINT('',(-0.0134710618072183,-0.00635,-0.000981450248741876));
#7083=CARTESIAN_POINT('',(-0.0134710618072183,3.46944695195361E-18,-0.000981450248741876));
#7084=CARTESIAN_POINT('',(-0.013689825116924,-0.00635,-0.000963528965540272));
#7085=CARTESIAN_POINT('',(-0.013689825116924,-1.73472347597681E-18,-0.000963528965540272));
#7086=CARTESIAN_POINT('',(-0.0139155129970824,-0.00635,-0.000922494673884685));
#7087=CARTESIAN_POINT('',(-0.0139155129970824,0.,-0.000922494673884685));
#7088=CARTESIAN_POINT('',(-0.0142584979303161,-0.00635,-0.000838987160000305));
#7089=CARTESIAN_POINT('',(-0.0142584979303161,0.,-0.000838987160000305));
#7090=CARTESIAN_POINT('',(-0.0147296752223428,-0.00635,-0.000678228931146132));
#7091=CARTESIAN_POINT('',(-0.0147296752223428,-4.33680868994202E-18,-0.000678228931146132));
#7092=CARTESIAN_POINT('',(-0.0151346202614539,-0.00635,-0.000493658145133301));
#7093=CARTESIAN_POINT('',(-0.0151346202614539,0.,-0.000493658145133301));
#7094=CARTESIAN_POINT('',(-0.0153410078741229,-0.00635,-0.000384809174194129));
#7095=CARTESIAN_POINT('',(-0.0153410078741229,0.,-0.000384809174194129));
#7096=CARTESIAN_POINT('',(-0.0133160221075805,-0.00635,-0.000975736918245396));
#7097=CARTESIAN_POINT('',(-0.0132473017905425,-0.003175,-0.00173146830767275));
#7098=CARTESIAN_POINT('',(-0.0132895231277472,-0.003175,-0.00137024168206136));
#7099=CARTESIAN_POINT('',(-0.0133160221080965,-0.00635,0.000975736918280049));
#7100=CARTESIAN_POINT('',(-0.0133160221080965,-8.67361737988404E-19,0.000975736918280049));
#7101=CARTESIAN_POINT('',(-0.0134285307035053,-0.00635,0.000983294147676758));
#7102=CARTESIAN_POINT('',(-0.0134285307035053,-8.67361737988404E-19,0.000983294147676758));
#7103=CARTESIAN_POINT('',(-0.0134710618072183,-0.00635,0.000981450248741869));
#7104=CARTESIAN_POINT('',(-0.0134710618072183,8.67361737988404E-19,0.000981450248741869));
#7105=CARTESIAN_POINT('',(-0.013689825116924,-0.00635,0.000963528965540264));
#7106=CARTESIAN_POINT('',(-0.013689825116924,-5.20417042793042E-18,0.000963528965540264));
#7107=CARTESIAN_POINT('',(-0.0139155129970824,-0.00635,0.000922494673884677));
#7108=CARTESIAN_POINT('',(-0.0139155129970824,8.67361737988404E-19,0.000922494673884677));
#7109=CARTESIAN_POINT('',(-0.0142584979303161,-0.00635,0.000838987160000297));
#7110=CARTESIAN_POINT('',(-0.0142584979303161,-8.67361737988404E-19,0.000838987160000297));
#7111=CARTESIAN_POINT('',(-0.0147296752223428,-0.00635,0.000678228931146128));
#7112=CARTESIAN_POINT('',(-0.0147296752223428,0.,0.000678228931146128));
#7113=CARTESIAN_POINT('',(-0.0151346202614539,-0.00635,0.000493658145133277));
#7114=CARTESIAN_POINT('',(-0.0151346202614539,-8.67361737988404E-19,0.000493658145133277));
#7115=CARTESIAN_POINT('',(-0.0153410078741229,-0.00635,0.00038480917419412));
#7116=CARTESIAN_POINT('',(-0.0153410078741229,-8.67361737988404E-19,0.00038480917419412));
#7117=CARTESIAN_POINT('',(-0.0133160221075805,-1.7347234759768E-18,0.000975736918245387));
#7118=CARTESIAN_POINT('',(8.68388923793462E-16,-0.00635,-1.01500108177908E-16));
#7119=CARTESIAN_POINT('',(-0.0128552427256635,-0.00635,0.00168022482758094));
#7120=CARTESIAN_POINT('',(-0.0128962145059211,-0.00635,0.00132968884488581));
#7121=CARTESIAN_POINT('',(-0.0131821074278355,-0.00635,0.00212145022991648));
#7122=CARTESIAN_POINT('',(-0.0131821074278355,1.73472347597681E-18,0.00212145022991648));
#7123=CARTESIAN_POINT('',(-0.013293326156532,-0.00635,0.00214004297431244));
#7124=CARTESIAN_POINT('',(-0.013293326156532,1.73472347597681E-18,0.00214004297431244));
#7125=CARTESIAN_POINT('',(-0.0133342855964816,-0.00635,0.00215164551822931));
#7126=CARTESIAN_POINT('',(-0.0133342855964816,4.33680868994202E-18,0.00215164551822931));
#7127=CARTESIAN_POINT('',(-0.0135430191805313,-0.00635,0.0022195340220771));
#7128=CARTESIAN_POINT('',(-0.0135430191805313,-8.67361737988404E-19,0.0022195340220771));
#7129=CARTESIAN_POINT('',(-0.0137531604557711,-0.00635,0.00231150943608921));
#7130=CARTESIAN_POINT('',(-0.0137531604557711,2.60208521396521E-18,0.00231150943608921));
#7131=CARTESIAN_POINT('',(-0.0140676420277123,-0.00635,0.00247186376315851));
#7132=CARTESIAN_POINT('',(-0.0140676420277123,8.67361737988404E-19,0.00247186376315851));
#7133=CARTESIAN_POINT('',(-0.014489045275926,-0.00635,0.00273694969462326));
#7134=CARTESIAN_POINT('',(-0.014489045275926,2.60208521396521E-18,0.00273694969462326));
#7135=CARTESIAN_POINT('',(-0.0148405100165708,-0.00635,0.00300993210400963));
#7136=CARTESIAN_POINT('',(-0.0148405100165708,1.73472347597681E-18,0.00300993210400963));
#7137=CARTESIAN_POINT('',(-0.0150162321242165,-0.00635,0.00316344329585583));
#7138=CARTESIAN_POINT('',(-0.0150162321242165,1.73472347597681E-18,0.00316344329585583));
#7139=CARTESIAN_POINT('',(-0.0131821074273254,-0.00635,0.0021214502298312));
#7140=CARTESIAN_POINT('',(-0.0132895231277472,-0.003175,0.00137024168206135));
#7141=CARTESIAN_POINT('',(-0.0132473017905425,-0.003175,0.00173146830767274));
#7142=CARTESIAN_POINT('',(-0.00957347313897263,-0.00635,0.00930683186559093));
#7143=CARTESIAN_POINT('',(-0.00957347313897263,0.,0.00930683186559093));
#7144=CARTESIAN_POINT('',(-0.00965480202986894,-0.00635,0.0093849401702877));
#7145=CARTESIAN_POINT('',(-0.00965480202986894,0.,0.0093849401702877));
#7146=CARTESIAN_POINT('',(-0.00968856798091688,-0.00635,0.00941086612824797));
#7147=CARTESIAN_POINT('',(-0.00968856798091688,0.,0.00941086612824797));
#7148=CARTESIAN_POINT('',(-0.00986766997746685,-0.00635,0.0095377559737706));
#7149=CARTESIAN_POINT('',(-0.00986766997746685,8.67361737988404E-19,0.0095377559737706));
#7150=CARTESIAN_POINT('',(-0.01006693325819,-0.00635,0.0096513912556928));
#7151=CARTESIAN_POINT('',(-0.01006693325819,-1.73472347597681E-18,0.0096513912556928));
#7152=CARTESIAN_POINT('',(-0.0103833525556078,-0.00635,0.00980788725411476));
#7153=CARTESIAN_POINT('',(-0.0103833525556078,3.46944695195361E-18,0.00980788725411476));
#7154=CARTESIAN_POINT('',(-0.0108476286995511,-0.00635,0.00998760623149559));
#7155=CARTESIAN_POINT('',(-0.0108476286995511,-8.67361737988404E-19,0.00998760623149559));
#7156=CARTESIAN_POINT('',(-0.0112764744108906,-0.00635,0.0101065104602536));
#7157=CARTESIAN_POINT('',(-0.0112764744108906,0.,0.0101065104602536));
#7158=CARTESIAN_POINT('',(-0.0115045432645506,-0.00635,0.0101557907111424));
#7159=CARTESIAN_POINT('',(-0.0115045432645506,0.,0.0101557907111424));
#7160=CARTESIAN_POINT('',(-0.00957347313859962,-1.7347234759768E-18,0.00930683186523268));
#7161=CARTESIAN_POINT('',(5.99981497619448E-16,-0.00635,-6.35943234449128E-16));
#7162=CARTESIAN_POINT('',(-0.00876765955428348,-0.00635,0.00955031763592845));
#7163=CARTESIAN_POINT('',(-0.00902436594530024,-0.00635,0.00930812764696799));
#7164=CARTESIAN_POINT('',(-0.00873443822133383,-0.00635,0.0100984204841506));
#7165=CARTESIAN_POINT('',(-0.00873443822133383,-1.73472347597681E-18,0.0100984204841506));
#7166=CARTESIAN_POINT('',(-0.00880768552469471,-0.00635,0.0101841533734486));
#7167=CARTESIAN_POINT('',(-0.00880768552469471,-1.73472347597681E-18,0.0101841533734486));
#7168=CARTESIAN_POINT('',(-0.00883160430459077,-0.00635,0.0102193696582415));
#7169=CARTESIAN_POINT('',(-0.00883160430459077,-5.20417042793042E-18,0.0102193696582415));
#7170=CARTESIAN_POINT('',(-0.00894786561763087,-0.00635,0.0104055466309184));
#7171=CARTESIAN_POINT('',(-0.00894786561763087,-1.73472347597681E-18,0.0104055466309184));
#7172=CARTESIAN_POINT('',(-0.00904972251727546,-0.00635,0.0106110800937338));
#7173=CARTESIAN_POINT('',(-0.00904972251727546,-4.33680868994202E-18,0.0106110800937338));
#7174=CARTESIAN_POINT('',(-0.00918755560332459,-0.00635,0.0109360634928339));
#7175=CARTESIAN_POINT('',(-0.00918755560332459,-8.67361737988404E-19,0.0109360634928339));
#7176=CARTESIAN_POINT('',(-0.00933997526768328,-0.00635,0.0114100038842148));
#7177=CARTESIAN_POINT('',(-0.00933997526768328,-2.60208521396521E-18,0.0114100038842148));
#7178=CARTESIAN_POINT('',(-0.00943374316879037,-0.00635,0.0118450377225229));
#7179=CARTESIAN_POINT('',(-0.00943374316879037,-2.60208521396521E-18,0.0118450377225229));
#7180=CARTESIAN_POINT('',(-0.00946967902081861,-0.00635,0.0120755861115356));
#7181=CARTESIAN_POINT('',(-0.00946967902081861,-2.60208521396521E-18,0.0120755861115356));
#7182=CARTESIAN_POINT('',(-0.00873443822099788,-0.00635,0.0100984204837574));
#7183=CARTESIAN_POINT('',(-0.0092995909682068,-0.003175,0.0095920068314317));
#7184=CARTESIAN_POINT('',(-0.00903505554822822,-0.003175,0.00984158312826836));
#7185=CARTESIAN_POINT('',(-0.00716911579697429,-0.00635,0.0112637598521356));
#7186=CARTESIAN_POINT('',(-0.00716911579697429,0.,0.0112637598521356));
#7187=CARTESIAN_POINT('',(-0.00723023944239103,-0.00635,0.0113585184703611));
#7188=CARTESIAN_POINT('',(-0.00723023944239103,0.,0.0113585184703611));
#7189=CARTESIAN_POINT('',(-0.00725711629048864,-0.00635,0.0113915325549715));
#7190=CARTESIAN_POINT('',(-0.00725711629048864,0.,0.0113915325549715));
#7191=CARTESIAN_POINT('',(-0.00740212775732861,-0.00635,0.0115563058311721));
#7192=CARTESIAN_POINT('',(-0.00740212775732861,8.67361737988404E-19,0.0115563058311721));
#7193=CARTESIAN_POINT('',(-0.00756981377104364,-0.00635,0.0117128313343544));
#7194=CARTESIAN_POINT('',(-0.00756981377104364,8.67361737988404E-19,0.0117128313343544));
#7195=CARTESIAN_POINT('',(-0.00784161348440474,-0.00635,0.0119380802746789));
#7196=CARTESIAN_POINT('',(-0.00784161348440474,8.67361737988404E-19,0.0119380802746789));
#7197=CARTESIAN_POINT('',(-0.00825192895634374,-0.00635,0.0122200243509655));
#7198=CARTESIAN_POINT('',(-0.00825192895634374,1.73472347597681E-18,0.0122200243509655));
#7199=CARTESIAN_POINT('',(-0.00864179387378265,-0.00635,0.0124346221279835));
#7200=CARTESIAN_POINT('',(-0.00864179387378265,0.,0.0124346221279835));
#7201=CARTESIAN_POINT('',(-0.00885235029400656,-0.00635,0.0125351703206078));
#7202=CARTESIAN_POINT('',(-0.00885235029400656,0.,0.0125351703206078));
#7203=CARTESIAN_POINT('',(-0.00716911579669396,-1.7347234759768E-18,0.011263759851701));
#7204=CARTESIAN_POINT('',(4.37150315946155E-16,-0.00635,-7.57166557763528E-16));
#7205=CARTESIAN_POINT('',(-0.0063288713388092,-0.00635,0.0113148490305326));
#7206=CARTESIAN_POINT('',(-0.00663451103102234,-0.00635,0.0111383878719583));
#7207=CARTESIAN_POINT('',(-0.00617014427558957,-0.00635,0.0118405163289199));
#7208=CARTESIAN_POINT('',(-0.00617014427558957,-1.73472347597681E-18,0.0118405163289199));
#7209=CARTESIAN_POINT('',(-0.00622164582349195,-0.00635,0.0119408302677354));
#7210=CARTESIAN_POINT('',(-0.00622164582349195,-1.73472347597681E-18,0.0119408302677354));
#7211=CARTESIAN_POINT('',(-0.00623679843539851,-0.00635,0.0119806133432668));
#7212=CARTESIAN_POINT('',(-0.00623679843539851,-1.73472347597681E-18,0.0119806133432668));
#7213=CARTESIAN_POINT('',(-0.00630699054503298,-0.00635,0.0121885835954906));
#7214=CARTESIAN_POINT('',(-0.00630699054503298,-1.73472347597681E-18,0.0121885835954906));
#7215=CARTESIAN_POINT('',(-0.00635870260027143,-0.00635,0.0124120666948183));
#7216=CARTESIAN_POINT('',(-0.00635870260027143,-2.60208521396521E-18,0.0124120666948183));
#7217=CARTESIAN_POINT('',(-0.00641787404808743,-0.00635,0.0127600766214925));
#7218=CARTESIAN_POINT('',(-0.00641787404808743,1.73472347597681E-18,0.0127600766214925));
#7219=CARTESIAN_POINT('',(-0.00645688704462873,-0.00635,0.0132563922819009));
#7220=CARTESIAN_POINT('',(-0.00645688704462873,-3.46944695195361E-18,0.0132563922819009));
#7221=CARTESIAN_POINT('',(-0.00644780171240243,-0.00635,0.0137013240929562));
#7222=CARTESIAN_POINT('',(-0.00644780171240243,-8.67361737988404E-19,0.0137013240929562));
#7223=CARTESIAN_POINT('',(-0.0064296007914078,-0.00635,0.0139339453981122));
#7224=CARTESIAN_POINT('',(-0.0064296007914078,-8.67361737988404E-19,0.0139339453981122));
#7225=CARTESIAN_POINT('',(-0.00617014427535335,-0.00635,0.0118405163284598));
#7226=CARTESIAN_POINT('',(-0.00683685028250602,-0.003175,0.0114780863145728));
#7227=CARTESIAN_POINT('',(-0.00652188919399752,-0.003175,0.0116599291838074));
#7228=CARTESIAN_POINT('',(-0.0114617220660478,-0.00635,0.00684817016418856));
#7229=CARTESIAN_POINT('',(-0.0114617220660478,0.,0.00684817016418856));
#7230=CARTESIAN_POINT('',(-0.0115588717408642,-0.00635,0.00690541731643288));
#7231=CARTESIAN_POINT('',(-0.0115588717408642,0.,0.00690541731643288));
#7232=CARTESIAN_POINT('',(-0.0115977064637015,-0.00635,0.00692285747263862));
#7233=CARTESIAN_POINT('',(-0.0115977064637015,-1.73472347597681E-18,0.00692285747263862));
#7234=CARTESIAN_POINT('',(-0.0118012435549686,-0.00635,0.00700502322306701));
#7235=CARTESIAN_POINT('',(-0.0118012435549686,8.67361737988404E-19,0.00700502322306701));
#7236=CARTESIAN_POINT('',(-0.0120213417676588,-0.00635,0.00706964217626732));
#7237=CARTESIAN_POINT('',(-0.0120213417676588,-1.73472347597681E-18,0.00706964217626732));
#7238=CARTESIAN_POINT('',(-0.0123653224029075,-0.00635,0.00714894849300438));
#7239=CARTESIAN_POINT('',(-0.0123653224029075,-8.67361737988404E-19,0.00714894849300438));
#7240=CARTESIAN_POINT('',(-0.0128585299717617,-0.00635,0.00721675367489014));
#7241=CARTESIAN_POINT('',(-0.0128585299717617,-4.33680868994202E-18,0.00721675367489014));
#7242=CARTESIAN_POINT('',(-0.0133032372937006,-0.00635,0.00723355419763884));
#7243=CARTESIAN_POINT('',(-0.0133032372937006,-8.67361737988404E-19,0.00723355419763884));
#7244=CARTESIAN_POINT('',(-0.0135365233298628,-0.00635,0.00722890979571095));
#7245=CARTESIAN_POINT('',(-0.0135365233298628,-8.67361737988404E-19,0.00722890979571095));
#7246=CARTESIAN_POINT('',(-0.0114617220656022,-1.7347234759768E-18,0.006848170163926));
#7247=CARTESIAN_POINT('',(7.30467521456654E-16,-0.00635,-4.80436046757803E-16));
#7248=CARTESIAN_POINT('',(-0.0107337809737622,-0.00635,0.00727092614556385));
#7249=CARTESIAN_POINT('',(-0.0109277149555969,-0.00635,0.00697606385121061));
#7250=CARTESIAN_POINT('',(-0.0108278563417409,-0.00635,0.00781191617720199));
#7251=CARTESIAN_POINT('',(-0.0108278563417409,0.,0.00781191617720199));
#7252=CARTESIAN_POINT('',(-0.0109189006194768,-0.00635,0.00787844613472931));
#7253=CARTESIAN_POINT('',(-0.0109189006194768,0.,0.00787844613472931));
#7254=CARTESIAN_POINT('',(-0.010950296099747,-0.00635,0.00790719710975507));
#7255=CARTESIAN_POINT('',(-0.010950296099747,0.,0.00790719710975507));
#7256=CARTESIAN_POINT('',(-0.0111063589387136,-0.00635,0.00806154395409801));
#7257=CARTESIAN_POINT('',(-0.0111063589387136,8.67361737988404E-19,0.00806154395409801));
#7258=CARTESIAN_POINT('',(-0.0112528695509398,-0.00635,0.00823804741822036));
#7259=CARTESIAN_POINT('',(-0.0112528695509398,-1.73472347597681E-18,0.00823804741822036));
#7260=CARTESIAN_POINT('',(-0.0114619336578764,-0.00635,0.00852248435058198));
#7261=CARTESIAN_POINT('',(-0.0114619336578764,0.,0.00852248435058198));
#7262=CARTESIAN_POINT('',(-0.0117195430064942,-0.00635,0.00894849922376148));
#7263=CARTESIAN_POINT('',(-0.0117195430064942,8.67361737988404E-19,0.00894849922376148));
#7264=CARTESIAN_POINT('',(-0.0119111090891161,-0.00635,0.00935018230249416));
#7265=CARTESIAN_POINT('',(-0.0119111090891161,0.,0.00935018230249416));
#7266=CARTESIAN_POINT('',(-0.011999244403082,-0.00635,0.00956622885203722));
#7267=CARTESIAN_POINT('',(-0.011999244403082,0.,0.00956622885203722));
#7268=CARTESIAN_POINT('',(-0.0108278563413233,-0.00635,0.00781191617689684));
#7269=CARTESIAN_POINT('',(-0.0112609882977021,-0.003175,0.0071888197772097));
#7270=CARTESIAN_POINT('',(-0.011061139719217,-0.003175,0.00749267477888549));
#7271=CARTESIAN_POINT('',(-0.0127320665897861,-0.00635,0.00402032183665203));
#7272=CARTESIAN_POINT('',(-0.0127320665897861,-8.67361737988404E-19,0.00402032183665203));
#7273=CARTESIAN_POINT('',(-0.0128397996844071,-0.00635,0.00405362162764852));
#7274=CARTESIAN_POINT('',(-0.0128397996844071,-8.67361737988404E-19,0.00405362162764852));
#7275=CARTESIAN_POINT('',(-0.0128816095890736,-0.00635,0.00406163577876446));
#7276=CARTESIAN_POINT('',(-0.0128816095890736,0.,0.00406163577876446));
#7277=CARTESIAN_POINT('',(-0.0130986090377841,-0.00635,0.0040946478572252));
#7278=CARTESIAN_POINT('',(-0.0130986090377841,-1.73472347597681E-18,0.0040946478572252));
#7279=CARTESIAN_POINT('',(-0.0133276766308247,-0.00635,0.0041067668572106));
#7280=CARTESIAN_POINT('',(-0.0133276766308247,-3.46944695195361E-18,0.0041067668572106));
#7281=CARTESIAN_POINT('',(-0.013680674518822,-0.00635,0.00410460806819976));
#7282=CARTESIAN_POINT('',(-0.013680674518822,-8.67361737988404E-19,0.00410460806819976));
#7283=CARTESIAN_POINT('',(-0.0141762245648877,-0.00635,0.00405684405968443));
#7284=CARTESIAN_POINT('',(-0.0141762245648877,0.,0.00405684405968443));
#7285=CARTESIAN_POINT('',(-0.0146128192105935,-0.00635,0.00397063515589342));
#7286=CARTESIAN_POINT('',(-0.0146128192105935,-1.73472347597681E-18,0.00397063515589342));
#7287=CARTESIAN_POINT('',(-0.0148387459186635,-0.00635,0.00391231648205913));
#7288=CARTESIAN_POINT('',(-0.0148387459186635,-1.73472347597681E-18,0.00391231648205913));
#7289=CARTESIAN_POINT('',(-0.012732066589292,-1.7347234759768E-18,0.0040203218364993));
#7290=CARTESIAN_POINT('',(8.21573852137661E-16,-0.00635,-2.99028427429531E-16));
#7291=CARTESIAN_POINT('',(-0.0121212414826098,-0.00635,0.00459955714468282));
#7292=CARTESIAN_POINT('',(-0.0122419480241038,-0.00635,0.00426791864754764));
#7293=CARTESIAN_POINT('',(-0.0123375419240786,-0.00635,0.00510426944710131));
#7294=CARTESIAN_POINT('',(-0.0123375419240786,0.,0.00510426944710131));
#7295=CARTESIAN_POINT('',(-0.0124414749556107,-0.00635,0.00514800982562699));
#7296=CARTESIAN_POINT('',(-0.0124414749556107,0.,0.00514800982562699));
#7297=CARTESIAN_POINT('',(-0.0124786545977873,-0.00635,0.00516874551838009));
#7298=CARTESIAN_POINT('',(-0.0124786545977873,-8.67361737988404E-19,0.00516874551838009));
#7299=CARTESIAN_POINT('',(-0.0126661055746364,-0.00635,0.00528294135605934));
#7300=CARTESIAN_POINT('',(-0.0126661055746364,0.,0.00528294135605934));
#7301=CARTESIAN_POINT('',(-0.0128493714744163,-0.00635,0.00542089947405162));
#7302=CARTESIAN_POINT('',(-0.0128493714744163,8.67361737988404E-19,0.00542089947405162));
#7303=CARTESIAN_POINT('',(-0.0131183959021212,-0.00635,0.00564945587102735));
#7304=CARTESIAN_POINT('',(-0.0131183959021212,8.67361737988404E-19,0.00564945587102735));
#7305=CARTESIAN_POINT('',(-0.0134673071483348,-0.00635,0.00600457865392257));
#7306=CARTESIAN_POINT('',(-0.0134673071483348,0.,0.00600457865392257));
#7307=CARTESIAN_POINT('',(-0.013746344035371,-0.00635,0.00635125613433337));
#7308=CARTESIAN_POINT('',(-0.013746344035371,0.,0.00635125613433337));
#7309=CARTESIAN_POINT('',(-0.0138819274136866,-0.00635,0.00654115371899943));
#7310=CARTESIAN_POINT('',(-0.0138819274136866,0.,0.00654115371899943));
#7311=CARTESIAN_POINT('',(-0.0123375419236019,-0.00635,0.00510426944690069));
#7312=CARTESIAN_POINT('',(-0.0126153028332702,-0.003175,0.00439808158804169));
#7313=CARTESIAN_POINT('',(-0.0124909149848734,-0.003175,0.00473983439276634));
#7314=CARTESIAN_POINT('',(-0.00437826956670463,-0.00635,0.0126134556295362));
#7315=CARTESIAN_POINT('',(-0.00437826956670463,0.,0.0126134556295362));
#7316=CARTESIAN_POINT('',(-0.00441589277509611,-0.00635,0.0127197560996544));
#7317=CARTESIAN_POINT('',(-0.00441589277509611,0.,0.0127197560996544));
#7318=CARTESIAN_POINT('',(-0.00443443158240563,-0.00634999999999999,0.0127580785130683));
#7319=CARTESIAN_POINT('',(-0.00443443158240563,5.20417042793042E-18,0.0127580785130683));
#7320=CARTESIAN_POINT('',(-0.00453753491382346,-0.00635,0.0129518522499769));
#7321=CARTESIAN_POINT('',(-0.00453753491382346,-8.67361737988404E-19,0.0129518522499769));
#7322=CARTESIAN_POINT('',(-0.00466460366412707,-0.00635,0.0131428296440275));
#7323=CARTESIAN_POINT('',(-0.00466460366412707,8.67361737988404E-19,0.0131428296440275));
#7324=CARTESIAN_POINT('',(-0.00487713100053139,-0.00635,0.0134246882975781));
#7325=CARTESIAN_POINT('',(-0.00487713100053139,8.67361737988404E-19,0.0134246882975781));
#7326=CARTESIAN_POINT('',(-0.00521136558716767,-0.00635,0.0137936577946393));
#7327=CARTESIAN_POINT('',(-0.00521136558716767,8.67361737988404E-19,0.0137936577946393));
#7328=CARTESIAN_POINT('',(-0.00554123199209422,-0.00635,0.0140923800982121));
#7329=CARTESIAN_POINT('',(-0.00554123199209422,0.,0.0140923800982121));
#7330=CARTESIAN_POINT('',(-0.00572292482776712,-0.00635,0.0142387756534813));
#7331=CARTESIAN_POINT('',(-0.00572292482776712,0.,0.0142387756534813));
#7332=CARTESIAN_POINT('',(-0.00437826956653208,-1.7347234759768E-18,0.0126134556290486));
#7333=CARTESIAN_POINT('',(2.50752247588064E-16,-0.00635,-8.37570835963639E-16));
#7334=CARTESIAN_POINT('',(-0.00354889203129243,-0.00635,0.0124693939851612));
#7335=CARTESIAN_POINT('',(-0.00388698790978285,-0.00635,0.0123681747237071));
#7336=CARTESIAN_POINT('',(-0.00327321625486595,-0.00635,0.0129442868735937));
#7337=CARTESIAN_POINT('',(-0.00327321625486595,-8.67361737988404E-19,0.0129442868735937));
#7338=CARTESIAN_POINT('',(-0.00330019558553173,-0.00635,0.0130537739115199));
#7339=CARTESIAN_POINT('',(-0.00330019558553173,-8.67361737988404E-19,0.0130537739115199));
#7340=CARTESIAN_POINT('',(-0.00330576514821881,-0.00635,0.0130959790618905));
#7341=CARTESIAN_POINT('',(-0.00330576514821881,-8.67361737988404E-19,0.0130959790618905));
#7342=CARTESIAN_POINT('',(-0.00332610397964871,-0.00635,0.0133145308635326));
#7343=CARTESIAN_POINT('',(-0.00332610397964871,0.,0.0133145308635326));
#7344=CARTESIAN_POINT('',(-0.00332488338019795,-0.00635,0.0135439155676414));
#7345=CARTESIAN_POINT('',(-0.00332488338019795,-1.73472347597681E-18,0.0135439155676414));
#7346=CARTESIAN_POINT('',(-0.00330220324171309,-0.00635,0.0138961907166638));
#7347=CARTESIAN_POINT('',(-0.00330220324171309,8.67361737988404E-19,0.0138961907166638));
#7348=CARTESIAN_POINT('',(-0.00322570636969537,-0.00635,0.0143881251403802));
#7349=CARTESIAN_POINT('',(-0.00322570636969537,0.,0.0143881251403802));
#7350=CARTESIAN_POINT('',(-0.00311425759674753,-0.00635,0.0148189685350832));
#7351=CARTESIAN_POINT('',(-0.00311425759674753,-8.67361737988404E-19,0.0148189685350832));
#7352=CARTESIAN_POINT('',(-0.00304290111909207,-0.00635,0.0150411220816093));
#7353=CARTESIAN_POINT('',(-0.00304290111909207,-8.67361737988404E-19,0.0150411220816093));
#7354=CARTESIAN_POINT('',(-0.0032732162547422,-0.00635,0.0129442868730915));
#7355=CARTESIAN_POINT('',(-0.00400553322842262,-0.003175,0.0127453791935033));
#7356=CARTESIAN_POINT('',(-0.00365712610519034,-0.003175,0.0128496854389873));
#7357=CARTESIAN_POINT('',(-0.00135138969082108,-0.00635,0.0132831567490771));
#7358=CARTESIAN_POINT('',(-0.00135138969082108,-1.73472347597681E-18,0.0132831567490771));
#7359=CARTESIAN_POINT('',(-0.00136348418528452,-0.00635,0.0133952683852292));
#7360=CARTESIAN_POINT('',(-0.00136348418528452,-1.73472347597681E-18,0.0133952683852292));
#7361=CARTESIAN_POINT('',(-0.0013726855199053,-0.00635,0.0134368331562201));
#7362=CARTESIAN_POINT('',(-0.0013726855199053,-2.60208521396521E-18,0.0134368331562201));
#7363=CARTESIAN_POINT('',(-0.00142832238861693,-0.00635,0.0136491609615233));
#7364=CARTESIAN_POINT('',(-0.00142832238861693,-8.67361737988404E-19,0.0136491609615233));
#7365=CARTESIAN_POINT('',(-0.00150792356628975,-0.00635,0.0138642946056964));
#7366=CARTESIAN_POINT('',(-0.00150792356628975,-3.46944695195361E-18,0.0138642946056964));
#7367=CARTESIAN_POINT('',(-0.00164972112202111,-0.00635,0.0141875678995038));
#7368=CARTESIAN_POINT('',(-0.00164972112202111,-8.67361737988404E-19,0.0141875678995038));
#7369=CARTESIAN_POINT('',(-0.00188985615027563,-0.00635,0.0146236715762493));
#7370=CARTESIAN_POINT('',(-0.00188985615027563,0.,0.0146236715762493));
#7371=CARTESIAN_POINT('',(-0.00214194085941768,-0.00635,0.0149904142096686));
#7372=CARTESIAN_POINT('',(-0.00214194085941768,-1.73472347597681E-18,0.0149904142096686));
#7373=CARTESIAN_POINT('',(-0.00228497500273887,-0.00635,0.0151747649053059));
#7374=CARTESIAN_POINT('',(-0.00228497500273887,-1.73472347597681E-18,0.0151747649053059));
#7375=CARTESIAN_POINT('',(-0.00135138969076561,-1.7347234759768E-18,0.0132831567485629));
#7376=CARTESIAN_POINT('',(5.08360606576995E-17,-0.00635,-8.72821453599819E-16));
#7377=CARTESIAN_POINT('',(-0.000577591035772224,-0.00635,0.0129517106824674));
#7378=CARTESIAN_POINT('',(-0.000929916264217647,-0.00635,0.0129311900747181));
#7379=CARTESIAN_POINT('',(-0.000199828298602061,-0.00635,0.0133502275624083));
#7380=CARTESIAN_POINT('',(-0.000199828298602061,0.,0.0133502275624083));
#7381=CARTESIAN_POINT('',(-0.000200830949331718,-0.00635,0.0134629852248909));
#7382=CARTESIAN_POINT('',(-0.000200830949331718,0.,0.0134629852248909));
#7383=CARTESIAN_POINT('',(-0.000196517206233222,-0.00635,0.0135053371595198));
#7384=CARTESIAN_POINT('',(-0.000196517206233222,-8.67361737988404E-19,0.0135053371595198));
#7385=CARTESIAN_POINT('',(-0.000165906287791647,-0.00635,0.0137226883263837));
#7386=CARTESIAN_POINT('',(-0.000165906287791647,-8.67361737988404E-19,0.0137226883263837));
#7387=CARTESIAN_POINT('',(-0.000111818836484011,-0.00635,0.0139456084465011));
#7388=CARTESIAN_POINT('',(-0.000111818836484011,8.67361737988404E-19,0.0139456084465011));
#7389=CARTESIAN_POINT('',(-8.50980383453677E-6,-0.00635,0.0142831575734049));
#7390=CARTESIAN_POINT('',(-8.50980383453677E-6,0.,0.0142831575734049));
#7391=CARTESIAN_POINT('',(0.000179372970571187,-0.00635,0.0147441904483142));
#7392=CARTESIAN_POINT('',(0.000179372970571187,2.60208521396521E-18,0.0147441904483142));
#7393=CARTESIAN_POINT('',(0.000387176952043682,-0.00635,0.0151377185477369));
#7394=CARTESIAN_POINT('',(0.000387176952043682,0.,0.0151377185477369));
#7395=CARTESIAN_POINT('',(0.000507842140179512,-0.00635,0.0153374279804374));
#7396=CARTESIAN_POINT('',(0.000507842140179512,0.,0.0153374279804374));
#7397=CARTESIAN_POINT('',(-0.000199828298597462,-0.00635,0.0133502275618912));
#7398=CARTESIAN_POINT('',(-0.000958276841201315,-0.003175,0.0133255653810937));
#7399=CARTESIAN_POINT('',(-0.000595206401440526,-0.003175,0.0133467118261342));
#7400=CARTESIAN_POINT('',(0.00174834395308882,-0.00635,0.0132367594500583));
#7401=CARTESIAN_POINT('',(0.00174834395308882,0.,0.0132367594500583));
#7402=CARTESIAN_POINT('',(0.00176243018988049,-0.00635,0.0133486382849203));
#7403=CARTESIAN_POINT('',(0.00176243018988049,0.,0.0133486382849203));
#7404=CARTESIAN_POINT('',(0.00176306237427953,-0.00635,0.0133912046459253));
#7405=CARTESIAN_POINT('',(0.00176306237427953,0.,0.0133912046459253));
#7406=CARTESIAN_POINT('',(0.00175789136626741,-0.00635,0.0136106398726805));
#7407=CARTESIAN_POINT('',(0.00175789136626741,0.,0.0136106398726805));
#7408=CARTESIAN_POINT('',(0.00173004908131773,-0.00635,0.0138383318565334));
#7409=CARTESIAN_POINT('',(0.00173004908131773,-1.73472347597681E-18,0.0138383318565334));
#7410=CARTESIAN_POINT('',(0.00166662564919175,-0.00635,0.0141855920436523));
#7411=CARTESIAN_POINT('',(0.00166662564919175,8.67361737988404E-19,0.0141855920436523));
#7412=CARTESIAN_POINT('',(0.00153353592084876,-0.00635,0.0146653194379871));
#7413=CARTESIAN_POINT('',(0.00153353592084876,-2.60208521396521E-18,0.0146653194379871));
#7414=CARTESIAN_POINT('',(0.00137282285941093,-0.00635,0.0150803112109584));
#7415=CARTESIAN_POINT('',(0.00137282285941093,-8.67361737988404E-19,0.0150803112109584));
#7416=CARTESIAN_POINT('',(0.00127615841613076,-0.00635,0.015292678653244));
#7417=CARTESIAN_POINT('',(0.00127615841613076,-8.67361737988404E-19,0.015292678653244));
#7418=CARTESIAN_POINT('',(0.00174834395302422,-1.7347234759768E-18,0.0132367594495451));
#7419=CARTESIAN_POINT('',(-1.51820711461145E-16,-0.00635,-8.6101804075102E-16));
#7420=CARTESIAN_POINT('',(0.00242484804199034,-0.00635,0.0127357973044564));
#7421=CARTESIAN_POINT('',(0.00207728740785138,-0.00635,0.0127970816216873));
#7422=CARTESIAN_POINT('',(0.00288433245296309,-0.00635,0.0130364540277559));
#7423=CARTESIAN_POINT('',(0.00288433245296309,0.,0.0130364540277559));
#7424=CARTESIAN_POINT('',(0.00290936053532993,-0.00635,0.0131464035200242));
#7425=CARTESIAN_POINT('',(0.00290936053532993,0.,0.0131464035200242));
#7426=CARTESIAN_POINT('',(0.00292332502920698,-0.00635,0.0131866190351532));
#7427=CARTESIAN_POINT('',(0.00292332502920698,4.33680868994202E-18,0.0131866190351532));
#7428=CARTESIAN_POINT('',(0.00300323545498351,-0.00635,0.0133910521095741));
#7429=CARTESIAN_POINT('',(0.00300323545498351,-4.33680868994202E-18,0.0133910521095741));
#7430=CARTESIAN_POINT('',(0.00310727388964801,-0.00635,0.0135954899643237));
#7431=CARTESIAN_POINT('',(0.00310727388964801,8.67361737988404E-19,0.0135954899643237));
#7432=CARTESIAN_POINT('',(0.00328564239977141,-0.00635,0.0139001157083061));
#7433=CARTESIAN_POINT('',(0.00328564239977141,-2.60208521396521E-18,0.0139001157083061));
#7434=CARTESIAN_POINT('',(0.00357478226756535,-0.00635,0.0143053926327884));
#7435=CARTESIAN_POINT('',(0.00357478226756535,-8.67361737988404E-19,0.0143053926327884));
#7436=CARTESIAN_POINT('',(0.00386773869113307,-0.00635,0.0146403902352292));
#7437=CARTESIAN_POINT('',(0.00386773869113307,-8.67361737988404E-19,0.0146403902352292));
#7438=CARTESIAN_POINT('',(0.00403120749822399,-0.00635,0.0148068891668948));
#7439=CARTESIAN_POINT('',(0.00403120749822399,-8.67361737988404E-19,0.0148068891668948));
#7440=CARTESIAN_POINT('',(0.0028843324528483,-0.00635,0.0130364540272516));
#7441=CARTESIAN_POINT('',(0.00214064049856987,-0.003175,0.0131873668897953));
#7442=CARTESIAN_POINT('',(0.00249880103347438,-0.003175,0.0131242135240666));
#7443=CARTESIAN_POINT('',(0.00475382392194574,-0.00635,0.0124767650228793));
#7444=CARTESIAN_POINT('',(0.00475382392194574,1.73472347597681E-18,0.0124767650228793));
#7445=CARTESIAN_POINT('',(0.00479333149732099,-0.00635,0.0125823796395051));
#7446=CARTESIAN_POINT('',(0.00479333149732099,1.73472347597681E-18,0.0125823796395051));
#7447=CARTESIAN_POINT('',(0.00480376311951526,-0.00635,0.0126236528269847));
#7448=CARTESIAN_POINT('',(0.00480376311951526,5.20417042793042E-18,0.0126236528269847));
#7449=CARTESIAN_POINT('',(0.00484933674258304,-0.00635,0.0128383656653186));
#7450=CARTESIAN_POINT('',(0.00484933674258304,8.67361737988404E-19,0.0128383656653186));
#7451=CARTESIAN_POINT('',(0.00487475433514485,-0.00635,0.0130663410550659));
#7452=CARTESIAN_POINT('',(0.00487475433514485,3.46944695195361E-18,0.0130663410550659));
#7453=CARTESIAN_POINT('',(0.0048931242002667,-0.00635,0.0134188672489238));
#7454=CARTESIAN_POINT('',(0.0048931242002667,1.73472347597681E-18,0.0134188672489238));
#7455=CARTESIAN_POINT('',(0.00487425467353919,-0.00635,0.0139163561328464));
#7456=CARTESIAN_POINT('',(0.00487425467353919,4.33680868994202E-18,0.0139163561328464));
#7457=CARTESIAN_POINT('',(0.00481357734254676,-0.00635,0.0143572247314727));
#7458=CARTESIAN_POINT('',(0.00481357734254676,1.73472347597681E-18,0.0143572247314727));
#7459=CARTESIAN_POINT('',(0.00476849380446549,-0.00635,0.0145861601366233));
#7460=CARTESIAN_POINT('',(0.00476849380446549,1.73472347597681E-18,0.0145861601366233));
#7461=CARTESIAN_POINT('',(0.00475382392176454,-1.7347234759768E-18,0.0124767650223949));
#7462=CARTESIAN_POINT('',(-3.46292789727794E-16,-0.00635,-8.02796922459121E-16));
#7463=CARTESIAN_POINT('',(0.00529656293416067,-0.00635,0.011833293797224));
#7464=CARTESIAN_POINT('',(0.00497250397807734,-0.00635,0.0119730791860302));
#7465=CARTESIAN_POINT('',(0.00581299809540738,-0.00635,0.0120198818821068));
#7466=CARTESIAN_POINT('',(0.00581299809540738,0.,0.0120198818821068));
#7467=CARTESIAN_POINT('',(0.00586270764047203,-0.00635,0.0121210957985733));
#7468=CARTESIAN_POINT('',(0.00586270764047203,0.,0.0121210957985733));
#7469=CARTESIAN_POINT('',(0.00588557005564817,-0.00635,0.0121570068653723));
#7470=CARTESIAN_POINT('',(0.00588557005564817,-1.73472347597681E-18,0.0121570068653723));
#7471=CARTESIAN_POINT('',(0.00601047199702197,-0.00635,0.0123375008073926));
#7472=CARTESIAN_POINT('',(0.00601047199702197,1.73472347597681E-18,0.0123375008073926));
#7473=CARTESIAN_POINT('',(0.00615885267610124,-0.00635,0.0125124350991082));
#7474=CARTESIAN_POINT('',(0.00615885267610124,-1.73472347597681E-18,0.0125124350991082));
#7475=CARTESIAN_POINT('',(0.00640266477114885,-0.00635,0.0127677150074618));
#7476=CARTESIAN_POINT('',(0.00640266477114885,1.73472347597681E-18,0.0127677150074618));
#7477=CARTESIAN_POINT('',(0.00677747412721703,-0.00635,0.0130953873976159));
#7478=CARTESIAN_POINT('',(0.00677747412721703,1.73472347597681E-18,0.0130953873976159));
#7479=CARTESIAN_POINT('',(0.00713978963625693,-0.00635,0.0133537946956168));
#7480=CARTESIAN_POINT('',(0.00713978963625693,0.,0.0133537946956168));
#7481=CARTESIAN_POINT('',(0.00733724941660002,-0.00635,0.0134781071257446));
#7482=CARTESIAN_POINT('',(0.00733724941660002,0.,0.0134781071257446));
#7483=CARTESIAN_POINT('',(0.00581299809517938,-0.00635,0.0120198818816426));
#7484=CARTESIAN_POINT('',(0.00512415535497901,-0.003175,0.0123382340360453));
#7485=CARTESIAN_POINT('',(0.00545809745788414,-0.003175,0.0121941854738406));
#7486=CARTESIAN_POINT('',(0.0128466893938386,-0.00635,0.00363745500800279));
#7487=CARTESIAN_POINT('',(0.0128466893938386,0.,0.00363745500800279));
#7488=CARTESIAN_POINT('',(0.0129549976154007,-0.00635,0.00366883374123222));
#7489=CARTESIAN_POINT('',(0.0129549976154007,0.,0.00366883374123222));
#7490=CARTESIAN_POINT('',(0.0129943331291357,-0.00635,0.00368511293364254));
#7491=CARTESIAN_POINT('',(0.0129943331291357,-1.73472347597681E-18,0.00368511293364254));
#7492=CARTESIAN_POINT('',(0.0131937739571156,-0.00635,0.003776774889762));
#7493=CARTESIAN_POINT('',(0.0131937739571156,8.67361737988404E-19,0.003776774889762));
#7494=CARTESIAN_POINT('',(0.013391816638388,-0.00635,0.0038925243119486));
#7495=CARTESIAN_POINT('',(0.013391816638388,-1.73472347597681E-18,0.0038925243119486));
#7496=CARTESIAN_POINT('',(0.0136855557973209,-0.00635,0.00408830346254907));
#7497=CARTESIAN_POINT('',(0.0136855557973209,-8.67361737988404E-19,0.00408830346254907));
#7498=CARTESIAN_POINT('',(0.0140733350692463,-0.00635,0.0044005189088846));
#7499=CARTESIAN_POINT('',(0.0140733350692463,8.67361737988404E-19,0.0044005189088846));
#7500=CARTESIAN_POINT('',(0.0143907320076384,-0.00635,0.00471245807482963));
#7501=CARTESIAN_POINT('',(0.0143907320076384,0.,0.00471245807482963));
#7502=CARTESIAN_POINT('',(0.0145474443836427,-0.00635,0.00488533137046679));
#7503=CARTESIAN_POINT('',(0.0145474443836427,0.,0.00488533137046679));
#7504=CARTESIAN_POINT('',(0.0128466893933418,-1.7347234759768E-18,0.00363745500785887));
#7505=CARTESIAN_POINT('',(-8.50733745207512E-16,-0.00635,-2.01627601514511E-16));
#7506=CARTESIAN_POINT('',(0.0126546474640663,-0.00635,0.00281785708777862));
#7507=CARTESIAN_POINT('',(0.0125732579765927,-0.00635,0.00316126633819318));
#7508=CARTESIAN_POINT('',(0.0131127077880385,-0.00635,0.00251503514538557));
#7509=CARTESIAN_POINT('',(0.0131127077880385,-1.73472347597681E-18,0.00251503514538557));
#7510=CARTESIAN_POINT('',(0.0132235782997908,-0.00635,0.00253560272620579));
#7511=CARTESIAN_POINT('',(0.0132235782997908,-2.60208521396521E-18,0.00253560272620579));
#7512=CARTESIAN_POINT('',(0.0132660358869964,-0.00635,0.00253870885482687));
#7513=CARTESIAN_POINT('',(0.0132660358869964,1.73472347597681E-18,0.00253870885482687));
#7514=CARTESIAN_POINT('',(0.0134854005314543,-0.00635,0.00254630561905848));
#7515=CARTESIAN_POINT('',(0.0134854005314543,-8.67361737988404E-19,0.00254630561905848));
#7516=CARTESIAN_POINT('',(0.0137143261814025,-0.00635,0.00253174955029373));
#7517=CARTESIAN_POINT('',(0.0137143261814025,-4.33680868994202E-18,0.00253174955029373));
#7518=CARTESIAN_POINT('',(0.014064686603856,-0.00635,0.00248862480474424));
#7519=CARTESIAN_POINT('',(0.014064686603856,-2.60208521396521E-18,0.00248862480474424));
#7520=CARTESIAN_POINT('',(0.0145513408548505,-0.00635,0.00238365391042462));
#7521=CARTESIAN_POINT('',(0.0145513408548505,-1.73472347597681E-18,0.00238365391042462));
#7522=CARTESIAN_POINT('',(0.0149749751608856,-0.00635,0.00224734237568907));
#7523=CARTESIAN_POINT('',(0.0149749751608856,-2.60208521396521E-18,0.00224734237568907));
#7524=CARTESIAN_POINT('',(0.0151926038485857,-0.00635,0.00216318954194564));
#7525=CARTESIAN_POINT('',(0.0151926038485857,-2.60208521396521E-18,0.00216318954194564));
#7526=CARTESIAN_POINT('',(0.0131127077875299,-0.00635,0.00251503514529124));
#7527=CARTESIAN_POINT('',(0.0129567170733971,-0.003175,0.00325767860755556));
#7528=CARTESIAN_POINT('',(0.0130405887766508,-0.003175,0.002903796065235));
#7529=CARTESIAN_POINT('',(0.0116615503646498,-0.00635,0.00650205739821976));
#7530=CARTESIAN_POINT('',(0.0116615503646498,0.,0.00650205739821976));
#7531=CARTESIAN_POINT('',(0.011759702690196,-0.00635,0.00655756790845805));
#7532=CARTESIAN_POINT('',(0.011759702690196,0.,0.00655756790845805));
#7533=CARTESIAN_POINT('',(0.0117942236699347,-0.00635,0.00658247968688119));
#7534=CARTESIAN_POINT('',(0.0117942236699347,0.,0.00658247968688119));
#7535=CARTESIAN_POINT('',(0.0119671498427603,-0.00635,0.00671766510331674));
#7536=CARTESIAN_POINT('',(0.0119671498427603,0.,0.00671766510331674));
#7537=CARTESIAN_POINT('',(0.0121331606041428,-0.00635,0.00687596627023378));
#7538=CARTESIAN_POINT('',(0.0121331606041428,-2.60208521396521E-18,0.00687596627023378));
#7539=CARTESIAN_POINT('',(0.012373832206742,-0.00635,0.00713420908040053));
#7540=CARTESIAN_POINT('',(0.012373832206742,2.60208521396521E-18,0.00713420908040053));
#7541=CARTESIAN_POINT('',(0.0126791570011904,-0.00635,0.007527436773424));
#7542=CARTESIAN_POINT('',(0.0126791570011904,-1.73472347597681E-18,0.007527436773424));
#7543=CARTESIAN_POINT('',(0.0129160603416571,-0.00635,0.00790416435009816));
#7544=CARTESIAN_POINT('',(0.0129160603416571,-8.67361737988404E-19,0.00790416435009816));
#7545=CARTESIAN_POINT('',(0.0130286811896832,-0.00635,0.00810851818472639));
#7546=CARTESIAN_POINT('',(0.0130286811896832,-8.67361737988404E-19,0.00810851818472639));
#7547=CARTESIAN_POINT('',(0.0116615503641997,-1.7347234759768E-18,0.00650205739796516));
#7548=CARTESIAN_POINT('',(-7.81303582114353E-16,-0.00635,-3.92385406842015E-16));
#7549=CARTESIAN_POINT('',(0.0116636972379799,-0.00635,0.00566026392915425));
#7550=CARTESIAN_POINT('',(0.0115053059913692,-0.00635,0.00597564683125679));
#7551=CARTESIAN_POINT('',(0.012179246032562,-0.00635,0.00547124057187508));
#7552=CARTESIAN_POINT('',(0.012179246032562,1.73472347597681E-18,0.00547124057187508));
#7553=CARTESIAN_POINT('',(0.0122823848047613,-0.00635,0.00551682225049986));
#7554=CARTESIAN_POINT('',(0.0122823848047613,1.73472347597681E-18,0.00551682225049986));
#7555=CARTESIAN_POINT('',(0.0123229816196523,-0.00635,0.00552963604646499));
#7556=CARTESIAN_POINT('',(0.0123229816196523,8.67361737988404E-19,0.00552963604646499));
#7557=CARTESIAN_POINT('',(0.0125346813273305,-0.00635,0.00558761700742534));
#7558=CARTESIAN_POINT('',(0.0125346813273305,0.,0.00558761700742534));
#7559=CARTESIAN_POINT('',(0.0127607931172295,-0.00635,0.00562624718747608));
#7560=CARTESIAN_POINT('',(0.0127607931172295,2.60208521396521E-18,0.00562624718747608));
#7561=CARTESIAN_POINT('',(0.0131116547798975,-0.00635,0.0056650835489219));
#7562=CARTESIAN_POINT('',(0.0131116547798975,1.73472347597681E-18,0.0056650835489219));
#7563=CARTESIAN_POINT('',(0.01360939915677,-0.00635,0.00567517235248758));
#7564=CARTESIAN_POINT('',(0.01360939915677,6.07153216591882E-18,0.00567517235248758));
#7565=CARTESIAN_POINT('',(0.0140530499485333,-0.00635,0.00564023190717502));
#7566=CARTESIAN_POINT('',(0.0140530499485333,8.67361737988404E-19,0.00564023190717502));
#7567=CARTESIAN_POINT('',(0.0142842194058209,-0.00635,0.00560853605326866));
#7568=CARTESIAN_POINT('',(0.0142842194058209,8.67361737988404E-19,0.00560853605326866));
#7569=CARTESIAN_POINT('',(0.0121792460320889,-0.00635,0.00547124057166602));
#7570=CARTESIAN_POINT('',(0.0118561946991427,-0.003175,0.00615789204892448));
#7571=CARTESIAN_POINT('',(0.0120194165604183,-0.003175,0.00583289060220821));
#7572=CARTESIAN_POINT('',(0.00750302401268912,-0.00635,0.0110441449638268));
#7573=CARTESIAN_POINT('',(0.00750302401268912,-8.67361737988404E-19,0.0110441449638268));
#7574=CARTESIAN_POINT('',(0.00756582306303332,-0.00635,0.0111378016508966));
#7575=CARTESIAN_POINT('',(0.00756582306303332,-8.67361737988404E-19,0.0111378016508966));
#7576=CARTESIAN_POINT('',(0.0075854917515702,-0.00635,0.0111755566166305));
#7577=CARTESIAN_POINT('',(0.0075854917515702,0.,0.0111755566166305));
#7578=CARTESIAN_POINT('',(0.007679353119902,-0.00635,0.0113739718418523));
#7579=CARTESIAN_POINT('',(0.007679353119902,-1.73472347597681E-18,0.0113739718418523));
#7580=CARTESIAN_POINT('',(0.00775666032098118,-0.00635,0.0115899404252236));
#7581=CARTESIAN_POINT('',(0.00775666032098118,-1.73472347597681E-18,0.0115899404252236));
#7582=CARTESIAN_POINT('',(0.0078558331591673,-0.00635,0.0119287278474615));
#7583=CARTESIAN_POINT('',(0.0078558331591673,8.67361737988404E-19,0.0119287278474615));
#7584=CARTESIAN_POINT('',(0.00795220109512525,-0.00635,0.0124171584664695));
#7585=CARTESIAN_POINT('',(0.00795220109512525,-8.67361737988404E-19,0.0124171584664695));
#7586=CARTESIAN_POINT('',(0.00799483062519799,-0.00635,0.012860136550484));
#7587=CARTESIAN_POINT('',(0.00799483062519799,0.,0.012860136550484));
#7588=CARTESIAN_POINT('',(0.00800375845752287,-0.00635,0.0130932979515505));
#7589=CARTESIAN_POINT('',(0.00800375845752287,0.,0.0130932979515505));
#7590=CARTESIAN_POINT('',(0.00750302401240108,-1.7347234759768E-18,0.0110441449633972));
#7591=CARTESIAN_POINT('',(-5.22096134065668E-16,-0.00635,-7.01296814281213E-16));
#7592=CARTESIAN_POINT('',(0.00788273874758619,-0.00635,0.0102928543584493));
#7593=CARTESIAN_POINT('',(0.00759965157176047,-0.00635,0.0105036049523382));
#7594=CARTESIAN_POINT('',(0.00842828350588977,-0.00635,0.0103553147929629));
#7595=CARTESIAN_POINT('',(0.00842828350588977,-1.73472347597681E-18,0.0103553147929629));
#7596=CARTESIAN_POINT('',(0.00849999465921097,-0.00635,0.0104423366651926));
#7597=CARTESIAN_POINT('',(0.00849999465921097,-1.73472347597681E-18,0.0104423366651926));
#7598=CARTESIAN_POINT('',(0.00853052247696632,-0.00635,0.0104720073087553));
#7599=CARTESIAN_POINT('',(0.00853052247696632,-4.33680868994202E-18,0.0104720073087553));
#7600=CARTESIAN_POINT('',(0.0086936824379483,-0.00635,0.0106188316432415));
#7601=CARTESIAN_POINT('',(0.0086936824379483,-4.33680868994202E-18,0.0106188316432415));
#7602=CARTESIAN_POINT('',(0.00887840612062625,-0.00635,0.0107548316189767));
#7603=CARTESIAN_POINT('',(0.00887840612062625,-8.67361737988404E-19,0.0107548316189767));
#7604=CARTESIAN_POINT('',(0.00917451782744562,-0.00635,0.0109470034857653));
#7605=CARTESIAN_POINT('',(0.00917451782744562,-3.46944695195361E-18,0.0109470034857653));
#7606=CARTESIAN_POINT('',(0.00961479060238696,-0.00635,0.0111794064382234));
#7607=CARTESIAN_POINT('',(0.00961479060238696,-8.67361737988404E-19,0.0111794064382234));
#7608=CARTESIAN_POINT('',(0.0100269326740238,-0.00635,0.0113472926274626));
#7609=CARTESIAN_POINT('',(0.0100269326740238,-2.60208521396521E-18,0.0113472926274626));
#7610=CARTESIAN_POINT('',(0.0102477383197509,-0.00635,0.0114227168407675));
#7611=CARTESIAN_POINT('',(0.0102477383197509,-2.60208521396521E-18,0.0114227168407675));
#7612=CARTESIAN_POINT('',(0.00842828350556087,-0.00635,0.0103553147925637));
#7613=CARTESIAN_POINT('',(0.00783142566986305,-0.003175,0.0108239437917792));
#7614=CARTESIAN_POINT('',(0.0081231464355635,-0.003175,0.0106067657283725));
#7615=CARTESIAN_POINT('',(0.00984773413682303,-0.00635,0.00901613219110387));
#7616=CARTESIAN_POINT('',(0.00984773413682303,-8.67361737988404E-19,0.00901613219110387));
#7617=CARTESIAN_POINT('',(0.0099304391490772,-0.00635,0.00909278189237573));
#7618=CARTESIAN_POINT('',(0.0099304391490772,-8.67361737988404E-19,0.00909278189237573));
#7619=CARTESIAN_POINT('',(0.00995828455986662,-0.00635,0.00912498325638873));
#7620=CARTESIAN_POINT('',(0.00995828455986662,-1.73472347597681E-18,0.00912498325638873));
#7621=CARTESIAN_POINT('',(0.0100953735828006,-0.00635,0.00929640425234885));
#7622=CARTESIAN_POINT('',(0.0100953735828006,0.,0.00929640425234885));
#7623=CARTESIAN_POINT('',(0.0102204027411767,-0.00635,0.00948872310711311));
#7624=CARTESIAN_POINT('',(0.0102204027411767,-1.73472347597681E-18,0.00948872310711311));
#7625=CARTESIAN_POINT('',(0.0103950321190506,-0.00635,0.00979550764010638));
#7626=CARTESIAN_POINT('',(0.0103950321190506,-1.73472347597681E-18,0.00979550764010638));
#7627=CARTESIAN_POINT('',(0.0106014422973227,-0.00635,0.0102485485731039));
#7628=CARTESIAN_POINT('',(0.0106014422973227,-8.67361737988404E-19,0.0102485485731039));
#7629=CARTESIAN_POINT('',(0.0107450805194598,-0.00635,0.0106697550793358));
#7630=CARTESIAN_POINT('',(0.0107450805194598,-1.73472347597681E-18,0.0106697550793358));
#7631=CARTESIAN_POINT('',(0.0108075384204395,-0.00635,0.0108945726848357));
#7632=CARTESIAN_POINT('',(0.0108075384204395,-1.73472347597681E-18,0.0108945726848357));
#7633=CARTESIAN_POINT('',(0.0098477341364437,-1.7347234759768E-18,0.00901613219075232));
#7634=CARTESIAN_POINT('',(-6.69753140676516E-16,-0.00635,-5.61989613321489E-16));
#7635=CARTESIAN_POINT('',(0.0100439540747585,-0.00635,0.00819752447700447));
#7636=CARTESIAN_POINT('',(0.0098170999821135,-0.00635,0.00846787865690881));
#7637=CARTESIAN_POINT('',(0.0105891979709898,-0.00635,0.00813249000295697));
#7638=CARTESIAN_POINT('',(0.0105891979709898,-8.67361737988404E-19,0.00813249000295697));
#7639=CARTESIAN_POINT('',(0.0106790447657302,-0.00635,0.00820062845929327));
#7640=CARTESIAN_POINT('',(0.0106790447657302,-8.67361737988404E-19,0.00820062845929327));
#7641=CARTESIAN_POINT('',(0.0107155922235078,-0.00635,0.00822245912754526));
#7642=CARTESIAN_POINT('',(0.0107155922235078,-1.73472347597681E-18,0.00822245912754526));
#7643=CARTESIAN_POINT('',(0.010908214208369,-0.00635,0.00832769851662115));
#7644=CARTESIAN_POINT('',(0.010908214208369,0.,0.00832769851662115));
#7645=CARTESIAN_POINT('',(0.0111193223930985,-0.00635,0.00841743238248179));
#7646=CARTESIAN_POINT('',(0.0111193223930985,-3.46944695195361E-18,0.00841743238248179));
#7647=CARTESIAN_POINT('',(0.0114517702529294,-0.00635,0.00853613617262493));
#7648=CARTESIAN_POINT('',(0.0114517702529294,-8.67361737988404E-19,0.00853613617262493));
#7649=CARTESIAN_POINT('',(0.0119337712274861,-0.00635,0.00866074078406447));
#7650=CARTESIAN_POINT('',(0.0119337712274861,0.,0.00866074078406447));
#7651=CARTESIAN_POINT('',(0.0123735211759601,-0.00635,0.00872905507662525));
#7652=CARTESIAN_POINT('',(0.0123735211759601,-8.67361737988404E-19,0.00872905507662525));
#7653=CARTESIAN_POINT('',(0.0126057689975559,-0.00635,0.00875152493424453));
#7654=CARTESIAN_POINT('',(0.0126057689975559,-8.67361737988404E-19,0.00875152493424453));
#7655=CARTESIAN_POINT('',(0.0105891979705777,-0.00635,0.00813249000264445));
#7656=CARTESIAN_POINT('',(0.0101165017997958,-0.003175,0.00872613193602493));
#7657=CARTESIAN_POINT('',(0.0103502744863035,-0.003175,0.00844753249702892));
#7658=MECHANICAL_DESIGN_GEOMETRIC_PRESENTATION_REPRESENTATION('',(#3099),
#7659);
#7659=(
GEOMETRIC_REPRESENTATION_CONTEXT(3)
GLOBAL_UNCERTAINTY_ASSIGNED_CONTEXT((#7660))
GLOBAL_UNIT_ASSIGNED_CONTEXT((#7663,#7662,#7661))
REPRESENTATION_CONTEXT('Part 1','TOP_LEVEL_ASSEMBLY_PART')
);
#7660=UNCERTAINTY_MEASURE_WITH_UNIT(LENGTH_MEASURE(2.E-5),#7663,
'DISTANCE_ACCURACY_VALUE','Maximum Tolerance applied to model');
#7661=(
NAMED_UNIT(*)
SI_UNIT($,.STERADIAN.)
SOLID_ANGLE_UNIT()
);
#7662=(
NAMED_UNIT(*)
PLANE_ANGLE_UNIT()
SI_UNIT($,.RADIAN.)
);
#7663=(
LENGTH_UNIT()
NAMED_UNIT(*)
SI_UNIT($,.METRE.)
);
#7664=PRODUCT_DEFINITION_SHAPE('','',#7665);
#7665=PRODUCT_DEFINITION('','',#7667,#7666);
#7666=PRODUCT_DEFINITION_CONTEXT('',#7673,'design');
#7667=PRODUCT_DEFINITION_FORMATION_WITH_SPECIFIED_SOURCE('','',#7669,
 .NOT_KNOWN.);
#7668=PRODUCT_RELATED_PRODUCT_CATEGORY('','',(#7669));
#7669=PRODUCT('Part 1','Part 1','Part 1',(#7671));
#7670=PRODUCT_CATEGORY('','');
#7671=PRODUCT_CONTEXT('',#7673,'mechanical');
#7672=APPLICATION_PROTOCOL_DEFINITION('international standard',
'ap242_managed_model_based_3d_engineering',2020,#7673);
#7673=APPLICATION_CONTEXT('managed model based 3d engineering');
ENDSEC;
END-ISO-10303-21;
